<?xml version="1.0" encoding="UTF-8"?>
<gpx version="1.1" creator="ReRoute 1.0.0" xmlns="http://www.topografix.com/GPX/1/1">
<metadata xmlns="http://www.topografix.com/GPX/1/1">
          <name>Wellhorn Reiss .gpx - MAIN Route 22848680</name>
      </metadata>
  <trk>
    <trkseg>
    <trkpt lat="46.68003268" lon="8.15357675">
      <ele>2063.000</ele>
    </trkpt>
    <trkpt lat="46.66589300" lon="8.15424000">
      <ele>2063.000</ele>
    </trkpt>
    <trkpt lat="46.66589000" lon="8.15427500">
      <ele>2063.000</ele>
    </trkpt>
    <trkpt lat="46.66588700" lon="8.15427300">
      <ele>2063.000</ele>
    </trkpt>
    <trkpt lat="46.66589300" lon="8.15427700">
      <ele>2063.000</ele>
    </trkpt>
    <trkpt lat="46.66589500" lon="8.15428500">
      <ele>2063.000</ele>
    </trkpt>
    <trkpt lat="46.66589000" lon="8.15426200">
      <ele>2063.000</ele>
    </trkpt>
    <trkpt lat="46.66589100" lon="8.15424500">
      <ele>2063.000</ele>
    </trkpt>
    <trkpt lat="46.66588800" lon="8.15423400">
      <ele>2063.000</ele>
    </trkpt>
    <trkpt lat="46.66588200" lon="8.15425500">
      <ele>2063.000</ele>
    </trkpt>
    <trkpt lat="46.66587300" lon="8.15425500">
      <ele>2063.000</ele>
    </trkpt>
    <trkpt lat="46.66587000" lon="8.15425800">
      <ele>2063.000</ele>
    </trkpt>
    <trkpt lat="46.66587500" lon="8.15426200">
      <ele>2063.000</ele>
    </trkpt>
    <trkpt lat="46.66587000" lon="8.15425900">
      <ele>2063.000</ele>
    </trkpt>
    <trkpt lat="46.66586400" lon="8.15425200">
      <ele>2063.000</ele>
    </trkpt>
    <trkpt lat="46.66587100" lon="8.15425700">
      <ele>2063.000</ele>
    </trkpt>
    <trkpt lat="46.66587700" lon="8.15424200">
      <ele>2063.000</ele>
    </trkpt>
    <trkpt lat="46.66587400" lon="8.15423900">
      <ele>2063.000</ele>
    </trkpt>
    <trkpt lat="46.66587200" lon="8.15423800">
      <ele>2063.000</ele>
    </trkpt>
    <trkpt lat="46.66586900" lon="8.15423100">
      <ele>2063.000</ele>
    </trkpt>
    <trkpt lat="46.66586600" lon="8.15422800">
      <ele>2063.000</ele>
    </trkpt>
    <trkpt lat="46.66586100" lon="8.15423400">
      <ele>2063.000</ele>
    </trkpt>
    <trkpt lat="46.66585800" lon="8.15423200">
      <ele>2063.000</ele>
    </trkpt>
    <trkpt lat="46.66585800" lon="8.15423700">
      <ele>2063.000</ele>
    </trkpt>
    <trkpt lat="46.66584400" lon="8.15423800">
      <ele>2063.000</ele>
    </trkpt>
    <trkpt lat="46.66583800" lon="8.15424000">
      <ele>2063.000</ele>
    </trkpt>
    <trkpt lat="46.66581000" lon="8.15425300">
      <ele>2063.000</ele>
    </trkpt>
    <trkpt lat="46.66582300" lon="8.15425500">
      <ele>2063.000</ele>
    </trkpt>
    <trkpt lat="46.66582000" lon="8.15424700">
      <ele>2063.000</ele>
    </trkpt>
    <trkpt lat="46.66581300" lon="8.15423800">
      <ele>2063.000</ele>
    </trkpt>
    <trkpt lat="46.66580300" lon="8.15424600">
      <ele>2063.000</ele>
    </trkpt>
    <trkpt lat="46.66579500" lon="8.15424300">
      <ele>2063.000</ele>
    </trkpt>
    <trkpt lat="46.66579500" lon="8.15424500">
      <ele>2063.000</ele>
    </trkpt>
    <trkpt lat="46.66579100" lon="8.15424000">
      <ele>2063.000</ele>
    </trkpt>
    <trkpt lat="46.66579300" lon="8.15423800">
      <ele>2063.000</ele>
    </trkpt>
    <trkpt lat="46.66579700" lon="8.15424100">
      <ele>2063.000</ele>
    </trkpt>
    <trkpt lat="46.66579500" lon="8.15422900">
      <ele>2063.000</ele>
    </trkpt>
    <trkpt lat="46.66579900" lon="8.15423200">
      <ele>2063.000</ele>
    </trkpt>
    <trkpt lat="46.66578600" lon="8.15420800">
      <ele>2063.000</ele>
    </trkpt>
    <trkpt lat="46.66578900" lon="8.15418300">
      <ele>2063.000</ele>
    </trkpt>
    <trkpt lat="46.66579000" lon="8.15418300">
      <ele>2063.000</ele>
    </trkpt>
    <trkpt lat="46.66579000" lon="8.15419500">
      <ele>2063.000</ele>
    </trkpt>
    <trkpt lat="46.66577300" lon="8.15420300">
      <ele>2063.000</ele>
    </trkpt>
    <trkpt lat="46.66576300" lon="8.15418500">
      <ele>2063.000</ele>
    </trkpt>
    <trkpt lat="46.66577300" lon="8.15420400">
      <ele>2063.000</ele>
    </trkpt>
    <trkpt lat="46.66576300" lon="8.15423300">
      <ele>2063.000</ele>
    </trkpt>
    <trkpt lat="46.66575500" lon="8.15422300">
      <ele>2063.000</ele>
    </trkpt>
    <trkpt lat="46.66573900" lon="8.15422000">
      <ele>2063.000</ele>
    </trkpt>
    <trkpt lat="46.66573900" lon="8.15421800">
      <ele>2063.000</ele>
    </trkpt>
    <trkpt lat="46.66573500" lon="8.15420500">
      <ele>2063.000</ele>
    </trkpt>
    <trkpt lat="46.66573100" lon="8.15419600">
      <ele>2063.000</ele>
    </trkpt>
    <trkpt lat="46.66573300" lon="8.15419500">
      <ele>2063.000</ele>
    </trkpt>
    <trkpt lat="46.66573300" lon="8.15419500">
      <ele>2063.000</ele>
    </trkpt>
    <trkpt lat="46.66573300" lon="8.15419500">
      <ele>2063.000</ele>
    </trkpt>
    <trkpt lat="46.66573300" lon="8.15419500">
      <ele>2063.000</ele>
    </trkpt>
    <trkpt lat="46.66573300" lon="8.15419500">
      <ele>2063.000</ele>
    </trkpt>
    <trkpt lat="46.66573800" lon="8.15418900">
      <ele>2063.000</ele>
    </trkpt>
    <trkpt lat="46.66573300" lon="8.15419500">
      <ele>2063.000</ele>
    </trkpt>
    <trkpt lat="46.66573300" lon="8.15419500">
      <ele>2063.000</ele>
    </trkpt>
    <trkpt lat="46.66574500" lon="8.15417700">
      <ele>2063.000</ele>
    </trkpt>
    <trkpt lat="46.66574800" lon="8.15417100">
      <ele>2063.000</ele>
    </trkpt>
    <trkpt lat="46.66576700" lon="8.15415100">
      <ele>2063.000</ele>
    </trkpt>
    <trkpt lat="46.66576700" lon="8.15415400">
      <ele>2063.000</ele>
    </trkpt>
    <trkpt lat="46.66576700" lon="8.15415100">
      <ele>2063.000</ele>
    </trkpt>
    <trkpt lat="46.66576700" lon="8.15415100">
      <ele>2063.000</ele>
    </trkpt>
    <trkpt lat="46.66576700" lon="8.15415100">
      <ele>2063.000</ele>
    </trkpt>
    <trkpt lat="46.66578300" lon="8.15415800">
      <ele>2063.000</ele>
    </trkpt>
    <trkpt lat="46.66580100" lon="8.15415500">
      <ele>2063.000</ele>
    </trkpt>
    <trkpt lat="46.66580100" lon="8.15415500">
      <ele>2063.000</ele>
    </trkpt>
    <trkpt lat="46.66580100" lon="8.15415500">
      <ele>2063.000</ele>
    </trkpt>
    <trkpt lat="46.66580100" lon="8.15415500">
      <ele>2063.000</ele>
    </trkpt>
    <trkpt lat="46.66580100" lon="8.15415500">
      <ele>2063.000</ele>
    </trkpt>
    <trkpt lat="46.66580100" lon="8.15415500">
      <ele>2063.000</ele>
    </trkpt>
    <trkpt lat="46.66580100" lon="8.15415500">
      <ele>2063.000</ele>
    </trkpt>
    <trkpt lat="46.66580100" lon="8.15415500">
      <ele>2063.000</ele>
    </trkpt>
    <trkpt lat="46.66580100" lon="8.15415500">
      <ele>2063.000</ele>
    </trkpt>
    <trkpt lat="46.66580100" lon="8.15415500">
      <ele>2063.000</ele>
    </trkpt>
    <trkpt lat="46.66580100" lon="8.15415500">
      <ele>2063.000</ele>
    </trkpt>
    <trkpt lat="46.66580100" lon="8.15415500">
      <ele>2063.000</ele>
    </trkpt>
    <trkpt lat="46.66580100" lon="8.15415500">
      <ele>2063.000</ele>
    </trkpt>
    <trkpt lat="46.66580100" lon="8.15415500">
      <ele>2063.000</ele>
    </trkpt>
    <trkpt lat="46.66580100" lon="8.15415500">
      <ele>2063.000</ele>
    </trkpt>
    <trkpt lat="46.66580900" lon="8.15415000">
      <ele>2063.000</ele>
    </trkpt>
    <trkpt lat="46.66580100" lon="8.15415500">
      <ele>2063.000</ele>
    </trkpt>
    <trkpt lat="46.66580100" lon="8.15415500">
      <ele>2063.000</ele>
    </trkpt>
    <trkpt lat="46.66581000" lon="8.15413500">
      <ele>2063.000</ele>
    </trkpt>
    <trkpt lat="46.66581100" lon="8.15413500">
      <ele>2063.000</ele>
    </trkpt>
    <trkpt lat="46.66581100" lon="8.15413500">
      <ele>2063.000</ele>
    </trkpt>
    <trkpt lat="46.66581200" lon="8.15412700">
      <ele>2063.000</ele>
    </trkpt>
    <trkpt lat="46.66581100" lon="8.15413500">
      <ele>2063.000</ele>
    </trkpt>
    <trkpt lat="46.66581100" lon="8.15413500">
      <ele>2063.000</ele>
    </trkpt>
    <trkpt lat="46.66581700" lon="8.15411500">
      <ele>2063.000</ele>
    </trkpt>
    <trkpt lat="46.66581700" lon="8.15411500">
      <ele>2063.000</ele>
    </trkpt>
    <trkpt lat="46.66581700" lon="8.15411500">
      <ele>2063.000</ele>
    </trkpt>
    <trkpt lat="46.66581700" lon="8.15411500">
      <ele>2063.000</ele>
    </trkpt>
    <trkpt lat="46.66581700" lon="8.15411500">
      <ele>2063.000</ele>
    </trkpt>
    <trkpt lat="46.66582000" lon="8.15411700">
      <ele>2063.000</ele>
    </trkpt>
    <trkpt lat="46.66581700" lon="8.15411500">
      <ele>2063.000</ele>
    </trkpt>
    <trkpt lat="46.66582200" lon="8.15412400">
      <ele>2063.000</ele>
    </trkpt>
    <trkpt lat="46.66581700" lon="8.15411500">
      <ele>2063.000</ele>
    </trkpt>
    <trkpt lat="46.66581700" lon="8.15411500">
      <ele>2063.000</ele>
    </trkpt>
    <trkpt lat="46.66581700" lon="8.15411500">
      <ele>2063.000</ele>
    </trkpt>
    <trkpt lat="46.66581800" lon="8.15413500">
      <ele>2063.000</ele>
    </trkpt>
    <trkpt lat="46.66581800" lon="8.15413500">
      <ele>2063.000</ele>
    </trkpt>
    <trkpt lat="46.66581700" lon="8.15413500">
      <ele>2063.000</ele>
    </trkpt>
    <trkpt lat="46.66582100" lon="8.15411900">
      <ele>2063.000</ele>
    </trkpt>
    <trkpt lat="46.66581900" lon="8.15411800">
      <ele>2063.000</ele>
    </trkpt>
    <trkpt lat="46.66582100" lon="8.15411600">
      <ele>2063.000</ele>
    </trkpt>
    <trkpt lat="46.66582100" lon="8.15411600">
      <ele>2063.000</ele>
    </trkpt>
    <trkpt lat="46.66582100" lon="8.15411600">
      <ele>2063.000</ele>
    </trkpt>
    <trkpt lat="46.66582100" lon="8.15411600">
      <ele>2063.000</ele>
    </trkpt>
    <trkpt lat="46.66582100" lon="8.15411600">
      <ele>2063.000</ele>
    </trkpt>
    <trkpt lat="46.66582100" lon="8.15411600">
      <ele>2063.000</ele>
    </trkpt>
    <trkpt lat="46.66582100" lon="8.15411600">
      <ele>2063.000</ele>
    </trkpt>
    <trkpt lat="46.66582100" lon="8.15411600">
      <ele>2063.000</ele>
    </trkpt>
    <trkpt lat="46.66583200" lon="8.15413200">
      <ele>2063.000</ele>
    </trkpt>
    <trkpt lat="46.66583200" lon="8.15413200">
      <ele>2063.000</ele>
    </trkpt>
    <trkpt lat="46.66583300" lon="8.15413200">
      <ele>2063.000</ele>
    </trkpt>
    <trkpt lat="46.66583200" lon="8.15413200">
      <ele>2063.000</ele>
    </trkpt>
    <trkpt lat="46.66583200" lon="8.15413200">
      <ele>2063.000</ele>
    </trkpt>
    <trkpt lat="46.66583200" lon="8.15413200">
      <ele>2063.000</ele>
    </trkpt>
    <trkpt lat="46.66583200" lon="8.15413200">
      <ele>2063.000</ele>
    </trkpt>
    <trkpt lat="46.66583600" lon="8.15413900">
      <ele>2063.000</ele>
    </trkpt>
    <trkpt lat="46.66584600" lon="8.15412900">
      <ele>2063.000</ele>
    </trkpt>
    <trkpt lat="46.66584900" lon="8.15412900">
      <ele>2063.000</ele>
    </trkpt>
    <trkpt lat="46.66584900" lon="8.15412900">
      <ele>2063.000</ele>
    </trkpt>
    <trkpt lat="46.66584900" lon="8.15412900">
      <ele>2063.000</ele>
    </trkpt>
    <trkpt lat="46.66584900" lon="8.15412900">
      <ele>2063.000</ele>
    </trkpt>
    <trkpt lat="46.66584900" lon="8.15412900">
      <ele>2063.000</ele>
    </trkpt>
    <trkpt lat="46.66584900" lon="8.15412900">
      <ele>2063.000</ele>
    </trkpt>
    <trkpt lat="46.66584900" lon="8.15412900">
      <ele>2063.000</ele>
    </trkpt>
    <trkpt lat="46.66584900" lon="8.15412900">
      <ele>2063.000</ele>
    </trkpt>
    <trkpt lat="46.66584900" lon="8.15412900">
      <ele>2063.000</ele>
    </trkpt>
    <trkpt lat="46.66584900" lon="8.15412900">
      <ele>2063.000</ele>
    </trkpt>
    <trkpt lat="46.66584900" lon="8.15412900">
      <ele>2063.000</ele>
    </trkpt>
    <trkpt lat="46.66584900" lon="8.15412900">
      <ele>2063.000</ele>
    </trkpt>
    <trkpt lat="46.66584900" lon="8.15412900">
      <ele>2063.000</ele>
    </trkpt>
    <trkpt lat="46.66584900" lon="8.15412900">
      <ele>2063.000</ele>
    </trkpt>
    <trkpt lat="46.66584900" lon="8.15412900">
      <ele>2063.000</ele>
    </trkpt>
    <trkpt lat="46.66584900" lon="8.15412900">
      <ele>2063.000</ele>
    </trkpt>
    <trkpt lat="46.66584900" lon="8.15412900">
      <ele>2063.000</ele>
    </trkpt>
    <trkpt lat="46.66584900" lon="8.15412900">
      <ele>2063.000</ele>
    </trkpt>
    <trkpt lat="46.66585000" lon="8.15412500">
      <ele>2063.000</ele>
    </trkpt>
    <trkpt lat="46.66585000" lon="8.15412200">
      <ele>2063.000</ele>
    </trkpt>
    <trkpt lat="46.66584900" lon="8.15412900">
      <ele>2063.000</ele>
    </trkpt>
    <trkpt lat="46.66584900" lon="8.15412900">
      <ele>2063.000</ele>
    </trkpt>
    <trkpt lat="46.66584900" lon="8.15412900">
      <ele>2063.000</ele>
    </trkpt>
    <trkpt lat="46.66584900" lon="8.15412900">
      <ele>2063.000</ele>
    </trkpt>
    <trkpt lat="46.66584900" lon="8.15412900">
      <ele>2063.000</ele>
    </trkpt>
    <trkpt lat="46.66584900" lon="8.15412900">
      <ele>2063.000</ele>
    </trkpt>
    <trkpt lat="46.66585500" lon="8.15413100">
      <ele>2063.000</ele>
    </trkpt>
    <trkpt lat="46.66587000" lon="8.15410300">
      <ele>2063.000</ele>
    </trkpt>
    <trkpt lat="46.66587300" lon="8.15410300">
      <ele>2063.000</ele>
    </trkpt>
    <trkpt lat="46.66587300" lon="8.15410300">
      <ele>2063.000</ele>
    </trkpt>
    <trkpt lat="46.66587300" lon="8.15410300">
      <ele>2063.000</ele>
    </trkpt>
    <trkpt lat="46.66587300" lon="8.15410300">
      <ele>2063.000</ele>
    </trkpt>
    <trkpt lat="46.66587300" lon="8.15410300">
      <ele>2063.000</ele>
    </trkpt>
    <trkpt lat="46.66587300" lon="8.15410300">
      <ele>2063.000</ele>
    </trkpt>
    <trkpt lat="46.66587300" lon="8.15410300">
      <ele>2063.000</ele>
    </trkpt>
    <trkpt lat="46.66587300" lon="8.15410300">
      <ele>2063.000</ele>
    </trkpt>
    <trkpt lat="46.66587300" lon="8.15410300">
      <ele>2063.000</ele>
    </trkpt>
    <trkpt lat="46.66587300" lon="8.15410300">
      <ele>2063.000</ele>
    </trkpt>
    <trkpt lat="46.66587100" lon="8.15410300">
      <ele>2063.000</ele>
    </trkpt>
    <trkpt lat="46.66587200" lon="8.15410900">
      <ele>2063.000</ele>
    </trkpt>
    <trkpt lat="46.66587300" lon="8.15410300">
      <ele>2063.000</ele>
    </trkpt>
    <trkpt lat="46.66587300" lon="8.15410300">
      <ele>2063.000</ele>
    </trkpt>
    <trkpt lat="46.66587900" lon="8.15410500">
      <ele>2063.000</ele>
    </trkpt>
    <trkpt lat="46.66587300" lon="8.15410300">
      <ele>2063.000</ele>
    </trkpt>
    <trkpt lat="46.66588600" lon="8.15410500">
      <ele>2063.000</ele>
    </trkpt>
    <trkpt lat="46.66587300" lon="8.15410300">
      <ele>2063.000</ele>
    </trkpt>
    <trkpt lat="46.66587300" lon="8.15410300">
      <ele>2063.000</ele>
    </trkpt>
    <trkpt lat="46.66587300" lon="8.15410300">
      <ele>2063.000</ele>
    </trkpt>
    <trkpt lat="46.66587300" lon="8.15410300">
      <ele>2063.000</ele>
    </trkpt>
    <trkpt lat="46.66587700" lon="8.15411900">
      <ele>2063.000</ele>
    </trkpt>
    <trkpt lat="46.66587300" lon="8.15411800">
      <ele>2063.000</ele>
    </trkpt>
    <trkpt lat="46.66587300" lon="8.15410300">
      <ele>2063.000</ele>
    </trkpt>
    <trkpt lat="46.66587300" lon="8.15410300">
      <ele>2063.000</ele>
    </trkpt>
    <trkpt lat="46.66587300" lon="8.15410300">
      <ele>2063.000</ele>
    </trkpt>
    <trkpt lat="46.66587300" lon="8.15410300">
      <ele>2063.000</ele>
    </trkpt>
    <trkpt lat="46.66587300" lon="8.15410300">
      <ele>2063.000</ele>
    </trkpt>
    <trkpt lat="46.66587300" lon="8.15410300">
      <ele>2063.000</ele>
    </trkpt>
    <trkpt lat="46.66587300" lon="8.15410300">
      <ele>2063.000</ele>
    </trkpt>
    <trkpt lat="46.66588300" lon="8.15411200">
      <ele>2063.000</ele>
    </trkpt>
    <trkpt lat="46.66587400" lon="8.15410900">
      <ele>2063.000</ele>
    </trkpt>
    <trkpt lat="46.66587700" lon="8.15410500">
      <ele>2063.000</ele>
    </trkpt>
    <trkpt lat="46.66588500" lon="8.15410200">
      <ele>2063.000</ele>
    </trkpt>
    <trkpt lat="46.66587800" lon="8.15410100">
      <ele>2063.000</ele>
    </trkpt>
    <trkpt lat="46.66587300" lon="8.15410300">
      <ele>2063.000</ele>
    </trkpt>
    <trkpt lat="46.66587300" lon="8.15410300">
      <ele>2063.000</ele>
    </trkpt>
    <trkpt lat="46.66587300" lon="8.15410300">
      <ele>2063.000</ele>
    </trkpt>
    <trkpt lat="46.66587300" lon="8.15410300">
      <ele>2063.000</ele>
    </trkpt>
    <trkpt lat="46.66587700" lon="8.15410600">
      <ele>2063.000</ele>
    </trkpt>
    <trkpt lat="46.66587600" lon="8.15411600">
      <ele>2063.000</ele>
    </trkpt>
    <trkpt lat="46.66587100" lon="8.15410800">
      <ele>2063.000</ele>
    </trkpt>
    <trkpt lat="46.66587300" lon="8.15410300">
      <ele>2063.000</ele>
    </trkpt>
    <trkpt lat="46.66587300" lon="8.15410300">
      <ele>2063.000</ele>
    </trkpt>
    <trkpt lat="46.66587100" lon="8.15409100">
      <ele>2063.000</ele>
    </trkpt>
    <trkpt lat="46.66587300" lon="8.15410300">
      <ele>2063.000</ele>
    </trkpt>
    <trkpt lat="46.66587100" lon="8.15409200">
      <ele>2063.000</ele>
    </trkpt>
    <trkpt lat="46.66586600" lon="8.15409600">
      <ele>2063.000</ele>
    </trkpt>
    <trkpt lat="46.66587300" lon="8.15410300">
      <ele>2063.000</ele>
    </trkpt>
    <trkpt lat="46.66586400" lon="8.15409700">
      <ele>2063.000</ele>
    </trkpt>
    <trkpt lat="46.66586400" lon="8.15408600">
      <ele>2063.000</ele>
    </trkpt>
    <trkpt lat="46.66586600" lon="8.15408400">
      <ele>2063.000</ele>
    </trkpt>
    <trkpt lat="46.66587000" lon="8.15407500">
      <ele>2063.000</ele>
    </trkpt>
    <trkpt lat="46.66587000" lon="8.15407500">
      <ele>2063.000</ele>
    </trkpt>
    <trkpt lat="46.66587000" lon="8.15407500">
      <ele>2063.000</ele>
    </trkpt>
    <trkpt lat="46.66587000" lon="8.15407500">
      <ele>2063.000</ele>
    </trkpt>
    <trkpt lat="46.66587000" lon="8.15407500">
      <ele>2063.000</ele>
    </trkpt>
    <trkpt lat="46.66587000" lon="8.15407500">
      <ele>2063.000</ele>
    </trkpt>
    <trkpt lat="46.66587000" lon="8.15407500">
      <ele>2063.000</ele>
    </trkpt>
    <trkpt lat="46.66587000" lon="8.15407500">
      <ele>2063.000</ele>
    </trkpt>
    <trkpt lat="46.66586800" lon="8.15408300">
      <ele>2063.000</ele>
    </trkpt>
    <trkpt lat="46.66587000" lon="8.15407500">
      <ele>2063.000</ele>
    </trkpt>
    <trkpt lat="46.66587000" lon="8.15407500">
      <ele>2063.000</ele>
    </trkpt>
    <trkpt lat="46.66587000" lon="8.15407500">
      <ele>2063.000</ele>
    </trkpt>
    <trkpt lat="46.66587000" lon="8.15407500">
      <ele>2063.000</ele>
    </trkpt>
    <trkpt lat="46.66587100" lon="8.15409500">
      <ele>2063.000</ele>
    </trkpt>
    <trkpt lat="46.66587400" lon="8.15409500">
      <ele>2063.000</ele>
    </trkpt>
    <trkpt lat="46.66587000" lon="8.15407500">
      <ele>2063.000</ele>
    </trkpt>
    <trkpt lat="46.66587000" lon="8.15407500">
      <ele>2063.000</ele>
    </trkpt>
    <trkpt lat="46.66587000" lon="8.15407500">
      <ele>2063.000</ele>
    </trkpt>
    <trkpt lat="46.66587000" lon="8.15407500">
      <ele>2063.000</ele>
    </trkpt>
    <trkpt lat="46.66587000" lon="8.15407500">
      <ele>2063.000</ele>
    </trkpt>
    <trkpt lat="46.66587000" lon="8.15407500">
      <ele>2063.000</ele>
    </trkpt>
    <trkpt lat="46.66587000" lon="8.15407500">
      <ele>2063.000</ele>
    </trkpt>
    <trkpt lat="46.66587000" lon="8.15407500">
      <ele>2063.000</ele>
    </trkpt>
    <trkpt lat="46.66587000" lon="8.15407500">
      <ele>2063.000</ele>
    </trkpt>
    <trkpt lat="46.66587000" lon="8.15407500">
      <ele>2063.000</ele>
    </trkpt>
    <trkpt lat="46.66587000" lon="8.15407500">
      <ele>2063.000</ele>
    </trkpt>
    <trkpt lat="46.66587000" lon="8.15407500">
      <ele>2063.000</ele>
    </trkpt>
    <trkpt lat="46.66587000" lon="8.15407500">
      <ele>2063.000</ele>
    </trkpt>
    <trkpt lat="46.66587000" lon="8.15407500">
      <ele>2063.000</ele>
    </trkpt>
    <trkpt lat="46.66587000" lon="8.15407500">
      <ele>2063.000</ele>
    </trkpt>
    <trkpt lat="46.66587000" lon="8.15407500">
      <ele>2063.000</ele>
    </trkpt>
    <trkpt lat="46.66587000" lon="8.15407500">
      <ele>2063.000</ele>
    </trkpt>
    <trkpt lat="46.66587000" lon="8.15407500">
      <ele>2063.000</ele>
    </trkpt>
    <trkpt lat="46.66587000" lon="8.15407500">
      <ele>2063.000</ele>
    </trkpt>
    <trkpt lat="46.66587000" lon="8.15407500">
      <ele>2063.000</ele>
    </trkpt>
    <trkpt lat="46.66587000" lon="8.15407500">
      <ele>2063.000</ele>
    </trkpt>
    <trkpt lat="46.66587000" lon="8.15407500">
      <ele>2063.000</ele>
    </trkpt>
    <trkpt lat="46.66587000" lon="8.15407500">
      <ele>2063.000</ele>
    </trkpt>
    <trkpt lat="46.66587000" lon="8.15407500">
      <ele>2063.000</ele>
    </trkpt>
    <trkpt lat="46.66587000" lon="8.15407500">
      <ele>2063.000</ele>
    </trkpt>
    <trkpt lat="46.66587000" lon="8.15407500">
      <ele>2063.000</ele>
    </trkpt>
    <trkpt lat="46.66587000" lon="8.15407500">
      <ele>2063.000</ele>
    </trkpt>
    <trkpt lat="46.66587000" lon="8.15407500">
      <ele>2063.000</ele>
    </trkpt>
    <trkpt lat="46.66587000" lon="8.15407500">
      <ele>2063.000</ele>
    </trkpt>
    <trkpt lat="46.66586800" lon="8.15408600">
      <ele>2063.000</ele>
    </trkpt>
    <trkpt lat="46.66587000" lon="8.15407500">
      <ele>2063.000</ele>
    </trkpt>
    <trkpt lat="46.66587000" lon="8.15407500">
      <ele>2063.000</ele>
    </trkpt>
    <trkpt lat="46.66587000" lon="8.15407500">
      <ele>2063.000</ele>
    </trkpt>
    <trkpt lat="46.66587000" lon="8.15407500">
      <ele>2063.000</ele>
    </trkpt>
    <trkpt lat="46.66587000" lon="8.15407500">
      <ele>2063.000</ele>
    </trkpt>
    <trkpt lat="46.66587000" lon="8.15407500">
      <ele>2063.000</ele>
    </trkpt>
    <trkpt lat="46.66587000" lon="8.15407500">
      <ele>2063.000</ele>
    </trkpt>
    <trkpt lat="46.66587000" lon="8.15407500">
      <ele>2063.000</ele>
    </trkpt>
    <trkpt lat="46.66587000" lon="8.15407500">
      <ele>2063.000</ele>
    </trkpt>
    <trkpt lat="46.66587000" lon="8.15407500">
      <ele>2063.000</ele>
    </trkpt>
    <trkpt lat="46.66587000" lon="8.15407500">
      <ele>2063.000</ele>
    </trkpt>
    <trkpt lat="46.66587000" lon="8.15407500">
      <ele>2063.000</ele>
    </trkpt>
    <trkpt lat="46.66587000" lon="8.15407500">
      <ele>2063.000</ele>
    </trkpt>
    <trkpt lat="46.66587000" lon="8.15407500">
      <ele>2063.000</ele>
    </trkpt>
    <trkpt lat="46.66587000" lon="8.15407500">
      <ele>2063.000</ele>
    </trkpt>
    <trkpt lat="46.66587000" lon="8.15407500">
      <ele>2063.000</ele>
    </trkpt>
    <trkpt lat="46.66587000" lon="8.15407500">
      <ele>2063.000</ele>
    </trkpt>
    <trkpt lat="46.66587000" lon="8.15407500">
      <ele>2063.000</ele>
    </trkpt>
    <trkpt lat="46.66587000" lon="8.15407500">
      <ele>2063.000</ele>
    </trkpt>
    <trkpt lat="46.66587000" lon="8.15407500">
      <ele>2063.000</ele>
    </trkpt>
    <trkpt lat="46.66587000" lon="8.15407500">
      <ele>2063.000</ele>
    </trkpt>
    <trkpt lat="46.66587300" lon="8.15407400">
      <ele>2063.000</ele>
    </trkpt>
    <trkpt lat="46.66587400" lon="8.15407700">
      <ele>2063.000</ele>
    </trkpt>
    <trkpt lat="46.66587000" lon="8.15407500">
      <ele>2063.000</ele>
    </trkpt>
    <trkpt lat="46.66587000" lon="8.15407500">
      <ele>2063.000</ele>
    </trkpt>
    <trkpt lat="46.66587000" lon="8.15407500">
      <ele>2063.000</ele>
    </trkpt>
    <trkpt lat="46.66587000" lon="8.15407500">
      <ele>2063.000</ele>
    </trkpt>
    <trkpt lat="46.66587000" lon="8.15407500">
      <ele>2063.000</ele>
    </trkpt>
    <trkpt lat="46.66587300" lon="8.15409000">
      <ele>2063.000</ele>
    </trkpt>
    <trkpt lat="46.66587700" lon="8.15408900">
      <ele>2063.000</ele>
    </trkpt>
    <trkpt lat="46.66587200" lon="8.15409400">
      <ele>2063.000</ele>
    </trkpt>
    <trkpt lat="46.66586900" lon="8.15409100">
      <ele>2063.000</ele>
    </trkpt>
    <trkpt lat="46.66587200" lon="8.15409600">
      <ele>2063.000</ele>
    </trkpt>
    <trkpt lat="46.66587200" lon="8.15409600">
      <ele>2063.000</ele>
    </trkpt>
    <trkpt lat="46.66587200" lon="8.15409600">
      <ele>2063.000</ele>
    </trkpt>
    <trkpt lat="46.66587200" lon="8.15409600">
      <ele>2063.000</ele>
    </trkpt>
    <trkpt lat="46.66587400" lon="8.15409000">
      <ele>2063.000</ele>
    </trkpt>
    <trkpt lat="46.66587200" lon="8.15409600">
      <ele>2063.000</ele>
    </trkpt>
    <trkpt lat="46.66587200" lon="8.15409600">
      <ele>2063.000</ele>
    </trkpt>
    <trkpt lat="46.66588200" lon="8.15407800">
      <ele>2063.000</ele>
    </trkpt>
    <trkpt lat="46.66588700" lon="8.15407700">
      <ele>2063.000</ele>
    </trkpt>
    <trkpt lat="46.66588700" lon="8.15408100">
      <ele>2063.000</ele>
    </trkpt>
    <trkpt lat="46.66588800" lon="8.15408000">
      <ele>2063.000</ele>
    </trkpt>
    <trkpt lat="46.66588800" lon="8.15408000">
      <ele>2063.000</ele>
    </trkpt>
    <trkpt lat="46.66588800" lon="8.15408000">
      <ele>2063.000</ele>
    </trkpt>
    <trkpt lat="46.66588800" lon="8.15408000">
      <ele>2063.000</ele>
    </trkpt>
    <trkpt lat="46.66588800" lon="8.15408000">
      <ele>2063.000</ele>
    </trkpt>
    <trkpt lat="46.66588800" lon="8.15408000">
      <ele>2063.000</ele>
    </trkpt>
    <trkpt lat="46.66588800" lon="8.15408000">
      <ele>2063.000</ele>
    </trkpt>
    <trkpt lat="46.66588800" lon="8.15408000">
      <ele>2063.000</ele>
    </trkpt>
    <trkpt lat="46.66588800" lon="8.15408000">
      <ele>2063.000</ele>
    </trkpt>
    <trkpt lat="46.66588800" lon="8.15408000">
      <ele>2063.000</ele>
    </trkpt>
    <trkpt lat="46.66588800" lon="8.15408000">
      <ele>2063.000</ele>
    </trkpt>
    <trkpt lat="46.66588800" lon="8.15408000">
      <ele>2063.000</ele>
    </trkpt>
    <trkpt lat="46.66588800" lon="8.15408000">
      <ele>2063.000</ele>
    </trkpt>
    <trkpt lat="46.66588800" lon="8.15408000">
      <ele>2063.000</ele>
    </trkpt>
    <trkpt lat="46.66588800" lon="8.15408000">
      <ele>2063.000</ele>
    </trkpt>
    <trkpt lat="46.66588800" lon="8.15408000">
      <ele>2063.000</ele>
    </trkpt>
    <trkpt lat="46.66588800" lon="8.15408000">
      <ele>2063.000</ele>
    </trkpt>
    <trkpt lat="46.66588800" lon="8.15408000">
      <ele>2063.000</ele>
    </trkpt>
    <trkpt lat="46.66588100" lon="8.15408400">
      <ele>2063.000</ele>
    </trkpt>
    <trkpt lat="46.66587800" lon="8.15409500">
      <ele>2063.000</ele>
    </trkpt>
    <trkpt lat="46.66588800" lon="8.15408000">
      <ele>2063.000</ele>
    </trkpt>
    <trkpt lat="46.66587800" lon="8.15409700">
      <ele>2063.000</ele>
    </trkpt>
    <trkpt lat="46.66587900" lon="8.15409700">
      <ele>2063.000</ele>
    </trkpt>
    <trkpt lat="46.66587900" lon="8.15409600">
      <ele>2063.000</ele>
    </trkpt>
    <trkpt lat="46.66587900" lon="8.15409600">
      <ele>2063.000</ele>
    </trkpt>
    <trkpt lat="46.66587900" lon="8.15409600">
      <ele>2063.000</ele>
    </trkpt>
    <trkpt lat="46.66587900" lon="8.15409600">
      <ele>2063.000</ele>
    </trkpt>
    <trkpt lat="46.66587900" lon="8.15409600">
      <ele>2063.000</ele>
    </trkpt>
    <trkpt lat="46.66587900" lon="8.15409600">
      <ele>2063.000</ele>
    </trkpt>
    <trkpt lat="46.66587900" lon="8.15409600">
      <ele>2063.000</ele>
    </trkpt>
    <trkpt lat="46.66587900" lon="8.15409600">
      <ele>2063.000</ele>
    </trkpt>
    <trkpt lat="46.66587900" lon="8.15409600">
      <ele>2063.000</ele>
    </trkpt>
    <trkpt lat="46.66587200" lon="8.15410000">
      <ele>2063.000</ele>
    </trkpt>
    <trkpt lat="46.66587900" lon="8.15409600">
      <ele>2063.000</ele>
    </trkpt>
    <trkpt lat="46.66587300" lon="8.15409100">
      <ele>2063.000</ele>
    </trkpt>
    <trkpt lat="46.66587000" lon="8.15408600">
      <ele>2063.000</ele>
    </trkpt>
    <trkpt lat="46.66587900" lon="8.15409600">
      <ele>2063.000</ele>
    </trkpt>
    <trkpt lat="46.66587900" lon="8.15409600">
      <ele>2063.000</ele>
    </trkpt>
    <trkpt lat="46.66587900" lon="8.15409600">
      <ele>2063.000</ele>
    </trkpt>
    <trkpt lat="46.66587900" lon="8.15409600">
      <ele>2063.000</ele>
    </trkpt>
    <trkpt lat="46.66587900" lon="8.15409600">
      <ele>2063.000</ele>
    </trkpt>
    <trkpt lat="46.66587900" lon="8.15409600">
      <ele>2063.000</ele>
    </trkpt>
    <trkpt lat="46.66587900" lon="8.15409600">
      <ele>2063.000</ele>
    </trkpt>
    <trkpt lat="46.66587900" lon="8.15409600">
      <ele>2063.000</ele>
    </trkpt>
    <trkpt lat="46.66587900" lon="8.15409600">
      <ele>2063.000</ele>
    </trkpt>
    <trkpt lat="46.66587900" lon="8.15409600">
      <ele>2063.000</ele>
    </trkpt>
    <trkpt lat="46.66587900" lon="8.15409600">
      <ele>2063.000</ele>
    </trkpt>
    <trkpt lat="46.66587900" lon="8.15409600">
      <ele>2063.000</ele>
    </trkpt>
    <trkpt lat="46.66587900" lon="8.15409600">
      <ele>2063.000</ele>
    </trkpt>
    <trkpt lat="46.66587900" lon="8.15409600">
      <ele>2063.000</ele>
    </trkpt>
    <trkpt lat="46.66587900" lon="8.15409600">
      <ele>2063.000</ele>
    </trkpt>
    <trkpt lat="46.66587300" lon="8.15408500">
      <ele>2063.000</ele>
    </trkpt>
    <trkpt lat="46.66587900" lon="8.15409600">
      <ele>2063.000</ele>
    </trkpt>
    <trkpt lat="46.66587900" lon="8.15409600">
      <ele>2063.000</ele>
    </trkpt>
    <trkpt lat="46.66587900" lon="8.15409600">
      <ele>2063.000</ele>
    </trkpt>
    <trkpt lat="46.66587900" lon="8.15409600">
      <ele>2063.000</ele>
    </trkpt>
    <trkpt lat="46.66587900" lon="8.15409600">
      <ele>2063.000</ele>
    </trkpt>
    <trkpt lat="46.66587900" lon="8.15409600">
      <ele>2063.000</ele>
    </trkpt>
    <trkpt lat="46.66587900" lon="8.15409600">
      <ele>2063.000</ele>
    </trkpt>
    <trkpt lat="46.66587900" lon="8.15409600">
      <ele>2063.000</ele>
    </trkpt>
    <trkpt lat="46.66587900" lon="8.15409600">
      <ele>2063.000</ele>
    </trkpt>
    <trkpt lat="46.66587100" lon="8.15408600">
      <ele>2063.000</ele>
    </trkpt>
    <trkpt lat="46.66587600" lon="8.15408400">
      <ele>2063.000</ele>
    </trkpt>
    <trkpt lat="46.66587800" lon="8.15408800">
      <ele>2063.000</ele>
    </trkpt>
    <trkpt lat="46.66587700" lon="8.15409300">
      <ele>2063.000</ele>
    </trkpt>
    <trkpt lat="46.66586900" lon="8.15409800">
      <ele>2063.000</ele>
    </trkpt>
    <trkpt lat="46.66586700" lon="8.15410800">
      <ele>2063.000</ele>
    </trkpt>
    <trkpt lat="46.66586700" lon="8.15410700">
      <ele>2063.000</ele>
    </trkpt>
    <trkpt lat="46.66586700" lon="8.15410700">
      <ele>2063.000</ele>
    </trkpt>
    <trkpt lat="46.66586700" lon="8.15410700">
      <ele>2063.000</ele>
    </trkpt>
    <trkpt lat="46.66586700" lon="8.15410700">
      <ele>2063.000</ele>
    </trkpt>
    <trkpt lat="46.66587000" lon="8.15409900">
      <ele>2063.000</ele>
    </trkpt>
    <trkpt lat="46.66587100" lon="8.15410300">
      <ele>2063.000</ele>
    </trkpt>
    <trkpt lat="46.66586700" lon="8.15410700">
      <ele>2063.000</ele>
    </trkpt>
    <trkpt lat="46.66586700" lon="8.15410700">
      <ele>2063.000</ele>
    </trkpt>
    <trkpt lat="46.66586700" lon="8.15410700">
      <ele>2063.000</ele>
    </trkpt>
    <trkpt lat="46.66586700" lon="8.15410700">
      <ele>2063.000</ele>
    </trkpt>
    <trkpt lat="46.66586700" lon="8.15410700">
      <ele>2063.000</ele>
    </trkpt>
    <trkpt lat="46.66586700" lon="8.15410700">
      <ele>2063.000</ele>
    </trkpt>
    <trkpt lat="46.66586700" lon="8.15410700">
      <ele>2063.000</ele>
    </trkpt>
    <trkpt lat="46.66586700" lon="8.15410700">
      <ele>2063.000</ele>
    </trkpt>
    <trkpt lat="46.66586700" lon="8.15410700">
      <ele>2063.000</ele>
    </trkpt>
    <trkpt lat="46.66587000" lon="8.15409900">
      <ele>2063.000</ele>
    </trkpt>
    <trkpt lat="46.66586700" lon="8.15410700">
      <ele>2063.000</ele>
    </trkpt>
    <trkpt lat="46.66588100" lon="8.15406900">
      <ele>2063.000</ele>
    </trkpt>
    <trkpt lat="46.66587900" lon="8.15407900">
      <ele>2063.000</ele>
    </trkpt>
    <trkpt lat="46.66588000" lon="8.15408600">
      <ele>2063.000</ele>
    </trkpt>
    <trkpt lat="46.66588000" lon="8.15408100">
      <ele>2063.000</ele>
    </trkpt>
    <trkpt lat="46.66587700" lon="8.15408600">
      <ele>2063.000</ele>
    </trkpt>
    <trkpt lat="46.66587700" lon="8.15408600">
      <ele>2063.000</ele>
    </trkpt>
    <trkpt lat="46.66588100" lon="8.15409000">
      <ele>2063.000</ele>
    </trkpt>
    <trkpt lat="46.66588400" lon="8.15408700">
      <ele>2063.000</ele>
    </trkpt>
    <trkpt lat="46.66587700" lon="8.15408600">
      <ele>2063.000</ele>
    </trkpt>
    <trkpt lat="46.66587700" lon="8.15408600">
      <ele>2063.000</ele>
    </trkpt>
    <trkpt lat="46.66587700" lon="8.15408600">
      <ele>2063.000</ele>
    </trkpt>
    <trkpt lat="46.66588700" lon="8.15408700">
      <ele>2063.000</ele>
    </trkpt>
    <trkpt lat="46.66587700" lon="8.15408600">
      <ele>2063.000</ele>
    </trkpt>
    <trkpt lat="46.66587700" lon="8.15408600">
      <ele>2063.000</ele>
    </trkpt>
    <trkpt lat="46.66587700" lon="8.15408600">
      <ele>2063.000</ele>
    </trkpt>
    <trkpt lat="46.66587700" lon="8.15408600">
      <ele>2063.000</ele>
    </trkpt>
    <trkpt lat="46.66587700" lon="8.15408600">
      <ele>2063.000</ele>
    </trkpt>
    <trkpt lat="46.66587700" lon="8.15408600">
      <ele>2063.000</ele>
    </trkpt>
    <trkpt lat="46.66587700" lon="8.15408600">
      <ele>2063.000</ele>
    </trkpt>
    <trkpt lat="46.66587700" lon="8.15408600">
      <ele>2063.000</ele>
    </trkpt>
    <trkpt lat="46.66587700" lon="8.15408600">
      <ele>2063.000</ele>
    </trkpt>
    <trkpt lat="46.66587700" lon="8.15408600">
      <ele>2063.000</ele>
    </trkpt>
    <trkpt lat="46.66587700" lon="8.15408600">
      <ele>2063.000</ele>
    </trkpt>
    <trkpt lat="46.66588600" lon="8.15407700">
      <ele>2063.000</ele>
    </trkpt>
    <trkpt lat="46.66588700" lon="8.15407200">
      <ele>2063.000</ele>
    </trkpt>
    <trkpt lat="46.66589100" lon="8.15406700">
      <ele>2063.000</ele>
    </trkpt>
    <trkpt lat="46.66589100" lon="8.15406700">
      <ele>2063.000</ele>
    </trkpt>
    <trkpt lat="46.66589100" lon="8.15406700">
      <ele>2063.000</ele>
    </trkpt>
    <trkpt lat="46.66589100" lon="8.15406700">
      <ele>2063.000</ele>
    </trkpt>
    <trkpt lat="46.66589100" lon="8.15406700">
      <ele>2063.000</ele>
    </trkpt>
    <trkpt lat="46.66589100" lon="8.15406700">
      <ele>2063.000</ele>
    </trkpt>
    <trkpt lat="46.66589100" lon="8.15406700">
      <ele>2063.000</ele>
    </trkpt>
    <trkpt lat="46.66589100" lon="8.15406700">
      <ele>2063.000</ele>
    </trkpt>
    <trkpt lat="46.66589100" lon="8.15406700">
      <ele>2063.000</ele>
    </trkpt>
    <trkpt lat="46.66589100" lon="8.15406700">
      <ele>2063.000</ele>
    </trkpt>
    <trkpt lat="46.66589100" lon="8.15406700">
      <ele>2063.000</ele>
    </trkpt>
    <trkpt lat="46.66589100" lon="8.15406700">
      <ele>2063.000</ele>
    </trkpt>
    <trkpt lat="46.66589100" lon="8.15406700">
      <ele>2063.000</ele>
    </trkpt>
    <trkpt lat="46.66588300" lon="8.15408500">
      <ele>2063.000</ele>
    </trkpt>
    <trkpt lat="46.66587700" lon="8.15408600">
      <ele>2063.000</ele>
    </trkpt>
    <trkpt lat="46.66587400" lon="8.15408100">
      <ele>2063.000</ele>
    </trkpt>
    <trkpt lat="46.66587200" lon="8.15407900">
      <ele>2063.000</ele>
    </trkpt>
    <trkpt lat="46.66587200" lon="8.15407900">
      <ele>2063.000</ele>
    </trkpt>
    <trkpt lat="46.66587200" lon="8.15407900">
      <ele>2063.000</ele>
    </trkpt>
    <trkpt lat="46.66587200" lon="8.15407900">
      <ele>2063.000</ele>
    </trkpt>
    <trkpt lat="46.66587200" lon="8.15407900">
      <ele>2063.000</ele>
    </trkpt>
    <trkpt lat="46.66587200" lon="8.15407900">
      <ele>2063.000</ele>
    </trkpt>
    <trkpt lat="46.66587200" lon="8.15407900">
      <ele>2063.000</ele>
    </trkpt>
    <trkpt lat="46.66587200" lon="8.15407900">
      <ele>2063.000</ele>
    </trkpt>
    <trkpt lat="46.66587200" lon="8.15407900">
      <ele>2063.000</ele>
    </trkpt>
    <trkpt lat="46.66587200" lon="8.15407900">
      <ele>2063.000</ele>
    </trkpt>
    <trkpt lat="46.66587200" lon="8.15407900">
      <ele>2063.000</ele>
    </trkpt>
    <trkpt lat="46.66587200" lon="8.15407900">
      <ele>2063.000</ele>
    </trkpt>
    <trkpt lat="46.66587200" lon="8.15407900">
      <ele>2063.000</ele>
    </trkpt>
    <trkpt lat="46.66587200" lon="8.15407900">
      <ele>2063.000</ele>
    </trkpt>
    <trkpt lat="46.66587200" lon="8.15407900">
      <ele>2063.000</ele>
    </trkpt>
    <trkpt lat="46.66587200" lon="8.15407900">
      <ele>2063.000</ele>
    </trkpt>
    <trkpt lat="46.66587200" lon="8.15407900">
      <ele>2063.000</ele>
    </trkpt>
    <trkpt lat="46.66587000" lon="8.15409100">
      <ele>2063.000</ele>
    </trkpt>
    <trkpt lat="46.66587200" lon="8.15407900">
      <ele>2063.000</ele>
    </trkpt>
    <trkpt lat="46.66587400" lon="8.15409400">
      <ele>2063.000</ele>
    </trkpt>
    <trkpt lat="46.66587500" lon="8.15408500">
      <ele>2063.000</ele>
    </trkpt>
    <trkpt lat="46.66587000" lon="8.15408600">
      <ele>2063.000</ele>
    </trkpt>
    <trkpt lat="46.66586900" lon="8.15410000">
      <ele>2063.000</ele>
    </trkpt>
    <trkpt lat="46.66586900" lon="8.15410700">
      <ele>2063.000</ele>
    </trkpt>
    <trkpt lat="46.66586900" lon="8.15410700">
      <ele>2063.000</ele>
    </trkpt>
    <trkpt lat="46.66586900" lon="8.15410700">
      <ele>2063.000</ele>
    </trkpt>
    <trkpt lat="46.66586900" lon="8.15410700">
      <ele>2063.000</ele>
    </trkpt>
    <trkpt lat="46.66586900" lon="8.15410700">
      <ele>2063.000</ele>
    </trkpt>
    <trkpt lat="46.66586900" lon="8.15410700">
      <ele>2063.000</ele>
    </trkpt>
    <trkpt lat="46.66586900" lon="8.15410700">
      <ele>2063.000</ele>
    </trkpt>
    <trkpt lat="46.66586900" lon="8.15410700">
      <ele>2063.000</ele>
    </trkpt>
    <trkpt lat="46.66586900" lon="8.15410700">
      <ele>2063.000</ele>
    </trkpt>
    <trkpt lat="46.66586900" lon="8.15410700">
      <ele>2063.000</ele>
    </trkpt>
    <trkpt lat="46.66586900" lon="8.15410300">
      <ele>2063.000</ele>
    </trkpt>
    <trkpt lat="46.66586900" lon="8.15410700">
      <ele>2063.000</ele>
    </trkpt>
    <trkpt lat="46.66586900" lon="8.15410700">
      <ele>2063.000</ele>
    </trkpt>
    <trkpt lat="46.66586900" lon="8.15410700">
      <ele>2063.000</ele>
    </trkpt>
    <trkpt lat="46.66586900" lon="8.15410700">
      <ele>2063.000</ele>
    </trkpt>
    <trkpt lat="46.66586900" lon="8.15410700">
      <ele>2063.000</ele>
    </trkpt>
    <trkpt lat="46.66586900" lon="8.15410700">
      <ele>2063.000</ele>
    </trkpt>
    <trkpt lat="46.66586900" lon="8.15410700">
      <ele>2063.000</ele>
    </trkpt>
    <trkpt lat="46.66586900" lon="8.15410700">
      <ele>2063.000</ele>
    </trkpt>
    <trkpt lat="46.66586900" lon="8.15410700">
      <ele>2063.000</ele>
    </trkpt>
    <trkpt lat="46.66587100" lon="8.15409600">
      <ele>2063.000</ele>
    </trkpt>
    <trkpt lat="46.66588300" lon="8.15409200">
      <ele>2063.000</ele>
    </trkpt>
    <trkpt lat="46.66588200" lon="8.15408900">
      <ele>2063.000</ele>
    </trkpt>
    <trkpt lat="46.66587900" lon="8.15408600">
      <ele>2063.000</ele>
    </trkpt>
    <trkpt lat="46.66587700" lon="8.15408500">
      <ele>2063.000</ele>
    </trkpt>
    <trkpt lat="46.66587700" lon="8.15408500">
      <ele>2063.000</ele>
    </trkpt>
    <trkpt lat="46.66587700" lon="8.15408500">
      <ele>2063.000</ele>
    </trkpt>
    <trkpt lat="46.66587700" lon="8.15409100">
      <ele>2063.000</ele>
    </trkpt>
    <trkpt lat="46.66587700" lon="8.15408500">
      <ele>2063.000</ele>
    </trkpt>
    <trkpt lat="46.66587200" lon="8.15408300">
      <ele>2063.000</ele>
    </trkpt>
    <trkpt lat="46.66587700" lon="8.15408500">
      <ele>2063.000</ele>
    </trkpt>
    <trkpt lat="46.66587700" lon="8.15408500">
      <ele>2063.000</ele>
    </trkpt>
    <trkpt lat="46.66587700" lon="8.15408500">
      <ele>2063.000</ele>
    </trkpt>
    <trkpt lat="46.66587600" lon="8.15408600">
      <ele>2063.000</ele>
    </trkpt>
    <trkpt lat="46.66587700" lon="8.15408500">
      <ele>2063.000</ele>
    </trkpt>
    <trkpt lat="46.66587700" lon="8.15408500">
      <ele>2063.000</ele>
    </trkpt>
    <trkpt lat="46.66587700" lon="8.15408500">
      <ele>2063.000</ele>
    </trkpt>
    <trkpt lat="46.66587200" lon="8.15408500">
      <ele>2063.000</ele>
    </trkpt>
    <trkpt lat="46.66587000" lon="8.15407600">
      <ele>2063.000</ele>
    </trkpt>
    <trkpt lat="46.66587700" lon="8.15408500">
      <ele>2063.000</ele>
    </trkpt>
    <trkpt lat="46.66587700" lon="8.15408500">
      <ele>2063.000</ele>
    </trkpt>
    <trkpt lat="46.66586600" lon="8.15407000">
      <ele>2063.000</ele>
    </trkpt>
    <trkpt lat="46.66586600" lon="8.15407000">
      <ele>2063.000</ele>
    </trkpt>
    <trkpt lat="46.66586600" lon="8.15407000">
      <ele>2063.000</ele>
    </trkpt>
    <trkpt lat="46.66586600" lon="8.15407000">
      <ele>2063.000</ele>
    </trkpt>
    <trkpt lat="46.66586100" lon="8.15407800">
      <ele>2063.000</ele>
    </trkpt>
    <trkpt lat="46.66585700" lon="8.15407400">
      <ele>2063.000</ele>
    </trkpt>
    <trkpt lat="46.66586600" lon="8.15407000">
      <ele>2063.000</ele>
    </trkpt>
    <trkpt lat="46.66586600" lon="8.15407000">
      <ele>2063.000</ele>
    </trkpt>
    <trkpt lat="46.66585700" lon="8.15407700">
      <ele>2063.000</ele>
    </trkpt>
    <trkpt lat="46.66585400" lon="8.15407200">
      <ele>2063.000</ele>
    </trkpt>
    <trkpt lat="46.66585200" lon="8.15406600">
      <ele>2063.000</ele>
    </trkpt>
    <trkpt lat="46.66585200" lon="8.15406500">
      <ele>2063.000</ele>
    </trkpt>
    <trkpt lat="46.66585200" lon="8.15406500">
      <ele>2063.000</ele>
    </trkpt>
    <trkpt lat="46.66585200" lon="8.15406500">
      <ele>2063.000</ele>
    </trkpt>
    <trkpt lat="46.66585200" lon="8.15406500">
      <ele>2063.000</ele>
    </trkpt>
    <trkpt lat="46.66585200" lon="8.15406500">
      <ele>2063.000</ele>
    </trkpt>
    <trkpt lat="46.66585200" lon="8.15406500">
      <ele>2063.000</ele>
    </trkpt>
    <trkpt lat="46.66585200" lon="8.15406500">
      <ele>2063.000</ele>
    </trkpt>
    <trkpt lat="46.66585200" lon="8.15406500">
      <ele>2063.000</ele>
    </trkpt>
    <trkpt lat="46.66585200" lon="8.15406500">
      <ele>2063.000</ele>
    </trkpt>
    <trkpt lat="46.66585200" lon="8.15406500">
      <ele>2063.000</ele>
    </trkpt>
    <trkpt lat="46.66585200" lon="8.15406500">
      <ele>2063.000</ele>
    </trkpt>
    <trkpt lat="46.66584600" lon="8.15408300">
      <ele>2063.000</ele>
    </trkpt>
    <trkpt lat="46.66584600" lon="8.15408400">
      <ele>2063.000</ele>
    </trkpt>
    <trkpt lat="46.66584600" lon="8.15408300">
      <ele>2063.000</ele>
    </trkpt>
    <trkpt lat="46.66584600" lon="8.15408300">
      <ele>2063.000</ele>
    </trkpt>
    <trkpt lat="46.66584600" lon="8.15408300">
      <ele>2063.000</ele>
    </trkpt>
    <trkpt lat="46.66584600" lon="8.15408300">
      <ele>2063.000</ele>
    </trkpt>
    <trkpt lat="46.66584600" lon="8.15408300">
      <ele>2063.000</ele>
    </trkpt>
    <trkpt lat="46.66582600" lon="8.15409300">
      <ele>2063.000</ele>
    </trkpt>
    <trkpt lat="46.66582800" lon="8.15408900">
      <ele>2063.000</ele>
    </trkpt>
    <trkpt lat="46.66582900" lon="8.15408100">
      <ele>2063.000</ele>
    </trkpt>
    <trkpt lat="46.66582600" lon="8.15409200">
      <ele>2063.000</ele>
    </trkpt>
    <trkpt lat="46.66582800" lon="8.15408200">
      <ele>2063.000</ele>
    </trkpt>
    <trkpt lat="46.66583200" lon="8.15407400">
      <ele>2063.000</ele>
    </trkpt>
    <trkpt lat="46.66583800" lon="8.15406800">
      <ele>2063.000</ele>
    </trkpt>
    <trkpt lat="46.66583800" lon="8.15406500">
      <ele>2063.000</ele>
    </trkpt>
    <trkpt lat="46.66583800" lon="8.15406500">
      <ele>2063.000</ele>
    </trkpt>
    <trkpt lat="46.66583800" lon="8.15406500">
      <ele>2063.000</ele>
    </trkpt>
    <trkpt lat="46.66583800" lon="8.15406500">
      <ele>2063.000</ele>
    </trkpt>
    <trkpt lat="46.66583800" lon="8.15406500">
      <ele>2063.000</ele>
    </trkpt>
    <trkpt lat="46.66583800" lon="8.15406500">
      <ele>2063.000</ele>
    </trkpt>
    <trkpt lat="46.66582900" lon="8.15407000">
      <ele>2063.000</ele>
    </trkpt>
    <trkpt lat="46.66582800" lon="8.15407000">
      <ele>2063.000</ele>
    </trkpt>
    <trkpt lat="46.66582600" lon="8.15407100">
      <ele>2063.000</ele>
    </trkpt>
    <trkpt lat="46.66583800" lon="8.15406500">
      <ele>2063.000</ele>
    </trkpt>
    <trkpt lat="46.66583800" lon="8.15406500">
      <ele>2063.000</ele>
    </trkpt>
    <trkpt lat="46.66583800" lon="8.15406500">
      <ele>2063.000</ele>
    </trkpt>
    <trkpt lat="46.66583800" lon="8.15406500">
      <ele>2063.000</ele>
    </trkpt>
    <trkpt lat="46.66583800" lon="8.15406500">
      <ele>2063.000</ele>
    </trkpt>
    <trkpt lat="46.66583800" lon="8.15406500">
      <ele>2063.000</ele>
    </trkpt>
    <trkpt lat="46.66582200" lon="8.15407400">
      <ele>2063.000</ele>
    </trkpt>
    <trkpt lat="46.66582200" lon="8.15407400">
      <ele>2063.000</ele>
    </trkpt>
    <trkpt lat="46.66581900" lon="8.15406100">
      <ele>2063.000</ele>
    </trkpt>
    <trkpt lat="46.66582300" lon="8.15405400">
      <ele>2063.000</ele>
    </trkpt>
    <trkpt lat="46.66582400" lon="8.15405400">
      <ele>2063.000</ele>
    </trkpt>
    <trkpt lat="46.66582500" lon="8.15404500">
      <ele>2063.000</ele>
    </trkpt>
    <trkpt lat="46.66582400" lon="8.15405400">
      <ele>2063.000</ele>
    </trkpt>
    <trkpt lat="46.66582400" lon="8.15405400">
      <ele>2063.000</ele>
    </trkpt>
    <trkpt lat="46.66582400" lon="8.15405400">
      <ele>2063.000</ele>
    </trkpt>
    <trkpt lat="46.66582400" lon="8.15405400">
      <ele>2063.000</ele>
    </trkpt>
    <trkpt lat="46.66582400" lon="8.15405400">
      <ele>2063.000</ele>
    </trkpt>
    <trkpt lat="46.66582400" lon="8.15405400">
      <ele>2063.000</ele>
    </trkpt>
    <trkpt lat="46.66582400" lon="8.15405400">
      <ele>2063.000</ele>
    </trkpt>
    <trkpt lat="46.66582400" lon="8.15405400">
      <ele>2063.000</ele>
    </trkpt>
    <trkpt lat="46.66582400" lon="8.15405400">
      <ele>2063.000</ele>
    </trkpt>
    <trkpt lat="46.66582600" lon="8.15404300">
      <ele>2063.000</ele>
    </trkpt>
    <trkpt lat="46.66582400" lon="8.15405400">
      <ele>2063.000</ele>
    </trkpt>
    <trkpt lat="46.66582400" lon="8.15405400">
      <ele>2063.000</ele>
    </trkpt>
    <trkpt lat="46.66582700" lon="8.15403900">
      <ele>2063.000</ele>
    </trkpt>
    <trkpt lat="46.66582500" lon="8.15404600">
      <ele>2063.000</ele>
    </trkpt>
    <trkpt lat="46.66582900" lon="8.15404700">
      <ele>2063.000</ele>
    </trkpt>
    <trkpt lat="46.66582300" lon="8.15403100">
      <ele>2063.000</ele>
    </trkpt>
    <trkpt lat="46.66582400" lon="8.15402400">
      <ele>2129.000</ele>
    </trkpt>
    <trkpt lat="46.66582200" lon="8.15400900">
      <ele>2129.000</ele>
    </trkpt>
    <trkpt lat="46.66582200" lon="8.15400900">
      <ele>2129.000</ele>
    </trkpt>
    <trkpt lat="46.66582200" lon="8.15400900">
      <ele>2129.000</ele>
    </trkpt>
    <trkpt lat="46.66582200" lon="8.15400900">
      <ele>2129.000</ele>
    </trkpt>
    <trkpt lat="46.66582200" lon="8.15400900">
      <ele>2129.000</ele>
    </trkpt>
    <trkpt lat="46.66582100" lon="8.15402900">
      <ele>2063.000</ele>
    </trkpt>
    <trkpt lat="46.66582200" lon="8.15403300">
      <ele>2063.000</ele>
    </trkpt>
    <trkpt lat="46.66582100" lon="8.15402200">
      <ele>2129.000</ele>
    </trkpt>
    <trkpt lat="46.66582100" lon="8.15403600">
      <ele>2063.000</ele>
    </trkpt>
    <trkpt lat="46.66582800" lon="8.15402200">
      <ele>2129.000</ele>
    </trkpt>
    <trkpt lat="46.66583500" lon="8.15401900">
      <ele>2129.000</ele>
    </trkpt>
    <trkpt lat="46.66583700" lon="8.15402500">
      <ele>2129.000</ele>
    </trkpt>
    <trkpt lat="46.66582100" lon="8.15402900">
      <ele>2063.000</ele>
    </trkpt>
    <trkpt lat="46.66583100" lon="8.15402300">
      <ele>2129.000</ele>
    </trkpt>
    <trkpt lat="46.66581400" lon="8.15404000">
      <ele>2063.000</ele>
    </trkpt>
    <trkpt lat="46.66581700" lon="8.15403500">
      <ele>2063.000</ele>
    </trkpt>
    <trkpt lat="46.66582100" lon="8.15402900">
      <ele>2063.000</ele>
    </trkpt>
    <trkpt lat="46.66581200" lon="8.15404000">
      <ele>2063.000</ele>
    </trkpt>
    <trkpt lat="46.66580500" lon="8.15404100">
      <ele>2063.000</ele>
    </trkpt>
    <trkpt lat="46.66580300" lon="8.15403500">
      <ele>2063.000</ele>
    </trkpt>
    <trkpt lat="46.66580200" lon="8.15403300">
      <ele>2063.000</ele>
    </trkpt>
    <trkpt lat="46.66580300" lon="8.15403500">
      <ele>2063.000</ele>
    </trkpt>
    <trkpt lat="46.66580300" lon="8.15403500">
      <ele>2063.000</ele>
    </trkpt>
    <trkpt lat="46.66580300" lon="8.15403500">
      <ele>2063.000</ele>
    </trkpt>
    <trkpt lat="46.66580300" lon="8.15403500">
      <ele>2063.000</ele>
    </trkpt>
    <trkpt lat="46.66580300" lon="8.15403500">
      <ele>2063.000</ele>
    </trkpt>
    <trkpt lat="46.66580300" lon="8.15403500">
      <ele>2063.000</ele>
    </trkpt>
    <trkpt lat="46.66579000" lon="8.15403800">
      <ele>2063.000</ele>
    </trkpt>
    <trkpt lat="46.66578900" lon="8.15403900">
      <ele>2063.000</ele>
    </trkpt>
    <trkpt lat="46.66578900" lon="8.15403900">
      <ele>2063.000</ele>
    </trkpt>
    <trkpt lat="46.66578900" lon="8.15403900">
      <ele>2063.000</ele>
    </trkpt>
    <trkpt lat="46.66578900" lon="8.15403900">
      <ele>2063.000</ele>
    </trkpt>
    <trkpt lat="46.66578900" lon="8.15403900">
      <ele>2063.000</ele>
    </trkpt>
    <trkpt lat="46.66578900" lon="8.15403900">
      <ele>2063.000</ele>
    </trkpt>
    <trkpt lat="46.66579200" lon="8.15406000">
      <ele>2063.000</ele>
    </trkpt>
    <trkpt lat="46.66579700" lon="8.15404800">
      <ele>2063.000</ele>
    </trkpt>
    <trkpt lat="46.66580300" lon="8.15404500">
      <ele>2063.000</ele>
    </trkpt>
    <trkpt lat="46.66580200" lon="8.15404600">
      <ele>2063.000</ele>
    </trkpt>
    <trkpt lat="46.66580200" lon="8.15404600">
      <ele>2063.000</ele>
    </trkpt>
    <trkpt lat="46.66580200" lon="8.15404600">
      <ele>2063.000</ele>
    </trkpt>
    <trkpt lat="46.66580200" lon="8.15404600">
      <ele>2063.000</ele>
    </trkpt>
    <trkpt lat="46.66580200" lon="8.15404600">
      <ele>2063.000</ele>
    </trkpt>
    <trkpt lat="46.66580300" lon="8.15404400">
      <ele>2063.000</ele>
    </trkpt>
    <trkpt lat="46.66580100" lon="8.15403900">
      <ele>2063.000</ele>
    </trkpt>
    <trkpt lat="46.66580200" lon="8.15404600">
      <ele>2063.000</ele>
    </trkpt>
    <trkpt lat="46.66580000" lon="8.15404100">
      <ele>2063.000</ele>
    </trkpt>
    <trkpt lat="46.66579900" lon="8.15404300">
      <ele>2063.000</ele>
    </trkpt>
    <trkpt lat="46.66579800" lon="8.15404700">
      <ele>2063.000</ele>
    </trkpt>
    <trkpt lat="46.66579200" lon="8.15404600">
      <ele>2063.000</ele>
    </trkpt>
    <trkpt lat="46.66579000" lon="8.15404700">
      <ele>2063.000</ele>
    </trkpt>
    <trkpt lat="46.66579400" lon="8.15404300">
      <ele>2063.000</ele>
    </trkpt>
    <trkpt lat="46.66579600" lon="8.15404300">
      <ele>2063.000</ele>
    </trkpt>
    <trkpt lat="46.66579500" lon="8.15404900">
      <ele>2063.000</ele>
    </trkpt>
    <trkpt lat="46.66580200" lon="8.15404600">
      <ele>2063.000</ele>
    </trkpt>
    <trkpt lat="46.66580200" lon="8.15404600">
      <ele>2063.000</ele>
    </trkpt>
    <trkpt lat="46.66579800" lon="8.15405200">
      <ele>2063.000</ele>
    </trkpt>
    <trkpt lat="46.66580000" lon="8.15404600">
      <ele>2063.000</ele>
    </trkpt>
    <trkpt lat="46.66579800" lon="8.15403400">
      <ele>2063.000</ele>
    </trkpt>
    <trkpt lat="46.66580200" lon="8.15404600">
      <ele>2063.000</ele>
    </trkpt>
    <trkpt lat="46.66581100" lon="8.15402800">
      <ele>2063.000</ele>
    </trkpt>
    <trkpt lat="46.66581400" lon="8.15402600">
      <ele>2129.000</ele>
    </trkpt>
    <trkpt lat="46.66581400" lon="8.15402600">
      <ele>2129.000</ele>
    </trkpt>
    <trkpt lat="46.66581600" lon="8.15402300">
      <ele>2129.000</ele>
    </trkpt>
    <trkpt lat="46.66582000" lon="8.15402100">
      <ele>2129.000</ele>
    </trkpt>
    <trkpt lat="46.66581700" lon="8.15401900">
      <ele>2129.000</ele>
    </trkpt>
    <trkpt lat="46.66581500" lon="8.15402100">
      <ele>2129.000</ele>
    </trkpt>
    <trkpt lat="46.66581400" lon="8.15402600">
      <ele>2129.000</ele>
    </trkpt>
    <trkpt lat="46.66580800" lon="8.15402000">
      <ele>2129.000</ele>
    </trkpt>
    <trkpt lat="46.66580500" lon="8.15401900">
      <ele>2129.000</ele>
    </trkpt>
    <trkpt lat="46.66580400" lon="8.15401700">
      <ele>2129.000</ele>
    </trkpt>
    <trkpt lat="46.66581400" lon="8.15402600">
      <ele>2129.000</ele>
    </trkpt>
    <trkpt lat="46.66581400" lon="8.15402600">
      <ele>2129.000</ele>
    </trkpt>
    <trkpt lat="46.66581400" lon="8.15402600">
      <ele>2129.000</ele>
    </trkpt>
    <trkpt lat="46.66581400" lon="8.15402600">
      <ele>2129.000</ele>
    </trkpt>
    <trkpt lat="46.66581400" lon="8.15402600">
      <ele>2129.000</ele>
    </trkpt>
    <trkpt lat="46.66581400" lon="8.15402600">
      <ele>2129.000</ele>
    </trkpt>
    <trkpt lat="46.66580500" lon="8.15400700">
      <ele>2129.000</ele>
    </trkpt>
    <trkpt lat="46.66580500" lon="8.15400700">
      <ele>2129.000</ele>
    </trkpt>
    <trkpt lat="46.66580500" lon="8.15400700">
      <ele>2129.000</ele>
    </trkpt>
    <trkpt lat="46.66580500" lon="8.15400700">
      <ele>2129.000</ele>
    </trkpt>
    <trkpt lat="46.66580500" lon="8.15400700">
      <ele>2129.000</ele>
    </trkpt>
    <trkpt lat="46.66580500" lon="8.15400700">
      <ele>2129.000</ele>
    </trkpt>
    <trkpt lat="46.66580500" lon="8.15400700">
      <ele>2129.000</ele>
    </trkpt>
    <trkpt lat="46.66580500" lon="8.15400700">
      <ele>2129.000</ele>
    </trkpt>
    <trkpt lat="46.66580500" lon="8.15400700">
      <ele>2129.000</ele>
    </trkpt>
    <trkpt lat="46.66580500" lon="8.15400700">
      <ele>2129.000</ele>
    </trkpt>
    <trkpt lat="46.66580500" lon="8.15400700">
      <ele>2129.000</ele>
    </trkpt>
    <trkpt lat="46.66580500" lon="8.15400700">
      <ele>2129.000</ele>
    </trkpt>
    <trkpt lat="46.66580500" lon="8.15400700">
      <ele>2129.000</ele>
    </trkpt>
    <trkpt lat="46.66580200" lon="8.15400800">
      <ele>2129.000</ele>
    </trkpt>
    <trkpt lat="46.66580400" lon="8.15400000">
      <ele>2129.000</ele>
    </trkpt>
    <trkpt lat="46.66580400" lon="8.15399400">
      <ele>2129.000</ele>
    </trkpt>
    <trkpt lat="46.66580400" lon="8.15399100">
      <ele>2129.000</ele>
    </trkpt>
    <trkpt lat="46.66580400" lon="8.15399000">
      <ele>2129.000</ele>
    </trkpt>
    <trkpt lat="46.66580400" lon="8.15398500">
      <ele>2129.000</ele>
    </trkpt>
    <trkpt lat="46.66580300" lon="8.15398400">
      <ele>2129.000</ele>
    </trkpt>
    <trkpt lat="46.66580300" lon="8.15398400">
      <ele>2129.000</ele>
    </trkpt>
    <trkpt lat="46.66580300" lon="8.15398400">
      <ele>2129.000</ele>
    </trkpt>
    <trkpt lat="46.66580300" lon="8.15398400">
      <ele>2129.000</ele>
    </trkpt>
    <trkpt lat="46.66580300" lon="8.15398400">
      <ele>2129.000</ele>
    </trkpt>
    <trkpt lat="46.66579800" lon="8.15398400">
      <ele>2129.000</ele>
    </trkpt>
    <trkpt lat="46.66580300" lon="8.15398400">
      <ele>2129.000</ele>
    </trkpt>
    <trkpt lat="46.66580300" lon="8.15398400">
      <ele>2129.000</ele>
    </trkpt>
    <trkpt lat="46.66580300" lon="8.15398400">
      <ele>2129.000</ele>
    </trkpt>
    <trkpt lat="46.66580300" lon="8.15398400">
      <ele>2129.000</ele>
    </trkpt>
    <trkpt lat="46.66580000" lon="8.15397300">
      <ele>2129.000</ele>
    </trkpt>
    <trkpt lat="46.66580000" lon="8.15397100">
      <ele>2129.000</ele>
    </trkpt>
    <trkpt lat="46.66580300" lon="8.15397000">
      <ele>2129.000</ele>
    </trkpt>
    <trkpt lat="46.66580100" lon="8.15397900">
      <ele>2129.000</ele>
    </trkpt>
    <trkpt lat="46.66579300" lon="8.15399700">
      <ele>2129.000</ele>
    </trkpt>
    <trkpt lat="46.66578900" lon="8.15400000">
      <ele>2129.000</ele>
    </trkpt>
    <trkpt lat="46.66578900" lon="8.15400000">
      <ele>2129.000</ele>
    </trkpt>
    <trkpt lat="46.66578900" lon="8.15400000">
      <ele>2129.000</ele>
    </trkpt>
    <trkpt lat="46.66578900" lon="8.15400000">
      <ele>2129.000</ele>
    </trkpt>
    <trkpt lat="46.66578900" lon="8.15400000">
      <ele>2129.000</ele>
    </trkpt>
    <trkpt lat="46.66578900" lon="8.15400000">
      <ele>2129.000</ele>
    </trkpt>
    <trkpt lat="46.66578900" lon="8.15400000">
      <ele>2129.000</ele>
    </trkpt>
    <trkpt lat="46.66578900" lon="8.15400000">
      <ele>2129.000</ele>
    </trkpt>
    <trkpt lat="46.66579300" lon="8.15399300">
      <ele>2129.000</ele>
    </trkpt>
    <trkpt lat="46.66579400" lon="8.15398800">
      <ele>2129.000</ele>
    </trkpt>
    <trkpt lat="46.66579500" lon="8.15399100">
      <ele>2129.000</ele>
    </trkpt>
    <trkpt lat="46.66580100" lon="8.15398700">
      <ele>2129.000</ele>
    </trkpt>
    <trkpt lat="46.66580500" lon="8.15399100">
      <ele>2129.000</ele>
    </trkpt>
    <trkpt lat="46.66580600" lon="8.15399000">
      <ele>2129.000</ele>
    </trkpt>
    <trkpt lat="46.66580600" lon="8.15399200">
      <ele>2129.000</ele>
    </trkpt>
    <trkpt lat="46.66579700" lon="8.15398800">
      <ele>2129.000</ele>
    </trkpt>
    <trkpt lat="46.66580600" lon="8.15399100">
      <ele>2129.000</ele>
    </trkpt>
    <trkpt lat="46.66580600" lon="8.15399100">
      <ele>2129.000</ele>
    </trkpt>
    <trkpt lat="46.66580600" lon="8.15399100">
      <ele>2129.000</ele>
    </trkpt>
    <trkpt lat="46.66580600" lon="8.15399100">
      <ele>2129.000</ele>
    </trkpt>
    <trkpt lat="46.66580400" lon="8.15397600">
      <ele>2129.000</ele>
    </trkpt>
    <trkpt lat="46.66580700" lon="8.15397400">
      <ele>2129.000</ele>
    </trkpt>
    <trkpt lat="46.66580700" lon="8.15398500">
      <ele>2129.000</ele>
    </trkpt>
    <trkpt lat="46.66580900" lon="8.15398500">
      <ele>2129.000</ele>
    </trkpt>
    <trkpt lat="46.66580300" lon="8.15398200">
      <ele>2129.000</ele>
    </trkpt>
    <trkpt lat="46.66579800" lon="8.15398100">
      <ele>2129.000</ele>
    </trkpt>
    <trkpt lat="46.66580000" lon="8.15398300">
      <ele>2129.000</ele>
    </trkpt>
    <trkpt lat="46.66580600" lon="8.15399100">
      <ele>2129.000</ele>
    </trkpt>
    <trkpt lat="46.66580600" lon="8.15399100">
      <ele>2129.000</ele>
    </trkpt>
    <trkpt lat="46.66580800" lon="8.15397600">
      <ele>2129.000</ele>
    </trkpt>
    <trkpt lat="46.66580700" lon="8.15397300">
      <ele>2129.000</ele>
    </trkpt>
    <trkpt lat="46.66581000" lon="8.15397200">
      <ele>2129.000</ele>
    </trkpt>
    <trkpt lat="46.66581000" lon="8.15397200">
      <ele>2129.000</ele>
    </trkpt>
    <trkpt lat="46.66581000" lon="8.15397200">
      <ele>2129.000</ele>
    </trkpt>
    <trkpt lat="46.66580800" lon="8.15397600">
      <ele>2129.000</ele>
    </trkpt>
    <trkpt lat="46.66581100" lon="8.15397800">
      <ele>2129.000</ele>
    </trkpt>
    <trkpt lat="46.66581400" lon="8.15398600">
      <ele>2129.000</ele>
    </trkpt>
    <trkpt lat="46.66581000" lon="8.15397200">
      <ele>2129.000</ele>
    </trkpt>
    <trkpt lat="46.66581000" lon="8.15397200">
      <ele>2129.000</ele>
    </trkpt>
    <trkpt lat="46.66581000" lon="8.15397200">
      <ele>2129.000</ele>
    </trkpt>
    <trkpt lat="46.66581000" lon="8.15397200">
      <ele>2129.000</ele>
    </trkpt>
    <trkpt lat="46.66581000" lon="8.15397200">
      <ele>2129.000</ele>
    </trkpt>
    <trkpt lat="46.66581000" lon="8.15397200">
      <ele>2129.000</ele>
    </trkpt>
    <trkpt lat="46.66581000" lon="8.15397200">
      <ele>2129.000</ele>
    </trkpt>
    <trkpt lat="46.66581000" lon="8.15397200">
      <ele>2129.000</ele>
    </trkpt>
    <trkpt lat="46.66581000" lon="8.15397200">
      <ele>2129.000</ele>
    </trkpt>
    <trkpt lat="46.66581000" lon="8.15397200">
      <ele>2129.000</ele>
    </trkpt>
    <trkpt lat="46.66581000" lon="8.15397200">
      <ele>2129.000</ele>
    </trkpt>
    <trkpt lat="46.66581000" lon="8.15397200">
      <ele>2129.000</ele>
    </trkpt>
    <trkpt lat="46.66581000" lon="8.15397200">
      <ele>2129.000</ele>
    </trkpt>
    <trkpt lat="46.66581000" lon="8.15397200">
      <ele>2129.000</ele>
    </trkpt>
    <trkpt lat="46.66581000" lon="8.15397200">
      <ele>2129.000</ele>
    </trkpt>
    <trkpt lat="46.66581000" lon="8.15397200">
      <ele>2129.000</ele>
    </trkpt>
    <trkpt lat="46.66581400" lon="8.15398400">
      <ele>2129.000</ele>
    </trkpt>
    <trkpt lat="46.66581000" lon="8.15397200">
      <ele>2129.000</ele>
    </trkpt>
    <trkpt lat="46.66581000" lon="8.15397200">
      <ele>2129.000</ele>
    </trkpt>
    <trkpt lat="46.66581000" lon="8.15397200">
      <ele>2129.000</ele>
    </trkpt>
    <trkpt lat="46.66581000" lon="8.15397200">
      <ele>2129.000</ele>
    </trkpt>
    <trkpt lat="46.66581000" lon="8.15397200">
      <ele>2129.000</ele>
    </trkpt>
    <trkpt lat="46.66581000" lon="8.15397200">
      <ele>2129.000</ele>
    </trkpt>
    <trkpt lat="46.66581000" lon="8.15397200">
      <ele>2129.000</ele>
    </trkpt>
    <trkpt lat="46.66581000" lon="8.15397200">
      <ele>2129.000</ele>
    </trkpt>
    <trkpt lat="46.66581400" lon="8.15398200">
      <ele>2129.000</ele>
    </trkpt>
    <trkpt lat="46.66581500" lon="8.15397700">
      <ele>2129.000</ele>
    </trkpt>
    <trkpt lat="46.66581000" lon="8.15397200">
      <ele>2129.000</ele>
    </trkpt>
    <trkpt lat="46.66581000" lon="8.15397200">
      <ele>2129.000</ele>
    </trkpt>
    <trkpt lat="46.66581000" lon="8.15397200">
      <ele>2129.000</ele>
    </trkpt>
    <trkpt lat="46.66581000" lon="8.15397200">
      <ele>2129.000</ele>
    </trkpt>
    <trkpt lat="46.66581000" lon="8.15397200">
      <ele>2129.000</ele>
    </trkpt>
    <trkpt lat="46.66581000" lon="8.15397200">
      <ele>2129.000</ele>
    </trkpt>
    <trkpt lat="46.66581000" lon="8.15397200">
      <ele>2129.000</ele>
    </trkpt>
    <trkpt lat="46.66581000" lon="8.15397200">
      <ele>2129.000</ele>
    </trkpt>
    <trkpt lat="46.66581000" lon="8.15397200">
      <ele>2129.000</ele>
    </trkpt>
    <trkpt lat="46.66581000" lon="8.15397200">
      <ele>2129.000</ele>
    </trkpt>
    <trkpt lat="46.66581000" lon="8.15397200">
      <ele>2129.000</ele>
    </trkpt>
    <trkpt lat="46.66581000" lon="8.15397200">
      <ele>2129.000</ele>
    </trkpt>
    <trkpt lat="46.66581000" lon="8.15397200">
      <ele>2129.000</ele>
    </trkpt>
    <trkpt lat="46.66581000" lon="8.15397200">
      <ele>2129.000</ele>
    </trkpt>
    <trkpt lat="46.66581000" lon="8.15397200">
      <ele>2129.000</ele>
    </trkpt>
    <trkpt lat="46.66581000" lon="8.15397200">
      <ele>2129.000</ele>
    </trkpt>
    <trkpt lat="46.66581000" lon="8.15397200">
      <ele>2129.000</ele>
    </trkpt>
    <trkpt lat="46.66581000" lon="8.15397200">
      <ele>2129.000</ele>
    </trkpt>
    <trkpt lat="46.66581000" lon="8.15397200">
      <ele>2129.000</ele>
    </trkpt>
    <trkpt lat="46.66581300" lon="8.15397400">
      <ele>2129.000</ele>
    </trkpt>
    <trkpt lat="46.66581000" lon="8.15397200">
      <ele>2129.000</ele>
    </trkpt>
    <trkpt lat="46.66581000" lon="8.15397200">
      <ele>2129.000</ele>
    </trkpt>
    <trkpt lat="46.66581000" lon="8.15397200">
      <ele>2129.000</ele>
    </trkpt>
    <trkpt lat="46.66581000" lon="8.15397200">
      <ele>2129.000</ele>
    </trkpt>
    <trkpt lat="46.66581000" lon="8.15397200">
      <ele>2129.000</ele>
    </trkpt>
    <trkpt lat="46.66581000" lon="8.15397200">
      <ele>2129.000</ele>
    </trkpt>
    <trkpt lat="46.66581000" lon="8.15397200">
      <ele>2129.000</ele>
    </trkpt>
    <trkpt lat="46.66581000" lon="8.15397200">
      <ele>2129.000</ele>
    </trkpt>
    <trkpt lat="46.66581000" lon="8.15397200">
      <ele>2129.000</ele>
    </trkpt>
    <trkpt lat="46.66581000" lon="8.15397200">
      <ele>2129.000</ele>
    </trkpt>
    <trkpt lat="46.66581000" lon="8.15397200">
      <ele>2129.000</ele>
    </trkpt>
    <trkpt lat="46.66581000" lon="8.15397200">
      <ele>2129.000</ele>
    </trkpt>
    <trkpt lat="46.66581000" lon="8.15397200">
      <ele>2129.000</ele>
    </trkpt>
    <trkpt lat="46.66581000" lon="8.15397200">
      <ele>2129.000</ele>
    </trkpt>
    <trkpt lat="46.66581000" lon="8.15397200">
      <ele>2129.000</ele>
    </trkpt>
    <trkpt lat="46.66581000" lon="8.15397200">
      <ele>2129.000</ele>
    </trkpt>
    <trkpt lat="46.66581000" lon="8.15397200">
      <ele>2129.000</ele>
    </trkpt>
    <trkpt lat="46.66581000" lon="8.15397200">
      <ele>2129.000</ele>
    </trkpt>
    <trkpt lat="46.66581000" lon="8.15397200">
      <ele>2129.000</ele>
    </trkpt>
    <trkpt lat="46.66581000" lon="8.15397200">
      <ele>2129.000</ele>
    </trkpt>
    <trkpt lat="46.66581000" lon="8.15397200">
      <ele>2129.000</ele>
    </trkpt>
    <trkpt lat="46.66581000" lon="8.15397200">
      <ele>2129.000</ele>
    </trkpt>
    <trkpt lat="46.66581000" lon="8.15397200">
      <ele>2129.000</ele>
    </trkpt>
    <trkpt lat="46.66581000" lon="8.15397200">
      <ele>2129.000</ele>
    </trkpt>
    <trkpt lat="46.66581000" lon="8.15397200">
      <ele>2129.000</ele>
    </trkpt>
    <trkpt lat="46.66581000" lon="8.15397200">
      <ele>2129.000</ele>
    </trkpt>
    <trkpt lat="46.66581000" lon="8.15397200">
      <ele>2129.000</ele>
    </trkpt>
    <trkpt lat="46.66581000" lon="8.15398200">
      <ele>2129.000</ele>
    </trkpt>
    <trkpt lat="46.66581000" lon="8.15397200">
      <ele>2129.000</ele>
    </trkpt>
    <trkpt lat="46.66581000" lon="8.15397200">
      <ele>2129.000</ele>
    </trkpt>
    <trkpt lat="46.66581000" lon="8.15397200">
      <ele>2129.000</ele>
    </trkpt>
    <trkpt lat="46.66581000" lon="8.15397200">
      <ele>2129.000</ele>
    </trkpt>
    <trkpt lat="46.66581000" lon="8.15397200">
      <ele>2129.000</ele>
    </trkpt>
    <trkpt lat="46.66581000" lon="8.15397200">
      <ele>2129.000</ele>
    </trkpt>
    <trkpt lat="46.66581000" lon="8.15397200">
      <ele>2129.000</ele>
    </trkpt>
    <trkpt lat="46.66581100" lon="8.15398000">
      <ele>2129.000</ele>
    </trkpt>
    <trkpt lat="46.66581000" lon="8.15397200">
      <ele>2129.000</ele>
    </trkpt>
    <trkpt lat="46.66581000" lon="8.15397200">
      <ele>2129.000</ele>
    </trkpt>
    <trkpt lat="46.66581000" lon="8.15397200">
      <ele>2129.000</ele>
    </trkpt>
    <trkpt lat="46.66581000" lon="8.15397200">
      <ele>2129.000</ele>
    </trkpt>
    <trkpt lat="46.66581000" lon="8.15397200">
      <ele>2129.000</ele>
    </trkpt>
    <trkpt lat="46.66581000" lon="8.15397200">
      <ele>2129.000</ele>
    </trkpt>
    <trkpt lat="46.66581000" lon="8.15397200">
      <ele>2129.000</ele>
    </trkpt>
    <trkpt lat="46.66581000" lon="8.15397200">
      <ele>2129.000</ele>
    </trkpt>
    <trkpt lat="46.66580600" lon="8.15398200">
      <ele>2129.000</ele>
    </trkpt>
    <trkpt lat="46.66581000" lon="8.15397200">
      <ele>2129.000</ele>
    </trkpt>
    <trkpt lat="46.66581000" lon="8.15397200">
      <ele>2129.000</ele>
    </trkpt>
    <trkpt lat="46.66581000" lon="8.15397200">
      <ele>2129.000</ele>
    </trkpt>
    <trkpt lat="46.66581000" lon="8.15397200">
      <ele>2129.000</ele>
    </trkpt>
    <trkpt lat="46.66581000" lon="8.15397200">
      <ele>2129.000</ele>
    </trkpt>
    <trkpt lat="46.66581000" lon="8.15397200">
      <ele>2129.000</ele>
    </trkpt>
    <trkpt lat="46.66581000" lon="8.15397200">
      <ele>2129.000</ele>
    </trkpt>
    <trkpt lat="46.66581000" lon="8.15397200">
      <ele>2129.000</ele>
    </trkpt>
    <trkpt lat="46.66581000" lon="8.15397200">
      <ele>2129.000</ele>
    </trkpt>
    <trkpt lat="46.66581000" lon="8.15397200">
      <ele>2129.000</ele>
    </trkpt>
    <trkpt lat="46.66581000" lon="8.15397200">
      <ele>2129.000</ele>
    </trkpt>
    <trkpt lat="46.66581000" lon="8.15397200">
      <ele>2129.000</ele>
    </trkpt>
    <trkpt lat="46.66581000" lon="8.15397200">
      <ele>2129.000</ele>
    </trkpt>
    <trkpt lat="46.66581000" lon="8.15397200">
      <ele>2129.000</ele>
    </trkpt>
    <trkpt lat="46.66581000" lon="8.15397200">
      <ele>2129.000</ele>
    </trkpt>
    <trkpt lat="46.66581000" lon="8.15397200">
      <ele>2129.000</ele>
    </trkpt>
    <trkpt lat="46.66581000" lon="8.15397200">
      <ele>2129.000</ele>
    </trkpt>
    <trkpt lat="46.66581000" lon="8.15397200">
      <ele>2129.000</ele>
    </trkpt>
    <trkpt lat="46.66581000" lon="8.15397200">
      <ele>2129.000</ele>
    </trkpt>
    <trkpt lat="46.66581000" lon="8.15397200">
      <ele>2129.000</ele>
    </trkpt>
    <trkpt lat="46.66581000" lon="8.15397200">
      <ele>2129.000</ele>
    </trkpt>
    <trkpt lat="46.66581000" lon="8.15397200">
      <ele>2129.000</ele>
    </trkpt>
    <trkpt lat="46.66581000" lon="8.15397200">
      <ele>2129.000</ele>
    </trkpt>
    <trkpt lat="46.66581000" lon="8.15397200">
      <ele>2129.000</ele>
    </trkpt>
    <trkpt lat="46.66581000" lon="8.15397200">
      <ele>2129.000</ele>
    </trkpt>
    <trkpt lat="46.66581000" lon="8.15397200">
      <ele>2129.000</ele>
    </trkpt>
    <trkpt lat="46.66581000" lon="8.15397200">
      <ele>2129.000</ele>
    </trkpt>
    <trkpt lat="46.66581000" lon="8.15397200">
      <ele>2129.000</ele>
    </trkpt>
    <trkpt lat="46.66581000" lon="8.15397200">
      <ele>2129.000</ele>
    </trkpt>
    <trkpt lat="46.66580600" lon="8.15397400">
      <ele>2129.000</ele>
    </trkpt>
    <trkpt lat="46.66581000" lon="8.15397200">
      <ele>2129.000</ele>
    </trkpt>
    <trkpt lat="46.66581000" lon="8.15397200">
      <ele>2129.000</ele>
    </trkpt>
    <trkpt lat="46.66581000" lon="8.15397200">
      <ele>2129.000</ele>
    </trkpt>
    <trkpt lat="46.66581000" lon="8.15397200">
      <ele>2129.000</ele>
    </trkpt>
    <trkpt lat="46.66581000" lon="8.15397200">
      <ele>2129.000</ele>
    </trkpt>
    <trkpt lat="46.66581000" lon="8.15397200">
      <ele>2129.000</ele>
    </trkpt>
    <trkpt lat="46.66581000" lon="8.15397200">
      <ele>2129.000</ele>
    </trkpt>
    <trkpt lat="46.66581000" lon="8.15397200">
      <ele>2129.000</ele>
    </trkpt>
    <trkpt lat="46.66581000" lon="8.15397200">
      <ele>2129.000</ele>
    </trkpt>
    <trkpt lat="46.66581000" lon="8.15397200">
      <ele>2129.000</ele>
    </trkpt>
    <trkpt lat="46.66581000" lon="8.15397200">
      <ele>2129.000</ele>
    </trkpt>
    <trkpt lat="46.66581000" lon="8.15397200">
      <ele>2129.000</ele>
    </trkpt>
    <trkpt lat="46.66581000" lon="8.15397200">
      <ele>2129.000</ele>
    </trkpt>
    <trkpt lat="46.66581000" lon="8.15397200">
      <ele>2129.000</ele>
    </trkpt>
    <trkpt lat="46.66581000" lon="8.15397200">
      <ele>2129.000</ele>
    </trkpt>
    <trkpt lat="46.66581000" lon="8.15397200">
      <ele>2129.000</ele>
    </trkpt>
    <trkpt lat="46.66581000" lon="8.15397200">
      <ele>2129.000</ele>
    </trkpt>
    <trkpt lat="46.66581000" lon="8.15397200">
      <ele>2129.000</ele>
    </trkpt>
    <trkpt lat="46.66581000" lon="8.15397200">
      <ele>2129.000</ele>
    </trkpt>
    <trkpt lat="46.66581000" lon="8.15397200">
      <ele>2129.000</ele>
    </trkpt>
    <trkpt lat="46.66581000" lon="8.15397200">
      <ele>2129.000</ele>
    </trkpt>
    <trkpt lat="46.66581000" lon="8.15397200">
      <ele>2129.000</ele>
    </trkpt>
    <trkpt lat="46.66581000" lon="8.15397200">
      <ele>2129.000</ele>
    </trkpt>
    <trkpt lat="46.66581000" lon="8.15397200">
      <ele>2129.000</ele>
    </trkpt>
    <trkpt lat="46.66581000" lon="8.15397200">
      <ele>2129.000</ele>
    </trkpt>
    <trkpt lat="46.66580000" lon="8.15397600">
      <ele>2129.000</ele>
    </trkpt>
    <trkpt lat="46.66579900" lon="8.15398100">
      <ele>2129.000</ele>
    </trkpt>
    <trkpt lat="46.66580000" lon="8.15398300">
      <ele>2129.000</ele>
    </trkpt>
    <trkpt lat="46.66581000" lon="8.15397200">
      <ele>2129.000</ele>
    </trkpt>
    <trkpt lat="46.66580000" lon="8.15398200">
      <ele>2129.000</ele>
    </trkpt>
    <trkpt lat="46.66581000" lon="8.15397200">
      <ele>2129.000</ele>
    </trkpt>
    <trkpt lat="46.66580500" lon="8.15398500">
      <ele>2129.000</ele>
    </trkpt>
    <trkpt lat="46.66581000" lon="8.15397200">
      <ele>2129.000</ele>
    </trkpt>
    <trkpt lat="46.66581000" lon="8.15397200">
      <ele>2129.000</ele>
    </trkpt>
    <trkpt lat="46.66581000" lon="8.15397200">
      <ele>2129.000</ele>
    </trkpt>
    <trkpt lat="46.66581000" lon="8.15397200">
      <ele>2129.000</ele>
    </trkpt>
    <trkpt lat="46.66581000" lon="8.15397200">
      <ele>2129.000</ele>
    </trkpt>
    <trkpt lat="46.66581000" lon="8.15397200">
      <ele>2129.000</ele>
    </trkpt>
    <trkpt lat="46.66581000" lon="8.15397200">
      <ele>2129.000</ele>
    </trkpt>
    <trkpt lat="46.66581000" lon="8.15397200">
      <ele>2129.000</ele>
    </trkpt>
    <trkpt lat="46.66581000" lon="8.15397200">
      <ele>2129.000</ele>
    </trkpt>
    <trkpt lat="46.66581000" lon="8.15397200">
      <ele>2129.000</ele>
    </trkpt>
    <trkpt lat="46.66580800" lon="8.15397700">
      <ele>2129.000</ele>
    </trkpt>
    <trkpt lat="46.66580700" lon="8.15397400">
      <ele>2129.000</ele>
    </trkpt>
    <trkpt lat="46.66580800" lon="8.15397500">
      <ele>2129.000</ele>
    </trkpt>
    <trkpt lat="46.66581000" lon="8.15397200">
      <ele>2129.000</ele>
    </trkpt>
    <trkpt lat="46.66581000" lon="8.15397200">
      <ele>2129.000</ele>
    </trkpt>
    <trkpt lat="46.66581000" lon="8.15397200">
      <ele>2129.000</ele>
    </trkpt>
    <trkpt lat="46.66581000" lon="8.15397200">
      <ele>2129.000</ele>
    </trkpt>
    <trkpt lat="46.66581000" lon="8.15397200">
      <ele>2129.000</ele>
    </trkpt>
    <trkpt lat="46.66582000" lon="8.15395800">
      <ele>2129.000</ele>
    </trkpt>
    <trkpt lat="46.66582000" lon="8.15396000">
      <ele>2129.000</ele>
    </trkpt>
    <trkpt lat="46.66582000" lon="8.15396000">
      <ele>2129.000</ele>
    </trkpt>
    <trkpt lat="46.66581900" lon="8.15396300">
      <ele>2129.000</ele>
    </trkpt>
    <trkpt lat="46.66581400" lon="8.15398200">
      <ele>2129.000</ele>
    </trkpt>
    <trkpt lat="46.66581400" lon="8.15398200">
      <ele>2129.000</ele>
    </trkpt>
    <trkpt lat="46.66581200" lon="8.15398100">
      <ele>2129.000</ele>
    </trkpt>
    <trkpt lat="46.66581500" lon="8.15397500">
      <ele>2129.000</ele>
    </trkpt>
    <trkpt lat="46.66581500" lon="8.15397500">
      <ele>2129.000</ele>
    </trkpt>
    <trkpt lat="46.66581500" lon="8.15397500">
      <ele>2129.000</ele>
    </trkpt>
    <trkpt lat="46.66581500" lon="8.15397500">
      <ele>2129.000</ele>
    </trkpt>
    <trkpt lat="46.66580200" lon="8.15397700">
      <ele>2129.000</ele>
    </trkpt>
    <trkpt lat="46.66580500" lon="8.15396700">
      <ele>2129.000</ele>
    </trkpt>
    <trkpt lat="46.66581400" lon="8.15396700">
      <ele>2129.000</ele>
    </trkpt>
    <trkpt lat="46.66580700" lon="8.15396600">
      <ele>2129.000</ele>
    </trkpt>
    <trkpt lat="46.66580500" lon="8.15396500">
      <ele>2129.000</ele>
    </trkpt>
    <trkpt lat="46.66581200" lon="8.15396400">
      <ele>2129.000</ele>
    </trkpt>
    <trkpt lat="46.66581100" lon="8.15396700">
      <ele>2129.000</ele>
    </trkpt>
    <trkpt lat="46.66581800" lon="8.15396600">
      <ele>2129.000</ele>
    </trkpt>
    <trkpt lat="46.66581900" lon="8.15396800">
      <ele>2129.000</ele>
    </trkpt>
    <trkpt lat="46.66581800" lon="8.15396600">
      <ele>2129.000</ele>
    </trkpt>
    <trkpt lat="46.66581500" lon="8.15397500">
      <ele>2129.000</ele>
    </trkpt>
    <trkpt lat="46.66581500" lon="8.15397500">
      <ele>2129.000</ele>
    </trkpt>
    <trkpt lat="46.66581500" lon="8.15397500">
      <ele>2129.000</ele>
    </trkpt>
    <trkpt lat="46.66581500" lon="8.15397500">
      <ele>2129.000</ele>
    </trkpt>
    <trkpt lat="46.66581500" lon="8.15397500">
      <ele>2129.000</ele>
    </trkpt>
    <trkpt lat="46.66581500" lon="8.15397500">
      <ele>2129.000</ele>
    </trkpt>
    <trkpt lat="46.66581500" lon="8.15397500">
      <ele>2129.000</ele>
    </trkpt>
    <trkpt lat="46.66581500" lon="8.15397500">
      <ele>2129.000</ele>
    </trkpt>
    <trkpt lat="46.66580900" lon="8.15396400">
      <ele>2129.000</ele>
    </trkpt>
    <trkpt lat="46.66581500" lon="8.15396100">
      <ele>2129.000</ele>
    </trkpt>
    <trkpt lat="46.66581500" lon="8.15397500">
      <ele>2129.000</ele>
    </trkpt>
    <trkpt lat="46.66581300" lon="8.15395900">
      <ele>2129.000</ele>
    </trkpt>
    <trkpt lat="46.66581300" lon="8.15395400">
      <ele>2129.000</ele>
    </trkpt>
    <trkpt lat="46.66581300" lon="8.15395600">
      <ele>2129.000</ele>
    </trkpt>
    <trkpt lat="46.66581300" lon="8.15395600">
      <ele>2129.000</ele>
    </trkpt>
    <trkpt lat="46.66581300" lon="8.15395600">
      <ele>2129.000</ele>
    </trkpt>
    <trkpt lat="46.66581900" lon="8.15394700">
      <ele>2129.000</ele>
    </trkpt>
    <trkpt lat="46.66582400" lon="8.15393900">
      <ele>2129.000</ele>
    </trkpt>
    <trkpt lat="46.66582800" lon="8.15393500">
      <ele>2129.000</ele>
    </trkpt>
    <trkpt lat="46.66583000" lon="8.15391500">
      <ele>2129.000</ele>
    </trkpt>
    <trkpt lat="46.66583000" lon="8.15391400">
      <ele>2129.000</ele>
    </trkpt>
    <trkpt lat="46.66583100" lon="8.15390600">
      <ele>2129.000</ele>
    </trkpt>
    <trkpt lat="46.66583100" lon="8.15390000">
      <ele>2129.000</ele>
    </trkpt>
    <trkpt lat="46.66583000" lon="8.15391500">
      <ele>2129.000</ele>
    </trkpt>
    <trkpt lat="46.66583000" lon="8.15391500">
      <ele>2129.000</ele>
    </trkpt>
    <trkpt lat="46.66583000" lon="8.15391500">
      <ele>2129.000</ele>
    </trkpt>
    <trkpt lat="46.66581800" lon="8.15390200">
      <ele>2129.000</ele>
    </trkpt>
    <trkpt lat="46.66581900" lon="8.15389900">
      <ele>2129.000</ele>
    </trkpt>
    <trkpt lat="46.66581900" lon="8.15389900">
      <ele>2129.000</ele>
    </trkpt>
    <trkpt lat="46.66581900" lon="8.15389900">
      <ele>2129.000</ele>
    </trkpt>
    <trkpt lat="46.66581700" lon="8.15389500">
      <ele>2129.000</ele>
    </trkpt>
    <trkpt lat="46.66581400" lon="8.15389900">
      <ele>2129.000</ele>
    </trkpt>
    <trkpt lat="46.66581900" lon="8.15389900">
      <ele>2129.000</ele>
    </trkpt>
    <trkpt lat="46.66580600" lon="8.15389700">
      <ele>2129.000</ele>
    </trkpt>
    <trkpt lat="46.66580500" lon="8.15389900">
      <ele>2129.000</ele>
    </trkpt>
    <trkpt lat="46.66580400" lon="8.15389800">
      <ele>2129.000</ele>
    </trkpt>
    <trkpt lat="46.66580500" lon="8.15390200">
      <ele>2129.000</ele>
    </trkpt>
    <trkpt lat="46.66580500" lon="8.15390200">
      <ele>2129.000</ele>
    </trkpt>
    <trkpt lat="46.66580500" lon="8.15390200">
      <ele>2129.000</ele>
    </trkpt>
    <trkpt lat="46.66580500" lon="8.15390200">
      <ele>2129.000</ele>
    </trkpt>
    <trkpt lat="46.66580500" lon="8.15390200">
      <ele>2129.000</ele>
    </trkpt>
    <trkpt lat="46.66580500" lon="8.15390200">
      <ele>2129.000</ele>
    </trkpt>
    <trkpt lat="46.66580500" lon="8.15390200">
      <ele>2129.000</ele>
    </trkpt>
    <trkpt lat="46.66580500" lon="8.15390200">
      <ele>2129.000</ele>
    </trkpt>
    <trkpt lat="46.66580500" lon="8.15390200">
      <ele>2129.000</ele>
    </trkpt>
    <trkpt lat="46.66580500" lon="8.15390200">
      <ele>2129.000</ele>
    </trkpt>
    <trkpt lat="46.66580500" lon="8.15390200">
      <ele>2129.000</ele>
    </trkpt>
    <trkpt lat="46.66580500" lon="8.15390200">
      <ele>2129.000</ele>
    </trkpt>
    <trkpt lat="46.66580500" lon="8.15390200">
      <ele>2129.000</ele>
    </trkpt>
    <trkpt lat="46.66580500" lon="8.15390200">
      <ele>2129.000</ele>
    </trkpt>
    <trkpt lat="46.66580500" lon="8.15390200">
      <ele>2129.000</ele>
    </trkpt>
    <trkpt lat="46.66580500" lon="8.15390200">
      <ele>2129.000</ele>
    </trkpt>
    <trkpt lat="46.66578600" lon="8.15390500">
      <ele>2129.000</ele>
    </trkpt>
    <trkpt lat="46.66578600" lon="8.15390500">
      <ele>2129.000</ele>
    </trkpt>
    <trkpt lat="46.66578600" lon="8.15390500">
      <ele>2129.000</ele>
    </trkpt>
    <trkpt lat="46.66578600" lon="8.15390500">
      <ele>2129.000</ele>
    </trkpt>
    <trkpt lat="46.66578200" lon="8.15390900">
      <ele>2129.000</ele>
    </trkpt>
    <trkpt lat="46.66578600" lon="8.15390500">
      <ele>2129.000</ele>
    </trkpt>
    <trkpt lat="46.66577500" lon="8.15389600">
      <ele>2129.000</ele>
    </trkpt>
    <trkpt lat="46.66577500" lon="8.15389600">
      <ele>2129.000</ele>
    </trkpt>
    <trkpt lat="46.66577700" lon="8.15389600">
      <ele>2129.000</ele>
    </trkpt>
    <trkpt lat="46.66578000" lon="8.15388400">
      <ele>2129.000</ele>
    </trkpt>
    <trkpt lat="46.66577500" lon="8.15389600">
      <ele>2129.000</ele>
    </trkpt>
    <trkpt lat="46.66578500" lon="8.15388000">
      <ele>2129.000</ele>
    </trkpt>
    <trkpt lat="46.66578500" lon="8.15388100">
      <ele>2129.000</ele>
    </trkpt>
    <trkpt lat="46.66578500" lon="8.15388600">
      <ele>2129.000</ele>
    </trkpt>
    <trkpt lat="46.66578100" lon="8.15387700">
      <ele>2129.000</ele>
    </trkpt>
    <trkpt lat="46.66578300" lon="8.15387300">
      <ele>2129.000</ele>
    </trkpt>
    <trkpt lat="46.66578000" lon="8.15388700">
      <ele>2129.000</ele>
    </trkpt>
    <trkpt lat="46.66578300" lon="8.15388600">
      <ele>2129.000</ele>
    </trkpt>
    <trkpt lat="46.66578200" lon="8.15388100">
      <ele>2129.000</ele>
    </trkpt>
    <trkpt lat="46.66577900" lon="8.15388100">
      <ele>2129.000</ele>
    </trkpt>
    <trkpt lat="46.66578200" lon="8.15387900">
      <ele>2129.000</ele>
    </trkpt>
    <trkpt lat="46.66577800" lon="8.15387600">
      <ele>2129.000</ele>
    </trkpt>
    <trkpt lat="46.66577900" lon="8.15387900">
      <ele>2129.000</ele>
    </trkpt>
    <trkpt lat="46.66577700" lon="8.15387400">
      <ele>2129.000</ele>
    </trkpt>
    <trkpt lat="46.66577600" lon="8.15387200">
      <ele>2129.000</ele>
    </trkpt>
    <trkpt lat="46.66577800" lon="8.15387000">
      <ele>2129.000</ele>
    </trkpt>
    <trkpt lat="46.66577500" lon="8.15386900">
      <ele>2129.000</ele>
    </trkpt>
    <trkpt lat="46.66577600" lon="8.15387200">
      <ele>2129.000</ele>
    </trkpt>
    <trkpt lat="46.66577800" lon="8.15386800">
      <ele>2129.000</ele>
    </trkpt>
    <trkpt lat="46.66577800" lon="8.15386000">
      <ele>2129.000</ele>
    </trkpt>
    <trkpt lat="46.66578000" lon="8.15385900">
      <ele>2129.000</ele>
    </trkpt>
    <trkpt lat="46.66578300" lon="8.15384800">
      <ele>2129.000</ele>
    </trkpt>
    <trkpt lat="46.66578100" lon="8.15384500">
      <ele>2129.000</ele>
    </trkpt>
    <trkpt lat="46.66578000" lon="8.15383000">
      <ele>2129.000</ele>
    </trkpt>
    <trkpt lat="46.66577600" lon="8.15383700">
      <ele>2129.000</ele>
    </trkpt>
    <trkpt lat="46.66577600" lon="8.15383900">
      <ele>2129.000</ele>
    </trkpt>
    <trkpt lat="46.66576800" lon="8.15384900">
      <ele>2129.000</ele>
    </trkpt>
    <trkpt lat="46.66576800" lon="8.15384900">
      <ele>2129.000</ele>
    </trkpt>
    <trkpt lat="46.66576800" lon="8.15384900">
      <ele>2129.000</ele>
    </trkpt>
    <trkpt lat="46.66575900" lon="8.15384500">
      <ele>2129.000</ele>
    </trkpt>
    <trkpt lat="46.66576800" lon="8.15384900">
      <ele>2129.000</ele>
    </trkpt>
    <trkpt lat="46.66576800" lon="8.15384900">
      <ele>2129.000</ele>
    </trkpt>
    <trkpt lat="46.66576800" lon="8.15384900">
      <ele>2129.000</ele>
    </trkpt>
    <trkpt lat="46.66576800" lon="8.15384900">
      <ele>2129.000</ele>
    </trkpt>
    <trkpt lat="46.66575800" lon="8.15385300">
      <ele>2129.000</ele>
    </trkpt>
    <trkpt lat="46.66575800" lon="8.15385400">
      <ele>2129.000</ele>
    </trkpt>
    <trkpt lat="46.66576700" lon="8.15382900">
      <ele>2129.000</ele>
    </trkpt>
    <trkpt lat="46.66577300" lon="8.15381800">
      <ele>2129.000</ele>
    </trkpt>
    <trkpt lat="46.66577300" lon="8.15382000">
      <ele>2129.000</ele>
    </trkpt>
    <trkpt lat="46.66577300" lon="8.15382000">
      <ele>2129.000</ele>
    </trkpt>
    <trkpt lat="46.66577300" lon="8.15382000">
      <ele>2129.000</ele>
    </trkpt>
    <trkpt lat="46.66577300" lon="8.15382000">
      <ele>2129.000</ele>
    </trkpt>
    <trkpt lat="46.66577300" lon="8.15382000">
      <ele>2129.000</ele>
    </trkpt>
    <trkpt lat="46.66577300" lon="8.15382000">
      <ele>2129.000</ele>
    </trkpt>
    <trkpt lat="46.66577300" lon="8.15382000">
      <ele>2129.000</ele>
    </trkpt>
    <trkpt lat="46.66577300" lon="8.15382000">
      <ele>2129.000</ele>
    </trkpt>
    <trkpt lat="46.66577300" lon="8.15382000">
      <ele>2129.000</ele>
    </trkpt>
    <trkpt lat="46.66577300" lon="8.15382000">
      <ele>2129.000</ele>
    </trkpt>
    <trkpt lat="46.66577300" lon="8.15382000">
      <ele>2129.000</ele>
    </trkpt>
    <trkpt lat="46.66577300" lon="8.15382000">
      <ele>2129.000</ele>
    </trkpt>
    <trkpt lat="46.66577300" lon="8.15382000">
      <ele>2129.000</ele>
    </trkpt>
    <trkpt lat="46.66577300" lon="8.15382000">
      <ele>2129.000</ele>
    </trkpt>
    <trkpt lat="46.66577300" lon="8.15382000">
      <ele>2129.000</ele>
    </trkpt>
    <trkpt lat="46.66577300" lon="8.15382000">
      <ele>2129.000</ele>
    </trkpt>
    <trkpt lat="46.66577300" lon="8.15382000">
      <ele>2129.000</ele>
    </trkpt>
    <trkpt lat="46.66577300" lon="8.15382000">
      <ele>2129.000</ele>
    </trkpt>
    <trkpt lat="46.66577300" lon="8.15382000">
      <ele>2129.000</ele>
    </trkpt>
    <trkpt lat="46.66578000" lon="8.15385100">
      <ele>2129.000</ele>
    </trkpt>
    <trkpt lat="46.66578100" lon="8.15385000">
      <ele>2129.000</ele>
    </trkpt>
    <trkpt lat="46.66578100" lon="8.15385000">
      <ele>2129.000</ele>
    </trkpt>
    <trkpt lat="46.66578100" lon="8.15385000">
      <ele>2129.000</ele>
    </trkpt>
    <trkpt lat="46.66577600" lon="8.15386200">
      <ele>2129.000</ele>
    </trkpt>
    <trkpt lat="46.66578100" lon="8.15385100">
      <ele>2129.000</ele>
    </trkpt>
    <trkpt lat="46.66578100" lon="8.15385000">
      <ele>2129.000</ele>
    </trkpt>
    <trkpt lat="46.66578100" lon="8.15385000">
      <ele>2129.000</ele>
    </trkpt>
    <trkpt lat="46.66578100" lon="8.15385000">
      <ele>2129.000</ele>
    </trkpt>
    <trkpt lat="46.66578100" lon="8.15385000">
      <ele>2129.000</ele>
    </trkpt>
    <trkpt lat="46.66578100" lon="8.15385000">
      <ele>2129.000</ele>
    </trkpt>
    <trkpt lat="46.66576100" lon="8.15385500">
      <ele>2129.000</ele>
    </trkpt>
    <trkpt lat="46.66576100" lon="8.15385500">
      <ele>2129.000</ele>
    </trkpt>
    <trkpt lat="46.66576100" lon="8.15385500">
      <ele>2129.000</ele>
    </trkpt>
    <trkpt lat="46.66576100" lon="8.15385500">
      <ele>2129.000</ele>
    </trkpt>
    <trkpt lat="46.66576100" lon="8.15385500">
      <ele>2129.000</ele>
    </trkpt>
    <trkpt lat="46.66576100" lon="8.15385500">
      <ele>2129.000</ele>
    </trkpt>
    <trkpt lat="46.66576000" lon="8.15383800">
      <ele>2129.000</ele>
    </trkpt>
    <trkpt lat="46.66576500" lon="8.15382400">
      <ele>2129.000</ele>
    </trkpt>
    <trkpt lat="46.66576600" lon="8.15382100">
      <ele>2129.000</ele>
    </trkpt>
    <trkpt lat="46.66576600" lon="8.15382100">
      <ele>2129.000</ele>
    </trkpt>
    <trkpt lat="46.66576600" lon="8.15382100">
      <ele>2129.000</ele>
    </trkpt>
    <trkpt lat="46.66576600" lon="8.15382100">
      <ele>2129.000</ele>
    </trkpt>
    <trkpt lat="46.66576600" lon="8.15382100">
      <ele>2129.000</ele>
    </trkpt>
    <trkpt lat="46.66576600" lon="8.15382100">
      <ele>2129.000</ele>
    </trkpt>
    <trkpt lat="46.66576600" lon="8.15382100">
      <ele>2129.000</ele>
    </trkpt>
    <trkpt lat="46.66576600" lon="8.15382100">
      <ele>2129.000</ele>
    </trkpt>
    <trkpt lat="46.66576700" lon="8.15380900">
      <ele>2129.000</ele>
    </trkpt>
    <trkpt lat="46.66576600" lon="8.15382100">
      <ele>2129.000</ele>
    </trkpt>
    <trkpt lat="46.66577500" lon="8.15379800">
      <ele>2129.000</ele>
    </trkpt>
    <trkpt lat="46.66577600" lon="8.15380100">
      <ele>2129.000</ele>
    </trkpt>
    <trkpt lat="46.66577400" lon="8.15380500">
      <ele>2129.000</ele>
    </trkpt>
    <trkpt lat="46.66577600" lon="8.15380100">
      <ele>2129.000</ele>
    </trkpt>
    <trkpt lat="46.66577600" lon="8.15380100">
      <ele>2129.000</ele>
    </trkpt>
    <trkpt lat="46.66577400" lon="8.15380200">
      <ele>2129.000</ele>
    </trkpt>
    <trkpt lat="46.66577300" lon="8.15380300">
      <ele>2129.000</ele>
    </trkpt>
    <trkpt lat="46.66576700" lon="8.15383800">
      <ele>2129.000</ele>
    </trkpt>
    <trkpt lat="46.66576200" lon="8.15383400">
      <ele>2129.000</ele>
    </trkpt>
    <trkpt lat="46.66576200" lon="8.15382900">
      <ele>2129.000</ele>
    </trkpt>
    <trkpt lat="46.66576200" lon="8.15382900">
      <ele>2129.000</ele>
    </trkpt>
    <trkpt lat="46.66576500" lon="8.15383100">
      <ele>2129.000</ele>
    </trkpt>
    <trkpt lat="46.66577500" lon="8.15381600">
      <ele>2129.000</ele>
    </trkpt>
    <trkpt lat="46.66577400" lon="8.15381300">
      <ele>2129.000</ele>
    </trkpt>
    <trkpt lat="46.66577300" lon="8.15380200">
      <ele>2129.000</ele>
    </trkpt>
    <trkpt lat="46.66577400" lon="8.15379800">
      <ele>2129.000</ele>
    </trkpt>
    <trkpt lat="46.66577500" lon="8.15379800">
      <ele>2129.000</ele>
    </trkpt>
    <trkpt lat="46.66577400" lon="8.15379800">
      <ele>2129.000</ele>
    </trkpt>
    <trkpt lat="46.66577400" lon="8.15379800">
      <ele>2129.000</ele>
    </trkpt>
    <trkpt lat="46.66578100" lon="8.15381000">
      <ele>2129.000</ele>
    </trkpt>
    <trkpt lat="46.66578800" lon="8.15380200">
      <ele>2129.000</ele>
    </trkpt>
    <trkpt lat="46.66577900" lon="8.15380400">
      <ele>2129.000</ele>
    </trkpt>
    <trkpt lat="46.66578200" lon="8.15380300">
      <ele>2129.000</ele>
    </trkpt>
    <trkpt lat="46.66577900" lon="8.15379900">
      <ele>2129.000</ele>
    </trkpt>
    <trkpt lat="46.66577400" lon="8.15379800">
      <ele>2129.000</ele>
    </trkpt>
    <trkpt lat="46.66577400" lon="8.15379800">
      <ele>2129.000</ele>
    </trkpt>
    <trkpt lat="46.66577400" lon="8.15379800">
      <ele>2129.000</ele>
    </trkpt>
    <trkpt lat="46.66577400" lon="8.15379800">
      <ele>2129.000</ele>
    </trkpt>
    <trkpt lat="46.66578200" lon="8.15379700">
      <ele>2129.000</ele>
    </trkpt>
    <trkpt lat="46.66577400" lon="8.15379800">
      <ele>2129.000</ele>
    </trkpt>
    <trkpt lat="46.66577400" lon="8.15379800">
      <ele>2129.000</ele>
    </trkpt>
    <trkpt lat="46.66578300" lon="8.15380100">
      <ele>2129.000</ele>
    </trkpt>
    <trkpt lat="46.66577400" lon="8.15379800">
      <ele>2129.000</ele>
    </trkpt>
    <trkpt lat="46.66577400" lon="8.15379800">
      <ele>2129.000</ele>
    </trkpt>
    <trkpt lat="46.66577400" lon="8.15379800">
      <ele>2129.000</ele>
    </trkpt>
    <trkpt lat="46.66577400" lon="8.15379800">
      <ele>2129.000</ele>
    </trkpt>
    <trkpt lat="46.66577400" lon="8.15379800">
      <ele>2129.000</ele>
    </trkpt>
    <trkpt lat="46.66577400" lon="8.15379800">
      <ele>2129.000</ele>
    </trkpt>
    <trkpt lat="46.66577400" lon="8.15379800">
      <ele>2129.000</ele>
    </trkpt>
    <trkpt lat="46.66577700" lon="8.15380700">
      <ele>2129.000</ele>
    </trkpt>
    <trkpt lat="46.66577400" lon="8.15380900">
      <ele>2129.000</ele>
    </trkpt>
    <trkpt lat="46.66577200" lon="8.15380600">
      <ele>2129.000</ele>
    </trkpt>
    <trkpt lat="46.66577400" lon="8.15379800">
      <ele>2129.000</ele>
    </trkpt>
    <trkpt lat="46.66577400" lon="8.15379800">
      <ele>2129.000</ele>
    </trkpt>
    <trkpt lat="46.66577400" lon="8.15379800">
      <ele>2129.000</ele>
    </trkpt>
    <trkpt lat="46.66577400" lon="8.15379800">
      <ele>2129.000</ele>
    </trkpt>
    <trkpt lat="46.66577400" lon="8.15379800">
      <ele>2129.000</ele>
    </trkpt>
    <trkpt lat="46.66577400" lon="8.15379800">
      <ele>2129.000</ele>
    </trkpt>
    <trkpt lat="46.66577400" lon="8.15379800">
      <ele>2129.000</ele>
    </trkpt>
    <trkpt lat="46.66577400" lon="8.15380800">
      <ele>2129.000</ele>
    </trkpt>
    <trkpt lat="46.66577200" lon="8.15380400">
      <ele>2129.000</ele>
    </trkpt>
    <trkpt lat="46.66577400" lon="8.15379800">
      <ele>2129.000</ele>
    </trkpt>
    <trkpt lat="46.66577200" lon="8.15380800">
      <ele>2129.000</ele>
    </trkpt>
    <trkpt lat="46.66577000" lon="8.15380600">
      <ele>2129.000</ele>
    </trkpt>
    <trkpt lat="46.66577400" lon="8.15379800">
      <ele>2129.000</ele>
    </trkpt>
    <trkpt lat="46.66577400" lon="8.15379800">
      <ele>2129.000</ele>
    </trkpt>
    <trkpt lat="46.66577400" lon="8.15379800">
      <ele>2129.000</ele>
    </trkpt>
    <trkpt lat="46.66577400" lon="8.15381800">
      <ele>2129.000</ele>
    </trkpt>
    <trkpt lat="46.66577400" lon="8.15381800">
      <ele>2129.000</ele>
    </trkpt>
    <trkpt lat="46.66577400" lon="8.15381800">
      <ele>2129.000</ele>
    </trkpt>
    <trkpt lat="46.66577400" lon="8.15381800">
      <ele>2129.000</ele>
    </trkpt>
    <trkpt lat="46.66577400" lon="8.15381800">
      <ele>2129.000</ele>
    </trkpt>
    <trkpt lat="46.66577400" lon="8.15381800">
      <ele>2129.000</ele>
    </trkpt>
    <trkpt lat="46.66577400" lon="8.15381800">
      <ele>2129.000</ele>
    </trkpt>
    <trkpt lat="46.66577400" lon="8.15381800">
      <ele>2129.000</ele>
    </trkpt>
    <trkpt lat="46.66577400" lon="8.15381800">
      <ele>2129.000</ele>
    </trkpt>
    <trkpt lat="46.66577400" lon="8.15381800">
      <ele>2129.000</ele>
    </trkpt>
    <trkpt lat="46.66577400" lon="8.15381800">
      <ele>2129.000</ele>
    </trkpt>
    <trkpt lat="46.66577400" lon="8.15381800">
      <ele>2129.000</ele>
    </trkpt>
    <trkpt lat="46.66577700" lon="8.15382400">
      <ele>2129.000</ele>
    </trkpt>
    <trkpt lat="46.66577400" lon="8.15381800">
      <ele>2129.000</ele>
    </trkpt>
    <trkpt lat="46.66577400" lon="8.15381800">
      <ele>2129.000</ele>
    </trkpt>
    <trkpt lat="46.66577400" lon="8.15381800">
      <ele>2129.000</ele>
    </trkpt>
    <trkpt lat="46.66577400" lon="8.15381800">
      <ele>2129.000</ele>
    </trkpt>
    <trkpt lat="46.66577400" lon="8.15381800">
      <ele>2129.000</ele>
    </trkpt>
    <trkpt lat="46.66577400" lon="8.15381800">
      <ele>2129.000</ele>
    </trkpt>
    <trkpt lat="46.66577400" lon="8.15381800">
      <ele>2129.000</ele>
    </trkpt>
    <trkpt lat="46.66577400" lon="8.15381800">
      <ele>2129.000</ele>
    </trkpt>
    <trkpt lat="46.66577400" lon="8.15381800">
      <ele>2129.000</ele>
    </trkpt>
    <trkpt lat="46.66577400" lon="8.15381800">
      <ele>2129.000</ele>
    </trkpt>
    <trkpt lat="46.66577400" lon="8.15381800">
      <ele>2129.000</ele>
    </trkpt>
    <trkpt lat="46.66577400" lon="8.15381800">
      <ele>2129.000</ele>
    </trkpt>
    <trkpt lat="46.66577400" lon="8.15381800">
      <ele>2129.000</ele>
    </trkpt>
    <trkpt lat="46.66577700" lon="8.15381700">
      <ele>2129.000</ele>
    </trkpt>
    <trkpt lat="46.66577400" lon="8.15381800">
      <ele>2129.000</ele>
    </trkpt>
    <trkpt lat="46.66577400" lon="8.15381800">
      <ele>2129.000</ele>
    </trkpt>
    <trkpt lat="46.66577400" lon="8.15381800">
      <ele>2129.000</ele>
    </trkpt>
    <trkpt lat="46.66577400" lon="8.15381800">
      <ele>2129.000</ele>
    </trkpt>
    <trkpt lat="46.66577400" lon="8.15381800">
      <ele>2129.000</ele>
    </trkpt>
    <trkpt lat="46.66577400" lon="8.15381000">
      <ele>2129.000</ele>
    </trkpt>
    <trkpt lat="46.66577700" lon="8.15381500">
      <ele>2129.000</ele>
    </trkpt>
    <trkpt lat="46.66577900" lon="8.15381500">
      <ele>2129.000</ele>
    </trkpt>
    <trkpt lat="46.66577400" lon="8.15381800">
      <ele>2129.000</ele>
    </trkpt>
    <trkpt lat="46.66577400" lon="8.15381800">
      <ele>2129.000</ele>
    </trkpt>
    <trkpt lat="46.66577400" lon="8.15381800">
      <ele>2129.000</ele>
    </trkpt>
    <trkpt lat="46.66577400" lon="8.15381800">
      <ele>2129.000</ele>
    </trkpt>
    <trkpt lat="46.66579000" lon="8.15380600">
      <ele>2129.000</ele>
    </trkpt>
    <trkpt lat="46.66578300" lon="8.15380700">
      <ele>2129.000</ele>
    </trkpt>
    <trkpt lat="46.66577400" lon="8.15381800">
      <ele>2129.000</ele>
    </trkpt>
    <trkpt lat="46.66577400" lon="8.15381800">
      <ele>2129.000</ele>
    </trkpt>
    <trkpt lat="46.66577400" lon="8.15381800">
      <ele>2129.000</ele>
    </trkpt>
    <trkpt lat="46.66577400" lon="8.15381800">
      <ele>2129.000</ele>
    </trkpt>
    <trkpt lat="46.66577400" lon="8.15381800">
      <ele>2129.000</ele>
    </trkpt>
    <trkpt lat="46.66577400" lon="8.15381800">
      <ele>2129.000</ele>
    </trkpt>
    <trkpt lat="46.66577400" lon="8.15381800">
      <ele>2129.000</ele>
    </trkpt>
    <trkpt lat="46.66577400" lon="8.15381800">
      <ele>2129.000</ele>
    </trkpt>
    <trkpt lat="46.66577400" lon="8.15381800">
      <ele>2129.000</ele>
    </trkpt>
    <trkpt lat="46.66577400" lon="8.15381800">
      <ele>2129.000</ele>
    </trkpt>
    <trkpt lat="46.66577400" lon="8.15381800">
      <ele>2129.000</ele>
    </trkpt>
    <trkpt lat="46.66577400" lon="8.15381800">
      <ele>2129.000</ele>
    </trkpt>
    <trkpt lat="46.66577400" lon="8.15381800">
      <ele>2129.000</ele>
    </trkpt>
    <trkpt lat="46.66577400" lon="8.15381800">
      <ele>2129.000</ele>
    </trkpt>
    <trkpt lat="46.66577800" lon="8.15381400">
      <ele>2129.000</ele>
    </trkpt>
    <trkpt lat="46.66577400" lon="8.15381800">
      <ele>2129.000</ele>
    </trkpt>
    <trkpt lat="46.66577400" lon="8.15381500">
      <ele>2129.000</ele>
    </trkpt>
    <trkpt lat="46.66577800" lon="8.15382000">
      <ele>2129.000</ele>
    </trkpt>
    <trkpt lat="46.66577400" lon="8.15381800">
      <ele>2129.000</ele>
    </trkpt>
    <trkpt lat="46.66577400" lon="8.15381800">
      <ele>2129.000</ele>
    </trkpt>
    <trkpt lat="46.66577400" lon="8.15381800">
      <ele>2129.000</ele>
    </trkpt>
    <trkpt lat="46.66577400" lon="8.15381800">
      <ele>2129.000</ele>
    </trkpt>
    <trkpt lat="46.66577600" lon="8.15381300">
      <ele>2129.000</ele>
    </trkpt>
    <trkpt lat="46.66577400" lon="8.15381800">
      <ele>2129.000</ele>
    </trkpt>
    <trkpt lat="46.66577400" lon="8.15381800">
      <ele>2129.000</ele>
    </trkpt>
    <trkpt lat="46.66578400" lon="8.15381500">
      <ele>2129.000</ele>
    </trkpt>
    <trkpt lat="46.66578700" lon="8.15381200">
      <ele>2129.000</ele>
    </trkpt>
    <trkpt lat="46.66578700" lon="8.15380900">
      <ele>2129.000</ele>
    </trkpt>
    <trkpt lat="46.66577400" lon="8.15381800">
      <ele>2129.000</ele>
    </trkpt>
    <trkpt lat="46.66578700" lon="8.15380800">
      <ele>2129.000</ele>
    </trkpt>
    <trkpt lat="46.66578700" lon="8.15380800">
      <ele>2129.000</ele>
    </trkpt>
    <trkpt lat="46.66578700" lon="8.15380800">
      <ele>2129.000</ele>
    </trkpt>
    <trkpt lat="46.66578700" lon="8.15380800">
      <ele>2129.000</ele>
    </trkpt>
    <trkpt lat="46.66578700" lon="8.15380800">
      <ele>2129.000</ele>
    </trkpt>
    <trkpt lat="46.66579700" lon="8.15381100">
      <ele>2129.000</ele>
    </trkpt>
    <trkpt lat="46.66580400" lon="8.15381900">
      <ele>2129.000</ele>
    </trkpt>
    <trkpt lat="46.66580000" lon="8.15381800">
      <ele>2129.000</ele>
    </trkpt>
    <trkpt lat="46.66579600" lon="8.15382000">
      <ele>2129.000</ele>
    </trkpt>
    <trkpt lat="46.66580000" lon="8.15381800">
      <ele>2129.000</ele>
    </trkpt>
    <trkpt lat="46.66580000" lon="8.15381800">
      <ele>2129.000</ele>
    </trkpt>
    <trkpt lat="46.66580000" lon="8.15381800">
      <ele>2129.000</ele>
    </trkpt>
    <trkpt lat="46.66580000" lon="8.15381800">
      <ele>2129.000</ele>
    </trkpt>
    <trkpt lat="46.66580000" lon="8.15381800">
      <ele>2129.000</ele>
    </trkpt>
    <trkpt lat="46.66580000" lon="8.15381800">
      <ele>2129.000</ele>
    </trkpt>
    <trkpt lat="46.66580000" lon="8.15381800">
      <ele>2129.000</ele>
    </trkpt>
    <trkpt lat="46.66579400" lon="8.15381700">
      <ele>2129.000</ele>
    </trkpt>
    <trkpt lat="46.66580000" lon="8.15381800">
      <ele>2129.000</ele>
    </trkpt>
    <trkpt lat="46.66579000" lon="8.15381300">
      <ele>2129.000</ele>
    </trkpt>
    <trkpt lat="46.66580000" lon="8.15381800">
      <ele>2129.000</ele>
    </trkpt>
    <trkpt lat="46.66580000" lon="8.15381800">
      <ele>2129.000</ele>
    </trkpt>
    <trkpt lat="46.66580000" lon="8.15381800">
      <ele>2129.000</ele>
    </trkpt>
    <trkpt lat="46.66580000" lon="8.15381800">
      <ele>2129.000</ele>
    </trkpt>
    <trkpt lat="46.66580000" lon="8.15381800">
      <ele>2129.000</ele>
    </trkpt>
    <trkpt lat="46.66580000" lon="8.15381800">
      <ele>2129.000</ele>
    </trkpt>
    <trkpt lat="46.66580000" lon="8.15381800">
      <ele>2129.000</ele>
    </trkpt>
    <trkpt lat="46.66580000" lon="8.15381800">
      <ele>2129.000</ele>
    </trkpt>
    <trkpt lat="46.66580000" lon="8.15381800">
      <ele>2129.000</ele>
    </trkpt>
    <trkpt lat="46.66580000" lon="8.15381800">
      <ele>2129.000</ele>
    </trkpt>
    <trkpt lat="46.66578700" lon="8.15380700">
      <ele>2129.000</ele>
    </trkpt>
    <trkpt lat="46.66578700" lon="8.15380900">
      <ele>2129.000</ele>
    </trkpt>
    <trkpt lat="46.66578700" lon="8.15380900">
      <ele>2129.000</ele>
    </trkpt>
    <trkpt lat="46.66578300" lon="8.15380800">
      <ele>2129.000</ele>
    </trkpt>
    <trkpt lat="46.66578300" lon="8.15380400">
      <ele>2129.000</ele>
    </trkpt>
    <trkpt lat="46.66578700" lon="8.15380900">
      <ele>2129.000</ele>
    </trkpt>
    <trkpt lat="46.66577800" lon="8.15380400">
      <ele>2129.000</ele>
    </trkpt>
    <trkpt lat="46.66578700" lon="8.15380900">
      <ele>2129.000</ele>
    </trkpt>
    <trkpt lat="46.66578700" lon="8.15380900">
      <ele>2129.000</ele>
    </trkpt>
    <trkpt lat="46.66578700" lon="8.15380900">
      <ele>2129.000</ele>
    </trkpt>
    <trkpt lat="46.66578700" lon="8.15380900">
      <ele>2129.000</ele>
    </trkpt>
    <trkpt lat="46.66578700" lon="8.15380900">
      <ele>2129.000</ele>
    </trkpt>
    <trkpt lat="46.66578700" lon="8.15380900">
      <ele>2129.000</ele>
    </trkpt>
    <trkpt lat="46.66578700" lon="8.15380900">
      <ele>2129.000</ele>
    </trkpt>
    <trkpt lat="46.66578700" lon="8.15380900">
      <ele>2129.000</ele>
    </trkpt>
    <trkpt lat="46.66578700" lon="8.15380900">
      <ele>2129.000</ele>
    </trkpt>
    <trkpt lat="46.66578700" lon="8.15380900">
      <ele>2129.000</ele>
    </trkpt>
    <trkpt lat="46.66578700" lon="8.15380900">
      <ele>2129.000</ele>
    </trkpt>
    <trkpt lat="46.66578700" lon="8.15380900">
      <ele>2129.000</ele>
    </trkpt>
    <trkpt lat="46.66578500" lon="8.15380900">
      <ele>2129.000</ele>
    </trkpt>
    <trkpt lat="46.66578700" lon="8.15380900">
      <ele>2129.000</ele>
    </trkpt>
    <trkpt lat="46.66578700" lon="8.15380900">
      <ele>2129.000</ele>
    </trkpt>
    <trkpt lat="46.66578700" lon="8.15380900">
      <ele>2129.000</ele>
    </trkpt>
    <trkpt lat="46.66578600" lon="8.15381800">
      <ele>2129.000</ele>
    </trkpt>
    <trkpt lat="46.66578700" lon="8.15380900">
      <ele>2129.000</ele>
    </trkpt>
    <trkpt lat="46.66578700" lon="8.15380900">
      <ele>2129.000</ele>
    </trkpt>
    <trkpt lat="46.66578700" lon="8.15380900">
      <ele>2129.000</ele>
    </trkpt>
    <trkpt lat="46.66578700" lon="8.15380900">
      <ele>2129.000</ele>
    </trkpt>
    <trkpt lat="46.66578700" lon="8.15380900">
      <ele>2129.000</ele>
    </trkpt>
    <trkpt lat="46.66578700" lon="8.15380900">
      <ele>2129.000</ele>
    </trkpt>
    <trkpt lat="46.66578700" lon="8.15380900">
      <ele>2129.000</ele>
    </trkpt>
    <trkpt lat="46.66578700" lon="8.15380900">
      <ele>2129.000</ele>
    </trkpt>
    <trkpt lat="46.66578700" lon="8.15380900">
      <ele>2129.000</ele>
    </trkpt>
    <trkpt lat="46.66578700" lon="8.15380900">
      <ele>2129.000</ele>
    </trkpt>
    <trkpt lat="46.66578700" lon="8.15380900">
      <ele>2129.000</ele>
    </trkpt>
    <trkpt lat="46.66578700" lon="8.15380900">
      <ele>2129.000</ele>
    </trkpt>
    <trkpt lat="46.66578700" lon="8.15380900">
      <ele>2129.000</ele>
    </trkpt>
    <trkpt lat="46.66578700" lon="8.15380900">
      <ele>2129.000</ele>
    </trkpt>
    <trkpt lat="46.66578700" lon="8.15380900">
      <ele>2129.000</ele>
    </trkpt>
    <trkpt lat="46.66578700" lon="8.15380900">
      <ele>2129.000</ele>
    </trkpt>
    <trkpt lat="46.66578700" lon="8.15380900">
      <ele>2129.000</ele>
    </trkpt>
    <trkpt lat="46.66578700" lon="8.15380900">
      <ele>2129.000</ele>
    </trkpt>
    <trkpt lat="46.66578100" lon="8.15382100">
      <ele>2129.000</ele>
    </trkpt>
    <trkpt lat="46.66578700" lon="8.15380900">
      <ele>2129.000</ele>
    </trkpt>
    <trkpt lat="46.66578700" lon="8.15380900">
      <ele>2129.000</ele>
    </trkpt>
    <trkpt lat="46.66578700" lon="8.15380900">
      <ele>2129.000</ele>
    </trkpt>
    <trkpt lat="46.66578700" lon="8.15380900">
      <ele>2129.000</ele>
    </trkpt>
    <trkpt lat="46.66578700" lon="8.15380900">
      <ele>2129.000</ele>
    </trkpt>
    <trkpt lat="46.66578700" lon="8.15380900">
      <ele>2129.000</ele>
    </trkpt>
    <trkpt lat="46.66578700" lon="8.15380900">
      <ele>2129.000</ele>
    </trkpt>
    <trkpt lat="46.66578700" lon="8.15380900">
      <ele>2129.000</ele>
    </trkpt>
    <trkpt lat="46.66578700" lon="8.15380900">
      <ele>2129.000</ele>
    </trkpt>
    <trkpt lat="46.66578700" lon="8.15380900">
      <ele>2129.000</ele>
    </trkpt>
    <trkpt lat="46.66578700" lon="8.15380900">
      <ele>2129.000</ele>
    </trkpt>
    <trkpt lat="46.66578700" lon="8.15380900">
      <ele>2129.000</ele>
    </trkpt>
    <trkpt lat="46.66578700" lon="8.15380900">
      <ele>2129.000</ele>
    </trkpt>
    <trkpt lat="46.66578700" lon="8.15380900">
      <ele>2129.000</ele>
    </trkpt>
    <trkpt lat="46.66578700" lon="8.15380900">
      <ele>2129.000</ele>
    </trkpt>
    <trkpt lat="46.66578700" lon="8.15380900">
      <ele>2129.000</ele>
    </trkpt>
    <trkpt lat="46.66578700" lon="8.15380900">
      <ele>2129.000</ele>
    </trkpt>
    <trkpt lat="46.66578700" lon="8.15380900">
      <ele>2129.000</ele>
    </trkpt>
    <trkpt lat="46.66578700" lon="8.15380900">
      <ele>2129.000</ele>
    </trkpt>
    <trkpt lat="46.66578700" lon="8.15380900">
      <ele>2129.000</ele>
    </trkpt>
    <trkpt lat="46.66578700" lon="8.15380900">
      <ele>2129.000</ele>
    </trkpt>
    <trkpt lat="46.66578700" lon="8.15380900">
      <ele>2129.000</ele>
    </trkpt>
    <trkpt lat="46.66577900" lon="8.15381700">
      <ele>2129.000</ele>
    </trkpt>
    <trkpt lat="46.66578700" lon="8.15380900">
      <ele>2129.000</ele>
    </trkpt>
    <trkpt lat="46.66578700" lon="8.15380900">
      <ele>2129.000</ele>
    </trkpt>
    <trkpt lat="46.66578700" lon="8.15380900">
      <ele>2129.000</ele>
    </trkpt>
    <trkpt lat="46.66578000" lon="8.15381500">
      <ele>2129.000</ele>
    </trkpt>
    <trkpt lat="46.66578700" lon="8.15380900">
      <ele>2129.000</ele>
    </trkpt>
    <trkpt lat="46.66578700" lon="8.15380900">
      <ele>2129.000</ele>
    </trkpt>
    <trkpt lat="46.66578700" lon="8.15380900">
      <ele>2129.000</ele>
    </trkpt>
    <trkpt lat="46.66578700" lon="8.15380900">
      <ele>2129.000</ele>
    </trkpt>
    <trkpt lat="46.66578700" lon="8.15380900">
      <ele>2129.000</ele>
    </trkpt>
    <trkpt lat="46.66578700" lon="8.15380900">
      <ele>2129.000</ele>
    </trkpt>
    <trkpt lat="46.66578700" lon="8.15380900">
      <ele>2129.000</ele>
    </trkpt>
    <trkpt lat="46.66578700" lon="8.15380900">
      <ele>2129.000</ele>
    </trkpt>
    <trkpt lat="46.66578700" lon="8.15380900">
      <ele>2129.000</ele>
    </trkpt>
    <trkpt lat="46.66578700" lon="8.15380900">
      <ele>2129.000</ele>
    </trkpt>
    <trkpt lat="46.66578700" lon="8.15380900">
      <ele>2129.000</ele>
    </trkpt>
    <trkpt lat="46.66578300" lon="8.15382000">
      <ele>2129.000</ele>
    </trkpt>
    <trkpt lat="46.66579100" lon="8.15380700">
      <ele>2129.000</ele>
    </trkpt>
    <trkpt lat="46.66579000" lon="8.15380800">
      <ele>2129.000</ele>
    </trkpt>
    <trkpt lat="46.66578700" lon="8.15380900">
      <ele>2129.000</ele>
    </trkpt>
    <trkpt lat="46.66578700" lon="8.15380900">
      <ele>2129.000</ele>
    </trkpt>
    <trkpt lat="46.66578700" lon="8.15380400">
      <ele>2129.000</ele>
    </trkpt>
    <trkpt lat="46.66578600" lon="8.15380800">
      <ele>2129.000</ele>
    </trkpt>
    <trkpt lat="46.66578700" lon="8.15380900">
      <ele>2129.000</ele>
    </trkpt>
    <trkpt lat="46.66578200" lon="8.15381000">
      <ele>2129.000</ele>
    </trkpt>
    <trkpt lat="46.66578700" lon="8.15380900">
      <ele>2129.000</ele>
    </trkpt>
    <trkpt lat="46.66578700" lon="8.15380900">
      <ele>2129.000</ele>
    </trkpt>
    <trkpt lat="46.66578700" lon="8.15380900">
      <ele>2129.000</ele>
    </trkpt>
    <trkpt lat="46.66578700" lon="8.15380900">
      <ele>2129.000</ele>
    </trkpt>
    <trkpt lat="46.66578700" lon="8.15380900">
      <ele>2129.000</ele>
    </trkpt>
    <trkpt lat="46.66578700" lon="8.15380900">
      <ele>2129.000</ele>
    </trkpt>
    <trkpt lat="46.66578700" lon="8.15380900">
      <ele>2129.000</ele>
    </trkpt>
    <trkpt lat="46.66578700" lon="8.15380900">
      <ele>2129.000</ele>
    </trkpt>
    <trkpt lat="46.66578700" lon="8.15380900">
      <ele>2129.000</ele>
    </trkpt>
    <trkpt lat="46.66578500" lon="8.15380400">
      <ele>2129.000</ele>
    </trkpt>
    <trkpt lat="46.66578700" lon="8.15380900">
      <ele>2129.000</ele>
    </trkpt>
    <trkpt lat="46.66578700" lon="8.15380900">
      <ele>2129.000</ele>
    </trkpt>
    <trkpt lat="46.66578800" lon="8.15380200">
      <ele>2129.000</ele>
    </trkpt>
    <trkpt lat="46.66579000" lon="8.15380100">
      <ele>2129.000</ele>
    </trkpt>
    <trkpt lat="46.66578200" lon="8.15380600">
      <ele>2129.000</ele>
    </trkpt>
    <trkpt lat="46.66578700" lon="8.15380900">
      <ele>2129.000</ele>
    </trkpt>
    <trkpt lat="46.66578700" lon="8.15380900">
      <ele>2129.000</ele>
    </trkpt>
    <trkpt lat="46.66578700" lon="8.15380900">
      <ele>2129.000</ele>
    </trkpt>
    <trkpt lat="46.66578700" lon="8.15380900">
      <ele>2129.000</ele>
    </trkpt>
    <trkpt lat="46.66579000" lon="8.15382000">
      <ele>2129.000</ele>
    </trkpt>
    <trkpt lat="46.66578700" lon="8.15380300">
      <ele>2129.000</ele>
    </trkpt>
    <trkpt lat="46.66578400" lon="8.15379300">
      <ele>2129.000</ele>
    </trkpt>
    <trkpt lat="46.66578700" lon="8.15380900">
      <ele>2129.000</ele>
    </trkpt>
    <trkpt lat="46.66578600" lon="8.15379300">
      <ele>2129.000</ele>
    </trkpt>
    <trkpt lat="46.66578700" lon="8.15379400">
      <ele>2129.000</ele>
    </trkpt>
    <trkpt lat="46.66578600" lon="8.15378900">
      <ele>2129.000</ele>
    </trkpt>
    <trkpt lat="46.66578800" lon="8.15378900">
      <ele>2129.000</ele>
    </trkpt>
    <trkpt lat="46.66578700" lon="8.15378600">
      <ele>2129.000</ele>
    </trkpt>
    <trkpt lat="46.66579000" lon="8.15378800">
      <ele>2129.000</ele>
    </trkpt>
    <trkpt lat="46.66578900" lon="8.15378500">
      <ele>2129.000</ele>
    </trkpt>
    <trkpt lat="46.66579500" lon="8.15378000">
      <ele>2129.000</ele>
    </trkpt>
    <trkpt lat="46.66579300" lon="8.15378000">
      <ele>2129.000</ele>
    </trkpt>
    <trkpt lat="46.66579300" lon="8.15377900">
      <ele>2129.000</ele>
    </trkpt>
    <trkpt lat="46.66578800" lon="8.15377900">
      <ele>2129.000</ele>
    </trkpt>
    <trkpt lat="46.66579100" lon="8.15378300">
      <ele>2129.000</ele>
    </trkpt>
    <trkpt lat="46.66578700" lon="8.15378600">
      <ele>2129.000</ele>
    </trkpt>
    <trkpt lat="46.66579100" lon="8.15377300">
      <ele>2129.000</ele>
    </trkpt>
    <trkpt lat="46.66578500" lon="8.15376700">
      <ele>2129.000</ele>
    </trkpt>
    <trkpt lat="46.66578500" lon="8.15376400">
      <ele>2129.000</ele>
    </trkpt>
    <trkpt lat="46.66578500" lon="8.15376200">
      <ele>2129.000</ele>
    </trkpt>
    <trkpt lat="46.66578000" lon="8.15375000">
      <ele>2129.000</ele>
    </trkpt>
    <trkpt lat="46.66577800" lon="8.15374600">
      <ele>2208.000</ele>
    </trkpt>
    <trkpt lat="46.66578200" lon="8.15372700">
      <ele>2208.000</ele>
    </trkpt>
    <trkpt lat="46.66578000" lon="8.15370900">
      <ele>2208.000</ele>
    </trkpt>
    <trkpt lat="46.66577100" lon="8.15372400">
      <ele>2208.000</ele>
    </trkpt>
    <trkpt lat="46.66577800" lon="8.15371300">
      <ele>2208.000</ele>
    </trkpt>
    <trkpt lat="46.66577500" lon="8.15371200">
      <ele>2208.000</ele>
    </trkpt>
    <trkpt lat="46.66577300" lon="8.15371100">
      <ele>2208.000</ele>
    </trkpt>
    <trkpt lat="46.66577300" lon="8.15371100">
      <ele>2208.000</ele>
    </trkpt>
    <trkpt lat="46.66577000" lon="8.15370800">
      <ele>2208.000</ele>
    </trkpt>
    <trkpt lat="46.66576800" lon="8.15370700">
      <ele>2208.000</ele>
    </trkpt>
    <trkpt lat="46.66577300" lon="8.15371100">
      <ele>2208.000</ele>
    </trkpt>
    <trkpt lat="46.66577300" lon="8.15371100">
      <ele>2208.000</ele>
    </trkpt>
    <trkpt lat="46.66577300" lon="8.15371100">
      <ele>2208.000</ele>
    </trkpt>
    <trkpt lat="46.66576800" lon="8.15370600">
      <ele>2208.000</ele>
    </trkpt>
    <trkpt lat="46.66577300" lon="8.15371100">
      <ele>2208.000</ele>
    </trkpt>
    <trkpt lat="46.66576200" lon="8.15370700">
      <ele>2208.000</ele>
    </trkpt>
    <trkpt lat="46.66575700" lon="8.15370700">
      <ele>2208.000</ele>
    </trkpt>
    <trkpt lat="46.66575800" lon="8.15370800">
      <ele>2208.000</ele>
    </trkpt>
    <trkpt lat="46.66575800" lon="8.15370800">
      <ele>2208.000</ele>
    </trkpt>
    <trkpt lat="46.66574300" lon="8.15370900">
      <ele>2208.000</ele>
    </trkpt>
    <trkpt lat="46.66573900" lon="8.15371100">
      <ele>2208.000</ele>
    </trkpt>
    <trkpt lat="46.66573400" lon="8.15371400">
      <ele>2208.000</ele>
    </trkpt>
    <trkpt lat="46.66573100" lon="8.15370400">
      <ele>2208.000</ele>
    </trkpt>
    <trkpt lat="46.66573900" lon="8.15371100">
      <ele>2208.000</ele>
    </trkpt>
    <trkpt lat="46.66572400" lon="8.15370500">
      <ele>2208.000</ele>
    </trkpt>
    <trkpt lat="46.66572300" lon="8.15370700">
      <ele>2208.000</ele>
    </trkpt>
    <trkpt lat="46.66572200" lon="8.15370700">
      <ele>2208.000</ele>
    </trkpt>
    <trkpt lat="46.66572200" lon="8.15370700">
      <ele>2208.000</ele>
    </trkpt>
    <trkpt lat="46.66572200" lon="8.15370700">
      <ele>2208.000</ele>
    </trkpt>
    <trkpt lat="46.66572200" lon="8.15370700">
      <ele>2208.000</ele>
    </trkpt>
    <trkpt lat="46.66572200" lon="8.15370700">
      <ele>2208.000</ele>
    </trkpt>
    <trkpt lat="46.66571200" lon="8.15371600">
      <ele>2208.000</ele>
    </trkpt>
    <trkpt lat="46.66570900" lon="8.15371800">
      <ele>2208.000</ele>
    </trkpt>
    <trkpt lat="46.66570900" lon="8.15371800">
      <ele>2208.000</ele>
    </trkpt>
    <trkpt lat="46.66570900" lon="8.15371800">
      <ele>2208.000</ele>
    </trkpt>
    <trkpt lat="46.66570900" lon="8.15371800">
      <ele>2208.000</ele>
    </trkpt>
    <trkpt lat="46.66570700" lon="8.15372100">
      <ele>2208.000</ele>
    </trkpt>
    <trkpt lat="46.66570700" lon="8.15371600">
      <ele>2208.000</ele>
    </trkpt>
    <trkpt lat="46.66570900" lon="8.15371800">
      <ele>2208.000</ele>
    </trkpt>
    <trkpt lat="46.66570900" lon="8.15371800">
      <ele>2208.000</ele>
    </trkpt>
    <trkpt lat="46.66570900" lon="8.15371800">
      <ele>2208.000</ele>
    </trkpt>
    <trkpt lat="46.66570900" lon="8.15371800">
      <ele>2208.000</ele>
    </trkpt>
    <trkpt lat="46.66569300" lon="8.15371300">
      <ele>2168.000</ele>
    </trkpt>
    <trkpt lat="46.66569300" lon="8.15371300">
      <ele>2168.000</ele>
    </trkpt>
    <trkpt lat="46.66569300" lon="8.15371300">
      <ele>2168.000</ele>
    </trkpt>
    <trkpt lat="46.66569300" lon="8.15371300">
      <ele>2168.000</ele>
    </trkpt>
    <trkpt lat="46.66569100" lon="8.15371000">
      <ele>2168.000</ele>
    </trkpt>
    <trkpt lat="46.66569300" lon="8.15371300">
      <ele>2168.000</ele>
    </trkpt>
    <trkpt lat="46.66569300" lon="8.15370700">
      <ele>2168.000</ele>
    </trkpt>
    <trkpt lat="46.66569300" lon="8.15371300">
      <ele>2168.000</ele>
    </trkpt>
    <trkpt lat="46.66569300" lon="8.15371300">
      <ele>2168.000</ele>
    </trkpt>
    <trkpt lat="46.66569300" lon="8.15371300">
      <ele>2168.000</ele>
    </trkpt>
    <trkpt lat="46.66569300" lon="8.15371300">
      <ele>2168.000</ele>
    </trkpt>
    <trkpt lat="46.66569300" lon="8.15371300">
      <ele>2168.000</ele>
    </trkpt>
    <trkpt lat="46.66569300" lon="8.15371300">
      <ele>2168.000</ele>
    </trkpt>
    <trkpt lat="46.66568600" lon="8.15370700">
      <ele>2168.000</ele>
    </trkpt>
    <trkpt lat="46.66568000" lon="8.15370300">
      <ele>2168.000</ele>
    </trkpt>
    <trkpt lat="46.66568000" lon="8.15370300">
      <ele>2168.000</ele>
    </trkpt>
    <trkpt lat="46.66568000" lon="8.15370300">
      <ele>2168.000</ele>
    </trkpt>
    <trkpt lat="46.66568000" lon="8.15370300">
      <ele>2168.000</ele>
    </trkpt>
    <trkpt lat="46.66568000" lon="8.15370300">
      <ele>2168.000</ele>
    </trkpt>
    <trkpt lat="46.66568000" lon="8.15370300">
      <ele>2168.000</ele>
    </trkpt>
    <trkpt lat="46.66568000" lon="8.15370300">
      <ele>2168.000</ele>
    </trkpt>
    <trkpt lat="46.66566800" lon="8.15369400">
      <ele>2168.000</ele>
    </trkpt>
    <trkpt lat="46.66565500" lon="8.15367900">
      <ele>2168.000</ele>
    </trkpt>
    <trkpt lat="46.66564900" lon="8.15367200">
      <ele>2168.000</ele>
    </trkpt>
    <trkpt lat="46.66565000" lon="8.15367200">
      <ele>2168.000</ele>
    </trkpt>
    <trkpt lat="46.66564600" lon="8.15366600">
      <ele>2168.000</ele>
    </trkpt>
    <trkpt lat="46.66564500" lon="8.15366700">
      <ele>2168.000</ele>
    </trkpt>
    <trkpt lat="46.66565000" lon="8.15367300">
      <ele>2168.000</ele>
    </trkpt>
    <trkpt lat="46.66565000" lon="8.15367300">
      <ele>2168.000</ele>
    </trkpt>
    <trkpt lat="46.66565000" lon="8.15365800">
      <ele>2168.000</ele>
    </trkpt>
    <trkpt lat="46.66565000" lon="8.15367300">
      <ele>2168.000</ele>
    </trkpt>
    <trkpt lat="46.66565000" lon="8.15367300">
      <ele>2168.000</ele>
    </trkpt>
    <trkpt lat="46.66564900" lon="8.15365800">
      <ele>2168.000</ele>
    </trkpt>
    <trkpt lat="46.66565000" lon="8.15367300">
      <ele>2168.000</ele>
    </trkpt>
    <trkpt lat="46.66564600" lon="8.15366000">
      <ele>2168.000</ele>
    </trkpt>
    <trkpt lat="46.66564200" lon="8.15366100">
      <ele>2168.000</ele>
    </trkpt>
    <trkpt lat="46.66565000" lon="8.15367300">
      <ele>2168.000</ele>
    </trkpt>
    <trkpt lat="46.66565000" lon="8.15367300">
      <ele>2168.000</ele>
    </trkpt>
    <trkpt lat="46.66564100" lon="8.15367100">
      <ele>2168.000</ele>
    </trkpt>
    <trkpt lat="46.66564100" lon="8.15367000">
      <ele>2168.000</ele>
    </trkpt>
    <trkpt lat="46.66564200" lon="8.15366500">
      <ele>2168.000</ele>
    </trkpt>
    <trkpt lat="46.66564200" lon="8.15366700">
      <ele>2168.000</ele>
    </trkpt>
    <trkpt lat="46.66565000" lon="8.15367300">
      <ele>2168.000</ele>
    </trkpt>
    <trkpt lat="46.66565000" lon="8.15367300">
      <ele>2168.000</ele>
    </trkpt>
    <trkpt lat="46.66565000" lon="8.15367300">
      <ele>2168.000</ele>
    </trkpt>
    <trkpt lat="46.66565000" lon="8.15367300">
      <ele>2168.000</ele>
    </trkpt>
    <trkpt lat="46.66565000" lon="8.15367300">
      <ele>2168.000</ele>
    </trkpt>
    <trkpt lat="46.66565000" lon="8.15367300">
      <ele>2168.000</ele>
    </trkpt>
    <trkpt lat="46.66565000" lon="8.15367300">
      <ele>2168.000</ele>
    </trkpt>
    <trkpt lat="46.66565000" lon="8.15367300">
      <ele>2168.000</ele>
    </trkpt>
    <trkpt lat="46.66565000" lon="8.15367300">
      <ele>2168.000</ele>
    </trkpt>
    <trkpt lat="46.66565000" lon="8.15367300">
      <ele>2168.000</ele>
    </trkpt>
    <trkpt lat="46.66565000" lon="8.15367300">
      <ele>2168.000</ele>
    </trkpt>
    <trkpt lat="46.66565000" lon="8.15367300">
      <ele>2168.000</ele>
    </trkpt>
    <trkpt lat="46.66565000" lon="8.15367300">
      <ele>2168.000</ele>
    </trkpt>
    <trkpt lat="46.66564600" lon="8.15365900">
      <ele>2168.000</ele>
    </trkpt>
    <trkpt lat="46.66565000" lon="8.15367300">
      <ele>2168.000</ele>
    </trkpt>
    <trkpt lat="46.66565000" lon="8.15367300">
      <ele>2168.000</ele>
    </trkpt>
    <trkpt lat="46.66565000" lon="8.15367300">
      <ele>2168.000</ele>
    </trkpt>
    <trkpt lat="46.66565000" lon="8.15367300">
      <ele>2168.000</ele>
    </trkpt>
    <trkpt lat="46.66565000" lon="8.15367100">
      <ele>2168.000</ele>
    </trkpt>
    <trkpt lat="46.66564700" lon="8.15367700">
      <ele>2168.000</ele>
    </trkpt>
    <trkpt lat="46.66564700" lon="8.15367400">
      <ele>2168.000</ele>
    </trkpt>
    <trkpt lat="46.66564800" lon="8.15367500">
      <ele>2168.000</ele>
    </trkpt>
    <trkpt lat="46.66564400" lon="8.15367000">
      <ele>2168.000</ele>
    </trkpt>
    <trkpt lat="46.66565000" lon="8.15367300">
      <ele>2168.000</ele>
    </trkpt>
    <trkpt lat="46.66565000" lon="8.15367300">
      <ele>2168.000</ele>
    </trkpt>
    <trkpt lat="46.66565000" lon="8.15367300">
      <ele>2168.000</ele>
    </trkpt>
    <trkpt lat="46.66565000" lon="8.15367300">
      <ele>2168.000</ele>
    </trkpt>
    <trkpt lat="46.66564700" lon="8.15367500">
      <ele>2168.000</ele>
    </trkpt>
    <trkpt lat="46.66564600" lon="8.15367600">
      <ele>2168.000</ele>
    </trkpt>
    <trkpt lat="46.66564800" lon="8.15366700">
      <ele>2168.000</ele>
    </trkpt>
    <trkpt lat="46.66565000" lon="8.15367300">
      <ele>2168.000</ele>
    </trkpt>
    <trkpt lat="46.66565000" lon="8.15367300">
      <ele>2168.000</ele>
    </trkpt>
    <trkpt lat="46.66565000" lon="8.15367300">
      <ele>2168.000</ele>
    </trkpt>
    <trkpt lat="46.66564800" lon="8.15366800">
      <ele>2168.000</ele>
    </trkpt>
    <trkpt lat="46.66565000" lon="8.15367300">
      <ele>2168.000</ele>
    </trkpt>
    <trkpt lat="46.66564500" lon="8.15366100">
      <ele>2168.000</ele>
    </trkpt>
    <trkpt lat="46.66564400" lon="8.15366900">
      <ele>2168.000</ele>
    </trkpt>
    <trkpt lat="46.66564500" lon="8.15367500">
      <ele>2168.000</ele>
    </trkpt>
    <trkpt lat="46.66564900" lon="8.15367200">
      <ele>2168.000</ele>
    </trkpt>
    <trkpt lat="46.66565200" lon="8.15366500">
      <ele>2168.000</ele>
    </trkpt>
    <trkpt lat="46.66565100" lon="8.15366300">
      <ele>2168.000</ele>
    </trkpt>
    <trkpt lat="46.66565000" lon="8.15367300">
      <ele>2168.000</ele>
    </trkpt>
    <trkpt lat="46.66565000" lon="8.15367300">
      <ele>2168.000</ele>
    </trkpt>
    <trkpt lat="46.66565000" lon="8.15367300">
      <ele>2168.000</ele>
    </trkpt>
    <trkpt lat="46.66565000" lon="8.15367300">
      <ele>2168.000</ele>
    </trkpt>
    <trkpt lat="46.66565200" lon="8.15366000">
      <ele>2168.000</ele>
    </trkpt>
    <trkpt lat="46.66565300" lon="8.15366800">
      <ele>2168.000</ele>
    </trkpt>
    <trkpt lat="46.66565000" lon="8.15367300">
      <ele>2168.000</ele>
    </trkpt>
    <trkpt lat="46.66565000" lon="8.15367300">
      <ele>2168.000</ele>
    </trkpt>
    <trkpt lat="46.66565000" lon="8.15367300">
      <ele>2168.000</ele>
    </trkpt>
    <trkpt lat="46.66565000" lon="8.15367300">
      <ele>2168.000</ele>
    </trkpt>
    <trkpt lat="46.66565000" lon="8.15367300">
      <ele>2168.000</ele>
    </trkpt>
    <trkpt lat="46.66565300" lon="8.15367200">
      <ele>2168.000</ele>
    </trkpt>
    <trkpt lat="46.66565000" lon="8.15367300">
      <ele>2168.000</ele>
    </trkpt>
    <trkpt lat="46.66565000" lon="8.15367300">
      <ele>2168.000</ele>
    </trkpt>
    <trkpt lat="46.66565000" lon="8.15367300">
      <ele>2168.000</ele>
    </trkpt>
    <trkpt lat="46.66565000" lon="8.15367300">
      <ele>2168.000</ele>
    </trkpt>
    <trkpt lat="46.66565000" lon="8.15367300">
      <ele>2168.000</ele>
    </trkpt>
    <trkpt lat="46.66565000" lon="8.15367300">
      <ele>2168.000</ele>
    </trkpt>
    <trkpt lat="46.66565000" lon="8.15367300">
      <ele>2168.000</ele>
    </trkpt>
    <trkpt lat="46.66565000" lon="8.15367300">
      <ele>2168.000</ele>
    </trkpt>
    <trkpt lat="46.66565000" lon="8.15367300">
      <ele>2168.000</ele>
    </trkpt>
    <trkpt lat="46.66565000" lon="8.15367300">
      <ele>2168.000</ele>
    </trkpt>
    <trkpt lat="46.66565400" lon="8.15368000">
      <ele>2168.000</ele>
    </trkpt>
    <trkpt lat="46.66565000" lon="8.15367300">
      <ele>2168.000</ele>
    </trkpt>
    <trkpt lat="46.66565000" lon="8.15367300">
      <ele>2168.000</ele>
    </trkpt>
    <trkpt lat="46.66565000" lon="8.15367300">
      <ele>2168.000</ele>
    </trkpt>
    <trkpt lat="46.66565000" lon="8.15367300">
      <ele>2168.000</ele>
    </trkpt>
    <trkpt lat="46.66565000" lon="8.15367300">
      <ele>2168.000</ele>
    </trkpt>
    <trkpt lat="46.66565000" lon="8.15367300">
      <ele>2168.000</ele>
    </trkpt>
    <trkpt lat="46.66565000" lon="8.15367300">
      <ele>2168.000</ele>
    </trkpt>
    <trkpt lat="46.66565000" lon="8.15367300">
      <ele>2168.000</ele>
    </trkpt>
    <trkpt lat="46.66565000" lon="8.15367300">
      <ele>2168.000</ele>
    </trkpt>
    <trkpt lat="46.66565000" lon="8.15367300">
      <ele>2168.000</ele>
    </trkpt>
    <trkpt lat="46.66565000" lon="8.15367300">
      <ele>2168.000</ele>
    </trkpt>
    <trkpt lat="46.66565000" lon="8.15367300">
      <ele>2168.000</ele>
    </trkpt>
    <trkpt lat="46.66565000" lon="8.15367300">
      <ele>2168.000</ele>
    </trkpt>
    <trkpt lat="46.66565000" lon="8.15367300">
      <ele>2168.000</ele>
    </trkpt>
    <trkpt lat="46.66565000" lon="8.15367300">
      <ele>2168.000</ele>
    </trkpt>
    <trkpt lat="46.66565000" lon="8.15367300">
      <ele>2168.000</ele>
    </trkpt>
    <trkpt lat="46.66565000" lon="8.15367300">
      <ele>2168.000</ele>
    </trkpt>
    <trkpt lat="46.66565000" lon="8.15367300">
      <ele>2168.000</ele>
    </trkpt>
    <trkpt lat="46.66565200" lon="8.15367500">
      <ele>2168.000</ele>
    </trkpt>
    <trkpt lat="46.66564900" lon="8.15367800">
      <ele>2168.000</ele>
    </trkpt>
    <trkpt lat="46.66564900" lon="8.15367400">
      <ele>2168.000</ele>
    </trkpt>
    <trkpt lat="46.66565000" lon="8.15367300">
      <ele>2168.000</ele>
    </trkpt>
    <trkpt lat="46.66565000" lon="8.15367300">
      <ele>2168.000</ele>
    </trkpt>
    <trkpt lat="46.66565000" lon="8.15367300">
      <ele>2168.000</ele>
    </trkpt>
    <trkpt lat="46.66565000" lon="8.15367700">
      <ele>2168.000</ele>
    </trkpt>
    <trkpt lat="46.66564800" lon="8.15368300">
      <ele>2168.000</ele>
    </trkpt>
    <trkpt lat="46.66565000" lon="8.15367300">
      <ele>2168.000</ele>
    </trkpt>
    <trkpt lat="46.66564700" lon="8.15368800">
      <ele>2168.000</ele>
    </trkpt>
    <trkpt lat="46.66564500" lon="8.15368900">
      <ele>2168.000</ele>
    </trkpt>
    <trkpt lat="46.66564400" lon="8.15367800">
      <ele>2168.000</ele>
    </trkpt>
    <trkpt lat="46.66564300" lon="8.15368000">
      <ele>2168.000</ele>
    </trkpt>
    <trkpt lat="46.66565000" lon="8.15367300">
      <ele>2168.000</ele>
    </trkpt>
    <trkpt lat="46.66565000" lon="8.15367300">
      <ele>2168.000</ele>
    </trkpt>
    <trkpt lat="46.66565100" lon="8.15366900">
      <ele>2168.000</ele>
    </trkpt>
    <trkpt lat="46.66565000" lon="8.15367300">
      <ele>2168.000</ele>
    </trkpt>
    <trkpt lat="46.66565000" lon="8.15366700">
      <ele>2168.000</ele>
    </trkpt>
    <trkpt lat="46.66565000" lon="8.15367300">
      <ele>2168.000</ele>
    </trkpt>
    <trkpt lat="46.66565000" lon="8.15367300">
      <ele>2168.000</ele>
    </trkpt>
    <trkpt lat="46.66565000" lon="8.15367300">
      <ele>2168.000</ele>
    </trkpt>
    <trkpt lat="46.66565000" lon="8.15367300">
      <ele>2168.000</ele>
    </trkpt>
    <trkpt lat="46.66565000" lon="8.15367300">
      <ele>2168.000</ele>
    </trkpt>
    <trkpt lat="46.66565000" lon="8.15367300">
      <ele>2168.000</ele>
    </trkpt>
    <trkpt lat="46.66565000" lon="8.15367300">
      <ele>2168.000</ele>
    </trkpt>
    <trkpt lat="46.66565000" lon="8.15367300">
      <ele>2168.000</ele>
    </trkpt>
    <trkpt lat="46.66565000" lon="8.15367300">
      <ele>2168.000</ele>
    </trkpt>
    <trkpt lat="46.66565000" lon="8.15367300">
      <ele>2168.000</ele>
    </trkpt>
    <trkpt lat="46.66565000" lon="8.15367300">
      <ele>2168.000</ele>
    </trkpt>
    <trkpt lat="46.66565000" lon="8.15367300">
      <ele>2168.000</ele>
    </trkpt>
    <trkpt lat="46.66565000" lon="8.15367300">
      <ele>2168.000</ele>
    </trkpt>
    <trkpt lat="46.66565000" lon="8.15367300">
      <ele>2168.000</ele>
    </trkpt>
    <trkpt lat="46.66565000" lon="8.15367300">
      <ele>2168.000</ele>
    </trkpt>
    <trkpt lat="46.66565000" lon="8.15367300">
      <ele>2168.000</ele>
    </trkpt>
    <trkpt lat="46.66565000" lon="8.15367300">
      <ele>2168.000</ele>
    </trkpt>
    <trkpt lat="46.66565000" lon="8.15367300">
      <ele>2168.000</ele>
    </trkpt>
    <trkpt lat="46.66565000" lon="8.15367300">
      <ele>2168.000</ele>
    </trkpt>
    <trkpt lat="46.66565000" lon="8.15367300">
      <ele>2168.000</ele>
    </trkpt>
    <trkpt lat="46.66565000" lon="8.15366500">
      <ele>2168.000</ele>
    </trkpt>
    <trkpt lat="46.66565000" lon="8.15367300">
      <ele>2168.000</ele>
    </trkpt>
    <trkpt lat="46.66565000" lon="8.15367300">
      <ele>2168.000</ele>
    </trkpt>
    <trkpt lat="46.66564300" lon="8.15366000">
      <ele>2168.000</ele>
    </trkpt>
    <trkpt lat="46.66564000" lon="8.15366500">
      <ele>2168.000</ele>
    </trkpt>
    <trkpt lat="46.66564100" lon="8.15367400">
      <ele>2168.000</ele>
    </trkpt>
    <trkpt lat="46.66563200" lon="8.15367700">
      <ele>2168.000</ele>
    </trkpt>
    <trkpt lat="46.66562700" lon="8.15367700">
      <ele>2168.000</ele>
    </trkpt>
    <trkpt lat="46.66562500" lon="8.15367400">
      <ele>2168.000</ele>
    </trkpt>
    <trkpt lat="46.66562500" lon="8.15367400">
      <ele>2168.000</ele>
    </trkpt>
    <trkpt lat="46.66562300" lon="8.15367800">
      <ele>2168.000</ele>
    </trkpt>
    <trkpt lat="46.66561600" lon="8.15366400">
      <ele>2168.000</ele>
    </trkpt>
    <trkpt lat="46.66561600" lon="8.15366100">
      <ele>2168.000</ele>
    </trkpt>
    <trkpt lat="46.66560900" lon="8.15364800">
      <ele>2168.000</ele>
    </trkpt>
    <trkpt lat="46.66560900" lon="8.15364800">
      <ele>2168.000</ele>
    </trkpt>
    <trkpt lat="46.66560700" lon="8.15364400">
      <ele>2168.000</ele>
    </trkpt>
    <trkpt lat="46.66560900" lon="8.15364800">
      <ele>2168.000</ele>
    </trkpt>
    <trkpt lat="46.66560900" lon="8.15364800">
      <ele>2168.000</ele>
    </trkpt>
    <trkpt lat="46.66560900" lon="8.15364800">
      <ele>2168.000</ele>
    </trkpt>
    <trkpt lat="46.66560900" lon="8.15364800">
      <ele>2168.000</ele>
    </trkpt>
    <trkpt lat="46.66560900" lon="8.15364800">
      <ele>2168.000</ele>
    </trkpt>
    <trkpt lat="46.66559500" lon="8.15364300">
      <ele>2168.000</ele>
    </trkpt>
    <trkpt lat="46.66559400" lon="8.15364000">
      <ele>2168.000</ele>
    </trkpt>
    <trkpt lat="46.66559400" lon="8.15364000">
      <ele>2168.000</ele>
    </trkpt>
    <trkpt lat="46.66559400" lon="8.15364000">
      <ele>2168.000</ele>
    </trkpt>
    <trkpt lat="46.66559400" lon="8.15364000">
      <ele>2168.000</ele>
    </trkpt>
    <trkpt lat="46.66559400" lon="8.15364000">
      <ele>2168.000</ele>
    </trkpt>
    <trkpt lat="46.66559400" lon="8.15364000">
      <ele>2168.000</ele>
    </trkpt>
    <trkpt lat="46.66559400" lon="8.15364000">
      <ele>2168.000</ele>
    </trkpt>
    <trkpt lat="46.66559100" lon="8.15363100">
      <ele>2168.000</ele>
    </trkpt>
    <trkpt lat="46.66558000" lon="8.15362400">
      <ele>2168.000</ele>
    </trkpt>
    <trkpt lat="46.66558000" lon="8.15362400">
      <ele>2168.000</ele>
    </trkpt>
    <trkpt lat="46.66558000" lon="8.15362400">
      <ele>2168.000</ele>
    </trkpt>
    <trkpt lat="46.66558000" lon="8.15362400">
      <ele>2168.000</ele>
    </trkpt>
    <trkpt lat="46.66558000" lon="8.15362400">
      <ele>2168.000</ele>
    </trkpt>
    <trkpt lat="46.66558000" lon="8.15362400">
      <ele>2168.000</ele>
    </trkpt>
    <trkpt lat="46.66558000" lon="8.15362400">
      <ele>2168.000</ele>
    </trkpt>
    <trkpt lat="46.66558000" lon="8.15362400">
      <ele>2168.000</ele>
    </trkpt>
    <trkpt lat="46.66558000" lon="8.15362400">
      <ele>2168.000</ele>
    </trkpt>
    <trkpt lat="46.66558000" lon="8.15362400">
      <ele>2168.000</ele>
    </trkpt>
    <trkpt lat="46.66557800" lon="8.15363000">
      <ele>2168.000</ele>
    </trkpt>
    <trkpt lat="46.66557800" lon="8.15363000">
      <ele>2168.000</ele>
    </trkpt>
    <trkpt lat="46.66558300" lon="8.15362000">
      <ele>2168.000</ele>
    </trkpt>
    <trkpt lat="46.66558300" lon="8.15362000">
      <ele>2168.000</ele>
    </trkpt>
    <trkpt lat="46.66558300" lon="8.15362000">
      <ele>2168.000</ele>
    </trkpt>
    <trkpt lat="46.66558000" lon="8.15363400">
      <ele>2168.000</ele>
    </trkpt>
    <trkpt lat="46.66558000" lon="8.15362400">
      <ele>2168.000</ele>
    </trkpt>
    <trkpt lat="46.66558000" lon="8.15362400">
      <ele>2168.000</ele>
    </trkpt>
    <trkpt lat="46.66558000" lon="8.15362400">
      <ele>2168.000</ele>
    </trkpt>
    <trkpt lat="46.66558000" lon="8.15362400">
      <ele>2168.000</ele>
    </trkpt>
    <trkpt lat="46.66558000" lon="8.15362400">
      <ele>2168.000</ele>
    </trkpt>
    <trkpt lat="46.66558000" lon="8.15362400">
      <ele>2168.000</ele>
    </trkpt>
    <trkpt lat="46.66558000" lon="8.15362400">
      <ele>2168.000</ele>
    </trkpt>
    <trkpt lat="46.66558000" lon="8.15362400">
      <ele>2168.000</ele>
    </trkpt>
    <trkpt lat="46.66558000" lon="8.15362400">
      <ele>2168.000</ele>
    </trkpt>
    <trkpt lat="46.66558000" lon="8.15362400">
      <ele>2168.000</ele>
    </trkpt>
    <trkpt lat="46.66558000" lon="8.15362400">
      <ele>2168.000</ele>
    </trkpt>
    <trkpt lat="46.66558000" lon="8.15362400">
      <ele>2168.000</ele>
    </trkpt>
    <trkpt lat="46.66558000" lon="8.15362400">
      <ele>2168.000</ele>
    </trkpt>
    <trkpt lat="46.66558000" lon="8.15362400">
      <ele>2168.000</ele>
    </trkpt>
    <trkpt lat="46.66558000" lon="8.15362400">
      <ele>2168.000</ele>
    </trkpt>
    <trkpt lat="46.66558000" lon="8.15362400">
      <ele>2168.000</ele>
    </trkpt>
    <trkpt lat="46.66558000" lon="8.15362400">
      <ele>2168.000</ele>
    </trkpt>
    <trkpt lat="46.66558000" lon="8.15362400">
      <ele>2168.000</ele>
    </trkpt>
    <trkpt lat="46.66558000" lon="8.15362400">
      <ele>2168.000</ele>
    </trkpt>
    <trkpt lat="46.66558000" lon="8.15362400">
      <ele>2168.000</ele>
    </trkpt>
    <trkpt lat="46.66558000" lon="8.15362400">
      <ele>2168.000</ele>
    </trkpt>
    <trkpt lat="46.66558200" lon="8.15363600">
      <ele>2168.000</ele>
    </trkpt>
    <trkpt lat="46.66558000" lon="8.15362400">
      <ele>2168.000</ele>
    </trkpt>
    <trkpt lat="46.66558400" lon="8.15363100">
      <ele>2168.000</ele>
    </trkpt>
    <trkpt lat="46.66558000" lon="8.15362400">
      <ele>2168.000</ele>
    </trkpt>
    <trkpt lat="46.66558000" lon="8.15362400">
      <ele>2168.000</ele>
    </trkpt>
    <trkpt lat="46.66558000" lon="8.15362400">
      <ele>2168.000</ele>
    </trkpt>
    <trkpt lat="46.66558000" lon="8.15362400">
      <ele>2168.000</ele>
    </trkpt>
    <trkpt lat="46.66559500" lon="8.15361800">
      <ele>2168.000</ele>
    </trkpt>
    <trkpt lat="46.66559500" lon="8.15362100">
      <ele>2168.000</ele>
    </trkpt>
    <trkpt lat="46.66559800" lon="8.15362400">
      <ele>2168.000</ele>
    </trkpt>
    <trkpt lat="46.66559800" lon="8.15362400">
      <ele>2168.000</ele>
    </trkpt>
    <trkpt lat="46.66559800" lon="8.15362500">
      <ele>2168.000</ele>
    </trkpt>
    <trkpt lat="46.66559900" lon="8.15362500">
      <ele>2168.000</ele>
    </trkpt>
    <trkpt lat="46.66559800" lon="8.15362500">
      <ele>2168.000</ele>
    </trkpt>
    <trkpt lat="46.66559800" lon="8.15362500">
      <ele>2168.000</ele>
    </trkpt>
    <trkpt lat="46.66559800" lon="8.15362500">
      <ele>2168.000</ele>
    </trkpt>
    <trkpt lat="46.66559800" lon="8.15362500">
      <ele>2168.000</ele>
    </trkpt>
    <trkpt lat="46.66561000" lon="8.15363500">
      <ele>2168.000</ele>
    </trkpt>
    <trkpt lat="46.66561000" lon="8.15363500">
      <ele>2168.000</ele>
    </trkpt>
    <trkpt lat="46.66561000" lon="8.15363500">
      <ele>2168.000</ele>
    </trkpt>
    <trkpt lat="46.66561000" lon="8.15363500">
      <ele>2168.000</ele>
    </trkpt>
    <trkpt lat="46.66561000" lon="8.15363500">
      <ele>2168.000</ele>
    </trkpt>
    <trkpt lat="46.66561000" lon="8.15363500">
      <ele>2168.000</ele>
    </trkpt>
    <trkpt lat="46.66561000" lon="8.15363500">
      <ele>2168.000</ele>
    </trkpt>
    <trkpt lat="46.66561000" lon="8.15363500">
      <ele>2168.000</ele>
    </trkpt>
    <trkpt lat="46.66561000" lon="8.15363500">
      <ele>2168.000</ele>
    </trkpt>
    <trkpt lat="46.66561000" lon="8.15363500">
      <ele>2168.000</ele>
    </trkpt>
    <trkpt lat="46.66561000" lon="8.15363500">
      <ele>2168.000</ele>
    </trkpt>
    <trkpt lat="46.66560500" lon="8.15363800">
      <ele>2168.000</ele>
    </trkpt>
    <trkpt lat="46.66561000" lon="8.15363500">
      <ele>2168.000</ele>
    </trkpt>
    <trkpt lat="46.66559500" lon="8.15362800">
      <ele>2168.000</ele>
    </trkpt>
    <trkpt lat="46.66559500" lon="8.15362700">
      <ele>2168.000</ele>
    </trkpt>
    <trkpt lat="46.66559500" lon="8.15361700">
      <ele>2168.000</ele>
    </trkpt>
    <trkpt lat="46.66559600" lon="8.15360800">
      <ele>2168.000</ele>
    </trkpt>
    <trkpt lat="46.66559500" lon="8.15359800">
      <ele>2168.000</ele>
    </trkpt>
    <trkpt lat="46.66558900" lon="8.15359600">
      <ele>2168.000</ele>
    </trkpt>
    <trkpt lat="46.66558900" lon="8.15359600">
      <ele>2168.000</ele>
    </trkpt>
    <trkpt lat="46.66558900" lon="8.15359600">
      <ele>2168.000</ele>
    </trkpt>
    <trkpt lat="46.66558900" lon="8.15359600">
      <ele>2168.000</ele>
    </trkpt>
    <trkpt lat="46.66559300" lon="8.15358700">
      <ele>2168.000</ele>
    </trkpt>
    <trkpt lat="46.66558900" lon="8.15359600">
      <ele>2168.000</ele>
    </trkpt>
    <trkpt lat="46.66560500" lon="8.15357600">
      <ele>2168.000</ele>
    </trkpt>
    <trkpt lat="46.66560500" lon="8.15357600">
      <ele>2168.000</ele>
    </trkpt>
    <trkpt lat="46.66560600" lon="8.15357800">
      <ele>2168.000</ele>
    </trkpt>
    <trkpt lat="46.66560800" lon="8.15357300">
      <ele>2168.000</ele>
    </trkpt>
    <trkpt lat="46.66560500" lon="8.15357600">
      <ele>2168.000</ele>
    </trkpt>
    <trkpt lat="46.66560500" lon="8.15357600">
      <ele>2168.000</ele>
    </trkpt>
    <trkpt lat="46.66560500" lon="8.15357600">
      <ele>2168.000</ele>
    </trkpt>
    <trkpt lat="46.66560500" lon="8.15357600">
      <ele>2168.000</ele>
    </trkpt>
    <trkpt lat="46.66560500" lon="8.15357600">
      <ele>2168.000</ele>
    </trkpt>
    <trkpt lat="46.66560500" lon="8.15357600">
      <ele>2168.000</ele>
    </trkpt>
    <trkpt lat="46.66561300" lon="8.15358400">
      <ele>2168.000</ele>
    </trkpt>
    <trkpt lat="46.66560500" lon="8.15357600">
      <ele>2168.000</ele>
    </trkpt>
    <trkpt lat="46.66560500" lon="8.15357600">
      <ele>2168.000</ele>
    </trkpt>
    <trkpt lat="46.66561700" lon="8.15358100">
      <ele>2168.000</ele>
    </trkpt>
    <trkpt lat="46.66561700" lon="8.15357000">
      <ele>2168.000</ele>
    </trkpt>
    <trkpt lat="46.66560500" lon="8.15357600">
      <ele>2168.000</ele>
    </trkpt>
    <trkpt lat="46.66560500" lon="8.15357600">
      <ele>2168.000</ele>
    </trkpt>
    <trkpt lat="46.66561600" lon="8.15357100">
      <ele>2168.000</ele>
    </trkpt>
    <trkpt lat="46.66560500" lon="8.15357600">
      <ele>2168.000</ele>
    </trkpt>
    <trkpt lat="46.66560500" lon="8.15357600">
      <ele>2168.000</ele>
    </trkpt>
    <trkpt lat="46.66560500" lon="8.15357600">
      <ele>2168.000</ele>
    </trkpt>
    <trkpt lat="46.66560500" lon="8.15357600">
      <ele>2168.000</ele>
    </trkpt>
    <trkpt lat="46.66560500" lon="8.15357600">
      <ele>2168.000</ele>
    </trkpt>
    <trkpt lat="46.66560500" lon="8.15357600">
      <ele>2168.000</ele>
    </trkpt>
    <trkpt lat="46.66561300" lon="8.15356400">
      <ele>2168.000</ele>
    </trkpt>
    <trkpt lat="46.66560500" lon="8.15357600">
      <ele>2168.000</ele>
    </trkpt>
    <trkpt lat="46.66560500" lon="8.15357600">
      <ele>2168.000</ele>
    </trkpt>
    <trkpt lat="46.66560800" lon="8.15356500">
      <ele>2168.000</ele>
    </trkpt>
    <trkpt lat="46.66560500" lon="8.15357600">
      <ele>2168.000</ele>
    </trkpt>
    <trkpt lat="46.66560400" lon="8.15356600">
      <ele>2168.000</ele>
    </trkpt>
    <trkpt lat="46.66560500" lon="8.15357600">
      <ele>2168.000</ele>
    </trkpt>
    <trkpt lat="46.66560500" lon="8.15357600">
      <ele>2168.000</ele>
    </trkpt>
    <trkpt lat="46.66560500" lon="8.15357600">
      <ele>2168.000</ele>
    </trkpt>
    <trkpt lat="46.66560500" lon="8.15357600">
      <ele>2168.000</ele>
    </trkpt>
    <trkpt lat="46.66560500" lon="8.15357600">
      <ele>2168.000</ele>
    </trkpt>
    <trkpt lat="46.66561000" lon="8.15356400">
      <ele>2168.000</ele>
    </trkpt>
    <trkpt lat="46.66561100" lon="8.15355500">
      <ele>2168.000</ele>
    </trkpt>
    <trkpt lat="46.66562000" lon="8.15354500">
      <ele>2168.000</ele>
    </trkpt>
    <trkpt lat="46.66563100" lon="8.15353300">
      <ele>2168.000</ele>
    </trkpt>
    <trkpt lat="46.66563100" lon="8.15353400">
      <ele>2168.000</ele>
    </trkpt>
    <trkpt lat="46.66563100" lon="8.15353400">
      <ele>2168.000</ele>
    </trkpt>
    <trkpt lat="46.66563100" lon="8.15353400">
      <ele>2168.000</ele>
    </trkpt>
    <trkpt lat="46.66563100" lon="8.15353400">
      <ele>2168.000</ele>
    </trkpt>
    <trkpt lat="46.66564100" lon="8.15353100">
      <ele>2168.000</ele>
    </trkpt>
    <trkpt lat="46.66564400" lon="8.15353000">
      <ele>2168.000</ele>
    </trkpt>
    <trkpt lat="46.66564500" lon="8.15353000">
      <ele>2168.000</ele>
    </trkpt>
    <trkpt lat="46.66564800" lon="8.15353600">
      <ele>2168.000</ele>
    </trkpt>
    <trkpt lat="46.66566800" lon="8.15352100">
      <ele>2168.000</ele>
    </trkpt>
    <trkpt lat="46.66566900" lon="8.15351400">
      <ele>2168.000</ele>
    </trkpt>
    <trkpt lat="46.66566700" lon="8.15350800">
      <ele>2168.000</ele>
    </trkpt>
    <trkpt lat="46.66566500" lon="8.15350900">
      <ele>2168.000</ele>
    </trkpt>
    <trkpt lat="46.66566500" lon="8.15350900">
      <ele>2168.000</ele>
    </trkpt>
    <trkpt lat="46.66565600" lon="8.15350600">
      <ele>2168.000</ele>
    </trkpt>
    <trkpt lat="46.66565400" lon="8.15352500">
      <ele>2168.000</ele>
    </trkpt>
    <trkpt lat="46.66565300" lon="8.15350500">
      <ele>2168.000</ele>
    </trkpt>
    <trkpt lat="46.66564900" lon="8.15349900">
      <ele>2168.000</ele>
    </trkpt>
    <trkpt lat="46.66564800" lon="8.15349300">
      <ele>2168.000</ele>
    </trkpt>
    <trkpt lat="46.66565300" lon="8.15349100">
      <ele>2168.000</ele>
    </trkpt>
    <trkpt lat="46.66564900" lon="8.15349300">
      <ele>2168.000</ele>
    </trkpt>
    <trkpt lat="46.66564900" lon="8.15349300">
      <ele>2168.000</ele>
    </trkpt>
    <trkpt lat="46.66564900" lon="8.15349300">
      <ele>2168.000</ele>
    </trkpt>
    <trkpt lat="46.66566000" lon="8.15348000">
      <ele>2168.000</ele>
    </trkpt>
    <trkpt lat="46.66566000" lon="8.15347700">
      <ele>2168.000</ele>
    </trkpt>
    <trkpt lat="46.66566000" lon="8.15347700">
      <ele>2168.000</ele>
    </trkpt>
    <trkpt lat="46.66566000" lon="8.15347700">
      <ele>2168.000</ele>
    </trkpt>
    <trkpt lat="46.66566000" lon="8.15347700">
      <ele>2168.000</ele>
    </trkpt>
    <trkpt lat="46.66566000" lon="8.15347700">
      <ele>2168.000</ele>
    </trkpt>
    <trkpt lat="46.66566000" lon="8.15347700">
      <ele>2168.000</ele>
    </trkpt>
    <trkpt lat="46.66566000" lon="8.15347700">
      <ele>2168.000</ele>
    </trkpt>
    <trkpt lat="46.66566000" lon="8.15347700">
      <ele>2168.000</ele>
    </trkpt>
    <trkpt lat="46.66566000" lon="8.15347700">
      <ele>2168.000</ele>
    </trkpt>
    <trkpt lat="46.66566000" lon="8.15347700">
      <ele>2168.000</ele>
    </trkpt>
    <trkpt lat="46.66566000" lon="8.15347700">
      <ele>2168.000</ele>
    </trkpt>
    <trkpt lat="46.66566000" lon="8.15347700">
      <ele>2168.000</ele>
    </trkpt>
    <trkpt lat="46.66566000" lon="8.15347700">
      <ele>2168.000</ele>
    </trkpt>
    <trkpt lat="46.66568100" lon="8.15346300">
      <ele>2212.000</ele>
    </trkpt>
    <trkpt lat="46.66568100" lon="8.15346300">
      <ele>2212.000</ele>
    </trkpt>
    <trkpt lat="46.66568100" lon="8.15346300">
      <ele>2212.000</ele>
    </trkpt>
    <trkpt lat="46.66568100" lon="8.15346300">
      <ele>2212.000</ele>
    </trkpt>
    <trkpt lat="46.66568100" lon="8.15347100">
      <ele>2212.000</ele>
    </trkpt>
    <trkpt lat="46.66568100" lon="8.15346300">
      <ele>2212.000</ele>
    </trkpt>
    <trkpt lat="46.66568100" lon="8.15346300">
      <ele>2212.000</ele>
    </trkpt>
    <trkpt lat="46.66568100" lon="8.15346300">
      <ele>2212.000</ele>
    </trkpt>
    <trkpt lat="46.66568400" lon="8.15348200">
      <ele>2168.000</ele>
    </trkpt>
    <trkpt lat="46.66568500" lon="8.15347600">
      <ele>2168.000</ele>
    </trkpt>
    <trkpt lat="46.66568400" lon="8.15348200">
      <ele>2168.000</ele>
    </trkpt>
    <trkpt lat="46.66568400" lon="8.15348200">
      <ele>2168.000</ele>
    </trkpt>
    <trkpt lat="46.66568700" lon="8.15347600">
      <ele>2168.000</ele>
    </trkpt>
    <trkpt lat="46.66568400" lon="8.15348200">
      <ele>2168.000</ele>
    </trkpt>
    <trkpt lat="46.66568400" lon="8.15348200">
      <ele>2168.000</ele>
    </trkpt>
    <trkpt lat="46.66568400" lon="8.15348200">
      <ele>2168.000</ele>
    </trkpt>
    <trkpt lat="46.66568700" lon="8.15350100">
      <ele>2168.000</ele>
    </trkpt>
    <trkpt lat="46.66569000" lon="8.15350000">
      <ele>2168.000</ele>
    </trkpt>
    <trkpt lat="46.66569000" lon="8.15350000">
      <ele>2168.000</ele>
    </trkpt>
    <trkpt lat="46.66569000" lon="8.15350000">
      <ele>2168.000</ele>
    </trkpt>
    <trkpt lat="46.66569000" lon="8.15350000">
      <ele>2168.000</ele>
    </trkpt>
    <trkpt lat="46.66569000" lon="8.15350000">
      <ele>2168.000</ele>
    </trkpt>
    <trkpt lat="46.66568800" lon="8.15349800">
      <ele>2168.000</ele>
    </trkpt>
    <trkpt lat="46.66568800" lon="8.15350500">
      <ele>2168.000</ele>
    </trkpt>
    <trkpt lat="46.66569000" lon="8.15350000">
      <ele>2168.000</ele>
    </trkpt>
    <trkpt lat="46.66569000" lon="8.15350000">
      <ele>2168.000</ele>
    </trkpt>
    <trkpt lat="46.66569000" lon="8.15350000">
      <ele>2168.000</ele>
    </trkpt>
    <trkpt lat="46.66568700" lon="8.15351300">
      <ele>2168.000</ele>
    </trkpt>
    <trkpt lat="46.66569000" lon="8.15350000">
      <ele>2168.000</ele>
    </trkpt>
    <trkpt lat="46.66569000" lon="8.15350000">
      <ele>2168.000</ele>
    </trkpt>
    <trkpt lat="46.66569000" lon="8.15350000">
      <ele>2168.000</ele>
    </trkpt>
    <trkpt lat="46.66569000" lon="8.15350000">
      <ele>2168.000</ele>
    </trkpt>
    <trkpt lat="46.66569000" lon="8.15350000">
      <ele>2168.000</ele>
    </trkpt>
    <trkpt lat="46.66569000" lon="8.15350000">
      <ele>2168.000</ele>
    </trkpt>
    <trkpt lat="46.66569000" lon="8.15350000">
      <ele>2168.000</ele>
    </trkpt>
    <trkpt lat="46.66569000" lon="8.15350000">
      <ele>2168.000</ele>
    </trkpt>
    <trkpt lat="46.66569000" lon="8.15350000">
      <ele>2168.000</ele>
    </trkpt>
    <trkpt lat="46.66569000" lon="8.15350000">
      <ele>2168.000</ele>
    </trkpt>
    <trkpt lat="46.66569000" lon="8.15350000">
      <ele>2168.000</ele>
    </trkpt>
    <trkpt lat="46.66568800" lon="8.15351800">
      <ele>2168.000</ele>
    </trkpt>
    <trkpt lat="46.66568800" lon="8.15351600">
      <ele>2168.000</ele>
    </trkpt>
    <trkpt lat="46.66568400" lon="8.15352000">
      <ele>2168.000</ele>
    </trkpt>
    <trkpt lat="46.66568500" lon="8.15352000">
      <ele>2168.000</ele>
    </trkpt>
    <trkpt lat="46.66568500" lon="8.15352500">
      <ele>2168.000</ele>
    </trkpt>
    <trkpt lat="46.66568500" lon="8.15352500">
      <ele>2168.000</ele>
    </trkpt>
    <trkpt lat="46.66568500" lon="8.15352500">
      <ele>2168.000</ele>
    </trkpt>
    <trkpt lat="46.66568500" lon="8.15352500">
      <ele>2168.000</ele>
    </trkpt>
    <trkpt lat="46.66568500" lon="8.15352500">
      <ele>2168.000</ele>
    </trkpt>
    <trkpt lat="46.66568500" lon="8.15352500">
      <ele>2168.000</ele>
    </trkpt>
    <trkpt lat="46.66568500" lon="8.15352500">
      <ele>2168.000</ele>
    </trkpt>
    <trkpt lat="46.66568500" lon="8.15352500">
      <ele>2168.000</ele>
    </trkpt>
    <trkpt lat="46.66568500" lon="8.15352500">
      <ele>2168.000</ele>
    </trkpt>
    <trkpt lat="46.66568500" lon="8.15352500">
      <ele>2168.000</ele>
    </trkpt>
    <trkpt lat="46.66568500" lon="8.15352500">
      <ele>2168.000</ele>
    </trkpt>
    <trkpt lat="46.66568500" lon="8.15352500">
      <ele>2168.000</ele>
    </trkpt>
    <trkpt lat="46.66568500" lon="8.15352500">
      <ele>2168.000</ele>
    </trkpt>
    <trkpt lat="46.66568500" lon="8.15352500">
      <ele>2168.000</ele>
    </trkpt>
    <trkpt lat="46.66568600" lon="8.15352600">
      <ele>2168.000</ele>
    </trkpt>
    <trkpt lat="46.66568500" lon="8.15352500">
      <ele>2168.000</ele>
    </trkpt>
    <trkpt lat="46.66568500" lon="8.15352500">
      <ele>2168.000</ele>
    </trkpt>
    <trkpt lat="46.66568500" lon="8.15352500">
      <ele>2168.000</ele>
    </trkpt>
    <trkpt lat="46.66568500" lon="8.15352500">
      <ele>2168.000</ele>
    </trkpt>
    <trkpt lat="46.66568500" lon="8.15352300">
      <ele>2168.000</ele>
    </trkpt>
    <trkpt lat="46.66568500" lon="8.15352500">
      <ele>2168.000</ele>
    </trkpt>
    <trkpt lat="46.66568500" lon="8.15352500">
      <ele>2168.000</ele>
    </trkpt>
    <trkpt lat="46.66568500" lon="8.15352500">
      <ele>2168.000</ele>
    </trkpt>
    <trkpt lat="46.66568500" lon="8.15352500">
      <ele>2168.000</ele>
    </trkpt>
    <trkpt lat="46.66568500" lon="8.15352500">
      <ele>2168.000</ele>
    </trkpt>
    <trkpt lat="46.66568500" lon="8.15352500">
      <ele>2168.000</ele>
    </trkpt>
    <trkpt lat="46.66568500" lon="8.15352500">
      <ele>2168.000</ele>
    </trkpt>
    <trkpt lat="46.66568600" lon="8.15352200">
      <ele>2168.000</ele>
    </trkpt>
    <trkpt lat="46.66568500" lon="8.15352500">
      <ele>2168.000</ele>
    </trkpt>
    <trkpt lat="46.66568500" lon="8.15352500">
      <ele>2168.000</ele>
    </trkpt>
    <trkpt lat="46.66568700" lon="8.15352000">
      <ele>2168.000</ele>
    </trkpt>
    <trkpt lat="46.66568500" lon="8.15352500">
      <ele>2168.000</ele>
    </trkpt>
    <trkpt lat="46.66568500" lon="8.15352500">
      <ele>2168.000</ele>
    </trkpt>
    <trkpt lat="46.66568500" lon="8.15352500">
      <ele>2168.000</ele>
    </trkpt>
    <trkpt lat="46.66568700" lon="8.15353000">
      <ele>2168.000</ele>
    </trkpt>
    <trkpt lat="46.66568500" lon="8.15352500">
      <ele>2168.000</ele>
    </trkpt>
    <trkpt lat="46.66568500" lon="8.15352500">
      <ele>2168.000</ele>
    </trkpt>
    <trkpt lat="46.66568500" lon="8.15352500">
      <ele>2168.000</ele>
    </trkpt>
    <trkpt lat="46.66568500" lon="8.15352500">
      <ele>2168.000</ele>
    </trkpt>
    <trkpt lat="46.66568500" lon="8.15352500">
      <ele>2168.000</ele>
    </trkpt>
    <trkpt lat="46.66568500" lon="8.15352500">
      <ele>2168.000</ele>
    </trkpt>
    <trkpt lat="46.66568500" lon="8.15352500">
      <ele>2168.000</ele>
    </trkpt>
    <trkpt lat="46.66568500" lon="8.15352500">
      <ele>2168.000</ele>
    </trkpt>
    <trkpt lat="46.66568500" lon="8.15352500">
      <ele>2168.000</ele>
    </trkpt>
    <trkpt lat="46.66568500" lon="8.15352500">
      <ele>2168.000</ele>
    </trkpt>
    <trkpt lat="46.66568500" lon="8.15352500">
      <ele>2168.000</ele>
    </trkpt>
    <trkpt lat="46.66568500" lon="8.15352500">
      <ele>2168.000</ele>
    </trkpt>
    <trkpt lat="46.66568500" lon="8.15352500">
      <ele>2168.000</ele>
    </trkpt>
    <trkpt lat="46.66568500" lon="8.15352500">
      <ele>2168.000</ele>
    </trkpt>
    <trkpt lat="46.66568500" lon="8.15352500">
      <ele>2168.000</ele>
    </trkpt>
    <trkpt lat="46.66568500" lon="8.15352500">
      <ele>2168.000</ele>
    </trkpt>
    <trkpt lat="46.66568900" lon="8.15351400">
      <ele>2168.000</ele>
    </trkpt>
    <trkpt lat="46.66569100" lon="8.15351300">
      <ele>2168.000</ele>
    </trkpt>
    <trkpt lat="46.66568500" lon="8.15352500">
      <ele>2168.000</ele>
    </trkpt>
    <trkpt lat="46.66568500" lon="8.15352500">
      <ele>2168.000</ele>
    </trkpt>
    <trkpt lat="46.66568500" lon="8.15352500">
      <ele>2168.000</ele>
    </trkpt>
    <trkpt lat="46.66568500" lon="8.15352500">
      <ele>2168.000</ele>
    </trkpt>
    <trkpt lat="46.66568500" lon="8.15352500">
      <ele>2168.000</ele>
    </trkpt>
    <trkpt lat="46.66568500" lon="8.15352500">
      <ele>2168.000</ele>
    </trkpt>
    <trkpt lat="46.66568500" lon="8.15352500">
      <ele>2168.000</ele>
    </trkpt>
    <trkpt lat="46.66568500" lon="8.15352500">
      <ele>2168.000</ele>
    </trkpt>
    <trkpt lat="46.66568500" lon="8.15352500">
      <ele>2168.000</ele>
    </trkpt>
    <trkpt lat="46.66568500" lon="8.15352500">
      <ele>2168.000</ele>
    </trkpt>
    <trkpt lat="46.66568500" lon="8.15352500">
      <ele>2168.000</ele>
    </trkpt>
    <trkpt lat="46.66568500" lon="8.15352500">
      <ele>2168.000</ele>
    </trkpt>
    <trkpt lat="46.66568500" lon="8.15352500">
      <ele>2168.000</ele>
    </trkpt>
    <trkpt lat="46.66568800" lon="8.15352000">
      <ele>2168.000</ele>
    </trkpt>
    <trkpt lat="46.66568500" lon="8.15352500">
      <ele>2168.000</ele>
    </trkpt>
    <trkpt lat="46.66568500" lon="8.15352500">
      <ele>2168.000</ele>
    </trkpt>
    <trkpt lat="46.66568500" lon="8.15352500">
      <ele>2168.000</ele>
    </trkpt>
    <trkpt lat="46.66568500" lon="8.15352500">
      <ele>2168.000</ele>
    </trkpt>
    <trkpt lat="46.66568500" lon="8.15352500">
      <ele>2168.000</ele>
    </trkpt>
    <trkpt lat="46.66568500" lon="8.15352500">
      <ele>2168.000</ele>
    </trkpt>
    <trkpt lat="46.66568300" lon="8.15351900">
      <ele>2168.000</ele>
    </trkpt>
    <trkpt lat="46.66568500" lon="8.15352500">
      <ele>2168.000</ele>
    </trkpt>
    <trkpt lat="46.66568500" lon="8.15352500">
      <ele>2168.000</ele>
    </trkpt>
    <trkpt lat="46.66568500" lon="8.15352500">
      <ele>2168.000</ele>
    </trkpt>
    <trkpt lat="46.66568500" lon="8.15351800">
      <ele>2168.000</ele>
    </trkpt>
    <trkpt lat="46.66569000" lon="8.15352100">
      <ele>2168.000</ele>
    </trkpt>
    <trkpt lat="46.66568500" lon="8.15352500">
      <ele>2168.000</ele>
    </trkpt>
    <trkpt lat="46.66568500" lon="8.15352500">
      <ele>2168.000</ele>
    </trkpt>
    <trkpt lat="46.66568900" lon="8.15351800">
      <ele>2168.000</ele>
    </trkpt>
    <trkpt lat="46.66568500" lon="8.15352500">
      <ele>2168.000</ele>
    </trkpt>
    <trkpt lat="46.66569000" lon="8.15351400">
      <ele>2168.000</ele>
    </trkpt>
    <trkpt lat="46.66568500" lon="8.15352500">
      <ele>2168.000</ele>
    </trkpt>
    <trkpt lat="46.66568500" lon="8.15352500">
      <ele>2168.000</ele>
    </trkpt>
    <trkpt lat="46.66568500" lon="8.15352500">
      <ele>2168.000</ele>
    </trkpt>
    <trkpt lat="46.66569600" lon="8.15350900">
      <ele>2208.000</ele>
    </trkpt>
    <trkpt lat="46.66569500" lon="8.15351900">
      <ele>2208.000</ele>
    </trkpt>
    <trkpt lat="46.66568400" lon="8.15350800">
      <ele>2168.000</ele>
    </trkpt>
    <trkpt lat="46.66568600" lon="8.15351300">
      <ele>2168.000</ele>
    </trkpt>
    <trkpt lat="46.66568500" lon="8.15352500">
      <ele>2168.000</ele>
    </trkpt>
    <trkpt lat="46.66568500" lon="8.15352500">
      <ele>2168.000</ele>
    </trkpt>
    <trkpt lat="46.66568500" lon="8.15352500">
      <ele>2168.000</ele>
    </trkpt>
    <trkpt lat="46.66568500" lon="8.15352500">
      <ele>2168.000</ele>
    </trkpt>
    <trkpt lat="46.66568500" lon="8.15352500">
      <ele>2168.000</ele>
    </trkpt>
    <trkpt lat="46.66568500" lon="8.15352500">
      <ele>2168.000</ele>
    </trkpt>
    <trkpt lat="46.66568500" lon="8.15352500">
      <ele>2168.000</ele>
    </trkpt>
    <trkpt lat="46.66568500" lon="8.15352500">
      <ele>2168.000</ele>
    </trkpt>
    <trkpt lat="46.66568500" lon="8.15352500">
      <ele>2168.000</ele>
    </trkpt>
    <trkpt lat="46.66569100" lon="8.15351800">
      <ele>2168.000</ele>
    </trkpt>
    <trkpt lat="46.66568300" lon="8.15352100">
      <ele>2168.000</ele>
    </trkpt>
    <trkpt lat="46.66568100" lon="8.15352700">
      <ele>2168.000</ele>
    </trkpt>
    <trkpt lat="46.66568500" lon="8.15352500">
      <ele>2168.000</ele>
    </trkpt>
    <trkpt lat="46.66568500" lon="8.15352500">
      <ele>2168.000</ele>
    </trkpt>
    <trkpt lat="46.66568700" lon="8.15351000">
      <ele>2168.000</ele>
    </trkpt>
    <trkpt lat="46.66568700" lon="8.15351000">
      <ele>2168.000</ele>
    </trkpt>
    <trkpt lat="46.66568700" lon="8.15351000">
      <ele>2168.000</ele>
    </trkpt>
    <trkpt lat="46.66568700" lon="8.15351000">
      <ele>2168.000</ele>
    </trkpt>
    <trkpt lat="46.66568700" lon="8.15351000">
      <ele>2168.000</ele>
    </trkpt>
    <trkpt lat="46.66568500" lon="8.15352500">
      <ele>2168.000</ele>
    </trkpt>
    <trkpt lat="46.66568500" lon="8.15352500">
      <ele>2168.000</ele>
    </trkpt>
    <trkpt lat="46.66568500" lon="8.15352500">
      <ele>2168.000</ele>
    </trkpt>
    <trkpt lat="46.66568500" lon="8.15352500">
      <ele>2168.000</ele>
    </trkpt>
    <trkpt lat="46.66568500" lon="8.15352500">
      <ele>2168.000</ele>
    </trkpt>
    <trkpt lat="46.66568700" lon="8.15352900">
      <ele>2168.000</ele>
    </trkpt>
    <trkpt lat="46.66568900" lon="8.15352300">
      <ele>2168.000</ele>
    </trkpt>
    <trkpt lat="46.66568000" lon="8.15353400">
      <ele>2168.000</ele>
    </trkpt>
    <trkpt lat="46.66568200" lon="8.15353300">
      <ele>2168.000</ele>
    </trkpt>
    <trkpt lat="46.66568300" lon="8.15353900">
      <ele>2168.000</ele>
    </trkpt>
    <trkpt lat="46.66568400" lon="8.15353300">
      <ele>2168.000</ele>
    </trkpt>
    <trkpt lat="46.66568200" lon="8.15354500">
      <ele>2168.000</ele>
    </trkpt>
    <trkpt lat="46.66568200" lon="8.15353800">
      <ele>2168.000</ele>
    </trkpt>
    <trkpt lat="46.66568500" lon="8.15352500">
      <ele>2168.000</ele>
    </trkpt>
    <trkpt lat="46.66568100" lon="8.15354300">
      <ele>2168.000</ele>
    </trkpt>
    <trkpt lat="46.66568000" lon="8.15355000">
      <ele>2168.000</ele>
    </trkpt>
    <trkpt lat="46.66568000" lon="8.15354600">
      <ele>2168.000</ele>
    </trkpt>
    <trkpt lat="46.66568500" lon="8.15354700">
      <ele>2168.000</ele>
    </trkpt>
    <trkpt lat="46.66568000" lon="8.15354300">
      <ele>2168.000</ele>
    </trkpt>
    <trkpt lat="46.66568000" lon="8.15355000">
      <ele>2168.000</ele>
    </trkpt>
    <trkpt lat="46.66568000" lon="8.15355000">
      <ele>2168.000</ele>
    </trkpt>
    <trkpt lat="46.66568000" lon="8.15355000">
      <ele>2168.000</ele>
    </trkpt>
    <trkpt lat="46.66568000" lon="8.15355000">
      <ele>2168.000</ele>
    </trkpt>
    <trkpt lat="46.66568000" lon="8.15355000">
      <ele>2168.000</ele>
    </trkpt>
    <trkpt lat="46.66568000" lon="8.15355000">
      <ele>2168.000</ele>
    </trkpt>
    <trkpt lat="46.66567800" lon="8.15354600">
      <ele>2168.000</ele>
    </trkpt>
    <trkpt lat="46.66567600" lon="8.15354500">
      <ele>2168.000</ele>
    </trkpt>
    <trkpt lat="46.66568000" lon="8.15354200">
      <ele>2168.000</ele>
    </trkpt>
    <trkpt lat="46.66568300" lon="8.15354000">
      <ele>2168.000</ele>
    </trkpt>
    <trkpt lat="46.66568900" lon="8.15354000">
      <ele>2168.000</ele>
    </trkpt>
    <trkpt lat="46.66569400" lon="8.15352600">
      <ele>2168.000</ele>
    </trkpt>
    <trkpt lat="46.66569600" lon="8.15352000">
      <ele>2208.000</ele>
    </trkpt>
    <trkpt lat="46.66569900" lon="8.15351100">
      <ele>2208.000</ele>
    </trkpt>
    <trkpt lat="46.66570100" lon="8.15350900">
      <ele>2208.000</ele>
    </trkpt>
    <trkpt lat="46.66570700" lon="8.15351300">
      <ele>2208.000</ele>
    </trkpt>
    <trkpt lat="46.66570700" lon="8.15351300">
      <ele>2208.000</ele>
    </trkpt>
    <trkpt lat="46.66570900" lon="8.15351400">
      <ele>2208.000</ele>
    </trkpt>
    <trkpt lat="46.66571100" lon="8.15350600">
      <ele>2208.000</ele>
    </trkpt>
    <trkpt lat="46.66570700" lon="8.15351300">
      <ele>2208.000</ele>
    </trkpt>
    <trkpt lat="46.66570700" lon="8.15351300">
      <ele>2208.000</ele>
    </trkpt>
    <trkpt lat="46.66570700" lon="8.15351300">
      <ele>2208.000</ele>
    </trkpt>
    <trkpt lat="46.66570700" lon="8.15351300">
      <ele>2208.000</ele>
    </trkpt>
    <trkpt lat="46.66570500" lon="8.15352600">
      <ele>2208.000</ele>
    </trkpt>
    <trkpt lat="46.66569500" lon="8.15353600">
      <ele>2208.000</ele>
    </trkpt>
    <trkpt lat="46.66569600" lon="8.15353400">
      <ele>2208.000</ele>
    </trkpt>
    <trkpt lat="46.66569500" lon="8.15353500">
      <ele>2208.000</ele>
    </trkpt>
    <trkpt lat="46.66569500" lon="8.15353400">
      <ele>2208.000</ele>
    </trkpt>
    <trkpt lat="46.66569500" lon="8.15353400">
      <ele>2208.000</ele>
    </trkpt>
    <trkpt lat="46.66569500" lon="8.15353400">
      <ele>2208.000</ele>
    </trkpt>
    <trkpt lat="46.66569500" lon="8.15353400">
      <ele>2208.000</ele>
    </trkpt>
    <trkpt lat="46.66569500" lon="8.15353400">
      <ele>2208.000</ele>
    </trkpt>
    <trkpt lat="46.66569500" lon="8.15353400">
      <ele>2208.000</ele>
    </trkpt>
    <trkpt lat="46.66569500" lon="8.15353400">
      <ele>2208.000</ele>
    </trkpt>
    <trkpt lat="46.66569500" lon="8.15353400">
      <ele>2208.000</ele>
    </trkpt>
    <trkpt lat="46.66569500" lon="8.15353400">
      <ele>2208.000</ele>
    </trkpt>
    <trkpt lat="46.66569500" lon="8.15353400">
      <ele>2208.000</ele>
    </trkpt>
    <trkpt lat="46.66569500" lon="8.15353400">
      <ele>2208.000</ele>
    </trkpt>
    <trkpt lat="46.66569500" lon="8.15353400">
      <ele>2208.000</ele>
    </trkpt>
    <trkpt lat="46.66569500" lon="8.15353400">
      <ele>2208.000</ele>
    </trkpt>
    <trkpt lat="46.66569500" lon="8.15353400">
      <ele>2208.000</ele>
    </trkpt>
    <trkpt lat="46.66569500" lon="8.15353400">
      <ele>2208.000</ele>
    </trkpt>
    <trkpt lat="46.66569500" lon="8.15353400">
      <ele>2208.000</ele>
    </trkpt>
    <trkpt lat="46.66569500" lon="8.15353400">
      <ele>2208.000</ele>
    </trkpt>
    <trkpt lat="46.66569500" lon="8.15353400">
      <ele>2208.000</ele>
    </trkpt>
    <trkpt lat="46.66569500" lon="8.15353400">
      <ele>2208.000</ele>
    </trkpt>
    <trkpt lat="46.66569500" lon="8.15353400">
      <ele>2208.000</ele>
    </trkpt>
    <trkpt lat="46.66569500" lon="8.15353400">
      <ele>2208.000</ele>
    </trkpt>
    <trkpt lat="46.66568600" lon="8.15352500">
      <ele>2168.000</ele>
    </trkpt>
    <trkpt lat="46.66568500" lon="8.15352400">
      <ele>2168.000</ele>
    </trkpt>
    <trkpt lat="46.66569500" lon="8.15353400">
      <ele>2208.000</ele>
    </trkpt>
    <trkpt lat="46.66569500" lon="8.15353400">
      <ele>2208.000</ele>
    </trkpt>
    <trkpt lat="46.66569500" lon="8.15353400">
      <ele>2208.000</ele>
    </trkpt>
    <trkpt lat="46.66569500" lon="8.15353400">
      <ele>2208.000</ele>
    </trkpt>
    <trkpt lat="46.66568800" lon="8.15352300">
      <ele>2168.000</ele>
    </trkpt>
    <trkpt lat="46.66569000" lon="8.15351900">
      <ele>2168.000</ele>
    </trkpt>
    <trkpt lat="46.66569400" lon="8.15352800">
      <ele>2168.000</ele>
    </trkpt>
    <trkpt lat="46.66569500" lon="8.15353400">
      <ele>2208.000</ele>
    </trkpt>
    <trkpt lat="46.66569500" lon="8.15353400">
      <ele>2208.000</ele>
    </trkpt>
    <trkpt lat="46.66569500" lon="8.15353400">
      <ele>2208.000</ele>
    </trkpt>
    <trkpt lat="46.66569500" lon="8.15353400">
      <ele>2208.000</ele>
    </trkpt>
    <trkpt lat="46.66569600" lon="8.15352000">
      <ele>2208.000</ele>
    </trkpt>
    <trkpt lat="46.66569400" lon="8.15352000">
      <ele>2208.000</ele>
    </trkpt>
    <trkpt lat="46.66569200" lon="8.15351800">
      <ele>2168.000</ele>
    </trkpt>
    <trkpt lat="46.66569500" lon="8.15353400">
      <ele>2208.000</ele>
    </trkpt>
    <trkpt lat="46.66569500" lon="8.15353400">
      <ele>2208.000</ele>
    </trkpt>
    <trkpt lat="46.66569500" lon="8.15353400">
      <ele>2208.000</ele>
    </trkpt>
    <trkpt lat="46.66569600" lon="8.15351900">
      <ele>2208.000</ele>
    </trkpt>
    <trkpt lat="46.66569400" lon="8.15351000">
      <ele>2168.000</ele>
    </trkpt>
    <trkpt lat="46.66568700" lon="8.15348400">
      <ele>2168.000</ele>
    </trkpt>
    <trkpt lat="46.66568200" lon="8.15348000">
      <ele>2168.000</ele>
    </trkpt>
    <trkpt lat="46.66568200" lon="8.15348100">
      <ele>2168.000</ele>
    </trkpt>
    <trkpt lat="46.66568300" lon="8.15348200">
      <ele>2168.000</ele>
    </trkpt>
    <trkpt lat="46.66568200" lon="8.15348000">
      <ele>2168.000</ele>
    </trkpt>
    <trkpt lat="46.66568200" lon="8.15348000">
      <ele>2168.000</ele>
    </trkpt>
    <trkpt lat="46.66568200" lon="8.15348000">
      <ele>2168.000</ele>
    </trkpt>
    <trkpt lat="46.66568200" lon="8.15348000">
      <ele>2168.000</ele>
    </trkpt>
    <trkpt lat="46.66568200" lon="8.15348000">
      <ele>2168.000</ele>
    </trkpt>
    <trkpt lat="46.66567000" lon="8.15345500">
      <ele>2212.000</ele>
    </trkpt>
    <trkpt lat="46.66567000" lon="8.15346200">
      <ele>2212.000</ele>
    </trkpt>
    <trkpt lat="46.66567000" lon="8.15346200">
      <ele>2212.000</ele>
    </trkpt>
    <trkpt lat="46.66567000" lon="8.15344900">
      <ele>2212.000</ele>
    </trkpt>
    <trkpt lat="46.66567000" lon="8.15344400">
      <ele>2212.000</ele>
    </trkpt>
    <trkpt lat="46.66567600" lon="8.15343300">
      <ele>2212.000</ele>
    </trkpt>
    <trkpt lat="46.66567700" lon="8.15342800">
      <ele>2212.000</ele>
    </trkpt>
    <trkpt lat="46.66567900" lon="8.15341500">
      <ele>2212.000</ele>
    </trkpt>
    <trkpt lat="46.66568600" lon="8.15340500">
      <ele>2212.000</ele>
    </trkpt>
    <trkpt lat="46.66568400" lon="8.15340600">
      <ele>2212.000</ele>
    </trkpt>
    <trkpt lat="46.66568400" lon="8.15340600">
      <ele>2212.000</ele>
    </trkpt>
    <trkpt lat="46.66568400" lon="8.15340600">
      <ele>2212.000</ele>
    </trkpt>
    <trkpt lat="46.66568400" lon="8.15340600">
      <ele>2212.000</ele>
    </trkpt>
    <trkpt lat="46.66568400" lon="8.15340600">
      <ele>2212.000</ele>
    </trkpt>
    <trkpt lat="46.66568400" lon="8.15340600">
      <ele>2212.000</ele>
    </trkpt>
    <trkpt lat="46.66568400" lon="8.15340600">
      <ele>2212.000</ele>
    </trkpt>
    <trkpt lat="46.66568400" lon="8.15340600">
      <ele>2212.000</ele>
    </trkpt>
    <trkpt lat="46.66568400" lon="8.15340600">
      <ele>2212.000</ele>
    </trkpt>
    <trkpt lat="46.66568400" lon="8.15340600">
      <ele>2212.000</ele>
    </trkpt>
    <trkpt lat="46.66568400" lon="8.15340600">
      <ele>2212.000</ele>
    </trkpt>
    <trkpt lat="46.66568200" lon="8.15339800">
      <ele>2212.000</ele>
    </trkpt>
    <trkpt lat="46.66568400" lon="8.15340600">
      <ele>2212.000</ele>
    </trkpt>
    <trkpt lat="46.66568400" lon="8.15340600">
      <ele>2212.000</ele>
    </trkpt>
    <trkpt lat="46.66568400" lon="8.15340600">
      <ele>2212.000</ele>
    </trkpt>
    <trkpt lat="46.66568400" lon="8.15340600">
      <ele>2212.000</ele>
    </trkpt>
    <trkpt lat="46.66568400" lon="8.15340600">
      <ele>2212.000</ele>
    </trkpt>
    <trkpt lat="46.66568400" lon="8.15340600">
      <ele>2212.000</ele>
    </trkpt>
    <trkpt lat="46.66568400" lon="8.15340600">
      <ele>2212.000</ele>
    </trkpt>
    <trkpt lat="46.66568400" lon="8.15340600">
      <ele>2212.000</ele>
    </trkpt>
    <trkpt lat="46.66568400" lon="8.15340600">
      <ele>2212.000</ele>
    </trkpt>
    <trkpt lat="46.66568400" lon="8.15340600">
      <ele>2212.000</ele>
    </trkpt>
    <trkpt lat="46.66568400" lon="8.15340600">
      <ele>2212.000</ele>
    </trkpt>
    <trkpt lat="46.66568400" lon="8.15340600">
      <ele>2212.000</ele>
    </trkpt>
    <trkpt lat="46.66568400" lon="8.15340600">
      <ele>2212.000</ele>
    </trkpt>
    <trkpt lat="46.66568400" lon="8.15340600">
      <ele>2212.000</ele>
    </trkpt>
    <trkpt lat="46.66568400" lon="8.15340600">
      <ele>2212.000</ele>
    </trkpt>
    <trkpt lat="46.66568600" lon="8.15339800">
      <ele>2212.000</ele>
    </trkpt>
    <trkpt lat="46.66568700" lon="8.15339800">
      <ele>2212.000</ele>
    </trkpt>
    <trkpt lat="46.66568400" lon="8.15340600">
      <ele>2212.000</ele>
    </trkpt>
    <trkpt lat="46.66568400" lon="8.15340600">
      <ele>2212.000</ele>
    </trkpt>
    <trkpt lat="46.66568400" lon="8.15340600">
      <ele>2212.000</ele>
    </trkpt>
    <trkpt lat="46.66568400" lon="8.15340600">
      <ele>2212.000</ele>
    </trkpt>
    <trkpt lat="46.66568400" lon="8.15340600">
      <ele>2212.000</ele>
    </trkpt>
    <trkpt lat="46.66568400" lon="8.15340600">
      <ele>2212.000</ele>
    </trkpt>
    <trkpt lat="46.66568400" lon="8.15340600">
      <ele>2212.000</ele>
    </trkpt>
    <trkpt lat="46.66568400" lon="8.15340600">
      <ele>2212.000</ele>
    </trkpt>
    <trkpt lat="46.66568400" lon="8.15340600">
      <ele>2212.000</ele>
    </trkpt>
    <trkpt lat="46.66568400" lon="8.15340600">
      <ele>2212.000</ele>
    </trkpt>
    <trkpt lat="46.66568400" lon="8.15340600">
      <ele>2212.000</ele>
    </trkpt>
    <trkpt lat="46.66568400" lon="8.15340600">
      <ele>2212.000</ele>
    </trkpt>
    <trkpt lat="46.66568400" lon="8.15340600">
      <ele>2212.000</ele>
    </trkpt>
    <trkpt lat="46.66568400" lon="8.15340600">
      <ele>2212.000</ele>
    </trkpt>
    <trkpt lat="46.66568400" lon="8.15340600">
      <ele>2212.000</ele>
    </trkpt>
    <trkpt lat="46.66568400" lon="8.15340600">
      <ele>2212.000</ele>
    </trkpt>
    <trkpt lat="46.66568400" lon="8.15340600">
      <ele>2212.000</ele>
    </trkpt>
    <trkpt lat="46.66568400" lon="8.15340600">
      <ele>2212.000</ele>
    </trkpt>
    <trkpt lat="46.66568500" lon="8.15340000">
      <ele>2212.000</ele>
    </trkpt>
    <trkpt lat="46.66568200" lon="8.15339300">
      <ele>2212.000</ele>
    </trkpt>
    <trkpt lat="46.66568100" lon="8.15338300">
      <ele>2212.000</ele>
    </trkpt>
    <trkpt lat="46.66567700" lon="8.15337700">
      <ele>2212.000</ele>
    </trkpt>
    <trkpt lat="46.66567600" lon="8.15337500">
      <ele>2212.000</ele>
    </trkpt>
    <trkpt lat="46.66567600" lon="8.15337500">
      <ele>2212.000</ele>
    </trkpt>
    <trkpt lat="46.66567600" lon="8.15337500">
      <ele>2212.000</ele>
    </trkpt>
    <trkpt lat="46.66567600" lon="8.15337500">
      <ele>2212.000</ele>
    </trkpt>
    <trkpt lat="46.66567700" lon="8.15336200">
      <ele>2212.000</ele>
    </trkpt>
    <trkpt lat="46.66567700" lon="8.15335600">
      <ele>2212.000</ele>
    </trkpt>
    <trkpt lat="46.66567800" lon="8.15335000">
      <ele>2212.000</ele>
    </trkpt>
    <trkpt lat="46.66567800" lon="8.15335000">
      <ele>2212.000</ele>
    </trkpt>
    <trkpt lat="46.66567800" lon="8.15335000">
      <ele>2212.000</ele>
    </trkpt>
    <trkpt lat="46.66567800" lon="8.15335000">
      <ele>2212.000</ele>
    </trkpt>
    <trkpt lat="46.66567800" lon="8.15335000">
      <ele>2212.000</ele>
    </trkpt>
    <trkpt lat="46.66567800" lon="8.15335000">
      <ele>2212.000</ele>
    </trkpt>
    <trkpt lat="46.66567500" lon="8.15335800">
      <ele>2212.000</ele>
    </trkpt>
    <trkpt lat="46.66566900" lon="8.15336100">
      <ele>2212.000</ele>
    </trkpt>
    <trkpt lat="46.66566900" lon="8.15335600">
      <ele>2212.000</ele>
    </trkpt>
    <trkpt lat="46.66567100" lon="8.15335200">
      <ele>2212.000</ele>
    </trkpt>
    <trkpt lat="46.66568800" lon="8.15334900">
      <ele>2212.000</ele>
    </trkpt>
    <trkpt lat="46.66567800" lon="8.15335000">
      <ele>2212.000</ele>
    </trkpt>
    <trkpt lat="46.66569200" lon="8.15334600">
      <ele>2212.000</ele>
    </trkpt>
    <trkpt lat="46.66568900" lon="8.15335500">
      <ele>2212.000</ele>
    </trkpt>
    <trkpt lat="46.66569200" lon="8.15334600">
      <ele>2212.000</ele>
    </trkpt>
    <trkpt lat="46.66569400" lon="8.15335500">
      <ele>2212.000</ele>
    </trkpt>
    <trkpt lat="46.66568800" lon="8.15336600">
      <ele>2212.000</ele>
    </trkpt>
    <trkpt lat="46.66568000" lon="8.15337500">
      <ele>2212.000</ele>
    </trkpt>
    <trkpt lat="46.66567500" lon="8.15337300">
      <ele>2212.000</ele>
    </trkpt>
    <trkpt lat="46.66567300" lon="8.15337500">
      <ele>2212.000</ele>
    </trkpt>
    <trkpt lat="46.66568000" lon="8.15337400">
      <ele>2212.000</ele>
    </trkpt>
    <trkpt lat="46.66568000" lon="8.15337400">
      <ele>2212.000</ele>
    </trkpt>
    <trkpt lat="46.66568000" lon="8.15337400">
      <ele>2212.000</ele>
    </trkpt>
    <trkpt lat="46.66568000" lon="8.15337400">
      <ele>2212.000</ele>
    </trkpt>
    <trkpt lat="46.66567400" lon="8.15340700">
      <ele>2212.000</ele>
    </trkpt>
    <trkpt lat="46.66567500" lon="8.15341200">
      <ele>2212.000</ele>
    </trkpt>
    <trkpt lat="46.66567400" lon="8.15341800">
      <ele>2212.000</ele>
    </trkpt>
    <trkpt lat="46.66567500" lon="8.15341200">
      <ele>2212.000</ele>
    </trkpt>
    <trkpt lat="46.66566900" lon="8.15343400">
      <ele>2212.000</ele>
    </trkpt>
    <trkpt lat="46.66566600" lon="8.15344300">
      <ele>2212.000</ele>
    </trkpt>
    <trkpt lat="46.66565700" lon="8.15343500">
      <ele>2212.000</ele>
    </trkpt>
    <trkpt lat="46.66565300" lon="8.15343800">
      <ele>2212.000</ele>
    </trkpt>
    <trkpt lat="46.66565000" lon="8.15343900">
      <ele>2212.000</ele>
    </trkpt>
    <trkpt lat="46.66565300" lon="8.15343800">
      <ele>2212.000</ele>
    </trkpt>
    <trkpt lat="46.66563500" lon="8.15343300">
      <ele>2212.000</ele>
    </trkpt>
    <trkpt lat="46.66562900" lon="8.15342900">
      <ele>2212.000</ele>
    </trkpt>
    <trkpt lat="46.66561900" lon="8.15342500">
      <ele>2212.000</ele>
    </trkpt>
    <trkpt lat="46.66561600" lon="8.15342000">
      <ele>2212.000</ele>
    </trkpt>
    <trkpt lat="46.66561600" lon="8.15341900">
      <ele>2212.000</ele>
    </trkpt>
    <trkpt lat="46.66561600" lon="8.15342000">
      <ele>2212.000</ele>
    </trkpt>
    <trkpt lat="46.66561600" lon="8.15342000">
      <ele>2212.000</ele>
    </trkpt>
    <trkpt lat="46.66561600" lon="8.15342000">
      <ele>2212.000</ele>
    </trkpt>
    <trkpt lat="46.66561600" lon="8.15342000">
      <ele>2212.000</ele>
    </trkpt>
    <trkpt lat="46.66561600" lon="8.15342000">
      <ele>2212.000</ele>
    </trkpt>
    <trkpt lat="46.66561600" lon="8.15342000">
      <ele>2212.000</ele>
    </trkpt>
    <trkpt lat="46.66561900" lon="8.15341800">
      <ele>2212.000</ele>
    </trkpt>
    <trkpt lat="46.66561600" lon="8.15342000">
      <ele>2212.000</ele>
    </trkpt>
    <trkpt lat="46.66561600" lon="8.15342000">
      <ele>2212.000</ele>
    </trkpt>
    <trkpt lat="46.66561000" lon="8.15342300">
      <ele>2212.000</ele>
    </trkpt>
    <trkpt lat="46.66560200" lon="8.15342200">
      <ele>2212.000</ele>
    </trkpt>
    <trkpt lat="46.66561600" lon="8.15342000">
      <ele>2212.000</ele>
    </trkpt>
    <trkpt lat="46.66561600" lon="8.15342000">
      <ele>2212.000</ele>
    </trkpt>
    <trkpt lat="46.66561600" lon="8.15342000">
      <ele>2212.000</ele>
    </trkpt>
    <trkpt lat="46.66560100" lon="8.15342800">
      <ele>2212.000</ele>
    </trkpt>
    <trkpt lat="46.66560100" lon="8.15342800">
      <ele>2212.000</ele>
    </trkpt>
    <trkpt lat="46.66560100" lon="8.15342800">
      <ele>2212.000</ele>
    </trkpt>
    <trkpt lat="46.66557400" lon="8.15344000">
      <ele>2212.000</ele>
    </trkpt>
    <trkpt lat="46.66555900" lon="8.15341900">
      <ele>2212.000</ele>
    </trkpt>
    <trkpt lat="46.66555200" lon="8.15340900">
      <ele>2212.000</ele>
    </trkpt>
    <trkpt lat="46.66555100" lon="8.15339900">
      <ele>2212.000</ele>
    </trkpt>
    <trkpt lat="46.66554800" lon="8.15340400">
      <ele>2212.000</ele>
    </trkpt>
    <trkpt lat="46.66554500" lon="8.15341400">
      <ele>2212.000</ele>
    </trkpt>
    <trkpt lat="46.66554100" lon="8.15341900">
      <ele>2212.000</ele>
    </trkpt>
    <trkpt lat="46.66552800" lon="8.15339800">
      <ele>2212.000</ele>
    </trkpt>
    <trkpt lat="46.66552800" lon="8.15339900">
      <ele>2212.000</ele>
    </trkpt>
    <trkpt lat="46.66553200" lon="8.15339200">
      <ele>2212.000</ele>
    </trkpt>
    <trkpt lat="46.66553100" lon="8.15339800">
      <ele>2212.000</ele>
    </trkpt>
    <trkpt lat="46.66552300" lon="8.15338900">
      <ele>2212.000</ele>
    </trkpt>
    <trkpt lat="46.66551000" lon="8.15338600">
      <ele>2212.000</ele>
    </trkpt>
    <trkpt lat="46.66550800" lon="8.15338200">
      <ele>2212.000</ele>
    </trkpt>
    <trkpt lat="46.66550200" lon="8.15337800">
      <ele>2212.000</ele>
    </trkpt>
    <trkpt lat="46.66550100" lon="8.15336700">
      <ele>2212.000</ele>
    </trkpt>
    <trkpt lat="46.66550200" lon="8.15335000">
      <ele>2212.000</ele>
    </trkpt>
    <trkpt lat="46.66550200" lon="8.15335000">
      <ele>2212.000</ele>
    </trkpt>
    <trkpt lat="46.66550200" lon="8.15335000">
      <ele>2212.000</ele>
    </trkpt>
    <trkpt lat="46.66550700" lon="8.15333500">
      <ele>2212.000</ele>
    </trkpt>
    <trkpt lat="46.66551100" lon="8.15332600">
      <ele>2212.000</ele>
    </trkpt>
    <trkpt lat="46.66551100" lon="8.15332200">
      <ele>2212.000</ele>
    </trkpt>
    <trkpt lat="46.66551100" lon="8.15332100">
      <ele>2212.000</ele>
    </trkpt>
    <trkpt lat="46.66551100" lon="8.15332000">
      <ele>2212.000</ele>
    </trkpt>
    <trkpt lat="46.66551800" lon="8.15330000">
      <ele>2212.000</ele>
    </trkpt>
    <trkpt lat="46.66552400" lon="8.15328900">
      <ele>2212.000</ele>
    </trkpt>
    <trkpt lat="46.66551700" lon="8.15329200">
      <ele>2212.000</ele>
    </trkpt>
    <trkpt lat="46.66551600" lon="8.15330700">
      <ele>2212.000</ele>
    </trkpt>
    <trkpt lat="46.66551600" lon="8.15330700">
      <ele>2212.000</ele>
    </trkpt>
    <trkpt lat="46.66551600" lon="8.15330800">
      <ele>2212.000</ele>
    </trkpt>
    <trkpt lat="46.66551600" lon="8.15330700">
      <ele>2212.000</ele>
    </trkpt>
    <trkpt lat="46.66551600" lon="8.15330700">
      <ele>2212.000</ele>
    </trkpt>
    <trkpt lat="46.66551600" lon="8.15330700">
      <ele>2212.000</ele>
    </trkpt>
    <trkpt lat="46.66551600" lon="8.15330700">
      <ele>2212.000</ele>
    </trkpt>
    <trkpt lat="46.66551600" lon="8.15330700">
      <ele>2212.000</ele>
    </trkpt>
    <trkpt lat="46.66551600" lon="8.15330700">
      <ele>2212.000</ele>
    </trkpt>
    <trkpt lat="46.66551600" lon="8.15330700">
      <ele>2212.000</ele>
    </trkpt>
    <trkpt lat="46.66551600" lon="8.15330700">
      <ele>2212.000</ele>
    </trkpt>
    <trkpt lat="46.66551700" lon="8.15331400">
      <ele>2212.000</ele>
    </trkpt>
    <trkpt lat="46.66551400" lon="8.15331600">
      <ele>2212.000</ele>
    </trkpt>
    <trkpt lat="46.66551900" lon="8.15332300">
      <ele>2212.000</ele>
    </trkpt>
    <trkpt lat="46.66551300" lon="8.15333400">
      <ele>2212.000</ele>
    </trkpt>
    <trkpt lat="46.66551400" lon="8.15333600">
      <ele>2212.000</ele>
    </trkpt>
    <trkpt lat="46.66551200" lon="8.15333600">
      <ele>2212.000</ele>
    </trkpt>
    <trkpt lat="46.66550900" lon="8.15333300">
      <ele>2212.000</ele>
    </trkpt>
    <trkpt lat="46.66550900" lon="8.15334400">
      <ele>2212.000</ele>
    </trkpt>
    <trkpt lat="46.66550900" lon="8.15334400">
      <ele>2212.000</ele>
    </trkpt>
    <trkpt lat="46.66550900" lon="8.15334400">
      <ele>2212.000</ele>
    </trkpt>
    <trkpt lat="46.66550900" lon="8.15334400">
      <ele>2212.000</ele>
    </trkpt>
    <trkpt lat="46.66550900" lon="8.15334400">
      <ele>2212.000</ele>
    </trkpt>
    <trkpt lat="46.66550900" lon="8.15334400">
      <ele>2212.000</ele>
    </trkpt>
    <trkpt lat="46.66550900" lon="8.15334400">
      <ele>2212.000</ele>
    </trkpt>
    <trkpt lat="46.66550900" lon="8.15334400">
      <ele>2212.000</ele>
    </trkpt>
    <trkpt lat="46.66550900" lon="8.15334400">
      <ele>2212.000</ele>
    </trkpt>
    <trkpt lat="46.66550600" lon="8.15333900">
      <ele>2212.000</ele>
    </trkpt>
    <trkpt lat="46.66550800" lon="8.15334300">
      <ele>2212.000</ele>
    </trkpt>
    <trkpt lat="46.66550900" lon="8.15334400">
      <ele>2212.000</ele>
    </trkpt>
    <trkpt lat="46.66550900" lon="8.15334400">
      <ele>2212.000</ele>
    </trkpt>
    <trkpt lat="46.66550900" lon="8.15334400">
      <ele>2212.000</ele>
    </trkpt>
    <trkpt lat="46.66550900" lon="8.15334400">
      <ele>2212.000</ele>
    </trkpt>
    <trkpt lat="46.66550900" lon="8.15334400">
      <ele>2212.000</ele>
    </trkpt>
    <trkpt lat="46.66550900" lon="8.15334400">
      <ele>2212.000</ele>
    </trkpt>
    <trkpt lat="46.66550900" lon="8.15334400">
      <ele>2212.000</ele>
    </trkpt>
    <trkpt lat="46.66550900" lon="8.15334400">
      <ele>2212.000</ele>
    </trkpt>
    <trkpt lat="46.66550900" lon="8.15334400">
      <ele>2212.000</ele>
    </trkpt>
    <trkpt lat="46.66550900" lon="8.15334400">
      <ele>2212.000</ele>
    </trkpt>
    <trkpt lat="46.66550900" lon="8.15334400">
      <ele>2212.000</ele>
    </trkpt>
    <trkpt lat="46.66550900" lon="8.15334400">
      <ele>2212.000</ele>
    </trkpt>
    <trkpt lat="46.66550900" lon="8.15334400">
      <ele>2212.000</ele>
    </trkpt>
    <trkpt lat="46.66550900" lon="8.15334400">
      <ele>2212.000</ele>
    </trkpt>
    <trkpt lat="46.66550900" lon="8.15334400">
      <ele>2212.000</ele>
    </trkpt>
    <trkpt lat="46.66550900" lon="8.15334400">
      <ele>2212.000</ele>
    </trkpt>
    <trkpt lat="46.66550900" lon="8.15334400">
      <ele>2212.000</ele>
    </trkpt>
    <trkpt lat="46.66550900" lon="8.15334400">
      <ele>2212.000</ele>
    </trkpt>
    <trkpt lat="46.66550900" lon="8.15334400">
      <ele>2212.000</ele>
    </trkpt>
    <trkpt lat="46.66550900" lon="8.15334400">
      <ele>2212.000</ele>
    </trkpt>
    <trkpt lat="46.66550900" lon="8.15334400">
      <ele>2212.000</ele>
    </trkpt>
    <trkpt lat="46.66550900" lon="8.15334400">
      <ele>2212.000</ele>
    </trkpt>
    <trkpt lat="46.66550900" lon="8.15334400">
      <ele>2212.000</ele>
    </trkpt>
    <trkpt lat="46.66550900" lon="8.15334400">
      <ele>2212.000</ele>
    </trkpt>
    <trkpt lat="46.66550900" lon="8.15334400">
      <ele>2212.000</ele>
    </trkpt>
    <trkpt lat="46.66550900" lon="8.15334400">
      <ele>2212.000</ele>
    </trkpt>
    <trkpt lat="46.66550900" lon="8.15334400">
      <ele>2212.000</ele>
    </trkpt>
    <trkpt lat="46.66550900" lon="8.15334400">
      <ele>2212.000</ele>
    </trkpt>
    <trkpt lat="46.66550900" lon="8.15334400">
      <ele>2212.000</ele>
    </trkpt>
    <trkpt lat="46.66550800" lon="8.15334300">
      <ele>2212.000</ele>
    </trkpt>
    <trkpt lat="46.66549800" lon="8.15334000">
      <ele>2212.000</ele>
    </trkpt>
    <trkpt lat="46.66550000" lon="8.15333800">
      <ele>2212.000</ele>
    </trkpt>
    <trkpt lat="46.66549500" lon="8.15333300">
      <ele>2212.000</ele>
    </trkpt>
    <trkpt lat="46.66549500" lon="8.15333300">
      <ele>2212.000</ele>
    </trkpt>
    <trkpt lat="46.66549500" lon="8.15333300">
      <ele>2212.000</ele>
    </trkpt>
    <trkpt lat="46.66549500" lon="8.15333300">
      <ele>2212.000</ele>
    </trkpt>
    <trkpt lat="46.66549500" lon="8.15333300">
      <ele>2212.000</ele>
    </trkpt>
    <trkpt lat="46.66549400" lon="8.15333700">
      <ele>2212.000</ele>
    </trkpt>
    <trkpt lat="46.66549500" lon="8.15333300">
      <ele>2212.000</ele>
    </trkpt>
    <trkpt lat="46.66549500" lon="8.15333300">
      <ele>2212.000</ele>
    </trkpt>
    <trkpt lat="46.66549500" lon="8.15333300">
      <ele>2212.000</ele>
    </trkpt>
    <trkpt lat="46.66549500" lon="8.15333300">
      <ele>2212.000</ele>
    </trkpt>
    <trkpt lat="46.66549500" lon="8.15333300">
      <ele>2212.000</ele>
    </trkpt>
    <trkpt lat="46.66549500" lon="8.15333300">
      <ele>2212.000</ele>
    </trkpt>
    <trkpt lat="46.66549500" lon="8.15333300">
      <ele>2212.000</ele>
    </trkpt>
    <trkpt lat="46.66549500" lon="8.15333300">
      <ele>2212.000</ele>
    </trkpt>
    <trkpt lat="46.66549500" lon="8.15333300">
      <ele>2212.000</ele>
    </trkpt>
    <trkpt lat="46.66549500" lon="8.15333300">
      <ele>2212.000</ele>
    </trkpt>
    <trkpt lat="46.66549500" lon="8.15333300">
      <ele>2212.000</ele>
    </trkpt>
    <trkpt lat="46.66549500" lon="8.15333300">
      <ele>2212.000</ele>
    </trkpt>
    <trkpt lat="46.66549500" lon="8.15333300">
      <ele>2212.000</ele>
    </trkpt>
    <trkpt lat="46.66549500" lon="8.15333300">
      <ele>2212.000</ele>
    </trkpt>
    <trkpt lat="46.66549500" lon="8.15333300">
      <ele>2212.000</ele>
    </trkpt>
    <trkpt lat="46.66549500" lon="8.15333300">
      <ele>2212.000</ele>
    </trkpt>
    <trkpt lat="46.66549500" lon="8.15333300">
      <ele>2212.000</ele>
    </trkpt>
    <trkpt lat="46.66549500" lon="8.15333300">
      <ele>2212.000</ele>
    </trkpt>
    <trkpt lat="46.66549500" lon="8.15333300">
      <ele>2212.000</ele>
    </trkpt>
    <trkpt lat="46.66549500" lon="8.15333300">
      <ele>2212.000</ele>
    </trkpt>
    <trkpt lat="46.66549500" lon="8.15333300">
      <ele>2212.000</ele>
    </trkpt>
    <trkpt lat="46.66549500" lon="8.15333300">
      <ele>2212.000</ele>
    </trkpt>
    <trkpt lat="46.66549500" lon="8.15333300">
      <ele>2212.000</ele>
    </trkpt>
    <trkpt lat="46.66549500" lon="8.15333300">
      <ele>2212.000</ele>
    </trkpt>
    <trkpt lat="46.66549500" lon="8.15333300">
      <ele>2212.000</ele>
    </trkpt>
    <trkpt lat="46.66549500" lon="8.15333300">
      <ele>2212.000</ele>
    </trkpt>
    <trkpt lat="46.66549500" lon="8.15333300">
      <ele>2212.000</ele>
    </trkpt>
    <trkpt lat="46.66549500" lon="8.15333300">
      <ele>2212.000</ele>
    </trkpt>
    <trkpt lat="46.66549500" lon="8.15333300">
      <ele>2212.000</ele>
    </trkpt>
    <trkpt lat="46.66549500" lon="8.15333300">
      <ele>2212.000</ele>
    </trkpt>
    <trkpt lat="46.66549500" lon="8.15333300">
      <ele>2212.000</ele>
    </trkpt>
    <trkpt lat="46.66549500" lon="8.15333300">
      <ele>2212.000</ele>
    </trkpt>
    <trkpt lat="46.66549500" lon="8.15333300">
      <ele>2212.000</ele>
    </trkpt>
    <trkpt lat="46.66549500" lon="8.15333300">
      <ele>2212.000</ele>
    </trkpt>
    <trkpt lat="46.66549500" lon="8.15333300">
      <ele>2212.000</ele>
    </trkpt>
    <trkpt lat="46.66549500" lon="8.15333300">
      <ele>2212.000</ele>
    </trkpt>
    <trkpt lat="46.66549500" lon="8.15333300">
      <ele>2212.000</ele>
    </trkpt>
    <trkpt lat="46.66549500" lon="8.15333300">
      <ele>2212.000</ele>
    </trkpt>
    <trkpt lat="46.66549500" lon="8.15333300">
      <ele>2212.000</ele>
    </trkpt>
    <trkpt lat="46.66550600" lon="8.15334100">
      <ele>2212.000</ele>
    </trkpt>
    <trkpt lat="46.66549500" lon="8.15333300">
      <ele>2212.000</ele>
    </trkpt>
    <trkpt lat="46.66549500" lon="8.15333300">
      <ele>2212.000</ele>
    </trkpt>
    <trkpt lat="46.66550400" lon="8.15333200">
      <ele>2212.000</ele>
    </trkpt>
    <trkpt lat="46.66550300" lon="8.15333600">
      <ele>2212.000</ele>
    </trkpt>
    <trkpt lat="46.66549500" lon="8.15333300">
      <ele>2212.000</ele>
    </trkpt>
    <trkpt lat="46.66549500" lon="8.15333300">
      <ele>2212.000</ele>
    </trkpt>
    <trkpt lat="46.66549500" lon="8.15333300">
      <ele>2212.000</ele>
    </trkpt>
    <trkpt lat="46.66549500" lon="8.15333300">
      <ele>2212.000</ele>
    </trkpt>
    <trkpt lat="46.66549500" lon="8.15333300">
      <ele>2212.000</ele>
    </trkpt>
    <trkpt lat="46.66550600" lon="8.15333200">
      <ele>2212.000</ele>
    </trkpt>
    <trkpt lat="46.66550900" lon="8.15332100">
      <ele>2212.000</ele>
    </trkpt>
    <trkpt lat="46.66552200" lon="8.15330300">
      <ele>2212.000</ele>
    </trkpt>
    <trkpt lat="46.66551700" lon="8.15330700">
      <ele>2212.000</ele>
    </trkpt>
    <trkpt lat="46.66549500" lon="8.15333300">
      <ele>2212.000</ele>
    </trkpt>
    <trkpt lat="46.66549500" lon="8.15333300">
      <ele>2212.000</ele>
    </trkpt>
    <trkpt lat="46.66550000" lon="8.15333400">
      <ele>2212.000</ele>
    </trkpt>
    <trkpt lat="46.66549200" lon="8.15333000">
      <ele>2212.000</ele>
    </trkpt>
    <trkpt lat="46.66548900" lon="8.15333800">
      <ele>2212.000</ele>
    </trkpt>
    <trkpt lat="46.66549500" lon="8.15333300">
      <ele>2212.000</ele>
    </trkpt>
    <trkpt lat="46.66549500" lon="8.15333300">
      <ele>2212.000</ele>
    </trkpt>
    <trkpt lat="46.66547600" lon="8.15330200">
      <ele>2212.000</ele>
    </trkpt>
    <trkpt lat="46.66547400" lon="8.15330500">
      <ele>2212.000</ele>
    </trkpt>
    <trkpt lat="46.66547400" lon="8.15330700">
      <ele>2212.000</ele>
    </trkpt>
    <trkpt lat="46.66547400" lon="8.15330700">
      <ele>2212.000</ele>
    </trkpt>
    <trkpt lat="46.66547400" lon="8.15331500">
      <ele>2212.000</ele>
    </trkpt>
    <trkpt lat="46.66547600" lon="8.15331400">
      <ele>2212.000</ele>
    </trkpt>
    <trkpt lat="46.66546200" lon="8.15331000">
      <ele>2212.000</ele>
    </trkpt>
    <trkpt lat="46.66547400" lon="8.15330700">
      <ele>2212.000</ele>
    </trkpt>
    <trkpt lat="46.66545800" lon="8.15331400">
      <ele>2212.000</ele>
    </trkpt>
    <trkpt lat="46.66545800" lon="8.15331400">
      <ele>2212.000</ele>
    </trkpt>
    <trkpt lat="46.66545800" lon="8.15331400">
      <ele>2212.000</ele>
    </trkpt>
    <trkpt lat="46.66545500" lon="8.15331500">
      <ele>2212.000</ele>
    </trkpt>
    <trkpt lat="46.66545800" lon="8.15331400">
      <ele>2212.000</ele>
    </trkpt>
    <trkpt lat="46.66545000" lon="8.15331800">
      <ele>2212.000</ele>
    </trkpt>
    <trkpt lat="46.66545800" lon="8.15331400">
      <ele>2212.000</ele>
    </trkpt>
    <trkpt lat="46.66545800" lon="8.15331400">
      <ele>2212.000</ele>
    </trkpt>
    <trkpt lat="46.66545200" lon="8.15331300">
      <ele>2212.000</ele>
    </trkpt>
    <trkpt lat="46.66544400" lon="8.15330500">
      <ele>2212.000</ele>
    </trkpt>
    <trkpt lat="46.66544100" lon="8.15329800">
      <ele>2212.000</ele>
    </trkpt>
    <trkpt lat="46.66543300" lon="8.15329300">
      <ele>2212.000</ele>
    </trkpt>
    <trkpt lat="46.66543400" lon="8.15329300">
      <ele>2212.000</ele>
    </trkpt>
    <trkpt lat="46.66543400" lon="8.15329300">
      <ele>2212.000</ele>
    </trkpt>
    <trkpt lat="46.66543400" lon="8.15329300">
      <ele>2212.000</ele>
    </trkpt>
    <trkpt lat="46.66543400" lon="8.15329300">
      <ele>2212.000</ele>
    </trkpt>
    <trkpt lat="46.66543400" lon="8.15329300">
      <ele>2212.000</ele>
    </trkpt>
    <trkpt lat="46.66543400" lon="8.15329300">
      <ele>2212.000</ele>
    </trkpt>
    <trkpt lat="46.66543400" lon="8.15329300">
      <ele>2212.000</ele>
    </trkpt>
    <trkpt lat="46.66543400" lon="8.15329300">
      <ele>2212.000</ele>
    </trkpt>
    <trkpt lat="46.66544000" lon="8.15329200">
      <ele>2212.000</ele>
    </trkpt>
    <trkpt lat="46.66543400" lon="8.15329300">
      <ele>2212.000</ele>
    </trkpt>
    <trkpt lat="46.66544200" lon="8.15328800">
      <ele>2212.000</ele>
    </trkpt>
    <trkpt lat="46.66544300" lon="8.15328100">
      <ele>2212.000</ele>
    </trkpt>
    <trkpt lat="46.66545300" lon="8.15322800">
      <ele>2212.000</ele>
    </trkpt>
    <trkpt lat="46.66545500" lon="8.15322600">
      <ele>2212.000</ele>
    </trkpt>
    <trkpt lat="46.66545400" lon="8.15323100">
      <ele>2212.000</ele>
    </trkpt>
    <trkpt lat="46.66545700" lon="8.15324000">
      <ele>2212.000</ele>
    </trkpt>
    <trkpt lat="46.66545700" lon="8.15324000">
      <ele>2212.000</ele>
    </trkpt>
    <trkpt lat="46.66545300" lon="8.15325000">
      <ele>2212.000</ele>
    </trkpt>
    <trkpt lat="46.66543800" lon="8.15324200">
      <ele>2212.000</ele>
    </trkpt>
    <trkpt lat="46.66544300" lon="8.15323800">
      <ele>2212.000</ele>
    </trkpt>
    <trkpt lat="46.66544200" lon="8.15324100">
      <ele>2212.000</ele>
    </trkpt>
    <trkpt lat="46.66542700" lon="8.15323700">
      <ele>2212.000</ele>
    </trkpt>
    <trkpt lat="46.66542700" lon="8.15323800">
      <ele>2212.000</ele>
    </trkpt>
    <trkpt lat="46.66542700" lon="8.15323800">
      <ele>2212.000</ele>
    </trkpt>
    <trkpt lat="46.66542600" lon="8.15323600">
      <ele>2212.000</ele>
    </trkpt>
    <trkpt lat="46.66542700" lon="8.15323800">
      <ele>2212.000</ele>
    </trkpt>
    <trkpt lat="46.66542700" lon="8.15323800">
      <ele>2212.000</ele>
    </trkpt>
    <trkpt lat="46.66542700" lon="8.15323800">
      <ele>2212.000</ele>
    </trkpt>
    <trkpt lat="46.66541200" lon="8.15323000">
      <ele>2210.000</ele>
    </trkpt>
    <trkpt lat="46.66541000" lon="8.15323000">
      <ele>2210.000</ele>
    </trkpt>
    <trkpt lat="46.66541000" lon="8.15323000">
      <ele>2210.000</ele>
    </trkpt>
    <trkpt lat="46.66541000" lon="8.15323000">
      <ele>2210.000</ele>
    </trkpt>
    <trkpt lat="46.66541000" lon="8.15323000">
      <ele>2210.000</ele>
    </trkpt>
    <trkpt lat="46.66541000" lon="8.15323000">
      <ele>2210.000</ele>
    </trkpt>
    <trkpt lat="46.66541000" lon="8.15323000">
      <ele>2210.000</ele>
    </trkpt>
    <trkpt lat="46.66539900" lon="8.15324300">
      <ele>2210.000</ele>
    </trkpt>
    <trkpt lat="46.66539900" lon="8.15324200">
      <ele>2210.000</ele>
    </trkpt>
    <trkpt lat="46.66539900" lon="8.15324200">
      <ele>2210.000</ele>
    </trkpt>
    <trkpt lat="46.66538500" lon="8.15323900">
      <ele>2210.000</ele>
    </trkpt>
    <trkpt lat="46.66538500" lon="8.15323900">
      <ele>2210.000</ele>
    </trkpt>
    <trkpt lat="46.66536600" lon="8.15326500">
      <ele>2210.000</ele>
    </trkpt>
    <trkpt lat="46.66536600" lon="8.15327300">
      <ele>2210.000</ele>
    </trkpt>
    <trkpt lat="46.66536800" lon="8.15327300">
      <ele>2210.000</ele>
    </trkpt>
    <trkpt lat="46.66536900" lon="8.15327900">
      <ele>2210.000</ele>
    </trkpt>
    <trkpt lat="46.66535300" lon="8.15328500">
      <ele>2210.000</ele>
    </trkpt>
    <trkpt lat="46.66535200" lon="8.15329900">
      <ele>2210.000</ele>
    </trkpt>
    <trkpt lat="46.66534000" lon="8.15330800">
      <ele>2210.000</ele>
    </trkpt>
    <trkpt lat="46.66533900" lon="8.15331000">
      <ele>2210.000</ele>
    </trkpt>
    <trkpt lat="46.66534100" lon="8.15330700">
      <ele>2210.000</ele>
    </trkpt>
    <trkpt lat="46.66533300" lon="8.15330700">
      <ele>2210.000</ele>
    </trkpt>
    <trkpt lat="46.66533500" lon="8.15330500">
      <ele>2210.000</ele>
    </trkpt>
    <trkpt lat="46.66533000" lon="8.15329300">
      <ele>2210.000</ele>
    </trkpt>
    <trkpt lat="46.66532200" lon="8.15329000">
      <ele>2210.000</ele>
    </trkpt>
    <trkpt lat="46.66532100" lon="8.15329800">
      <ele>2210.000</ele>
    </trkpt>
    <trkpt lat="46.66532200" lon="8.15330200">
      <ele>2210.000</ele>
    </trkpt>
    <trkpt lat="46.66532200" lon="8.15330300">
      <ele>2210.000</ele>
    </trkpt>
    <trkpt lat="46.66531900" lon="8.15329800">
      <ele>2210.000</ele>
    </trkpt>
    <trkpt lat="46.66532200" lon="8.15330300">
      <ele>2210.000</ele>
    </trkpt>
    <trkpt lat="46.66532200" lon="8.15330300">
      <ele>2210.000</ele>
    </trkpt>
    <trkpt lat="46.66530900" lon="8.15330200">
      <ele>2210.000</ele>
    </trkpt>
    <trkpt lat="46.66530800" lon="8.15330300">
      <ele>2210.000</ele>
    </trkpt>
    <trkpt lat="46.66530700" lon="8.15330400">
      <ele>2210.000</ele>
    </trkpt>
    <trkpt lat="46.66530800" lon="8.15330300">
      <ele>2210.000</ele>
    </trkpt>
    <trkpt lat="46.66529300" lon="8.15329900">
      <ele>2210.000</ele>
    </trkpt>
    <trkpt lat="46.66528800" lon="8.15329100">
      <ele>2210.000</ele>
    </trkpt>
    <trkpt lat="46.66528100" lon="8.15326500">
      <ele>2210.000</ele>
    </trkpt>
    <trkpt lat="46.66528100" lon="8.15326500">
      <ele>2210.000</ele>
    </trkpt>
    <trkpt lat="46.66527700" lon="8.15324300">
      <ele>2210.000</ele>
    </trkpt>
    <trkpt lat="46.66528100" lon="8.15326500">
      <ele>2210.000</ele>
    </trkpt>
    <trkpt lat="46.66528100" lon="8.15326500">
      <ele>2210.000</ele>
    </trkpt>
    <trkpt lat="46.66528100" lon="8.15326500">
      <ele>2210.000</ele>
    </trkpt>
    <trkpt lat="46.66528100" lon="8.15326500">
      <ele>2210.000</ele>
    </trkpt>
    <trkpt lat="46.66528100" lon="8.15326500">
      <ele>2210.000</ele>
    </trkpt>
    <trkpt lat="46.66528100" lon="8.15326500">
      <ele>2210.000</ele>
    </trkpt>
    <trkpt lat="46.66528100" lon="8.15326500">
      <ele>2210.000</ele>
    </trkpt>
    <trkpt lat="46.66528100" lon="8.15326500">
      <ele>2210.000</ele>
    </trkpt>
    <trkpt lat="46.66528100" lon="8.15326500">
      <ele>2210.000</ele>
    </trkpt>
    <trkpt lat="46.66527000" lon="8.15326200">
      <ele>2210.000</ele>
    </trkpt>
    <trkpt lat="46.66527400" lon="8.15325900">
      <ele>2210.000</ele>
    </trkpt>
    <trkpt lat="46.66528100" lon="8.15326500">
      <ele>2210.000</ele>
    </trkpt>
    <trkpt lat="46.66528100" lon="8.15326500">
      <ele>2210.000</ele>
    </trkpt>
    <trkpt lat="46.66526900" lon="8.15326100">
      <ele>2210.000</ele>
    </trkpt>
    <trkpt lat="46.66526900" lon="8.15325400">
      <ele>2210.000</ele>
    </trkpt>
    <trkpt lat="46.66528100" lon="8.15326500">
      <ele>2210.000</ele>
    </trkpt>
    <trkpt lat="46.66528100" lon="8.15326500">
      <ele>2210.000</ele>
    </trkpt>
    <trkpt lat="46.66528100" lon="8.15326500">
      <ele>2210.000</ele>
    </trkpt>
    <trkpt lat="46.66528100" lon="8.15326500">
      <ele>2210.000</ele>
    </trkpt>
    <trkpt lat="46.66528100" lon="8.15326500">
      <ele>2210.000</ele>
    </trkpt>
    <trkpt lat="46.66528100" lon="8.15326500">
      <ele>2210.000</ele>
    </trkpt>
    <trkpt lat="46.66528100" lon="8.15326500">
      <ele>2210.000</ele>
    </trkpt>
    <trkpt lat="46.66528100" lon="8.15326500">
      <ele>2210.000</ele>
    </trkpt>
    <trkpt lat="46.66528100" lon="8.15326500">
      <ele>2210.000</ele>
    </trkpt>
    <trkpt lat="46.66528100" lon="8.15326500">
      <ele>2210.000</ele>
    </trkpt>
    <trkpt lat="46.66528100" lon="8.15326500">
      <ele>2210.000</ele>
    </trkpt>
    <trkpt lat="46.66528100" lon="8.15326500">
      <ele>2210.000</ele>
    </trkpt>
    <trkpt lat="46.66526900" lon="8.15325500">
      <ele>2210.000</ele>
    </trkpt>
    <trkpt lat="46.66526900" lon="8.15325500">
      <ele>2210.000</ele>
    </trkpt>
    <trkpt lat="46.66526900" lon="8.15325500">
      <ele>2210.000</ele>
    </trkpt>
    <trkpt lat="46.66526700" lon="8.15325600">
      <ele>2210.000</ele>
    </trkpt>
    <trkpt lat="46.66526500" lon="8.15326000">
      <ele>2210.000</ele>
    </trkpt>
    <trkpt lat="46.66527200" lon="8.15326800">
      <ele>2210.000</ele>
    </trkpt>
    <trkpt lat="46.66527600" lon="8.15326600">
      <ele>2210.000</ele>
    </trkpt>
    <trkpt lat="46.66527500" lon="8.15326400">
      <ele>2210.000</ele>
    </trkpt>
    <trkpt lat="46.66528300" lon="8.15326300">
      <ele>2210.000</ele>
    </trkpt>
    <trkpt lat="46.66528500" lon="8.15326300">
      <ele>2210.000</ele>
    </trkpt>
    <trkpt lat="46.66528500" lon="8.15326300">
      <ele>2210.000</ele>
    </trkpt>
    <trkpt lat="46.66528600" lon="8.15326300">
      <ele>2210.000</ele>
    </trkpt>
    <trkpt lat="46.66528700" lon="8.15323500">
      <ele>2210.000</ele>
    </trkpt>
    <trkpt lat="46.66527800" lon="8.15324300">
      <ele>2210.000</ele>
    </trkpt>
    <trkpt lat="46.66527700" lon="8.15324300">
      <ele>2210.000</ele>
    </trkpt>
    <trkpt lat="46.66527400" lon="8.15325400">
      <ele>2210.000</ele>
    </trkpt>
    <trkpt lat="46.66527600" lon="8.15324600">
      <ele>2210.000</ele>
    </trkpt>
    <trkpt lat="46.66527500" lon="8.15324500">
      <ele>2210.000</ele>
    </trkpt>
    <trkpt lat="46.66527500" lon="8.15324500">
      <ele>2210.000</ele>
    </trkpt>
    <trkpt lat="46.66527500" lon="8.15324500">
      <ele>2210.000</ele>
    </trkpt>
    <trkpt lat="46.66527500" lon="8.15324500">
      <ele>2210.000</ele>
    </trkpt>
    <trkpt lat="46.66527500" lon="8.15324500">
      <ele>2210.000</ele>
    </trkpt>
    <trkpt lat="46.66527500" lon="8.15324500">
      <ele>2210.000</ele>
    </trkpt>
    <trkpt lat="46.66527500" lon="8.15324500">
      <ele>2210.000</ele>
    </trkpt>
    <trkpt lat="46.66527500" lon="8.15324500">
      <ele>2210.000</ele>
    </trkpt>
    <trkpt lat="46.66527600" lon="8.15323900">
      <ele>2210.000</ele>
    </trkpt>
    <trkpt lat="46.66527600" lon="8.15324300">
      <ele>2210.000</ele>
    </trkpt>
    <trkpt lat="46.66527900" lon="8.15324900">
      <ele>2210.000</ele>
    </trkpt>
    <trkpt lat="46.66528000" lon="8.15325100">
      <ele>2210.000</ele>
    </trkpt>
    <trkpt lat="46.66528100" lon="8.15325200">
      <ele>2210.000</ele>
    </trkpt>
    <trkpt lat="46.66527500" lon="8.15324500">
      <ele>2210.000</ele>
    </trkpt>
    <trkpt lat="46.66527500" lon="8.15324500">
      <ele>2210.000</ele>
    </trkpt>
    <trkpt lat="46.66527500" lon="8.15324500">
      <ele>2210.000</ele>
    </trkpt>
    <trkpt lat="46.66527500" lon="8.15324500">
      <ele>2210.000</ele>
    </trkpt>
    <trkpt lat="46.66527500" lon="8.15324500">
      <ele>2210.000</ele>
    </trkpt>
    <trkpt lat="46.66527500" lon="8.15324500">
      <ele>2210.000</ele>
    </trkpt>
    <trkpt lat="46.66527600" lon="8.15324900">
      <ele>2210.000</ele>
    </trkpt>
    <trkpt lat="46.66527500" lon="8.15324500">
      <ele>2210.000</ele>
    </trkpt>
    <trkpt lat="46.66527500" lon="8.15324500">
      <ele>2210.000</ele>
    </trkpt>
    <trkpt lat="46.66527500" lon="8.15324500">
      <ele>2210.000</ele>
    </trkpt>
    <trkpt lat="46.66527500" lon="8.15324500">
      <ele>2210.000</ele>
    </trkpt>
    <trkpt lat="46.66527500" lon="8.15324500">
      <ele>2210.000</ele>
    </trkpt>
    <trkpt lat="46.66527500" lon="8.15324500">
      <ele>2210.000</ele>
    </trkpt>
    <trkpt lat="46.66527500" lon="8.15324500">
      <ele>2210.000</ele>
    </trkpt>
    <trkpt lat="46.66527500" lon="8.15324500">
      <ele>2210.000</ele>
    </trkpt>
    <trkpt lat="46.66527500" lon="8.15324500">
      <ele>2210.000</ele>
    </trkpt>
    <trkpt lat="46.66527500" lon="8.15324500">
      <ele>2210.000</ele>
    </trkpt>
    <trkpt lat="46.66527500" lon="8.15324500">
      <ele>2210.000</ele>
    </trkpt>
    <trkpt lat="46.66527500" lon="8.15324500">
      <ele>2210.000</ele>
    </trkpt>
    <trkpt lat="46.66527500" lon="8.15324500">
      <ele>2210.000</ele>
    </trkpt>
    <trkpt lat="46.66527500" lon="8.15324500">
      <ele>2210.000</ele>
    </trkpt>
    <trkpt lat="46.66527500" lon="8.15324500">
      <ele>2210.000</ele>
    </trkpt>
    <trkpt lat="46.66527500" lon="8.15324500">
      <ele>2210.000</ele>
    </trkpt>
    <trkpt lat="46.66527500" lon="8.15324500">
      <ele>2210.000</ele>
    </trkpt>
    <trkpt lat="46.66527500" lon="8.15324500">
      <ele>2210.000</ele>
    </trkpt>
    <trkpt lat="46.66527500" lon="8.15324500">
      <ele>2210.000</ele>
    </trkpt>
    <trkpt lat="46.66527500" lon="8.15324500">
      <ele>2210.000</ele>
    </trkpt>
    <trkpt lat="46.66527500" lon="8.15324500">
      <ele>2210.000</ele>
    </trkpt>
    <trkpt lat="46.66527500" lon="8.15324500">
      <ele>2210.000</ele>
    </trkpt>
    <trkpt lat="46.66526900" lon="8.15325800">
      <ele>2210.000</ele>
    </trkpt>
    <trkpt lat="46.66526100" lon="8.15327400">
      <ele>2210.000</ele>
    </trkpt>
    <trkpt lat="46.66526300" lon="8.15326800">
      <ele>2210.000</ele>
    </trkpt>
    <trkpt lat="46.66526300" lon="8.15326700">
      <ele>2210.000</ele>
    </trkpt>
    <trkpt lat="46.66526300" lon="8.15326700">
      <ele>2210.000</ele>
    </trkpt>
    <trkpt lat="46.66526100" lon="8.15327400">
      <ele>2210.000</ele>
    </trkpt>
    <trkpt lat="46.66526100" lon="8.15327400">
      <ele>2210.000</ele>
    </trkpt>
    <trkpt lat="46.66526500" lon="8.15325900">
      <ele>2210.000</ele>
    </trkpt>
    <trkpt lat="46.66526400" lon="8.15327700">
      <ele>2210.000</ele>
    </trkpt>
    <trkpt lat="46.66526100" lon="8.15326300">
      <ele>2210.000</ele>
    </trkpt>
    <trkpt lat="46.66526300" lon="8.15326000">
      <ele>2210.000</ele>
    </trkpt>
    <trkpt lat="46.66526000" lon="8.15327000">
      <ele>2210.000</ele>
    </trkpt>
    <trkpt lat="46.66526100" lon="8.15327400">
      <ele>2210.000</ele>
    </trkpt>
    <trkpt lat="46.66526100" lon="8.15327400">
      <ele>2210.000</ele>
    </trkpt>
    <trkpt lat="46.66526100" lon="8.15327400">
      <ele>2210.000</ele>
    </trkpt>
    <trkpt lat="46.66526100" lon="8.15327400">
      <ele>2210.000</ele>
    </trkpt>
    <trkpt lat="46.66526100" lon="8.15327400">
      <ele>2210.000</ele>
    </trkpt>
    <trkpt lat="46.66526100" lon="8.15327400">
      <ele>2210.000</ele>
    </trkpt>
    <trkpt lat="46.66526100" lon="8.15327400">
      <ele>2210.000</ele>
    </trkpt>
    <trkpt lat="46.66526100" lon="8.15327400">
      <ele>2210.000</ele>
    </trkpt>
    <trkpt lat="46.66526100" lon="8.15327400">
      <ele>2210.000</ele>
    </trkpt>
    <trkpt lat="46.66526500" lon="8.15326300">
      <ele>2210.000</ele>
    </trkpt>
    <trkpt lat="46.66526800" lon="8.15326400">
      <ele>2210.000</ele>
    </trkpt>
    <trkpt lat="46.66527100" lon="8.15325200">
      <ele>2210.000</ele>
    </trkpt>
    <trkpt lat="46.66527100" lon="8.15325200">
      <ele>2210.000</ele>
    </trkpt>
    <trkpt lat="46.66527700" lon="8.15325700">
      <ele>2210.000</ele>
    </trkpt>
    <trkpt lat="46.66527700" lon="8.15325700">
      <ele>2210.000</ele>
    </trkpt>
    <trkpt lat="46.66527100" lon="8.15325200">
      <ele>2210.000</ele>
    </trkpt>
    <trkpt lat="46.66527800" lon="8.15326100">
      <ele>2210.000</ele>
    </trkpt>
    <trkpt lat="46.66527100" lon="8.15325200">
      <ele>2210.000</ele>
    </trkpt>
    <trkpt lat="46.66527100" lon="8.15325200">
      <ele>2210.000</ele>
    </trkpt>
    <trkpt lat="46.66527100" lon="8.15325200">
      <ele>2210.000</ele>
    </trkpt>
    <trkpt lat="46.66527100" lon="8.15325200">
      <ele>2210.000</ele>
    </trkpt>
    <trkpt lat="46.66527100" lon="8.15325200">
      <ele>2210.000</ele>
    </trkpt>
    <trkpt lat="46.66527100" lon="8.15325200">
      <ele>2210.000</ele>
    </trkpt>
    <trkpt lat="46.66527100" lon="8.15325200">
      <ele>2210.000</ele>
    </trkpt>
    <trkpt lat="46.66527100" lon="8.15325200">
      <ele>2210.000</ele>
    </trkpt>
    <trkpt lat="46.66527100" lon="8.15325200">
      <ele>2210.000</ele>
    </trkpt>
    <trkpt lat="46.66527100" lon="8.15325200">
      <ele>2210.000</ele>
    </trkpt>
    <trkpt lat="46.66527100" lon="8.15325200">
      <ele>2210.000</ele>
    </trkpt>
    <trkpt lat="46.66527500" lon="8.15325000">
      <ele>2210.000</ele>
    </trkpt>
    <trkpt lat="46.66527100" lon="8.15325200">
      <ele>2210.000</ele>
    </trkpt>
    <trkpt lat="46.66527100" lon="8.15325200">
      <ele>2210.000</ele>
    </trkpt>
    <trkpt lat="46.66527100" lon="8.15325200">
      <ele>2210.000</ele>
    </trkpt>
    <trkpt lat="46.66527300" lon="8.15324500">
      <ele>2210.000</ele>
    </trkpt>
    <trkpt lat="46.66527100" lon="8.15325200">
      <ele>2210.000</ele>
    </trkpt>
    <trkpt lat="46.66527100" lon="8.15325200">
      <ele>2210.000</ele>
    </trkpt>
    <trkpt lat="46.66527200" lon="8.15325400">
      <ele>2210.000</ele>
    </trkpt>
    <trkpt lat="46.66527100" lon="8.15325200">
      <ele>2210.000</ele>
    </trkpt>
    <trkpt lat="46.66527100" lon="8.15325200">
      <ele>2210.000</ele>
    </trkpt>
    <trkpt lat="46.66527100" lon="8.15325200">
      <ele>2210.000</ele>
    </trkpt>
    <trkpt lat="46.66527100" lon="8.15325200">
      <ele>2210.000</ele>
    </trkpt>
    <trkpt lat="46.66527100" lon="8.15325200">
      <ele>2210.000</ele>
    </trkpt>
    <trkpt lat="46.66527100" lon="8.15325200">
      <ele>2210.000</ele>
    </trkpt>
    <trkpt lat="46.66527100" lon="8.15325200">
      <ele>2210.000</ele>
    </trkpt>
    <trkpt lat="46.66527100" lon="8.15325200">
      <ele>2210.000</ele>
    </trkpt>
    <trkpt lat="46.66527300" lon="8.15326800">
      <ele>2210.000</ele>
    </trkpt>
    <trkpt lat="46.66527700" lon="8.15327400">
      <ele>2210.000</ele>
    </trkpt>
    <trkpt lat="46.66527700" lon="8.15327400">
      <ele>2210.000</ele>
    </trkpt>
    <trkpt lat="46.66527700" lon="8.15327400">
      <ele>2210.000</ele>
    </trkpt>
    <trkpt lat="46.66527700" lon="8.15327400">
      <ele>2210.000</ele>
    </trkpt>
    <trkpt lat="46.66527700" lon="8.15327400">
      <ele>2210.000</ele>
    </trkpt>
    <trkpt lat="46.66527700" lon="8.15327400">
      <ele>2210.000</ele>
    </trkpt>
    <trkpt lat="46.66527700" lon="8.15327400">
      <ele>2210.000</ele>
    </trkpt>
    <trkpt lat="46.66527700" lon="8.15327400">
      <ele>2210.000</ele>
    </trkpt>
    <trkpt lat="46.66527700" lon="8.15327400">
      <ele>2210.000</ele>
    </trkpt>
    <trkpt lat="46.66527700" lon="8.15327400">
      <ele>2210.000</ele>
    </trkpt>
    <trkpt lat="46.66527700" lon="8.15327400">
      <ele>2210.000</ele>
    </trkpt>
    <trkpt lat="46.66527700" lon="8.15327400">
      <ele>2210.000</ele>
    </trkpt>
    <trkpt lat="46.66527700" lon="8.15327400">
      <ele>2210.000</ele>
    </trkpt>
    <trkpt lat="46.66527700" lon="8.15327400">
      <ele>2210.000</ele>
    </trkpt>
    <trkpt lat="46.66527700" lon="8.15327400">
      <ele>2210.000</ele>
    </trkpt>
    <trkpt lat="46.66527700" lon="8.15327400">
      <ele>2210.000</ele>
    </trkpt>
    <trkpt lat="46.66527700" lon="8.15327400">
      <ele>2210.000</ele>
    </trkpt>
    <trkpt lat="46.66527700" lon="8.15327400">
      <ele>2210.000</ele>
    </trkpt>
    <trkpt lat="46.66527700" lon="8.15327400">
      <ele>2210.000</ele>
    </trkpt>
    <trkpt lat="46.66527700" lon="8.15327400">
      <ele>2210.000</ele>
    </trkpt>
    <trkpt lat="46.66527700" lon="8.15327400">
      <ele>2210.000</ele>
    </trkpt>
    <trkpt lat="46.66527700" lon="8.15327400">
      <ele>2210.000</ele>
    </trkpt>
    <trkpt lat="46.66527700" lon="8.15327400">
      <ele>2210.000</ele>
    </trkpt>
    <trkpt lat="46.66527700" lon="8.15327400">
      <ele>2210.000</ele>
    </trkpt>
    <trkpt lat="46.66527700" lon="8.15327400">
      <ele>2210.000</ele>
    </trkpt>
    <trkpt lat="46.66527700" lon="8.15327400">
      <ele>2210.000</ele>
    </trkpt>
    <trkpt lat="46.66527200" lon="8.15325700">
      <ele>2210.000</ele>
    </trkpt>
    <trkpt lat="46.66527700" lon="8.15327400">
      <ele>2210.000</ele>
    </trkpt>
    <trkpt lat="46.66527700" lon="8.15327400">
      <ele>2210.000</ele>
    </trkpt>
    <trkpt lat="46.66527700" lon="8.15327400">
      <ele>2210.000</ele>
    </trkpt>
    <trkpt lat="46.66527700" lon="8.15327400">
      <ele>2210.000</ele>
    </trkpt>
    <trkpt lat="46.66527700" lon="8.15327400">
      <ele>2210.000</ele>
    </trkpt>
    <trkpt lat="46.66527700" lon="8.15327400">
      <ele>2210.000</ele>
    </trkpt>
    <trkpt lat="46.66527700" lon="8.15327400">
      <ele>2210.000</ele>
    </trkpt>
    <trkpt lat="46.66527700" lon="8.15327400">
      <ele>2210.000</ele>
    </trkpt>
    <trkpt lat="46.66527700" lon="8.15327400">
      <ele>2210.000</ele>
    </trkpt>
    <trkpt lat="46.66527700" lon="8.15327400">
      <ele>2210.000</ele>
    </trkpt>
    <trkpt lat="46.66527700" lon="8.15327400">
      <ele>2210.000</ele>
    </trkpt>
    <trkpt lat="46.66527700" lon="8.15326100">
      <ele>2210.000</ele>
    </trkpt>
    <trkpt lat="46.66527700" lon="8.15327400">
      <ele>2210.000</ele>
    </trkpt>
    <trkpt lat="46.66527700" lon="8.15327400">
      <ele>2210.000</ele>
    </trkpt>
    <trkpt lat="46.66527700" lon="8.15327400">
      <ele>2210.000</ele>
    </trkpt>
    <trkpt lat="46.66527700" lon="8.15327400">
      <ele>2210.000</ele>
    </trkpt>
    <trkpt lat="46.66527700" lon="8.15327400">
      <ele>2210.000</ele>
    </trkpt>
    <trkpt lat="46.66527700" lon="8.15327400">
      <ele>2210.000</ele>
    </trkpt>
    <trkpt lat="46.66527700" lon="8.15327400">
      <ele>2210.000</ele>
    </trkpt>
    <trkpt lat="46.66527700" lon="8.15327400">
      <ele>2210.000</ele>
    </trkpt>
    <trkpt lat="46.66526600" lon="8.15326000">
      <ele>2210.000</ele>
    </trkpt>
    <trkpt lat="46.66526600" lon="8.15326000">
      <ele>2210.000</ele>
    </trkpt>
    <trkpt lat="46.66526400" lon="8.15326100">
      <ele>2210.000</ele>
    </trkpt>
    <trkpt lat="46.66526600" lon="8.15326000">
      <ele>2210.000</ele>
    </trkpt>
    <trkpt lat="46.66526600" lon="8.15326000">
      <ele>2210.000</ele>
    </trkpt>
    <trkpt lat="46.66526600" lon="8.15326000">
      <ele>2210.000</ele>
    </trkpt>
    <trkpt lat="46.66526600" lon="8.15326000">
      <ele>2210.000</ele>
    </trkpt>
    <trkpt lat="46.66526600" lon="8.15326000">
      <ele>2210.000</ele>
    </trkpt>
    <trkpt lat="46.66526600" lon="8.15326000">
      <ele>2210.000</ele>
    </trkpt>
    <trkpt lat="46.66526600" lon="8.15326000">
      <ele>2210.000</ele>
    </trkpt>
    <trkpt lat="46.66526600" lon="8.15326000">
      <ele>2210.000</ele>
    </trkpt>
    <trkpt lat="46.66526600" lon="8.15326000">
      <ele>2210.000</ele>
    </trkpt>
    <trkpt lat="46.66526600" lon="8.15326000">
      <ele>2210.000</ele>
    </trkpt>
    <trkpt lat="46.66526600" lon="8.15326000">
      <ele>2210.000</ele>
    </trkpt>
    <trkpt lat="46.66526300" lon="8.15325800">
      <ele>2210.000</ele>
    </trkpt>
    <trkpt lat="46.66526600" lon="8.15326000">
      <ele>2210.000</ele>
    </trkpt>
    <trkpt lat="46.66526600" lon="8.15326000">
      <ele>2210.000</ele>
    </trkpt>
    <trkpt lat="46.66526800" lon="8.15326400">
      <ele>2210.000</ele>
    </trkpt>
    <trkpt lat="46.66526600" lon="8.15326000">
      <ele>2210.000</ele>
    </trkpt>
    <trkpt lat="46.66526600" lon="8.15326000">
      <ele>2210.000</ele>
    </trkpt>
    <trkpt lat="46.66526600" lon="8.15326000">
      <ele>2210.000</ele>
    </trkpt>
    <trkpt lat="46.66526600" lon="8.15326000">
      <ele>2210.000</ele>
    </trkpt>
    <trkpt lat="46.66527300" lon="8.15326500">
      <ele>2210.000</ele>
    </trkpt>
    <trkpt lat="46.66526600" lon="8.15326000">
      <ele>2210.000</ele>
    </trkpt>
    <trkpt lat="46.66526600" lon="8.15326000">
      <ele>2210.000</ele>
    </trkpt>
    <trkpt lat="46.66526600" lon="8.15326000">
      <ele>2210.000</ele>
    </trkpt>
    <trkpt lat="46.66526600" lon="8.15326000">
      <ele>2210.000</ele>
    </trkpt>
    <trkpt lat="46.66526600" lon="8.15326000">
      <ele>2210.000</ele>
    </trkpt>
    <trkpt lat="46.66526600" lon="8.15326000">
      <ele>2210.000</ele>
    </trkpt>
    <trkpt lat="46.66526600" lon="8.15326000">
      <ele>2210.000</ele>
    </trkpt>
    <trkpt lat="46.66526600" lon="8.15326000">
      <ele>2210.000</ele>
    </trkpt>
    <trkpt lat="46.66526600" lon="8.15326000">
      <ele>2210.000</ele>
    </trkpt>
    <trkpt lat="46.66526600" lon="8.15326000">
      <ele>2210.000</ele>
    </trkpt>
    <trkpt lat="46.66526600" lon="8.15326000">
      <ele>2210.000</ele>
    </trkpt>
    <trkpt lat="46.66527500" lon="8.15326900">
      <ele>2210.000</ele>
    </trkpt>
    <trkpt lat="46.66526600" lon="8.15326000">
      <ele>2210.000</ele>
    </trkpt>
    <trkpt lat="46.66527500" lon="8.15327100">
      <ele>2210.000</ele>
    </trkpt>
    <trkpt lat="46.66526600" lon="8.15326000">
      <ele>2210.000</ele>
    </trkpt>
    <trkpt lat="46.66526600" lon="8.15326000">
      <ele>2210.000</ele>
    </trkpt>
    <trkpt lat="46.66526600" lon="8.15326000">
      <ele>2210.000</ele>
    </trkpt>
    <trkpt lat="46.66526600" lon="8.15326000">
      <ele>2210.000</ele>
    </trkpt>
    <trkpt lat="46.66526600" lon="8.15326000">
      <ele>2210.000</ele>
    </trkpt>
    <trkpt lat="46.66526600" lon="8.15326000">
      <ele>2210.000</ele>
    </trkpt>
    <trkpt lat="46.66526600" lon="8.15326000">
      <ele>2210.000</ele>
    </trkpt>
    <trkpt lat="46.66526600" lon="8.15326000">
      <ele>2210.000</ele>
    </trkpt>
    <trkpt lat="46.66526600" lon="8.15326000">
      <ele>2210.000</ele>
    </trkpt>
    <trkpt lat="46.66526600" lon="8.15326000">
      <ele>2210.000</ele>
    </trkpt>
    <trkpt lat="46.66527300" lon="8.15327500">
      <ele>2210.000</ele>
    </trkpt>
    <trkpt lat="46.66526600" lon="8.15326000">
      <ele>2210.000</ele>
    </trkpt>
    <trkpt lat="46.66526600" lon="8.15326000">
      <ele>2210.000</ele>
    </trkpt>
    <trkpt lat="46.66526600" lon="8.15326000">
      <ele>2210.000</ele>
    </trkpt>
    <trkpt lat="46.66526600" lon="8.15326000">
      <ele>2210.000</ele>
    </trkpt>
    <trkpt lat="46.66526600" lon="8.15326000">
      <ele>2210.000</ele>
    </trkpt>
    <trkpt lat="46.66526600" lon="8.15326000">
      <ele>2210.000</ele>
    </trkpt>
    <trkpt lat="46.66526600" lon="8.15326000">
      <ele>2210.000</ele>
    </trkpt>
    <trkpt lat="46.66526600" lon="8.15326000">
      <ele>2210.000</ele>
    </trkpt>
    <trkpt lat="46.66526600" lon="8.15326000">
      <ele>2210.000</ele>
    </trkpt>
    <trkpt lat="46.66526600" lon="8.15326000">
      <ele>2210.000</ele>
    </trkpt>
    <trkpt lat="46.66527500" lon="8.15327300">
      <ele>2210.000</ele>
    </trkpt>
    <trkpt lat="46.66526600" lon="8.15326000">
      <ele>2210.000</ele>
    </trkpt>
    <trkpt lat="46.66526600" lon="8.15326000">
      <ele>2210.000</ele>
    </trkpt>
    <trkpt lat="46.66527100" lon="8.15327200">
      <ele>2210.000</ele>
    </trkpt>
    <trkpt lat="46.66526700" lon="8.15327600">
      <ele>2210.000</ele>
    </trkpt>
    <trkpt lat="46.66527200" lon="8.15329100">
      <ele>2210.000</ele>
    </trkpt>
    <trkpt lat="46.66527100" lon="8.15328900">
      <ele>2210.000</ele>
    </trkpt>
    <trkpt lat="46.66526600" lon="8.15330400">
      <ele>2210.000</ele>
    </trkpt>
    <trkpt lat="46.66526600" lon="8.15330400">
      <ele>2210.000</ele>
    </trkpt>
    <trkpt lat="46.66526600" lon="8.15330400">
      <ele>2210.000</ele>
    </trkpt>
    <trkpt lat="46.66526600" lon="8.15330400">
      <ele>2210.000</ele>
    </trkpt>
    <trkpt lat="46.66526600" lon="8.15330400">
      <ele>2210.000</ele>
    </trkpt>
    <trkpt lat="46.66526600" lon="8.15329900">
      <ele>2210.000</ele>
    </trkpt>
    <trkpt lat="46.66526400" lon="8.15330100">
      <ele>2210.000</ele>
    </trkpt>
    <trkpt lat="46.66526600" lon="8.15330400">
      <ele>2210.000</ele>
    </trkpt>
    <trkpt lat="46.66526600" lon="8.15330400">
      <ele>2210.000</ele>
    </trkpt>
    <trkpt lat="46.66526500" lon="8.15329900">
      <ele>2210.000</ele>
    </trkpt>
    <trkpt lat="46.66526800" lon="8.15328300">
      <ele>2210.000</ele>
    </trkpt>
    <trkpt lat="46.66526800" lon="8.15328000">
      <ele>2210.000</ele>
    </trkpt>
    <trkpt lat="46.66526700" lon="8.15327600">
      <ele>2210.000</ele>
    </trkpt>
    <trkpt lat="46.66526700" lon="8.15327300">
      <ele>2210.000</ele>
    </trkpt>
    <trkpt lat="46.66527500" lon="8.15326600">
      <ele>2210.000</ele>
    </trkpt>
    <trkpt lat="46.66526700" lon="8.15327600">
      <ele>2210.000</ele>
    </trkpt>
    <trkpt lat="46.66526700" lon="8.15327600">
      <ele>2210.000</ele>
    </trkpt>
    <trkpt lat="46.66526700" lon="8.15327600">
      <ele>2210.000</ele>
    </trkpt>
    <trkpt lat="46.66526700" lon="8.15327600">
      <ele>2210.000</ele>
    </trkpt>
    <trkpt lat="46.66526700" lon="8.15327600">
      <ele>2210.000</ele>
    </trkpt>
    <trkpt lat="46.66527600" lon="8.15325700">
      <ele>2210.000</ele>
    </trkpt>
    <trkpt lat="46.66527600" lon="8.15325700">
      <ele>2210.000</ele>
    </trkpt>
    <trkpt lat="46.66527600" lon="8.15325700">
      <ele>2210.000</ele>
    </trkpt>
    <trkpt lat="46.66527600" lon="8.15325700">
      <ele>2210.000</ele>
    </trkpt>
    <trkpt lat="46.66527600" lon="8.15325700">
      <ele>2210.000</ele>
    </trkpt>
    <trkpt lat="46.66527600" lon="8.15325700">
      <ele>2210.000</ele>
    </trkpt>
    <trkpt lat="46.66526500" lon="8.15325400">
      <ele>2210.000</ele>
    </trkpt>
    <trkpt lat="46.66525300" lon="8.15325100">
      <ele>2210.000</ele>
    </trkpt>
    <trkpt lat="46.66524100" lon="8.15326700">
      <ele>2210.000</ele>
    </trkpt>
    <trkpt lat="46.66523600" lon="8.15327200">
      <ele>2210.000</ele>
    </trkpt>
    <trkpt lat="46.66523300" lon="8.15327400">
      <ele>2210.000</ele>
    </trkpt>
    <trkpt lat="46.66523200" lon="8.15327700">
      <ele>2210.000</ele>
    </trkpt>
    <trkpt lat="46.66522000" lon="8.15328600">
      <ele>2210.000</ele>
    </trkpt>
    <trkpt lat="46.66522000" lon="8.15328600">
      <ele>2210.000</ele>
    </trkpt>
    <trkpt lat="46.66522000" lon="8.15328600">
      <ele>2210.000</ele>
    </trkpt>
    <trkpt lat="46.66522000" lon="8.15327600">
      <ele>2210.000</ele>
    </trkpt>
    <trkpt lat="46.66522100" lon="8.15327500">
      <ele>2210.000</ele>
    </trkpt>
    <trkpt lat="46.66521800" lon="8.15329600">
      <ele>2210.000</ele>
    </trkpt>
    <trkpt lat="46.66522000" lon="8.15329200">
      <ele>2210.000</ele>
    </trkpt>
    <trkpt lat="46.66522100" lon="8.15329100">
      <ele>2210.000</ele>
    </trkpt>
    <trkpt lat="46.66522200" lon="8.15328700">
      <ele>2210.000</ele>
    </trkpt>
    <trkpt lat="46.66522000" lon="8.15328600">
      <ele>2210.000</ele>
    </trkpt>
    <trkpt lat="46.66522000" lon="8.15328600">
      <ele>2210.000</ele>
    </trkpt>
    <trkpt lat="46.66521800" lon="8.15328500">
      <ele>2210.000</ele>
    </trkpt>
    <trkpt lat="46.66521800" lon="8.15328800">
      <ele>2210.000</ele>
    </trkpt>
    <trkpt lat="46.66522000" lon="8.15328600">
      <ele>2210.000</ele>
    </trkpt>
    <trkpt lat="46.66521600" lon="8.15329000">
      <ele>2210.000</ele>
    </trkpt>
    <trkpt lat="46.66522000" lon="8.15328600">
      <ele>2210.000</ele>
    </trkpt>
    <trkpt lat="46.66521200" lon="8.15329400">
      <ele>2210.000</ele>
    </trkpt>
    <trkpt lat="46.66520800" lon="8.15330500">
      <ele>2210.000</ele>
    </trkpt>
    <trkpt lat="46.66520800" lon="8.15330400">
      <ele>2210.000</ele>
    </trkpt>
    <trkpt lat="46.66520800" lon="8.15330400">
      <ele>2210.000</ele>
    </trkpt>
    <trkpt lat="46.66520800" lon="8.15330400">
      <ele>2210.000</ele>
    </trkpt>
    <trkpt lat="46.66520800" lon="8.15330400">
      <ele>2210.000</ele>
    </trkpt>
    <trkpt lat="46.66520800" lon="8.15330400">
      <ele>2210.000</ele>
    </trkpt>
    <trkpt lat="46.66520800" lon="8.15330400">
      <ele>2210.000</ele>
    </trkpt>
    <trkpt lat="46.66520300" lon="8.15330100">
      <ele>2210.000</ele>
    </trkpt>
    <trkpt lat="46.66520600" lon="8.15329600">
      <ele>2210.000</ele>
    </trkpt>
    <trkpt lat="46.66520700" lon="8.15329500">
      <ele>2210.000</ele>
    </trkpt>
    <trkpt lat="46.66520500" lon="8.15329200">
      <ele>2210.000</ele>
    </trkpt>
    <trkpt lat="46.66519900" lon="8.15328900">
      <ele>2210.000</ele>
    </trkpt>
    <trkpt lat="46.66519800" lon="8.15329200">
      <ele>2210.000</ele>
    </trkpt>
    <trkpt lat="46.66519800" lon="8.15329200">
      <ele>2210.000</ele>
    </trkpt>
    <trkpt lat="46.66519600" lon="8.15328700">
      <ele>2210.000</ele>
    </trkpt>
    <trkpt lat="46.66518400" lon="8.15328500">
      <ele>2210.000</ele>
    </trkpt>
    <trkpt lat="46.66517500" lon="8.15328900">
      <ele>2210.000</ele>
    </trkpt>
    <trkpt lat="46.66517500" lon="8.15329000">
      <ele>2210.000</ele>
    </trkpt>
    <trkpt lat="46.66517800" lon="8.15328300">
      <ele>2210.000</ele>
    </trkpt>
    <trkpt lat="46.66517500" lon="8.15329000">
      <ele>2210.000</ele>
    </trkpt>
    <trkpt lat="46.66517500" lon="8.15329000">
      <ele>2210.000</ele>
    </trkpt>
    <trkpt lat="46.66517500" lon="8.15329000">
      <ele>2210.000</ele>
    </trkpt>
    <trkpt lat="46.66517500" lon="8.15329000">
      <ele>2210.000</ele>
    </trkpt>
    <trkpt lat="46.66517500" lon="8.15329000">
      <ele>2210.000</ele>
    </trkpt>
    <trkpt lat="46.66517500" lon="8.15329000">
      <ele>2210.000</ele>
    </trkpt>
    <trkpt lat="46.66517500" lon="8.15329000">
      <ele>2210.000</ele>
    </trkpt>
    <trkpt lat="46.66517500" lon="8.15329000">
      <ele>2210.000</ele>
    </trkpt>
    <trkpt lat="46.66517500" lon="8.15329000">
      <ele>2210.000</ele>
    </trkpt>
    <trkpt lat="46.66517200" lon="8.15327200">
      <ele>2210.000</ele>
    </trkpt>
    <trkpt lat="46.66516300" lon="8.15327600">
      <ele>2210.000</ele>
    </trkpt>
    <trkpt lat="46.66516400" lon="8.15326900">
      <ele>2210.000</ele>
    </trkpt>
    <trkpt lat="46.66515100" lon="8.15327400">
      <ele>2210.000</ele>
    </trkpt>
    <trkpt lat="46.66515500" lon="8.15329000">
      <ele>2210.000</ele>
    </trkpt>
    <trkpt lat="46.66515200" lon="8.15329700">
      <ele>2210.000</ele>
    </trkpt>
    <trkpt lat="46.66515200" lon="8.15329700">
      <ele>2210.000</ele>
    </trkpt>
    <trkpt lat="46.66515200" lon="8.15329700">
      <ele>2210.000</ele>
    </trkpt>
    <trkpt lat="46.66515400" lon="8.15330100">
      <ele>2210.000</ele>
    </trkpt>
    <trkpt lat="46.66515200" lon="8.15329700">
      <ele>2210.000</ele>
    </trkpt>
    <trkpt lat="46.66515200" lon="8.15329700">
      <ele>2210.000</ele>
    </trkpt>
    <trkpt lat="46.66515200" lon="8.15329700">
      <ele>2210.000</ele>
    </trkpt>
    <trkpt lat="46.66515200" lon="8.15330100">
      <ele>2210.000</ele>
    </trkpt>
    <trkpt lat="46.66515200" lon="8.15330800">
      <ele>2210.000</ele>
    </trkpt>
    <trkpt lat="46.66515000" lon="8.15330600">
      <ele>2210.000</ele>
    </trkpt>
    <trkpt lat="46.66515500" lon="8.15330400">
      <ele>2210.000</ele>
    </trkpt>
    <trkpt lat="46.66515200" lon="8.15331600">
      <ele>2210.000</ele>
    </trkpt>
    <trkpt lat="46.66515100" lon="8.15331800">
      <ele>2210.000</ele>
    </trkpt>
    <trkpt lat="46.66514600" lon="8.15331900">
      <ele>2210.000</ele>
    </trkpt>
    <trkpt lat="46.66514400" lon="8.15332000">
      <ele>2210.000</ele>
    </trkpt>
    <trkpt lat="46.66515200" lon="8.15330700">
      <ele>2210.000</ele>
    </trkpt>
    <trkpt lat="46.66515200" lon="8.15329700">
      <ele>2210.000</ele>
    </trkpt>
    <trkpt lat="46.66515500" lon="8.15329900">
      <ele>2210.000</ele>
    </trkpt>
    <trkpt lat="46.66515700" lon="8.15329400">
      <ele>2210.000</ele>
    </trkpt>
    <trkpt lat="46.66514900" lon="8.15330000">
      <ele>2210.000</ele>
    </trkpt>
    <trkpt lat="46.66513000" lon="8.15330600">
      <ele>2190.000</ele>
    </trkpt>
    <trkpt lat="46.66512900" lon="8.15330200">
      <ele>2190.000</ele>
    </trkpt>
    <trkpt lat="46.66512900" lon="8.15330200">
      <ele>2190.000</ele>
    </trkpt>
    <trkpt lat="46.66512700" lon="8.15329600">
      <ele>2190.000</ele>
    </trkpt>
    <trkpt lat="46.66513100" lon="8.15330300">
      <ele>2190.000</ele>
    </trkpt>
    <trkpt lat="46.66513300" lon="8.15329600">
      <ele>2190.000</ele>
    </trkpt>
    <trkpt lat="46.66513000" lon="8.15329200">
      <ele>2190.000</ele>
    </trkpt>
    <trkpt lat="46.66512900" lon="8.15330200">
      <ele>2190.000</ele>
    </trkpt>
    <trkpt lat="46.66512000" lon="8.15330900">
      <ele>2190.000</ele>
    </trkpt>
    <trkpt lat="46.66511000" lon="8.15333000">
      <ele>2190.000</ele>
    </trkpt>
    <trkpt lat="46.66511000" lon="8.15332800">
      <ele>2190.000</ele>
    </trkpt>
    <trkpt lat="46.66510100" lon="8.15332200">
      <ele>2190.000</ele>
    </trkpt>
    <trkpt lat="46.66509300" lon="8.15330600">
      <ele>2190.000</ele>
    </trkpt>
    <trkpt lat="46.66508300" lon="8.15331600">
      <ele>2190.000</ele>
    </trkpt>
    <trkpt lat="46.66507600" lon="8.15331800">
      <ele>2190.000</ele>
    </trkpt>
    <trkpt lat="46.66507400" lon="8.15330600">
      <ele>2190.000</ele>
    </trkpt>
    <trkpt lat="46.66507900" lon="8.15331900">
      <ele>2190.000</ele>
    </trkpt>
    <trkpt lat="46.66507900" lon="8.15331900">
      <ele>2190.000</ele>
    </trkpt>
    <trkpt lat="46.66507900" lon="8.15331900">
      <ele>2190.000</ele>
    </trkpt>
    <trkpt lat="46.66507900" lon="8.15331900">
      <ele>2190.000</ele>
    </trkpt>
    <trkpt lat="46.66507900" lon="8.15331900">
      <ele>2190.000</ele>
    </trkpt>
    <trkpt lat="46.66507900" lon="8.15331900">
      <ele>2190.000</ele>
    </trkpt>
    <trkpt lat="46.66507900" lon="8.15331900">
      <ele>2190.000</ele>
    </trkpt>
    <trkpt lat="46.66507900" lon="8.15331900">
      <ele>2190.000</ele>
    </trkpt>
    <trkpt lat="46.66507900" lon="8.15331900">
      <ele>2190.000</ele>
    </trkpt>
    <trkpt lat="46.66507400" lon="8.15330300">
      <ele>2190.000</ele>
    </trkpt>
    <trkpt lat="46.66507400" lon="8.15331400">
      <ele>2190.000</ele>
    </trkpt>
    <trkpt lat="46.66508200" lon="8.15329900">
      <ele>2190.000</ele>
    </trkpt>
    <trkpt lat="46.66508500" lon="8.15329800">
      <ele>2190.000</ele>
    </trkpt>
    <trkpt lat="46.66508600" lon="8.15329800">
      <ele>2190.000</ele>
    </trkpt>
    <trkpt lat="46.66508300" lon="8.15330000">
      <ele>2190.000</ele>
    </trkpt>
    <trkpt lat="46.66508700" lon="8.15329200">
      <ele>2190.000</ele>
    </trkpt>
    <trkpt lat="46.66508300" lon="8.15328500">
      <ele>2190.000</ele>
    </trkpt>
    <trkpt lat="46.66508400" lon="8.15328500">
      <ele>2190.000</ele>
    </trkpt>
    <trkpt lat="46.66508200" lon="8.15328700">
      <ele>2190.000</ele>
    </trkpt>
    <trkpt lat="46.66508300" lon="8.15328700">
      <ele>2190.000</ele>
    </trkpt>
    <trkpt lat="46.66508300" lon="8.15327600">
      <ele>2190.000</ele>
    </trkpt>
    <trkpt lat="46.66508400" lon="8.15327900">
      <ele>2190.000</ele>
    </trkpt>
    <trkpt lat="46.66508400" lon="8.15328100">
      <ele>2190.000</ele>
    </trkpt>
    <trkpt lat="46.66507900" lon="8.15328100">
      <ele>2190.000</ele>
    </trkpt>
    <trkpt lat="46.66508500" lon="8.15328000">
      <ele>2190.000</ele>
    </trkpt>
    <trkpt lat="46.66508200" lon="8.15328200">
      <ele>2190.000</ele>
    </trkpt>
    <trkpt lat="46.66507900" lon="8.15328400">
      <ele>2190.000</ele>
    </trkpt>
    <trkpt lat="46.66506800" lon="8.15328300">
      <ele>2190.000</ele>
    </trkpt>
    <trkpt lat="46.66506600" lon="8.15328300">
      <ele>2190.000</ele>
    </trkpt>
    <trkpt lat="46.66506600" lon="8.15328300">
      <ele>2190.000</ele>
    </trkpt>
    <trkpt lat="46.66506600" lon="8.15328300">
      <ele>2190.000</ele>
    </trkpt>
    <trkpt lat="46.66506600" lon="8.15328300">
      <ele>2190.000</ele>
    </trkpt>
    <trkpt lat="46.66506600" lon="8.15328300">
      <ele>2190.000</ele>
    </trkpt>
    <trkpt lat="46.66506600" lon="8.15328300">
      <ele>2190.000</ele>
    </trkpt>
    <trkpt lat="46.66506600" lon="8.15328300">
      <ele>2190.000</ele>
    </trkpt>
    <trkpt lat="46.66506600" lon="8.15328300">
      <ele>2190.000</ele>
    </trkpt>
    <trkpt lat="46.66506600" lon="8.15328300">
      <ele>2190.000</ele>
    </trkpt>
    <trkpt lat="46.66506600" lon="8.15328300">
      <ele>2190.000</ele>
    </trkpt>
    <trkpt lat="46.66506600" lon="8.15328300">
      <ele>2190.000</ele>
    </trkpt>
    <trkpt lat="46.66506600" lon="8.15328300">
      <ele>2190.000</ele>
    </trkpt>
    <trkpt lat="46.66506600" lon="8.15328300">
      <ele>2190.000</ele>
    </trkpt>
    <trkpt lat="46.66506600" lon="8.15328300">
      <ele>2190.000</ele>
    </trkpt>
    <trkpt lat="46.66506600" lon="8.15328300">
      <ele>2190.000</ele>
    </trkpt>
    <trkpt lat="46.66506600" lon="8.15328300">
      <ele>2190.000</ele>
    </trkpt>
    <trkpt lat="46.66506600" lon="8.15328300">
      <ele>2190.000</ele>
    </trkpt>
    <trkpt lat="46.66506600" lon="8.15328300">
      <ele>2190.000</ele>
    </trkpt>
    <trkpt lat="46.66506600" lon="8.15328300">
      <ele>2190.000</ele>
    </trkpt>
    <trkpt lat="46.66506600" lon="8.15328300">
      <ele>2190.000</ele>
    </trkpt>
    <trkpt lat="46.66506600" lon="8.15328300">
      <ele>2190.000</ele>
    </trkpt>
    <trkpt lat="46.66506600" lon="8.15328300">
      <ele>2190.000</ele>
    </trkpt>
    <trkpt lat="46.66506600" lon="8.15328300">
      <ele>2190.000</ele>
    </trkpt>
    <trkpt lat="46.66506600" lon="8.15328300">
      <ele>2190.000</ele>
    </trkpt>
    <trkpt lat="46.66506600" lon="8.15328300">
      <ele>2190.000</ele>
    </trkpt>
    <trkpt lat="46.66506600" lon="8.15328300">
      <ele>2190.000</ele>
    </trkpt>
    <trkpt lat="46.66508000" lon="8.15330000">
      <ele>2190.000</ele>
    </trkpt>
    <trkpt lat="46.66508000" lon="8.15330000">
      <ele>2190.000</ele>
    </trkpt>
    <trkpt lat="46.66507900" lon="8.15330500">
      <ele>2190.000</ele>
    </trkpt>
    <trkpt lat="46.66508000" lon="8.15330000">
      <ele>2190.000</ele>
    </trkpt>
    <trkpt lat="46.66508000" lon="8.15330000">
      <ele>2190.000</ele>
    </trkpt>
    <trkpt lat="46.66508000" lon="8.15330000">
      <ele>2190.000</ele>
    </trkpt>
    <trkpt lat="46.66508000" lon="8.15330000">
      <ele>2190.000</ele>
    </trkpt>
    <trkpt lat="46.66508300" lon="8.15329100">
      <ele>2190.000</ele>
    </trkpt>
    <trkpt lat="46.66508400" lon="8.15329100">
      <ele>2190.000</ele>
    </trkpt>
    <trkpt lat="46.66508000" lon="8.15330000">
      <ele>2190.000</ele>
    </trkpt>
    <trkpt lat="46.66507900" lon="8.15329500">
      <ele>2190.000</ele>
    </trkpt>
    <trkpt lat="46.66508000" lon="8.15330000">
      <ele>2190.000</ele>
    </trkpt>
    <trkpt lat="46.66506400" lon="8.15329400">
      <ele>2190.000</ele>
    </trkpt>
    <trkpt lat="46.66506100" lon="8.15329300">
      <ele>2190.000</ele>
    </trkpt>
    <trkpt lat="46.66506200" lon="8.15329000">
      <ele>2190.000</ele>
    </trkpt>
    <trkpt lat="46.66506200" lon="8.15329000">
      <ele>2190.000</ele>
    </trkpt>
    <trkpt lat="46.66505000" lon="8.15328700">
      <ele>2190.000</ele>
    </trkpt>
    <trkpt lat="46.66504700" lon="8.15328700">
      <ele>2190.000</ele>
    </trkpt>
    <trkpt lat="46.66504500" lon="8.15328800">
      <ele>2190.000</ele>
    </trkpt>
    <trkpt lat="46.66503900" lon="8.15328000">
      <ele>2190.000</ele>
    </trkpt>
    <trkpt lat="46.66504500" lon="8.15326500">
      <ele>2190.000</ele>
    </trkpt>
    <trkpt lat="46.66504200" lon="8.15327100">
      <ele>2190.000</ele>
    </trkpt>
    <trkpt lat="46.66503500" lon="8.15325900">
      <ele>2190.000</ele>
    </trkpt>
    <trkpt lat="46.66503400" lon="8.15326100">
      <ele>2190.000</ele>
    </trkpt>
    <trkpt lat="46.66503300" lon="8.15326300">
      <ele>2190.000</ele>
    </trkpt>
    <trkpt lat="46.66502800" lon="8.15325400">
      <ele>2190.000</ele>
    </trkpt>
    <trkpt lat="46.66502100" lon="8.15325400">
      <ele>2190.000</ele>
    </trkpt>
    <trkpt lat="46.66502200" lon="8.15324900">
      <ele>2190.000</ele>
    </trkpt>
    <trkpt lat="46.66502000" lon="8.15325500">
      <ele>2190.000</ele>
    </trkpt>
    <trkpt lat="46.66502100" lon="8.15324900">
      <ele>2190.000</ele>
    </trkpt>
    <trkpt lat="46.66502000" lon="8.15325500">
      <ele>2190.000</ele>
    </trkpt>
    <trkpt lat="46.66501800" lon="8.15325300">
      <ele>2190.000</ele>
    </trkpt>
    <trkpt lat="46.66500500" lon="8.15324100">
      <ele>2190.000</ele>
    </trkpt>
    <trkpt lat="46.66500500" lon="8.15324100">
      <ele>2190.000</ele>
    </trkpt>
    <trkpt lat="46.66500500" lon="8.15324200">
      <ele>2190.000</ele>
    </trkpt>
    <trkpt lat="46.66499300" lon="8.15323800">
      <ele>2190.000</ele>
    </trkpt>
    <trkpt lat="46.66499200" lon="8.15323500">
      <ele>2190.000</ele>
    </trkpt>
    <trkpt lat="46.66499000" lon="8.15323300">
      <ele>2190.000</ele>
    </trkpt>
    <trkpt lat="46.66498900" lon="8.15323600">
      <ele>2190.000</ele>
    </trkpt>
    <trkpt lat="46.66498500" lon="8.15323200">
      <ele>2190.000</ele>
    </trkpt>
    <trkpt lat="46.66498100" lon="8.15323200">
      <ele>2190.000</ele>
    </trkpt>
    <trkpt lat="46.66497700" lon="8.15323100">
      <ele>2190.000</ele>
    </trkpt>
    <trkpt lat="46.66498100" lon="8.15322900">
      <ele>2190.000</ele>
    </trkpt>
    <trkpt lat="46.66497700" lon="8.15322400">
      <ele>2190.000</ele>
    </trkpt>
    <trkpt lat="46.66497200" lon="8.15322800">
      <ele>2190.000</ele>
    </trkpt>
    <trkpt lat="46.66497000" lon="8.15323100">
      <ele>2190.000</ele>
    </trkpt>
    <trkpt lat="46.66497200" lon="8.15322800">
      <ele>2190.000</ele>
    </trkpt>
    <trkpt lat="46.66497200" lon="8.15322800">
      <ele>2190.000</ele>
    </trkpt>
    <trkpt lat="46.66496800" lon="8.15323500">
      <ele>2190.000</ele>
    </trkpt>
    <trkpt lat="46.66496800" lon="8.15323300">
      <ele>2190.000</ele>
    </trkpt>
    <trkpt lat="46.66497200" lon="8.15322800">
      <ele>2190.000</ele>
    </trkpt>
    <trkpt lat="46.66496700" lon="8.15322100">
      <ele>2190.000</ele>
    </trkpt>
    <trkpt lat="46.66497200" lon="8.15322800">
      <ele>2190.000</ele>
    </trkpt>
    <trkpt lat="46.66496300" lon="8.15321800">
      <ele>2190.000</ele>
    </trkpt>
    <trkpt lat="46.66496400" lon="8.15321000">
      <ele>2190.000</ele>
    </trkpt>
    <trkpt lat="46.66495900" lon="8.15321600">
      <ele>2190.000</ele>
    </trkpt>
    <trkpt lat="46.66496000" lon="8.15321100">
      <ele>2190.000</ele>
    </trkpt>
    <trkpt lat="46.66495900" lon="8.15319900">
      <ele>2190.000</ele>
    </trkpt>
    <trkpt lat="46.66494600" lon="8.15318600">
      <ele>2275.000</ele>
    </trkpt>
    <trkpt lat="46.66493200" lon="8.15317800">
      <ele>2275.000</ele>
    </trkpt>
    <trkpt lat="46.66492800" lon="8.15317500">
      <ele>2275.000</ele>
    </trkpt>
    <trkpt lat="46.66492700" lon="8.15316400">
      <ele>2275.000</ele>
    </trkpt>
    <trkpt lat="46.66492700" lon="8.15316400">
      <ele>2275.000</ele>
    </trkpt>
    <trkpt lat="46.66492700" lon="8.15316400">
      <ele>2275.000</ele>
    </trkpt>
    <trkpt lat="46.66492700" lon="8.15316400">
      <ele>2275.000</ele>
    </trkpt>
    <trkpt lat="46.66491900" lon="8.15315900">
      <ele>2275.000</ele>
    </trkpt>
    <trkpt lat="46.66491000" lon="8.15315600">
      <ele>2275.000</ele>
    </trkpt>
    <trkpt lat="46.66490800" lon="8.15315500">
      <ele>2275.000</ele>
    </trkpt>
    <trkpt lat="46.66491000" lon="8.15315600">
      <ele>2275.000</ele>
    </trkpt>
    <trkpt lat="46.66490700" lon="8.15315300">
      <ele>2275.000</ele>
    </trkpt>
    <trkpt lat="46.66490400" lon="8.15314500">
      <ele>2275.000</ele>
    </trkpt>
    <trkpt lat="46.66489600" lon="8.15314300">
      <ele>2275.000</ele>
    </trkpt>
    <trkpt lat="46.66489800" lon="8.15314200">
      <ele>2275.000</ele>
    </trkpt>
    <trkpt lat="46.66492100" lon="8.15311800">
      <ele>2275.000</ele>
    </trkpt>
    <trkpt lat="46.66492000" lon="8.15311800">
      <ele>2275.000</ele>
    </trkpt>
    <trkpt lat="46.66492000" lon="8.15311800">
      <ele>2275.000</ele>
    </trkpt>
    <trkpt lat="46.66491900" lon="8.15312700">
      <ele>2275.000</ele>
    </trkpt>
    <trkpt lat="46.66491600" lon="8.15309600">
      <ele>2275.000</ele>
    </trkpt>
    <trkpt lat="46.66491900" lon="8.15309600">
      <ele>2275.000</ele>
    </trkpt>
    <trkpt lat="46.66491800" lon="8.15308400">
      <ele>2275.000</ele>
    </trkpt>
    <trkpt lat="46.66491800" lon="8.15308000">
      <ele>2275.000</ele>
    </trkpt>
    <trkpt lat="46.66491800" lon="8.15308000">
      <ele>2275.000</ele>
    </trkpt>
    <trkpt lat="46.66491800" lon="8.15308000">
      <ele>2275.000</ele>
    </trkpt>
    <trkpt lat="46.66491300" lon="8.15307800">
      <ele>2275.000</ele>
    </trkpt>
    <trkpt lat="46.66491800" lon="8.15308000">
      <ele>2275.000</ele>
    </trkpt>
    <trkpt lat="46.66491800" lon="8.15308000">
      <ele>2275.000</ele>
    </trkpt>
    <trkpt lat="46.66491800" lon="8.15308000">
      <ele>2275.000</ele>
    </trkpt>
    <trkpt lat="46.66491800" lon="8.15308000">
      <ele>2275.000</ele>
    </trkpt>
    <trkpt lat="46.66491800" lon="8.15308000">
      <ele>2275.000</ele>
    </trkpt>
    <trkpt lat="46.66492300" lon="8.15307700">
      <ele>2275.000</ele>
    </trkpt>
    <trkpt lat="46.66491800" lon="8.15308000">
      <ele>2275.000</ele>
    </trkpt>
    <trkpt lat="46.66491800" lon="8.15308000">
      <ele>2275.000</ele>
    </trkpt>
    <trkpt lat="46.66491800" lon="8.15307000">
      <ele>2275.000</ele>
    </trkpt>
    <trkpt lat="46.66491600" lon="8.15306800">
      <ele>2275.000</ele>
    </trkpt>
    <trkpt lat="46.66491400" lon="8.15307600">
      <ele>2275.000</ele>
    </trkpt>
    <trkpt lat="46.66491800" lon="8.15308000">
      <ele>2275.000</ele>
    </trkpt>
    <trkpt lat="46.66491800" lon="8.15308000">
      <ele>2275.000</ele>
    </trkpt>
    <trkpt lat="46.66491800" lon="8.15308000">
      <ele>2275.000</ele>
    </trkpt>
    <trkpt lat="46.66491800" lon="8.15308000">
      <ele>2275.000</ele>
    </trkpt>
    <trkpt lat="46.66491700" lon="8.15307000">
      <ele>2275.000</ele>
    </trkpt>
    <trkpt lat="46.66491800" lon="8.15308000">
      <ele>2275.000</ele>
    </trkpt>
    <trkpt lat="46.66491800" lon="8.15308000">
      <ele>2275.000</ele>
    </trkpt>
    <trkpt lat="46.66491800" lon="8.15308000">
      <ele>2275.000</ele>
    </trkpt>
    <trkpt lat="46.66491800" lon="8.15308000">
      <ele>2275.000</ele>
    </trkpt>
    <trkpt lat="46.66491800" lon="8.15308000">
      <ele>2275.000</ele>
    </trkpt>
    <trkpt lat="46.66491800" lon="8.15308000">
      <ele>2275.000</ele>
    </trkpt>
    <trkpt lat="46.66491800" lon="8.15308000">
      <ele>2275.000</ele>
    </trkpt>
    <trkpt lat="46.66491800" lon="8.15308000">
      <ele>2275.000</ele>
    </trkpt>
    <trkpt lat="46.66491800" lon="8.15308000">
      <ele>2275.000</ele>
    </trkpt>
    <trkpt lat="46.66491800" lon="8.15308000">
      <ele>2275.000</ele>
    </trkpt>
    <trkpt lat="46.66491400" lon="8.15307800">
      <ele>2275.000</ele>
    </trkpt>
    <trkpt lat="46.66491800" lon="8.15308000">
      <ele>2275.000</ele>
    </trkpt>
    <trkpt lat="46.66491800" lon="8.15309300">
      <ele>2275.000</ele>
    </trkpt>
    <trkpt lat="46.66491400" lon="8.15309900">
      <ele>2275.000</ele>
    </trkpt>
    <trkpt lat="46.66492000" lon="8.15308100">
      <ele>2275.000</ele>
    </trkpt>
    <trkpt lat="46.66491400" lon="8.15308800">
      <ele>2275.000</ele>
    </trkpt>
    <trkpt lat="46.66491800" lon="8.15308000">
      <ele>2275.000</ele>
    </trkpt>
    <trkpt lat="46.66491800" lon="8.15308000">
      <ele>2275.000</ele>
    </trkpt>
    <trkpt lat="46.66491800" lon="8.15308000">
      <ele>2275.000</ele>
    </trkpt>
    <trkpt lat="46.66491800" lon="8.15308000">
      <ele>2275.000</ele>
    </trkpt>
    <trkpt lat="46.66491800" lon="8.15308000">
      <ele>2275.000</ele>
    </trkpt>
    <trkpt lat="46.66491800" lon="8.15308000">
      <ele>2275.000</ele>
    </trkpt>
    <trkpt lat="46.66491800" lon="8.15308000">
      <ele>2275.000</ele>
    </trkpt>
    <trkpt lat="46.66491800" lon="8.15308000">
      <ele>2275.000</ele>
    </trkpt>
    <trkpt lat="46.66491800" lon="8.15308000">
      <ele>2275.000</ele>
    </trkpt>
    <trkpt lat="46.66491800" lon="8.15308000">
      <ele>2275.000</ele>
    </trkpt>
    <trkpt lat="46.66491800" lon="8.15308000">
      <ele>2275.000</ele>
    </trkpt>
    <trkpt lat="46.66491800" lon="8.15308000">
      <ele>2275.000</ele>
    </trkpt>
    <trkpt lat="46.66491800" lon="8.15308000">
      <ele>2275.000</ele>
    </trkpt>
    <trkpt lat="46.66491800" lon="8.15308000">
      <ele>2275.000</ele>
    </trkpt>
    <trkpt lat="46.66491800" lon="8.15308000">
      <ele>2275.000</ele>
    </trkpt>
    <trkpt lat="46.66491800" lon="8.15308000">
      <ele>2275.000</ele>
    </trkpt>
    <trkpt lat="46.66491800" lon="8.15308000">
      <ele>2275.000</ele>
    </trkpt>
    <trkpt lat="46.66491800" lon="8.15308000">
      <ele>2275.000</ele>
    </trkpt>
    <trkpt lat="46.66491800" lon="8.15308000">
      <ele>2275.000</ele>
    </trkpt>
    <trkpt lat="46.66491800" lon="8.15308000">
      <ele>2275.000</ele>
    </trkpt>
    <trkpt lat="46.66491800" lon="8.15308000">
      <ele>2275.000</ele>
    </trkpt>
    <trkpt lat="46.66491800" lon="8.15308000">
      <ele>2275.000</ele>
    </trkpt>
    <trkpt lat="46.66491800" lon="8.15308000">
      <ele>2275.000</ele>
    </trkpt>
    <trkpt lat="46.66491800" lon="8.15308000">
      <ele>2275.000</ele>
    </trkpt>
    <trkpt lat="46.66491800" lon="8.15308000">
      <ele>2275.000</ele>
    </trkpt>
    <trkpt lat="46.66491800" lon="8.15308000">
      <ele>2275.000</ele>
    </trkpt>
    <trkpt lat="46.66491800" lon="8.15308000">
      <ele>2275.000</ele>
    </trkpt>
    <trkpt lat="46.66491800" lon="8.15308000">
      <ele>2275.000</ele>
    </trkpt>
    <trkpt lat="46.66491800" lon="8.15308000">
      <ele>2275.000</ele>
    </trkpt>
    <trkpt lat="46.66491800" lon="8.15308000">
      <ele>2275.000</ele>
    </trkpt>
    <trkpt lat="46.66491800" lon="8.15308000">
      <ele>2275.000</ele>
    </trkpt>
    <trkpt lat="46.66491800" lon="8.15308000">
      <ele>2275.000</ele>
    </trkpt>
    <trkpt lat="46.66491800" lon="8.15308000">
      <ele>2275.000</ele>
    </trkpt>
    <trkpt lat="46.66491800" lon="8.15308000">
      <ele>2275.000</ele>
    </trkpt>
    <trkpt lat="46.66491800" lon="8.15308000">
      <ele>2275.000</ele>
    </trkpt>
    <trkpt lat="46.66491800" lon="8.15308000">
      <ele>2275.000</ele>
    </trkpt>
    <trkpt lat="46.66491800" lon="8.15308000">
      <ele>2275.000</ele>
    </trkpt>
    <trkpt lat="46.66491800" lon="8.15308000">
      <ele>2275.000</ele>
    </trkpt>
    <trkpt lat="46.66491800" lon="8.15308000">
      <ele>2275.000</ele>
    </trkpt>
    <trkpt lat="46.66491800" lon="8.15308000">
      <ele>2275.000</ele>
    </trkpt>
    <trkpt lat="46.66491800" lon="8.15308000">
      <ele>2275.000</ele>
    </trkpt>
    <trkpt lat="46.66491800" lon="8.15308000">
      <ele>2275.000</ele>
    </trkpt>
    <trkpt lat="46.66491800" lon="8.15308000">
      <ele>2275.000</ele>
    </trkpt>
    <trkpt lat="46.66491800" lon="8.15308000">
      <ele>2275.000</ele>
    </trkpt>
    <trkpt lat="46.66491800" lon="8.15308000">
      <ele>2275.000</ele>
    </trkpt>
    <trkpt lat="46.66491800" lon="8.15308000">
      <ele>2275.000</ele>
    </trkpt>
    <trkpt lat="46.66491800" lon="8.15308000">
      <ele>2275.000</ele>
    </trkpt>
    <trkpt lat="46.66491800" lon="8.15308000">
      <ele>2275.000</ele>
    </trkpt>
    <trkpt lat="46.66491800" lon="8.15308000">
      <ele>2275.000</ele>
    </trkpt>
    <trkpt lat="46.66491900" lon="8.15308200">
      <ele>2275.000</ele>
    </trkpt>
    <trkpt lat="46.66491800" lon="8.15308000">
      <ele>2275.000</ele>
    </trkpt>
    <trkpt lat="46.66492100" lon="8.15308000">
      <ele>2275.000</ele>
    </trkpt>
    <trkpt lat="46.66491800" lon="8.15308000">
      <ele>2275.000</ele>
    </trkpt>
    <trkpt lat="46.66491800" lon="8.15308000">
      <ele>2275.000</ele>
    </trkpt>
    <trkpt lat="46.66491600" lon="8.15308900">
      <ele>2275.000</ele>
    </trkpt>
    <trkpt lat="46.66491300" lon="8.15309800">
      <ele>2275.000</ele>
    </trkpt>
    <trkpt lat="46.66491800" lon="8.15308000">
      <ele>2275.000</ele>
    </trkpt>
    <trkpt lat="46.66491800" lon="8.15308000">
      <ele>2275.000</ele>
    </trkpt>
    <trkpt lat="46.66491800" lon="8.15308000">
      <ele>2275.000</ele>
    </trkpt>
    <trkpt lat="46.66491800" lon="8.15308000">
      <ele>2275.000</ele>
    </trkpt>
    <trkpt lat="46.66491800" lon="8.15308000">
      <ele>2275.000</ele>
    </trkpt>
    <trkpt lat="46.66491700" lon="8.15309000">
      <ele>2275.000</ele>
    </trkpt>
    <trkpt lat="46.66491500" lon="8.15308700">
      <ele>2275.000</ele>
    </trkpt>
    <trkpt lat="46.66491200" lon="8.15309100">
      <ele>2275.000</ele>
    </trkpt>
    <trkpt lat="46.66491100" lon="8.15309300">
      <ele>2275.000</ele>
    </trkpt>
    <trkpt lat="46.66491400" lon="8.15309800">
      <ele>2275.000</ele>
    </trkpt>
    <trkpt lat="46.66491300" lon="8.15310000">
      <ele>2275.000</ele>
    </trkpt>
    <trkpt lat="46.66491300" lon="8.15310600">
      <ele>2275.000</ele>
    </trkpt>
    <trkpt lat="46.66491300" lon="8.15310600">
      <ele>2275.000</ele>
    </trkpt>
    <trkpt lat="46.66491300" lon="8.15310600">
      <ele>2275.000</ele>
    </trkpt>
    <trkpt lat="46.66491300" lon="8.15310600">
      <ele>2275.000</ele>
    </trkpt>
    <trkpt lat="46.66491300" lon="8.15310600">
      <ele>2275.000</ele>
    </trkpt>
    <trkpt lat="46.66491300" lon="8.15310600">
      <ele>2275.000</ele>
    </trkpt>
    <trkpt lat="46.66491300" lon="8.15310600">
      <ele>2275.000</ele>
    </trkpt>
    <trkpt lat="46.66491300" lon="8.15310600">
      <ele>2275.000</ele>
    </trkpt>
    <trkpt lat="46.66491300" lon="8.15310600">
      <ele>2275.000</ele>
    </trkpt>
    <trkpt lat="46.66491300" lon="8.15310600">
      <ele>2275.000</ele>
    </trkpt>
    <trkpt lat="46.66491300" lon="8.15309800">
      <ele>2275.000</ele>
    </trkpt>
    <trkpt lat="46.66491300" lon="8.15310600">
      <ele>2275.000</ele>
    </trkpt>
    <trkpt lat="46.66491300" lon="8.15310600">
      <ele>2275.000</ele>
    </trkpt>
    <trkpt lat="46.66491300" lon="8.15310600">
      <ele>2275.000</ele>
    </trkpt>
    <trkpt lat="46.66491300" lon="8.15310600">
      <ele>2275.000</ele>
    </trkpt>
    <trkpt lat="46.66491300" lon="8.15310600">
      <ele>2275.000</ele>
    </trkpt>
    <trkpt lat="46.66491300" lon="8.15310600">
      <ele>2275.000</ele>
    </trkpt>
    <trkpt lat="46.66491300" lon="8.15310600">
      <ele>2275.000</ele>
    </trkpt>
    <trkpt lat="46.66491300" lon="8.15310600">
      <ele>2275.000</ele>
    </trkpt>
    <trkpt lat="46.66491300" lon="8.15310600">
      <ele>2275.000</ele>
    </trkpt>
    <trkpt lat="46.66491300" lon="8.15310600">
      <ele>2275.000</ele>
    </trkpt>
    <trkpt lat="46.66491300" lon="8.15310200">
      <ele>2275.000</ele>
    </trkpt>
    <trkpt lat="46.66491900" lon="8.15308400">
      <ele>2275.000</ele>
    </trkpt>
    <trkpt lat="46.66492000" lon="8.15308200">
      <ele>2275.000</ele>
    </trkpt>
    <trkpt lat="46.66492000" lon="8.15308200">
      <ele>2275.000</ele>
    </trkpt>
    <trkpt lat="46.66492000" lon="8.15308200">
      <ele>2275.000</ele>
    </trkpt>
    <trkpt lat="46.66492000" lon="8.15308200">
      <ele>2275.000</ele>
    </trkpt>
    <trkpt lat="46.66492000" lon="8.15308200">
      <ele>2275.000</ele>
    </trkpt>
    <trkpt lat="46.66492000" lon="8.15308200">
      <ele>2275.000</ele>
    </trkpt>
    <trkpt lat="46.66492000" lon="8.15308200">
      <ele>2275.000</ele>
    </trkpt>
    <trkpt lat="46.66492000" lon="8.15308200">
      <ele>2275.000</ele>
    </trkpt>
    <trkpt lat="46.66492000" lon="8.15308200">
      <ele>2275.000</ele>
    </trkpt>
    <trkpt lat="46.66492000" lon="8.15308200">
      <ele>2275.000</ele>
    </trkpt>
    <trkpt lat="46.66492000" lon="8.15308200">
      <ele>2275.000</ele>
    </trkpt>
    <trkpt lat="46.66492000" lon="8.15308200">
      <ele>2275.000</ele>
    </trkpt>
    <trkpt lat="46.66492000" lon="8.15308800">
      <ele>2275.000</ele>
    </trkpt>
    <trkpt lat="46.66492000" lon="8.15308200">
      <ele>2275.000</ele>
    </trkpt>
    <trkpt lat="46.66492000" lon="8.15308200">
      <ele>2275.000</ele>
    </trkpt>
    <trkpt lat="46.66492000" lon="8.15308200">
      <ele>2275.000</ele>
    </trkpt>
    <trkpt lat="46.66492000" lon="8.15308200">
      <ele>2275.000</ele>
    </trkpt>
    <trkpt lat="46.66492000" lon="8.15308200">
      <ele>2275.000</ele>
    </trkpt>
    <trkpt lat="46.66492000" lon="8.15308200">
      <ele>2275.000</ele>
    </trkpt>
    <trkpt lat="46.66492000" lon="8.15308200">
      <ele>2275.000</ele>
    </trkpt>
    <trkpt lat="46.66492000" lon="8.15308200">
      <ele>2275.000</ele>
    </trkpt>
    <trkpt lat="46.66492000" lon="8.15308200">
      <ele>2275.000</ele>
    </trkpt>
    <trkpt lat="46.66492000" lon="8.15308200">
      <ele>2275.000</ele>
    </trkpt>
    <trkpt lat="46.66491300" lon="8.15309700">
      <ele>2275.000</ele>
    </trkpt>
    <trkpt lat="46.66491200" lon="8.15309900">
      <ele>2275.000</ele>
    </trkpt>
    <trkpt lat="46.66491200" lon="8.15310000">
      <ele>2275.000</ele>
    </trkpt>
    <trkpt lat="46.66490700" lon="8.15309900">
      <ele>2275.000</ele>
    </trkpt>
    <trkpt lat="46.66491200" lon="8.15310000">
      <ele>2275.000</ele>
    </trkpt>
    <trkpt lat="46.66491200" lon="8.15310000">
      <ele>2275.000</ele>
    </trkpt>
    <trkpt lat="46.66491200" lon="8.15310000">
      <ele>2275.000</ele>
    </trkpt>
    <trkpt lat="46.66491200" lon="8.15310000">
      <ele>2275.000</ele>
    </trkpt>
    <trkpt lat="46.66491200" lon="8.15310000">
      <ele>2275.000</ele>
    </trkpt>
    <trkpt lat="46.66491200" lon="8.15310000">
      <ele>2275.000</ele>
    </trkpt>
    <trkpt lat="46.66491300" lon="8.15308200">
      <ele>2275.000</ele>
    </trkpt>
    <trkpt lat="46.66490900" lon="8.15308500">
      <ele>2275.000</ele>
    </trkpt>
    <trkpt lat="46.66491100" lon="8.15308800">
      <ele>2275.000</ele>
    </trkpt>
    <trkpt lat="46.66491000" lon="8.15309700">
      <ele>2275.000</ele>
    </trkpt>
    <trkpt lat="46.66491200" lon="8.15310000">
      <ele>2275.000</ele>
    </trkpt>
    <trkpt lat="46.66491100" lon="8.15309300">
      <ele>2275.000</ele>
    </trkpt>
    <trkpt lat="46.66491700" lon="8.15309300">
      <ele>2275.000</ele>
    </trkpt>
    <trkpt lat="46.66490200" lon="8.15307700">
      <ele>2275.000</ele>
    </trkpt>
    <trkpt lat="46.66489700" lon="8.15309100">
      <ele>2275.000</ele>
    </trkpt>
    <trkpt lat="46.66489800" lon="8.15308900">
      <ele>2275.000</ele>
    </trkpt>
    <trkpt lat="46.66489800" lon="8.15308900">
      <ele>2275.000</ele>
    </trkpt>
    <trkpt lat="46.66488500" lon="8.15308200">
      <ele>2275.000</ele>
    </trkpt>
    <trkpt lat="46.66488700" lon="8.15306900">
      <ele>2275.000</ele>
    </trkpt>
    <trkpt lat="46.66488100" lon="8.15306400">
      <ele>2275.000</ele>
    </trkpt>
    <trkpt lat="46.66487700" lon="8.15305500">
      <ele>2275.000</ele>
    </trkpt>
    <trkpt lat="46.66487700" lon="8.15305500">
      <ele>2275.000</ele>
    </trkpt>
    <trkpt lat="46.66487700" lon="8.15305500">
      <ele>2275.000</ele>
    </trkpt>
    <trkpt lat="46.66487700" lon="8.15305500">
      <ele>2275.000</ele>
    </trkpt>
    <trkpt lat="46.66487700" lon="8.15305500">
      <ele>2275.000</ele>
    </trkpt>
    <trkpt lat="46.66486900" lon="8.15304500">
      <ele>2275.000</ele>
    </trkpt>
    <trkpt lat="46.66485700" lon="8.15302200">
      <ele>2197.000</ele>
    </trkpt>
    <trkpt lat="46.66483700" lon="8.15301100">
      <ele>2197.000</ele>
    </trkpt>
    <trkpt lat="46.66483700" lon="8.15299800">
      <ele>2197.000</ele>
    </trkpt>
    <trkpt lat="46.66484400" lon="8.15298200">
      <ele>2197.000</ele>
    </trkpt>
    <trkpt lat="46.66484900" lon="8.15297300">
      <ele>2197.000</ele>
    </trkpt>
    <trkpt lat="46.66485100" lon="8.15297200">
      <ele>2197.000</ele>
    </trkpt>
    <trkpt lat="46.66485100" lon="8.15297300">
      <ele>2197.000</ele>
    </trkpt>
    <trkpt lat="46.66484600" lon="8.15297900">
      <ele>2197.000</ele>
    </trkpt>
    <trkpt lat="46.66484500" lon="8.15298100">
      <ele>2197.000</ele>
    </trkpt>
    <trkpt lat="46.66484000" lon="8.15297500">
      <ele>2197.000</ele>
    </trkpt>
    <trkpt lat="46.66483600" lon="8.15296800">
      <ele>2197.000</ele>
    </trkpt>
    <trkpt lat="46.66483400" lon="8.15296000">
      <ele>2197.000</ele>
    </trkpt>
    <trkpt lat="46.66483600" lon="8.15296800">
      <ele>2197.000</ele>
    </trkpt>
    <trkpt lat="46.66483600" lon="8.15296800">
      <ele>2197.000</ele>
    </trkpt>
    <trkpt lat="46.66483600" lon="8.15296800">
      <ele>2197.000</ele>
    </trkpt>
    <trkpt lat="46.66483600" lon="8.15296800">
      <ele>2197.000</ele>
    </trkpt>
    <trkpt lat="46.66483600" lon="8.15296800">
      <ele>2197.000</ele>
    </trkpt>
    <trkpt lat="46.66483600" lon="8.15296800">
      <ele>2197.000</ele>
    </trkpt>
    <trkpt lat="46.66482800" lon="8.15295500">
      <ele>2197.000</ele>
    </trkpt>
    <trkpt lat="46.66482100" lon="8.15294500">
      <ele>2197.000</ele>
    </trkpt>
    <trkpt lat="46.66481400" lon="8.15293200">
      <ele>2197.000</ele>
    </trkpt>
    <trkpt lat="46.66482000" lon="8.15294000">
      <ele>2197.000</ele>
    </trkpt>
    <trkpt lat="46.66480100" lon="8.15291000">
      <ele>2273.000</ele>
    </trkpt>
    <trkpt lat="46.66480800" lon="8.15288000">
      <ele>2273.000</ele>
    </trkpt>
    <trkpt lat="46.66480600" lon="8.15288800">
      <ele>2273.000</ele>
    </trkpt>
    <trkpt lat="46.66481800" lon="8.15288500">
      <ele>2273.000</ele>
    </trkpt>
    <trkpt lat="46.66481900" lon="8.15288400">
      <ele>2273.000</ele>
    </trkpt>
    <trkpt lat="46.66482700" lon="8.15288200">
      <ele>2273.000</ele>
    </trkpt>
    <trkpt lat="46.66482800" lon="8.15287900">
      <ele>2273.000</ele>
    </trkpt>
    <trkpt lat="46.66483500" lon="8.15287400">
      <ele>2273.000</ele>
    </trkpt>
    <trkpt lat="46.66484900" lon="8.15286000">
      <ele>2273.000</ele>
    </trkpt>
    <trkpt lat="46.66485000" lon="8.15286100">
      <ele>2273.000</ele>
    </trkpt>
    <trkpt lat="46.66485700" lon="8.15284700">
      <ele>2273.000</ele>
    </trkpt>
    <trkpt lat="46.66485800" lon="8.15284500">
      <ele>2273.000</ele>
    </trkpt>
    <trkpt lat="46.66485200" lon="8.15283700">
      <ele>2273.000</ele>
    </trkpt>
    <trkpt lat="46.66485200" lon="8.15283700">
      <ele>2273.000</ele>
    </trkpt>
    <trkpt lat="46.66485200" lon="8.15283700">
      <ele>2273.000</ele>
    </trkpt>
    <trkpt lat="46.66485200" lon="8.15283400">
      <ele>2273.000</ele>
    </trkpt>
    <trkpt lat="46.66485200" lon="8.15283700">
      <ele>2273.000</ele>
    </trkpt>
    <trkpt lat="46.66485000" lon="8.15283500">
      <ele>2273.000</ele>
    </trkpt>
    <trkpt lat="46.66485000" lon="8.15283200">
      <ele>2273.000</ele>
    </trkpt>
    <trkpt lat="46.66485200" lon="8.15283700">
      <ele>2273.000</ele>
    </trkpt>
    <trkpt lat="46.66484200" lon="8.15281500">
      <ele>2273.000</ele>
    </trkpt>
    <trkpt lat="46.66485200" lon="8.15280700">
      <ele>2273.000</ele>
    </trkpt>
    <trkpt lat="46.66485200" lon="8.15280700">
      <ele>2273.000</ele>
    </trkpt>
    <trkpt lat="46.66485200" lon="8.15280700">
      <ele>2273.000</ele>
    </trkpt>
    <trkpt lat="46.66484000" lon="8.15280400">
      <ele>2273.000</ele>
    </trkpt>
    <trkpt lat="46.66481300" lon="8.15280000">
      <ele>2273.000</ele>
    </trkpt>
    <trkpt lat="46.66480500" lon="8.15277700">
      <ele>2273.000</ele>
    </trkpt>
    <trkpt lat="46.66480600" lon="8.15277500">
      <ele>2273.000</ele>
    </trkpt>
    <trkpt lat="46.66480600" lon="8.15277500">
      <ele>2273.000</ele>
    </trkpt>
    <trkpt lat="46.66480600" lon="8.15277500">
      <ele>2273.000</ele>
    </trkpt>
    <trkpt lat="46.66481500" lon="8.15276200">
      <ele>2273.000</ele>
    </trkpt>
    <trkpt lat="46.66482100" lon="8.15275200">
      <ele>2273.000</ele>
    </trkpt>
    <trkpt lat="46.66482300" lon="8.15275200">
      <ele>2273.000</ele>
    </trkpt>
    <trkpt lat="46.66482300" lon="8.15275200">
      <ele>2273.000</ele>
    </trkpt>
    <trkpt lat="46.66482300" lon="8.15275200">
      <ele>2273.000</ele>
    </trkpt>
    <trkpt lat="46.66482900" lon="8.15275000">
      <ele>2273.000</ele>
    </trkpt>
    <trkpt lat="46.66483700" lon="8.15274900">
      <ele>2273.000</ele>
    </trkpt>
    <trkpt lat="46.66483600" lon="8.15274700">
      <ele>2273.000</ele>
    </trkpt>
    <trkpt lat="46.66483600" lon="8.15274700">
      <ele>2273.000</ele>
    </trkpt>
    <trkpt lat="46.66483900" lon="8.15273700">
      <ele>2273.000</ele>
    </trkpt>
    <trkpt lat="46.66483900" lon="8.15272900">
      <ele>2273.000</ele>
    </trkpt>
    <trkpt lat="46.66484900" lon="8.15269600">
      <ele>2273.000</ele>
    </trkpt>
    <trkpt lat="46.66485000" lon="8.15269500">
      <ele>2273.000</ele>
    </trkpt>
    <trkpt lat="46.66484900" lon="8.15270400">
      <ele>2273.000</ele>
    </trkpt>
    <trkpt lat="46.66484700" lon="8.15269500">
      <ele>2273.000</ele>
    </trkpt>
    <trkpt lat="46.66485100" lon="8.15270400">
      <ele>2273.000</ele>
    </trkpt>
    <trkpt lat="46.66485100" lon="8.15270400">
      <ele>2273.000</ele>
    </trkpt>
    <trkpt lat="46.66485100" lon="8.15270400">
      <ele>2273.000</ele>
    </trkpt>
    <trkpt lat="46.66484800" lon="8.15269000">
      <ele>2273.000</ele>
    </trkpt>
    <trkpt lat="46.66485100" lon="8.15270400">
      <ele>2273.000</ele>
    </trkpt>
    <trkpt lat="46.66485100" lon="8.15270400">
      <ele>2273.000</ele>
    </trkpt>
    <trkpt lat="46.66484100" lon="8.15269000">
      <ele>2273.000</ele>
    </trkpt>
    <trkpt lat="46.66484100" lon="8.15270000">
      <ele>2273.000</ele>
    </trkpt>
    <trkpt lat="46.66485100" lon="8.15270400">
      <ele>2273.000</ele>
    </trkpt>
    <trkpt lat="46.66485100" lon="8.15270400">
      <ele>2273.000</ele>
    </trkpt>
    <trkpt lat="46.66485100" lon="8.15270400">
      <ele>2273.000</ele>
    </trkpt>
    <trkpt lat="46.66485100" lon="8.15270400">
      <ele>2273.000</ele>
    </trkpt>
    <trkpt lat="46.66484300" lon="8.15269400">
      <ele>2273.000</ele>
    </trkpt>
    <trkpt lat="46.66484300" lon="8.15268700">
      <ele>2273.000</ele>
    </trkpt>
    <trkpt lat="46.66485100" lon="8.15270400">
      <ele>2273.000</ele>
    </trkpt>
    <trkpt lat="46.66485100" lon="8.15270400">
      <ele>2273.000</ele>
    </trkpt>
    <trkpt lat="46.66485100" lon="8.15270400">
      <ele>2273.000</ele>
    </trkpt>
    <trkpt lat="46.66485100" lon="8.15270400">
      <ele>2273.000</ele>
    </trkpt>
    <trkpt lat="46.66484800" lon="8.15268700">
      <ele>2273.000</ele>
    </trkpt>
    <trkpt lat="46.66484000" lon="8.15268700">
      <ele>2273.000</ele>
    </trkpt>
    <trkpt lat="46.66484000" lon="8.15268600">
      <ele>2273.000</ele>
    </trkpt>
    <trkpt lat="46.66484000" lon="8.15268800">
      <ele>2273.000</ele>
    </trkpt>
    <trkpt lat="46.66484000" lon="8.15268600">
      <ele>2273.000</ele>
    </trkpt>
    <trkpt lat="46.66484400" lon="8.15268900">
      <ele>2273.000</ele>
    </trkpt>
    <trkpt lat="46.66484000" lon="8.15268600">
      <ele>2273.000</ele>
    </trkpt>
    <trkpt lat="46.66484000" lon="8.15268600">
      <ele>2273.000</ele>
    </trkpt>
    <trkpt lat="46.66484000" lon="8.15268600">
      <ele>2273.000</ele>
    </trkpt>
    <trkpt lat="46.66484000" lon="8.15268600">
      <ele>2273.000</ele>
    </trkpt>
    <trkpt lat="46.66484700" lon="8.15269100">
      <ele>2273.000</ele>
    </trkpt>
    <trkpt lat="46.66484800" lon="8.15269400">
      <ele>2273.000</ele>
    </trkpt>
    <trkpt lat="46.66484000" lon="8.15268600">
      <ele>2273.000</ele>
    </trkpt>
    <trkpt lat="46.66484000" lon="8.15268600">
      <ele>2273.000</ele>
    </trkpt>
    <trkpt lat="46.66484000" lon="8.15268600">
      <ele>2273.000</ele>
    </trkpt>
    <trkpt lat="46.66485100" lon="8.15269800">
      <ele>2273.000</ele>
    </trkpt>
    <trkpt lat="46.66485000" lon="8.15269900">
      <ele>2273.000</ele>
    </trkpt>
    <trkpt lat="46.66485000" lon="8.15269900">
      <ele>2273.000</ele>
    </trkpt>
    <trkpt lat="46.66485000" lon="8.15269900">
      <ele>2273.000</ele>
    </trkpt>
    <trkpt lat="46.66485500" lon="8.15269800">
      <ele>2273.000</ele>
    </trkpt>
    <trkpt lat="46.66487200" lon="8.15269900">
      <ele>2292.000</ele>
    </trkpt>
    <trkpt lat="46.66486500" lon="8.15270100">
      <ele>2292.000</ele>
    </trkpt>
    <trkpt lat="46.66487100" lon="8.15270900">
      <ele>2292.000</ele>
    </trkpt>
    <trkpt lat="46.66486100" lon="8.15268100">
      <ele>2292.000</ele>
    </trkpt>
    <trkpt lat="46.66486200" lon="8.15268000">
      <ele>2292.000</ele>
    </trkpt>
    <trkpt lat="46.66486700" lon="8.15267100">
      <ele>2292.000</ele>
    </trkpt>
    <trkpt lat="46.66486100" lon="8.15268000">
      <ele>2292.000</ele>
    </trkpt>
    <trkpt lat="46.66487200" lon="8.15266200">
      <ele>2292.000</ele>
    </trkpt>
    <trkpt lat="46.66487200" lon="8.15266200">
      <ele>2292.000</ele>
    </trkpt>
    <trkpt lat="46.66488100" lon="8.15264800">
      <ele>2292.000</ele>
    </trkpt>
    <trkpt lat="46.66488200" lon="8.15264500">
      <ele>2292.000</ele>
    </trkpt>
    <trkpt lat="46.66488700" lon="8.15264400">
      <ele>2292.000</ele>
    </trkpt>
    <trkpt lat="46.66488700" lon="8.15264400">
      <ele>2292.000</ele>
    </trkpt>
    <trkpt lat="46.66488700" lon="8.15264400">
      <ele>2292.000</ele>
    </trkpt>
    <trkpt lat="46.66488700" lon="8.15264500">
      <ele>2292.000</ele>
    </trkpt>
    <trkpt lat="46.66488700" lon="8.15264400">
      <ele>2292.000</ele>
    </trkpt>
    <trkpt lat="46.66488700" lon="8.15264400">
      <ele>2292.000</ele>
    </trkpt>
    <trkpt lat="46.66488700" lon="8.15264400">
      <ele>2292.000</ele>
    </trkpt>
    <trkpt lat="46.66488700" lon="8.15264400">
      <ele>2292.000</ele>
    </trkpt>
    <trkpt lat="46.66490000" lon="8.15262900">
      <ele>2307.000</ele>
    </trkpt>
    <trkpt lat="46.66490000" lon="8.15262900">
      <ele>2307.000</ele>
    </trkpt>
    <trkpt lat="46.66490000" lon="8.15262900">
      <ele>2307.000</ele>
    </trkpt>
    <trkpt lat="46.66490000" lon="8.15262900">
      <ele>2307.000</ele>
    </trkpt>
    <trkpt lat="46.66490800" lon="8.15262100">
      <ele>2307.000</ele>
    </trkpt>
    <trkpt lat="46.66490000" lon="8.15262900">
      <ele>2307.000</ele>
    </trkpt>
    <trkpt lat="46.66490000" lon="8.15262900">
      <ele>2307.000</ele>
    </trkpt>
    <trkpt lat="46.66490000" lon="8.15262900">
      <ele>2307.000</ele>
    </trkpt>
    <trkpt lat="46.66490000" lon="8.15262900">
      <ele>2307.000</ele>
    </trkpt>
    <trkpt lat="46.66490000" lon="8.15262900">
      <ele>2307.000</ele>
    </trkpt>
    <trkpt lat="46.66490000" lon="8.15262900">
      <ele>2307.000</ele>
    </trkpt>
    <trkpt lat="46.66490800" lon="8.15260900">
      <ele>2307.000</ele>
    </trkpt>
    <trkpt lat="46.66491100" lon="8.15261200">
      <ele>2307.000</ele>
    </trkpt>
    <trkpt lat="46.66491100" lon="8.15261100">
      <ele>2307.000</ele>
    </trkpt>
    <trkpt lat="46.66491100" lon="8.15261100">
      <ele>2307.000</ele>
    </trkpt>
    <trkpt lat="46.66491100" lon="8.15261100">
      <ele>2307.000</ele>
    </trkpt>
    <trkpt lat="46.66491100" lon="8.15261100">
      <ele>2307.000</ele>
    </trkpt>
    <trkpt lat="46.66491100" lon="8.15261100">
      <ele>2307.000</ele>
    </trkpt>
    <trkpt lat="46.66491100" lon="8.15261100">
      <ele>2307.000</ele>
    </trkpt>
    <trkpt lat="46.66491100" lon="8.15261100">
      <ele>2307.000</ele>
    </trkpt>
    <trkpt lat="46.66491100" lon="8.15261100">
      <ele>2307.000</ele>
    </trkpt>
    <trkpt lat="46.66491100" lon="8.15261100">
      <ele>2307.000</ele>
    </trkpt>
    <trkpt lat="46.66491100" lon="8.15261100">
      <ele>2307.000</ele>
    </trkpt>
    <trkpt lat="46.66492300" lon="8.15262800">
      <ele>2307.000</ele>
    </trkpt>
    <trkpt lat="46.66492400" lon="8.15262700">
      <ele>2307.000</ele>
    </trkpt>
    <trkpt lat="46.66492400" lon="8.15262700">
      <ele>2307.000</ele>
    </trkpt>
    <trkpt lat="46.66492800" lon="8.15263900">
      <ele>2307.000</ele>
    </trkpt>
    <trkpt lat="46.66493100" lon="8.15266800">
      <ele>2292.000</ele>
    </trkpt>
    <trkpt lat="46.66492700" lon="8.15267100">
      <ele>2292.000</ele>
    </trkpt>
    <trkpt lat="46.66492600" lon="8.15267900">
      <ele>2292.000</ele>
    </trkpt>
    <trkpt lat="46.66493100" lon="8.15266900">
      <ele>2292.000</ele>
    </trkpt>
    <trkpt lat="46.66493500" lon="8.15268900">
      <ele>2292.000</ele>
    </trkpt>
    <trkpt lat="46.66492600" lon="8.15270600">
      <ele>2292.000</ele>
    </trkpt>
    <trkpt lat="46.66493400" lon="8.15269400">
      <ele>2292.000</ele>
    </trkpt>
    <trkpt lat="46.66493400" lon="8.15268500">
      <ele>2292.000</ele>
    </trkpt>
    <trkpt lat="46.66491100" lon="8.15268500">
      <ele>2292.000</ele>
    </trkpt>
    <trkpt lat="46.66492300" lon="8.15269300">
      <ele>2292.000</ele>
    </trkpt>
    <trkpt lat="46.66492400" lon="8.15269700">
      <ele>2292.000</ele>
    </trkpt>
    <trkpt lat="46.66493400" lon="8.15268500">
      <ele>2292.000</ele>
    </trkpt>
    <trkpt lat="46.66493400" lon="8.15268500">
      <ele>2292.000</ele>
    </trkpt>
    <trkpt lat="46.66493400" lon="8.15268500">
      <ele>2292.000</ele>
    </trkpt>
    <trkpt lat="46.66493400" lon="8.15268500">
      <ele>2292.000</ele>
    </trkpt>
    <trkpt lat="46.66493400" lon="8.15268500">
      <ele>2292.000</ele>
    </trkpt>
    <trkpt lat="46.66493400" lon="8.15268500">
      <ele>2292.000</ele>
    </trkpt>
    <trkpt lat="46.66493400" lon="8.15268500">
      <ele>2292.000</ele>
    </trkpt>
    <trkpt lat="46.66493400" lon="8.15270700">
      <ele>2292.000</ele>
    </trkpt>
    <trkpt lat="46.66494200" lon="8.15270200">
      <ele>2292.000</ele>
    </trkpt>
    <trkpt lat="46.66493800" lon="8.15270700">
      <ele>2292.000</ele>
    </trkpt>
    <trkpt lat="46.66493600" lon="8.15271300">
      <ele>2292.000</ele>
    </trkpt>
    <trkpt lat="46.66493600" lon="8.15271200">
      <ele>2292.000</ele>
    </trkpt>
    <trkpt lat="46.66493400" lon="8.15271200">
      <ele>2292.000</ele>
    </trkpt>
    <trkpt lat="46.66493200" lon="8.15271200">
      <ele>2292.000</ele>
    </trkpt>
    <trkpt lat="46.66493300" lon="8.15271600">
      <ele>2292.000</ele>
    </trkpt>
    <trkpt lat="46.66493600" lon="8.15271200">
      <ele>2292.000</ele>
    </trkpt>
    <trkpt lat="46.66493600" lon="8.15271200">
      <ele>2292.000</ele>
    </trkpt>
    <trkpt lat="46.66493600" lon="8.15271200">
      <ele>2292.000</ele>
    </trkpt>
    <trkpt lat="46.66493600" lon="8.15271200">
      <ele>2292.000</ele>
    </trkpt>
    <trkpt lat="46.66493600" lon="8.15271200">
      <ele>2292.000</ele>
    </trkpt>
    <trkpt lat="46.66493600" lon="8.15271200">
      <ele>2292.000</ele>
    </trkpt>
    <trkpt lat="46.66493600" lon="8.15271200">
      <ele>2292.000</ele>
    </trkpt>
    <trkpt lat="46.66493600" lon="8.15271200">
      <ele>2292.000</ele>
    </trkpt>
    <trkpt lat="46.66493600" lon="8.15271200">
      <ele>2292.000</ele>
    </trkpt>
    <trkpt lat="46.66493600" lon="8.15271200">
      <ele>2292.000</ele>
    </trkpt>
    <trkpt lat="46.66493600" lon="8.15271200">
      <ele>2292.000</ele>
    </trkpt>
    <trkpt lat="46.66493600" lon="8.15271200">
      <ele>2292.000</ele>
    </trkpt>
    <trkpt lat="46.66493600" lon="8.15271200">
      <ele>2292.000</ele>
    </trkpt>
    <trkpt lat="46.66493600" lon="8.15271200">
      <ele>2292.000</ele>
    </trkpt>
    <trkpt lat="46.66493600" lon="8.15271200">
      <ele>2292.000</ele>
    </trkpt>
    <trkpt lat="46.66493600" lon="8.15271200">
      <ele>2292.000</ele>
    </trkpt>
    <trkpt lat="46.66493600" lon="8.15271200">
      <ele>2292.000</ele>
    </trkpt>
    <trkpt lat="46.66493600" lon="8.15271200">
      <ele>2292.000</ele>
    </trkpt>
    <trkpt lat="46.66493600" lon="8.15271200">
      <ele>2292.000</ele>
    </trkpt>
    <trkpt lat="46.66493600" lon="8.15271200">
      <ele>2292.000</ele>
    </trkpt>
    <trkpt lat="46.66493600" lon="8.15271200">
      <ele>2292.000</ele>
    </trkpt>
    <trkpt lat="46.66493600" lon="8.15271200">
      <ele>2292.000</ele>
    </trkpt>
    <trkpt lat="46.66493600" lon="8.15271200">
      <ele>2292.000</ele>
    </trkpt>
    <trkpt lat="46.66493600" lon="8.15271200">
      <ele>2292.000</ele>
    </trkpt>
    <trkpt lat="46.66493600" lon="8.15271200">
      <ele>2292.000</ele>
    </trkpt>
    <trkpt lat="46.66493600" lon="8.15271200">
      <ele>2292.000</ele>
    </trkpt>
    <trkpt lat="46.66493600" lon="8.15271200">
      <ele>2292.000</ele>
    </trkpt>
    <trkpt lat="46.66493600" lon="8.15271200">
      <ele>2292.000</ele>
    </trkpt>
    <trkpt lat="46.66493600" lon="8.15271200">
      <ele>2292.000</ele>
    </trkpt>
    <trkpt lat="46.66493600" lon="8.15271200">
      <ele>2292.000</ele>
    </trkpt>
    <trkpt lat="46.66493600" lon="8.15271200">
      <ele>2292.000</ele>
    </trkpt>
    <trkpt lat="46.66493700" lon="8.15271000">
      <ele>2292.000</ele>
    </trkpt>
    <trkpt lat="46.66493600" lon="8.15271200">
      <ele>2292.000</ele>
    </trkpt>
    <trkpt lat="46.66493600" lon="8.15271200">
      <ele>2292.000</ele>
    </trkpt>
    <trkpt lat="46.66493600" lon="8.15271200">
      <ele>2292.000</ele>
    </trkpt>
    <trkpt lat="46.66493900" lon="8.15273200">
      <ele>2292.000</ele>
    </trkpt>
    <trkpt lat="46.66493800" lon="8.15273600">
      <ele>2292.000</ele>
    </trkpt>
    <trkpt lat="46.66493800" lon="8.15273600">
      <ele>2292.000</ele>
    </trkpt>
    <trkpt lat="46.66493800" lon="8.15273600">
      <ele>2292.000</ele>
    </trkpt>
    <trkpt lat="46.66493800" lon="8.15273600">
      <ele>2292.000</ele>
    </trkpt>
    <trkpt lat="46.66493800" lon="8.15273600">
      <ele>2292.000</ele>
    </trkpt>
    <trkpt lat="46.66493800" lon="8.15273600">
      <ele>2292.000</ele>
    </trkpt>
    <trkpt lat="46.66493800" lon="8.15273600">
      <ele>2292.000</ele>
    </trkpt>
    <trkpt lat="46.66493800" lon="8.15273600">
      <ele>2292.000</ele>
    </trkpt>
    <trkpt lat="46.66493800" lon="8.15273600">
      <ele>2292.000</ele>
    </trkpt>
    <trkpt lat="46.66493800" lon="8.15273600">
      <ele>2292.000</ele>
    </trkpt>
    <trkpt lat="46.66493800" lon="8.15273600">
      <ele>2292.000</ele>
    </trkpt>
    <trkpt lat="46.66493800" lon="8.15273600">
      <ele>2292.000</ele>
    </trkpt>
    <trkpt lat="46.66493800" lon="8.15273600">
      <ele>2292.000</ele>
    </trkpt>
    <trkpt lat="46.66493800" lon="8.15273600">
      <ele>2292.000</ele>
    </trkpt>
    <trkpt lat="46.66493800" lon="8.15273600">
      <ele>2292.000</ele>
    </trkpt>
    <trkpt lat="46.66493800" lon="8.15273600">
      <ele>2292.000</ele>
    </trkpt>
    <trkpt lat="46.66493800" lon="8.15273600">
      <ele>2292.000</ele>
    </trkpt>
    <trkpt lat="46.66493800" lon="8.15273600">
      <ele>2292.000</ele>
    </trkpt>
    <trkpt lat="46.66493800" lon="8.15273600">
      <ele>2292.000</ele>
    </trkpt>
    <trkpt lat="46.66493800" lon="8.15273600">
      <ele>2292.000</ele>
    </trkpt>
    <trkpt lat="46.66493800" lon="8.15273600">
      <ele>2292.000</ele>
    </trkpt>
    <trkpt lat="46.66493800" lon="8.15273600">
      <ele>2292.000</ele>
    </trkpt>
    <trkpt lat="46.66493800" lon="8.15273600">
      <ele>2292.000</ele>
    </trkpt>
    <trkpt lat="46.66493800" lon="8.15273600">
      <ele>2292.000</ele>
    </trkpt>
    <trkpt lat="46.66493800" lon="8.15273600">
      <ele>2292.000</ele>
    </trkpt>
    <trkpt lat="46.66492800" lon="8.15273000">
      <ele>2292.000</ele>
    </trkpt>
    <trkpt lat="46.66492700" lon="8.15272200">
      <ele>2292.000</ele>
    </trkpt>
    <trkpt lat="46.66492700" lon="8.15272200">
      <ele>2292.000</ele>
    </trkpt>
    <trkpt lat="46.66492700" lon="8.15272200">
      <ele>2292.000</ele>
    </trkpt>
    <trkpt lat="46.66492700" lon="8.15272200">
      <ele>2292.000</ele>
    </trkpt>
    <trkpt lat="46.66492700" lon="8.15272200">
      <ele>2292.000</ele>
    </trkpt>
    <trkpt lat="46.66492700" lon="8.15272200">
      <ele>2292.000</ele>
    </trkpt>
    <trkpt lat="46.66492500" lon="8.15271800">
      <ele>2292.000</ele>
    </trkpt>
    <trkpt lat="46.66492700" lon="8.15271600">
      <ele>2292.000</ele>
    </trkpt>
    <trkpt lat="46.66493100" lon="8.15272200">
      <ele>2292.000</ele>
    </trkpt>
    <trkpt lat="46.66493400" lon="8.15272000">
      <ele>2292.000</ele>
    </trkpt>
    <trkpt lat="46.66493700" lon="8.15271400">
      <ele>2292.000</ele>
    </trkpt>
    <trkpt lat="46.66492700" lon="8.15272200">
      <ele>2292.000</ele>
    </trkpt>
    <trkpt lat="46.66492700" lon="8.15272200">
      <ele>2292.000</ele>
    </trkpt>
    <trkpt lat="46.66492700" lon="8.15272200">
      <ele>2292.000</ele>
    </trkpt>
    <trkpt lat="46.66492700" lon="8.15272200">
      <ele>2292.000</ele>
    </trkpt>
    <trkpt lat="46.66492700" lon="8.15272200">
      <ele>2292.000</ele>
    </trkpt>
    <trkpt lat="46.66492700" lon="8.15272200">
      <ele>2292.000</ele>
    </trkpt>
    <trkpt lat="46.66492700" lon="8.15272200">
      <ele>2292.000</ele>
    </trkpt>
    <trkpt lat="46.66492700" lon="8.15272200">
      <ele>2292.000</ele>
    </trkpt>
    <trkpt lat="46.66492700" lon="8.15272200">
      <ele>2292.000</ele>
    </trkpt>
    <trkpt lat="46.66492700" lon="8.15272200">
      <ele>2292.000</ele>
    </trkpt>
    <trkpt lat="46.66494000" lon="8.15272300">
      <ele>2292.000</ele>
    </trkpt>
    <trkpt lat="46.66494100" lon="8.15272100">
      <ele>2292.000</ele>
    </trkpt>
    <trkpt lat="46.66494100" lon="8.15272100">
      <ele>2292.000</ele>
    </trkpt>
    <trkpt lat="46.66494200" lon="8.15272300">
      <ele>2292.000</ele>
    </trkpt>
    <trkpt lat="46.66494100" lon="8.15271300">
      <ele>2292.000</ele>
    </trkpt>
    <trkpt lat="46.66494100" lon="8.15272100">
      <ele>2292.000</ele>
    </trkpt>
    <trkpt lat="46.66494100" lon="8.15272100">
      <ele>2292.000</ele>
    </trkpt>
    <trkpt lat="46.66494100" lon="8.15272100">
      <ele>2292.000</ele>
    </trkpt>
    <trkpt lat="46.66494100" lon="8.15272100">
      <ele>2292.000</ele>
    </trkpt>
    <trkpt lat="46.66494100" lon="8.15272100">
      <ele>2292.000</ele>
    </trkpt>
    <trkpt lat="46.66494100" lon="8.15272100">
      <ele>2292.000</ele>
    </trkpt>
    <trkpt lat="46.66494100" lon="8.15272100">
      <ele>2292.000</ele>
    </trkpt>
    <trkpt lat="46.66494100" lon="8.15272100">
      <ele>2292.000</ele>
    </trkpt>
    <trkpt lat="46.66494100" lon="8.15272100">
      <ele>2292.000</ele>
    </trkpt>
    <trkpt lat="46.66494100" lon="8.15272100">
      <ele>2292.000</ele>
    </trkpt>
    <trkpt lat="46.66494100" lon="8.15272100">
      <ele>2292.000</ele>
    </trkpt>
    <trkpt lat="46.66494100" lon="8.15272100">
      <ele>2292.000</ele>
    </trkpt>
    <trkpt lat="46.66494500" lon="8.15271300">
      <ele>2292.000</ele>
    </trkpt>
    <trkpt lat="46.66494400" lon="8.15270800">
      <ele>2292.000</ele>
    </trkpt>
    <trkpt lat="46.66494100" lon="8.15272100">
      <ele>2292.000</ele>
    </trkpt>
    <trkpt lat="46.66494100" lon="8.15272100">
      <ele>2292.000</ele>
    </trkpt>
    <trkpt lat="46.66494100" lon="8.15272100">
      <ele>2292.000</ele>
    </trkpt>
    <trkpt lat="46.66494100" lon="8.15272100">
      <ele>2292.000</ele>
    </trkpt>
    <trkpt lat="46.66494100" lon="8.15272100">
      <ele>2292.000</ele>
    </trkpt>
    <trkpt lat="46.66494100" lon="8.15272100">
      <ele>2292.000</ele>
    </trkpt>
    <trkpt lat="46.66494100" lon="8.15272100">
      <ele>2292.000</ele>
    </trkpt>
    <trkpt lat="46.66494100" lon="8.15272100">
      <ele>2292.000</ele>
    </trkpt>
    <trkpt lat="46.66494100" lon="8.15272100">
      <ele>2292.000</ele>
    </trkpt>
    <trkpt lat="46.66494100" lon="8.15272100">
      <ele>2292.000</ele>
    </trkpt>
    <trkpt lat="46.66494100" lon="8.15272100">
      <ele>2292.000</ele>
    </trkpt>
    <trkpt lat="46.66494100" lon="8.15272100">
      <ele>2292.000</ele>
    </trkpt>
    <trkpt lat="46.66494100" lon="8.15272100">
      <ele>2292.000</ele>
    </trkpt>
    <trkpt lat="46.66494100" lon="8.15272100">
      <ele>2292.000</ele>
    </trkpt>
    <trkpt lat="46.66494100" lon="8.15272100">
      <ele>2292.000</ele>
    </trkpt>
    <trkpt lat="46.66494100" lon="8.15272100">
      <ele>2292.000</ele>
    </trkpt>
    <trkpt lat="46.66494100" lon="8.15272100">
      <ele>2292.000</ele>
    </trkpt>
    <trkpt lat="46.66494100" lon="8.15272100">
      <ele>2292.000</ele>
    </trkpt>
    <trkpt lat="46.66494100" lon="8.15272100">
      <ele>2292.000</ele>
    </trkpt>
    <trkpt lat="46.66494100" lon="8.15272100">
      <ele>2292.000</ele>
    </trkpt>
    <trkpt lat="46.66494100" lon="8.15272100">
      <ele>2292.000</ele>
    </trkpt>
    <trkpt lat="46.66492700" lon="8.15271000">
      <ele>2292.000</ele>
    </trkpt>
    <trkpt lat="46.66492600" lon="8.15270900">
      <ele>2292.000</ele>
    </trkpt>
    <trkpt lat="46.66492600" lon="8.15270900">
      <ele>2292.000</ele>
    </trkpt>
    <trkpt lat="46.66492600" lon="8.15270900">
      <ele>2292.000</ele>
    </trkpt>
    <trkpt lat="46.66492600" lon="8.15270900">
      <ele>2292.000</ele>
    </trkpt>
    <trkpt lat="46.66492600" lon="8.15270900">
      <ele>2292.000</ele>
    </trkpt>
    <trkpt lat="46.66492600" lon="8.15270900">
      <ele>2292.000</ele>
    </trkpt>
    <trkpt lat="46.66492600" lon="8.15270900">
      <ele>2292.000</ele>
    </trkpt>
    <trkpt lat="46.66492600" lon="8.15270900">
      <ele>2292.000</ele>
    </trkpt>
    <trkpt lat="46.66493000" lon="8.15271000">
      <ele>2292.000</ele>
    </trkpt>
    <trkpt lat="46.66492600" lon="8.15270900">
      <ele>2292.000</ele>
    </trkpt>
    <trkpt lat="46.66492600" lon="8.15270900">
      <ele>2292.000</ele>
    </trkpt>
    <trkpt lat="46.66493100" lon="8.15270900">
      <ele>2292.000</ele>
    </trkpt>
    <trkpt lat="46.66492600" lon="8.15270900">
      <ele>2292.000</ele>
    </trkpt>
    <trkpt lat="46.66492600" lon="8.15270900">
      <ele>2292.000</ele>
    </trkpt>
    <trkpt lat="46.66492600" lon="8.15270900">
      <ele>2292.000</ele>
    </trkpt>
    <trkpt lat="46.66492600" lon="8.15270900">
      <ele>2292.000</ele>
    </trkpt>
    <trkpt lat="46.66492600" lon="8.15270900">
      <ele>2292.000</ele>
    </trkpt>
    <trkpt lat="46.66492600" lon="8.15270900">
      <ele>2292.000</ele>
    </trkpt>
    <trkpt lat="46.66492600" lon="8.15270900">
      <ele>2292.000</ele>
    </trkpt>
    <trkpt lat="46.66492600" lon="8.15270900">
      <ele>2292.000</ele>
    </trkpt>
    <trkpt lat="46.66492600" lon="8.15270900">
      <ele>2292.000</ele>
    </trkpt>
    <trkpt lat="46.66492600" lon="8.15272300">
      <ele>2292.000</ele>
    </trkpt>
    <trkpt lat="46.66492600" lon="8.15270900">
      <ele>2292.000</ele>
    </trkpt>
    <trkpt lat="46.66492600" lon="8.15270900">
      <ele>2292.000</ele>
    </trkpt>
    <trkpt lat="46.66492600" lon="8.15270900">
      <ele>2292.000</ele>
    </trkpt>
    <trkpt lat="46.66492600" lon="8.15270900">
      <ele>2292.000</ele>
    </trkpt>
    <trkpt lat="46.66492600" lon="8.15270900">
      <ele>2292.000</ele>
    </trkpt>
    <trkpt lat="46.66492600" lon="8.15270900">
      <ele>2292.000</ele>
    </trkpt>
    <trkpt lat="46.66492600" lon="8.15270900">
      <ele>2292.000</ele>
    </trkpt>
    <trkpt lat="46.66492600" lon="8.15270900">
      <ele>2292.000</ele>
    </trkpt>
    <trkpt lat="46.66493700" lon="8.15271300">
      <ele>2292.000</ele>
    </trkpt>
    <trkpt lat="46.66492600" lon="8.15270900">
      <ele>2292.000</ele>
    </trkpt>
    <trkpt lat="46.66492600" lon="8.15270900">
      <ele>2292.000</ele>
    </trkpt>
    <trkpt lat="46.66492600" lon="8.15270900">
      <ele>2292.000</ele>
    </trkpt>
    <trkpt lat="46.66492600" lon="8.15270900">
      <ele>2292.000</ele>
    </trkpt>
    <trkpt lat="46.66492600" lon="8.15270900">
      <ele>2292.000</ele>
    </trkpt>
    <trkpt lat="46.66492600" lon="8.15270900">
      <ele>2292.000</ele>
    </trkpt>
    <trkpt lat="46.66492600" lon="8.15270900">
      <ele>2292.000</ele>
    </trkpt>
    <trkpt lat="46.66492600" lon="8.15270900">
      <ele>2292.000</ele>
    </trkpt>
    <trkpt lat="46.66492600" lon="8.15270900">
      <ele>2292.000</ele>
    </trkpt>
    <trkpt lat="46.66493800" lon="8.15270700">
      <ele>2292.000</ele>
    </trkpt>
    <trkpt lat="46.66493900" lon="8.15270600">
      <ele>2292.000</ele>
    </trkpt>
    <trkpt lat="46.66493900" lon="8.15270600">
      <ele>2292.000</ele>
    </trkpt>
    <trkpt lat="46.66493600" lon="8.15270700">
      <ele>2292.000</ele>
    </trkpt>
    <trkpt lat="46.66492900" lon="8.15272700">
      <ele>2292.000</ele>
    </trkpt>
    <trkpt lat="46.66492900" lon="8.15272700">
      <ele>2292.000</ele>
    </trkpt>
    <trkpt lat="46.66492900" lon="8.15272700">
      <ele>2292.000</ele>
    </trkpt>
    <trkpt lat="46.66492900" lon="8.15272700">
      <ele>2292.000</ele>
    </trkpt>
    <trkpt lat="46.66492900" lon="8.15272700">
      <ele>2292.000</ele>
    </trkpt>
    <trkpt lat="46.66492900" lon="8.15272700">
      <ele>2292.000</ele>
    </trkpt>
    <trkpt lat="46.66492900" lon="8.15272700">
      <ele>2292.000</ele>
    </trkpt>
    <trkpt lat="46.66492900" lon="8.15272700">
      <ele>2292.000</ele>
    </trkpt>
    <trkpt lat="46.66492900" lon="8.15272700">
      <ele>2292.000</ele>
    </trkpt>
    <trkpt lat="46.66492900" lon="8.15272700">
      <ele>2292.000</ele>
    </trkpt>
    <trkpt lat="46.66492900" lon="8.15272700">
      <ele>2292.000</ele>
    </trkpt>
    <trkpt lat="46.66492900" lon="8.15272700">
      <ele>2292.000</ele>
    </trkpt>
    <trkpt lat="46.66492900" lon="8.15272700">
      <ele>2292.000</ele>
    </trkpt>
    <trkpt lat="46.66492900" lon="8.15272700">
      <ele>2292.000</ele>
    </trkpt>
    <trkpt lat="46.66492900" lon="8.15272700">
      <ele>2292.000</ele>
    </trkpt>
    <trkpt lat="46.66493900" lon="8.15271200">
      <ele>2292.000</ele>
    </trkpt>
    <trkpt lat="46.66493900" lon="8.15271200">
      <ele>2292.000</ele>
    </trkpt>
    <trkpt lat="46.66493900" lon="8.15271700">
      <ele>2292.000</ele>
    </trkpt>
    <trkpt lat="46.66493900" lon="8.15271200">
      <ele>2292.000</ele>
    </trkpt>
    <trkpt lat="46.66493900" lon="8.15271200">
      <ele>2292.000</ele>
    </trkpt>
    <trkpt lat="46.66493900" lon="8.15271200">
      <ele>2292.000</ele>
    </trkpt>
    <trkpt lat="46.66493900" lon="8.15271200">
      <ele>2292.000</ele>
    </trkpt>
    <trkpt lat="46.66492900" lon="8.15272100">
      <ele>2292.000</ele>
    </trkpt>
    <trkpt lat="46.66492300" lon="8.15270700">
      <ele>2292.000</ele>
    </trkpt>
    <trkpt lat="46.66492400" lon="8.15269400">
      <ele>2292.000</ele>
    </trkpt>
    <trkpt lat="46.66492100" lon="8.15268300">
      <ele>2292.000</ele>
    </trkpt>
    <trkpt lat="46.66492900" lon="8.15265900">
      <ele>2292.000</ele>
    </trkpt>
    <trkpt lat="46.66492900" lon="8.15265900">
      <ele>2292.000</ele>
    </trkpt>
    <trkpt lat="46.66492600" lon="8.15265400">
      <ele>2292.000</ele>
    </trkpt>
    <trkpt lat="46.66492400" lon="8.15265000">
      <ele>2292.000</ele>
    </trkpt>
    <trkpt lat="46.66491500" lon="8.15264200">
      <ele>2292.000</ele>
    </trkpt>
    <trkpt lat="46.66490900" lon="8.15262200">
      <ele>2307.000</ele>
    </trkpt>
    <trkpt lat="46.66491100" lon="8.15261800">
      <ele>2307.000</ele>
    </trkpt>
    <trkpt lat="46.66491000" lon="8.15262000">
      <ele>2307.000</ele>
    </trkpt>
    <trkpt lat="46.66490900" lon="8.15261800">
      <ele>2307.000</ele>
    </trkpt>
    <trkpt lat="46.66491000" lon="8.15262000">
      <ele>2307.000</ele>
    </trkpt>
    <trkpt lat="46.66491000" lon="8.15262000">
      <ele>2307.000</ele>
    </trkpt>
    <trkpt lat="46.66490900" lon="8.15262200">
      <ele>2307.000</ele>
    </trkpt>
    <trkpt lat="46.66491300" lon="8.15261700">
      <ele>2307.000</ele>
    </trkpt>
    <trkpt lat="46.66491000" lon="8.15262000">
      <ele>2307.000</ele>
    </trkpt>
    <trkpt lat="46.66491000" lon="8.15262000">
      <ele>2307.000</ele>
    </trkpt>
    <trkpt lat="46.66492400" lon="8.15259600">
      <ele>2307.000</ele>
    </trkpt>
    <trkpt lat="46.66492500" lon="8.15258400">
      <ele>2307.000</ele>
    </trkpt>
    <trkpt lat="46.66492600" lon="8.15257900">
      <ele>2307.000</ele>
    </trkpt>
    <trkpt lat="46.66493200" lon="8.15258200">
      <ele>2307.000</ele>
    </trkpt>
    <trkpt lat="46.66493200" lon="8.15258400">
      <ele>2307.000</ele>
    </trkpt>
    <trkpt lat="46.66492600" lon="8.15258700">
      <ele>2307.000</ele>
    </trkpt>
    <trkpt lat="46.66492600" lon="8.15258700">
      <ele>2307.000</ele>
    </trkpt>
    <trkpt lat="46.66492600" lon="8.15258700">
      <ele>2307.000</ele>
    </trkpt>
    <trkpt lat="46.66492300" lon="8.15259300">
      <ele>2307.000</ele>
    </trkpt>
    <trkpt lat="46.66492400" lon="8.15260500">
      <ele>2307.000</ele>
    </trkpt>
    <trkpt lat="46.66492900" lon="8.15261000">
      <ele>2307.000</ele>
    </trkpt>
    <trkpt lat="46.66493800" lon="8.15257700">
      <ele>2307.000</ele>
    </trkpt>
    <trkpt lat="46.66494700" lon="8.15255700">
      <ele>2307.000</ele>
    </trkpt>
    <trkpt lat="46.66494600" lon="8.15255800">
      <ele>2307.000</ele>
    </trkpt>
    <trkpt lat="46.66495000" lon="8.15255400">
      <ele>2307.000</ele>
    </trkpt>
    <trkpt lat="46.66494500" lon="8.15255500">
      <ele>2307.000</ele>
    </trkpt>
    <trkpt lat="46.66494400" lon="8.15255100">
      <ele>2307.000</ele>
    </trkpt>
    <trkpt lat="46.66494700" lon="8.15254500">
      <ele>2307.000</ele>
    </trkpt>
    <trkpt lat="46.66494700" lon="8.15253900">
      <ele>2307.000</ele>
    </trkpt>
    <trkpt lat="46.66495400" lon="8.15253900">
      <ele>2307.000</ele>
    </trkpt>
    <trkpt lat="46.66495500" lon="8.15254100">
      <ele>2307.000</ele>
    </trkpt>
    <trkpt lat="46.66496100" lon="8.15254000">
      <ele>2307.000</ele>
    </trkpt>
    <trkpt lat="46.66496200" lon="8.15252400">
      <ele>2307.000</ele>
    </trkpt>
    <trkpt lat="46.66496600" lon="8.15251300">
      <ele>2307.000</ele>
    </trkpt>
    <trkpt lat="46.66495600" lon="8.15251900">
      <ele>2307.000</ele>
    </trkpt>
    <trkpt lat="46.66496100" lon="8.15251400">
      <ele>2307.000</ele>
    </trkpt>
    <trkpt lat="46.66495800" lon="8.15251300">
      <ele>2307.000</ele>
    </trkpt>
    <trkpt lat="46.66495700" lon="8.15251400">
      <ele>2307.000</ele>
    </trkpt>
    <trkpt lat="46.66495700" lon="8.15251400">
      <ele>2307.000</ele>
    </trkpt>
    <trkpt lat="46.66495700" lon="8.15251400">
      <ele>2307.000</ele>
    </trkpt>
    <trkpt lat="46.66496900" lon="8.15249700">
      <ele>2307.000</ele>
    </trkpt>
    <trkpt lat="46.66497100" lon="8.15250400">
      <ele>2307.000</ele>
    </trkpt>
    <trkpt lat="46.66497100" lon="8.15250500">
      <ele>2307.000</ele>
    </trkpt>
    <trkpt lat="46.66497000" lon="8.15251100">
      <ele>2307.000</ele>
    </trkpt>
    <trkpt lat="46.66497100" lon="8.15250500">
      <ele>2307.000</ele>
    </trkpt>
    <trkpt lat="46.66497100" lon="8.15250500">
      <ele>2307.000</ele>
    </trkpt>
    <trkpt lat="46.66497500" lon="8.15251600">
      <ele>2307.000</ele>
    </trkpt>
    <trkpt lat="46.66497600" lon="8.15251800">
      <ele>2307.000</ele>
    </trkpt>
    <trkpt lat="46.66497100" lon="8.15250500">
      <ele>2307.000</ele>
    </trkpt>
    <trkpt lat="46.66497100" lon="8.15250500">
      <ele>2307.000</ele>
    </trkpt>
    <trkpt lat="46.66498400" lon="8.15251600">
      <ele>2307.000</ele>
    </trkpt>
    <trkpt lat="46.66498700" lon="8.15251600">
      <ele>2307.000</ele>
    </trkpt>
    <trkpt lat="46.66498600" lon="8.15251100">
      <ele>2307.000</ele>
    </trkpt>
    <trkpt lat="46.66499100" lon="8.15251100">
      <ele>2307.000</ele>
    </trkpt>
    <trkpt lat="46.66499400" lon="8.15251500">
      <ele>2307.000</ele>
    </trkpt>
    <trkpt lat="46.66498400" lon="8.15251600">
      <ele>2307.000</ele>
    </trkpt>
    <trkpt lat="46.66499900" lon="8.15252100">
      <ele>2307.000</ele>
    </trkpt>
    <trkpt lat="46.66501500" lon="8.15252600">
      <ele>2307.000</ele>
    </trkpt>
    <trkpt lat="46.66501500" lon="8.15253000">
      <ele>2307.000</ele>
    </trkpt>
    <trkpt lat="46.66502700" lon="8.15253700">
      <ele>2307.000</ele>
    </trkpt>
    <trkpt lat="46.66501500" lon="8.15253000">
      <ele>2307.000</ele>
    </trkpt>
    <trkpt lat="46.66503100" lon="8.15254100">
      <ele>2307.000</ele>
    </trkpt>
    <trkpt lat="46.66503700" lon="8.15254700">
      <ele>2307.000</ele>
    </trkpt>
    <trkpt lat="46.66503700" lon="8.15254600">
      <ele>2307.000</ele>
    </trkpt>
    <trkpt lat="46.66503700" lon="8.15254600">
      <ele>2307.000</ele>
    </trkpt>
    <trkpt lat="46.66503800" lon="8.15255500">
      <ele>2307.000</ele>
    </trkpt>
    <trkpt lat="46.66504100" lon="8.15255100">
      <ele>2307.000</ele>
    </trkpt>
    <trkpt lat="46.66504600" lon="8.15254000">
      <ele>2307.000</ele>
    </trkpt>
    <trkpt lat="46.66504700" lon="8.15253800">
      <ele>2307.000</ele>
    </trkpt>
    <trkpt lat="46.66504800" lon="8.15253700">
      <ele>2307.000</ele>
    </trkpt>
    <trkpt lat="46.66504900" lon="8.15253600">
      <ele>2307.000</ele>
    </trkpt>
    <trkpt lat="46.66504800" lon="8.15253400">
      <ele>2307.000</ele>
    </trkpt>
    <trkpt lat="46.66504800" lon="8.15253400">
      <ele>2307.000</ele>
    </trkpt>
    <trkpt lat="46.66504800" lon="8.15253400">
      <ele>2307.000</ele>
    </trkpt>
    <trkpt lat="46.66505500" lon="8.15253100">
      <ele>2307.000</ele>
    </trkpt>
    <trkpt lat="46.66504900" lon="8.15252000">
      <ele>2307.000</ele>
    </trkpt>
    <trkpt lat="46.66505600" lon="8.15251000">
      <ele>2307.000</ele>
    </trkpt>
    <trkpt lat="46.66506300" lon="8.15250800">
      <ele>2307.000</ele>
    </trkpt>
    <trkpt lat="46.66506800" lon="8.15250100">
      <ele>2307.000</ele>
    </trkpt>
    <trkpt lat="46.66506600" lon="8.15249700">
      <ele>2307.000</ele>
    </trkpt>
    <trkpt lat="46.66506300" lon="8.15249300">
      <ele>2307.000</ele>
    </trkpt>
    <trkpt lat="46.66506300" lon="8.15250400">
      <ele>2307.000</ele>
    </trkpt>
    <trkpt lat="46.66506700" lon="8.15248500">
      <ele>2307.000</ele>
    </trkpt>
    <trkpt lat="46.66506700" lon="8.15250100">
      <ele>2307.000</ele>
    </trkpt>
    <trkpt lat="46.66506700" lon="8.15250100">
      <ele>2307.000</ele>
    </trkpt>
    <trkpt lat="46.66506700" lon="8.15250100">
      <ele>2307.000</ele>
    </trkpt>
    <trkpt lat="46.66506700" lon="8.15250100">
      <ele>2307.000</ele>
    </trkpt>
    <trkpt lat="46.66506700" lon="8.15250100">
      <ele>2307.000</ele>
    </trkpt>
    <trkpt lat="46.66506800" lon="8.15248100">
      <ele>2307.000</ele>
    </trkpt>
    <trkpt lat="46.66506800" lon="8.15248100">
      <ele>2307.000</ele>
    </trkpt>
    <trkpt lat="46.66506800" lon="8.15248100">
      <ele>2307.000</ele>
    </trkpt>
    <trkpt lat="46.66507300" lon="8.15247800">
      <ele>2307.000</ele>
    </trkpt>
    <trkpt lat="46.66506800" lon="8.15248100">
      <ele>2307.000</ele>
    </trkpt>
    <trkpt lat="46.66506800" lon="8.15248100">
      <ele>2307.000</ele>
    </trkpt>
    <trkpt lat="46.66507500" lon="8.15248000">
      <ele>2307.000</ele>
    </trkpt>
    <trkpt lat="46.66507600" lon="8.15247500">
      <ele>2307.000</ele>
    </trkpt>
    <trkpt lat="46.66507500" lon="8.15248300">
      <ele>2307.000</ele>
    </trkpt>
    <trkpt lat="46.66508100" lon="8.15247100">
      <ele>2307.000</ele>
    </trkpt>
    <trkpt lat="46.66508800" lon="8.15246500">
      <ele>2307.000</ele>
    </trkpt>
    <trkpt lat="46.66509600" lon="8.15246400">
      <ele>2307.000</ele>
    </trkpt>
    <trkpt lat="46.66510200" lon="8.15245700">
      <ele>2307.000</ele>
    </trkpt>
    <trkpt lat="46.66510200" lon="8.15245700">
      <ele>2307.000</ele>
    </trkpt>
    <trkpt lat="46.66511400" lon="8.15244400">
      <ele>2307.000</ele>
    </trkpt>
    <trkpt lat="46.66511400" lon="8.15244400">
      <ele>2307.000</ele>
    </trkpt>
    <trkpt lat="46.66511400" lon="8.15244400">
      <ele>2307.000</ele>
    </trkpt>
    <trkpt lat="46.66511400" lon="8.15244400">
      <ele>2307.000</ele>
    </trkpt>
    <trkpt lat="46.66511500" lon="8.15244700">
      <ele>2307.000</ele>
    </trkpt>
    <trkpt lat="46.66511400" lon="8.15244400">
      <ele>2307.000</ele>
    </trkpt>
    <trkpt lat="46.66512300" lon="8.15245900">
      <ele>2307.000</ele>
    </trkpt>
    <trkpt lat="46.66512300" lon="8.15246600">
      <ele>2307.000</ele>
    </trkpt>
    <trkpt lat="46.66512800" lon="8.15246600">
      <ele>2307.000</ele>
    </trkpt>
    <trkpt lat="46.66512900" lon="8.15246300">
      <ele>2307.000</ele>
    </trkpt>
    <trkpt lat="46.66512700" lon="8.15246300">
      <ele>2307.000</ele>
    </trkpt>
    <trkpt lat="46.66512700" lon="8.15246300">
      <ele>2307.000</ele>
    </trkpt>
    <trkpt lat="46.66511500" lon="8.15246800">
      <ele>2307.000</ele>
    </trkpt>
    <trkpt lat="46.66511400" lon="8.15245400">
      <ele>2307.000</ele>
    </trkpt>
    <trkpt lat="46.66510700" lon="8.15246500">
      <ele>2307.000</ele>
    </trkpt>
    <trkpt lat="46.66510700" lon="8.15246500">
      <ele>2307.000</ele>
    </trkpt>
    <trkpt lat="46.66510700" lon="8.15246500">
      <ele>2307.000</ele>
    </trkpt>
    <trkpt lat="46.66510700" lon="8.15246500">
      <ele>2307.000</ele>
    </trkpt>
    <trkpt lat="46.66510700" lon="8.15246500">
      <ele>2307.000</ele>
    </trkpt>
    <trkpt lat="46.66511500" lon="8.15245900">
      <ele>2307.000</ele>
    </trkpt>
    <trkpt lat="46.66512000" lon="8.15245200">
      <ele>2307.000</ele>
    </trkpt>
    <trkpt lat="46.66512000" lon="8.15245300">
      <ele>2307.000</ele>
    </trkpt>
    <trkpt lat="46.66512400" lon="8.15245500">
      <ele>2307.000</ele>
    </trkpt>
    <trkpt lat="46.66512200" lon="8.15245700">
      <ele>2307.000</ele>
    </trkpt>
    <trkpt lat="46.66512000" lon="8.15245200">
      <ele>2307.000</ele>
    </trkpt>
    <trkpt lat="46.66512000" lon="8.15245200">
      <ele>2307.000</ele>
    </trkpt>
    <trkpt lat="46.66512000" lon="8.15245200">
      <ele>2307.000</ele>
    </trkpt>
    <trkpt lat="46.66512000" lon="8.15245200">
      <ele>2307.000</ele>
    </trkpt>
    <trkpt lat="46.66512000" lon="8.15245200">
      <ele>2307.000</ele>
    </trkpt>
    <trkpt lat="46.66510900" lon="8.15246900">
      <ele>2307.000</ele>
    </trkpt>
    <trkpt lat="46.66510400" lon="8.15246200">
      <ele>2307.000</ele>
    </trkpt>
    <trkpt lat="46.66511300" lon="8.15246900">
      <ele>2307.000</ele>
    </trkpt>
    <trkpt lat="46.66511000" lon="8.15246800">
      <ele>2307.000</ele>
    </trkpt>
    <trkpt lat="46.66511100" lon="8.15246900">
      <ele>2307.000</ele>
    </trkpt>
    <trkpt lat="46.66511800" lon="8.15248100">
      <ele>2307.000</ele>
    </trkpt>
    <trkpt lat="46.66512100" lon="8.15248500">
      <ele>2307.000</ele>
    </trkpt>
    <trkpt lat="46.66511000" lon="8.15246800">
      <ele>2307.000</ele>
    </trkpt>
    <trkpt lat="46.66511000" lon="8.15246800">
      <ele>2307.000</ele>
    </trkpt>
    <trkpt lat="46.66511600" lon="8.15247500">
      <ele>2307.000</ele>
    </trkpt>
    <trkpt lat="46.66512000" lon="8.15247700">
      <ele>2307.000</ele>
    </trkpt>
    <trkpt lat="46.66511000" lon="8.15246800">
      <ele>2307.000</ele>
    </trkpt>
    <trkpt lat="46.66511000" lon="8.15246800">
      <ele>2307.000</ele>
    </trkpt>
    <trkpt lat="46.66511000" lon="8.15246800">
      <ele>2307.000</ele>
    </trkpt>
    <trkpt lat="46.66511000" lon="8.15246800">
      <ele>2307.000</ele>
    </trkpt>
    <trkpt lat="46.66511000" lon="8.15246800">
      <ele>2307.000</ele>
    </trkpt>
    <trkpt lat="46.66511000" lon="8.15246800">
      <ele>2307.000</ele>
    </trkpt>
    <trkpt lat="46.66511000" lon="8.15246800">
      <ele>2307.000</ele>
    </trkpt>
    <trkpt lat="46.66511000" lon="8.15246800">
      <ele>2307.000</ele>
    </trkpt>
    <trkpt lat="46.66511000" lon="8.15246800">
      <ele>2307.000</ele>
    </trkpt>
    <trkpt lat="46.66511000" lon="8.15246800">
      <ele>2307.000</ele>
    </trkpt>
    <trkpt lat="46.66511000" lon="8.15246800">
      <ele>2307.000</ele>
    </trkpt>
    <trkpt lat="46.66511000" lon="8.15246800">
      <ele>2307.000</ele>
    </trkpt>
    <trkpt lat="46.66511000" lon="8.15246800">
      <ele>2307.000</ele>
    </trkpt>
    <trkpt lat="46.66511000" lon="8.15246800">
      <ele>2307.000</ele>
    </trkpt>
    <trkpt lat="46.66511000" lon="8.15246800">
      <ele>2307.000</ele>
    </trkpt>
    <trkpt lat="46.66511000" lon="8.15246800">
      <ele>2307.000</ele>
    </trkpt>
    <trkpt lat="46.66511000" lon="8.15246800">
      <ele>2307.000</ele>
    </trkpt>
    <trkpt lat="46.66511000" lon="8.15246800">
      <ele>2307.000</ele>
    </trkpt>
    <trkpt lat="46.66511000" lon="8.15246800">
      <ele>2307.000</ele>
    </trkpt>
    <trkpt lat="46.66511000" lon="8.15246800">
      <ele>2307.000</ele>
    </trkpt>
    <trkpt lat="46.66511000" lon="8.15246800">
      <ele>2307.000</ele>
    </trkpt>
    <trkpt lat="46.66512200" lon="8.15248100">
      <ele>2307.000</ele>
    </trkpt>
    <trkpt lat="46.66512400" lon="8.15248600">
      <ele>2307.000</ele>
    </trkpt>
    <trkpt lat="46.66512900" lon="8.15248400">
      <ele>2307.000</ele>
    </trkpt>
    <trkpt lat="46.66511700" lon="8.15247700">
      <ele>2307.000</ele>
    </trkpt>
    <trkpt lat="46.66512000" lon="8.15248000">
      <ele>2307.000</ele>
    </trkpt>
    <trkpt lat="46.66510600" lon="8.15247200">
      <ele>2307.000</ele>
    </trkpt>
    <trkpt lat="46.66510600" lon="8.15247200">
      <ele>2307.000</ele>
    </trkpt>
    <trkpt lat="46.66510600" lon="8.15247200">
      <ele>2307.000</ele>
    </trkpt>
    <trkpt lat="46.66510600" lon="8.15247200">
      <ele>2307.000</ele>
    </trkpt>
    <trkpt lat="46.66510600" lon="8.15247200">
      <ele>2307.000</ele>
    </trkpt>
    <trkpt lat="46.66510600" lon="8.15247200">
      <ele>2307.000</ele>
    </trkpt>
    <trkpt lat="46.66510600" lon="8.15247200">
      <ele>2307.000</ele>
    </trkpt>
    <trkpt lat="46.66510600" lon="8.15247200">
      <ele>2307.000</ele>
    </trkpt>
    <trkpt lat="46.66510600" lon="8.15247200">
      <ele>2307.000</ele>
    </trkpt>
    <trkpt lat="46.66510600" lon="8.15247200">
      <ele>2307.000</ele>
    </trkpt>
    <trkpt lat="46.66511000" lon="8.15245400">
      <ele>2307.000</ele>
    </trkpt>
    <trkpt lat="46.66512300" lon="8.15244300">
      <ele>2307.000</ele>
    </trkpt>
    <trkpt lat="46.66511200" lon="8.15244500">
      <ele>2307.000</ele>
    </trkpt>
    <trkpt lat="46.66511200" lon="8.15244500">
      <ele>2307.000</ele>
    </trkpt>
    <trkpt lat="46.66511200" lon="8.15244500">
      <ele>2307.000</ele>
    </trkpt>
    <trkpt lat="46.66511200" lon="8.15244500">
      <ele>2307.000</ele>
    </trkpt>
    <trkpt lat="46.66511200" lon="8.15244500">
      <ele>2307.000</ele>
    </trkpt>
    <trkpt lat="46.66511200" lon="8.15244500">
      <ele>2307.000</ele>
    </trkpt>
    <trkpt lat="46.66511200" lon="8.15244500">
      <ele>2307.000</ele>
    </trkpt>
    <trkpt lat="46.66511200" lon="8.15244500">
      <ele>2307.000</ele>
    </trkpt>
    <trkpt lat="46.66510800" lon="8.15245300">
      <ele>2307.000</ele>
    </trkpt>
    <trkpt lat="46.66509900" lon="8.15245400">
      <ele>2307.000</ele>
    </trkpt>
    <trkpt lat="46.66509600" lon="8.15245100">
      <ele>2307.000</ele>
    </trkpt>
    <trkpt lat="46.66509600" lon="8.15245100">
      <ele>2307.000</ele>
    </trkpt>
    <trkpt lat="46.66509600" lon="8.15245100">
      <ele>2307.000</ele>
    </trkpt>
    <trkpt lat="46.66509600" lon="8.15245100">
      <ele>2307.000</ele>
    </trkpt>
    <trkpt lat="46.66509600" lon="8.15245100">
      <ele>2307.000</ele>
    </trkpt>
    <trkpt lat="46.66510800" lon="8.15246200">
      <ele>2307.000</ele>
    </trkpt>
    <trkpt lat="46.66510100" lon="8.15245500">
      <ele>2307.000</ele>
    </trkpt>
    <trkpt lat="46.66510600" lon="8.15244900">
      <ele>2307.000</ele>
    </trkpt>
    <trkpt lat="46.66509600" lon="8.15245100">
      <ele>2307.000</ele>
    </trkpt>
    <trkpt lat="46.66510300" lon="8.15244400">
      <ele>2307.000</ele>
    </trkpt>
    <trkpt lat="46.66510800" lon="8.15244600">
      <ele>2307.000</ele>
    </trkpt>
    <trkpt lat="46.66510300" lon="8.15245500">
      <ele>2307.000</ele>
    </trkpt>
    <trkpt lat="46.66510400" lon="8.15245300">
      <ele>2307.000</ele>
    </trkpt>
    <trkpt lat="46.66511100" lon="8.15245300">
      <ele>2307.000</ele>
    </trkpt>
    <trkpt lat="46.66511200" lon="8.15245100">
      <ele>2307.000</ele>
    </trkpt>
    <trkpt lat="46.66511600" lon="8.15245500">
      <ele>2307.000</ele>
    </trkpt>
    <trkpt lat="46.66511900" lon="8.15245200">
      <ele>2307.000</ele>
    </trkpt>
    <trkpt lat="46.66511100" lon="8.15245300">
      <ele>2307.000</ele>
    </trkpt>
    <trkpt lat="46.66511100" lon="8.15245400">
      <ele>2307.000</ele>
    </trkpt>
    <trkpt lat="46.66511100" lon="8.15245300">
      <ele>2307.000</ele>
    </trkpt>
    <trkpt lat="46.66511100" lon="8.15245300">
      <ele>2307.000</ele>
    </trkpt>
    <trkpt lat="46.66511100" lon="8.15245300">
      <ele>2307.000</ele>
    </trkpt>
    <trkpt lat="46.66511100" lon="8.15245300">
      <ele>2307.000</ele>
    </trkpt>
    <trkpt lat="46.66511300" lon="8.15246100">
      <ele>2307.000</ele>
    </trkpt>
    <trkpt lat="46.66511400" lon="8.15246100">
      <ele>2307.000</ele>
    </trkpt>
    <trkpt lat="46.66511100" lon="8.15245300">
      <ele>2307.000</ele>
    </trkpt>
    <trkpt lat="46.66511100" lon="8.15245300">
      <ele>2307.000</ele>
    </trkpt>
    <trkpt lat="46.66511100" lon="8.15245300">
      <ele>2307.000</ele>
    </trkpt>
    <trkpt lat="46.66510600" lon="8.15246600">
      <ele>2307.000</ele>
    </trkpt>
    <trkpt lat="46.66509800" lon="8.15246700">
      <ele>2307.000</ele>
    </trkpt>
    <trkpt lat="46.66509600" lon="8.15246700">
      <ele>2307.000</ele>
    </trkpt>
    <trkpt lat="46.66509000" lon="8.15246300">
      <ele>2307.000</ele>
    </trkpt>
    <trkpt lat="46.66509400" lon="8.15246700">
      <ele>2307.000</ele>
    </trkpt>
    <trkpt lat="46.66509400" lon="8.15246700">
      <ele>2307.000</ele>
    </trkpt>
    <trkpt lat="46.66509400" lon="8.15246700">
      <ele>2307.000</ele>
    </trkpt>
    <trkpt lat="46.66509400" lon="8.15246700">
      <ele>2307.000</ele>
    </trkpt>
    <trkpt lat="46.66509400" lon="8.15246700">
      <ele>2307.000</ele>
    </trkpt>
    <trkpt lat="46.66509400" lon="8.15246700">
      <ele>2307.000</ele>
    </trkpt>
    <trkpt lat="46.66509400" lon="8.15246700">
      <ele>2307.000</ele>
    </trkpt>
    <trkpt lat="46.66509400" lon="8.15246700">
      <ele>2307.000</ele>
    </trkpt>
    <trkpt lat="46.66509800" lon="8.15247400">
      <ele>2307.000</ele>
    </trkpt>
    <trkpt lat="46.66510100" lon="8.15246500">
      <ele>2307.000</ele>
    </trkpt>
    <trkpt lat="46.66510400" lon="8.15246900">
      <ele>2307.000</ele>
    </trkpt>
    <trkpt lat="46.66510600" lon="8.15247000">
      <ele>2307.000</ele>
    </trkpt>
    <trkpt lat="46.66510000" lon="8.15246600">
      <ele>2307.000</ele>
    </trkpt>
    <trkpt lat="46.66509400" lon="8.15246700">
      <ele>2307.000</ele>
    </trkpt>
    <trkpt lat="46.66509500" lon="8.15246300">
      <ele>2307.000</ele>
    </trkpt>
    <trkpt lat="46.66509500" lon="8.15247100">
      <ele>2307.000</ele>
    </trkpt>
    <trkpt lat="46.66510100" lon="8.15247600">
      <ele>2307.000</ele>
    </trkpt>
    <trkpt lat="46.66509400" lon="8.15246700">
      <ele>2307.000</ele>
    </trkpt>
    <trkpt lat="46.66509400" lon="8.15246700">
      <ele>2307.000</ele>
    </trkpt>
    <trkpt lat="46.66509800" lon="8.15247000">
      <ele>2307.000</ele>
    </trkpt>
    <trkpt lat="46.66509900" lon="8.15246800">
      <ele>2307.000</ele>
    </trkpt>
    <trkpt lat="46.66510000" lon="8.15246500">
      <ele>2307.000</ele>
    </trkpt>
    <trkpt lat="46.66509400" lon="8.15246700">
      <ele>2307.000</ele>
    </trkpt>
    <trkpt lat="46.66510200" lon="8.15245800">
      <ele>2307.000</ele>
    </trkpt>
    <trkpt lat="46.66510100" lon="8.15244200">
      <ele>2307.000</ele>
    </trkpt>
    <trkpt lat="46.66510900" lon="8.15243000">
      <ele>2307.000</ele>
    </trkpt>
    <trkpt lat="46.66511000" lon="8.15243000">
      <ele>2307.000</ele>
    </trkpt>
    <trkpt lat="46.66511000" lon="8.15243200">
      <ele>2307.000</ele>
    </trkpt>
    <trkpt lat="46.66511300" lon="8.15243100">
      <ele>2307.000</ele>
    </trkpt>
    <trkpt lat="46.66512400" lon="8.15243200">
      <ele>2307.000</ele>
    </trkpt>
    <trkpt lat="46.66512400" lon="8.15243200">
      <ele>2307.000</ele>
    </trkpt>
    <trkpt lat="46.66513000" lon="8.15243500">
      <ele>2307.000</ele>
    </trkpt>
    <trkpt lat="46.66513300" lon="8.15244700">
      <ele>2307.000</ele>
    </trkpt>
    <trkpt lat="46.66512700" lon="8.15244500">
      <ele>2307.000</ele>
    </trkpt>
    <trkpt lat="46.66512900" lon="8.15244800">
      <ele>2307.000</ele>
    </trkpt>
    <trkpt lat="46.66512600" lon="8.15244800">
      <ele>2307.000</ele>
    </trkpt>
    <trkpt lat="46.66511800" lon="8.15245400">
      <ele>2307.000</ele>
    </trkpt>
    <trkpt lat="46.66512800" lon="8.15245500">
      <ele>2307.000</ele>
    </trkpt>
    <trkpt lat="46.66513700" lon="8.15246300">
      <ele>2307.000</ele>
    </trkpt>
    <trkpt lat="46.66515000" lon="8.15246000">
      <ele>2366.000</ele>
    </trkpt>
    <trkpt lat="46.66515300" lon="8.15246000">
      <ele>2366.000</ele>
    </trkpt>
    <trkpt lat="46.66515500" lon="8.15246200">
      <ele>2366.000</ele>
    </trkpt>
    <trkpt lat="46.66515300" lon="8.15246100">
      <ele>2366.000</ele>
    </trkpt>
    <trkpt lat="46.66515700" lon="8.15245900">
      <ele>2366.000</ele>
    </trkpt>
    <trkpt lat="46.66515200" lon="8.15245600">
      <ele>2366.000</ele>
    </trkpt>
    <trkpt lat="46.66515300" lon="8.15246100">
      <ele>2366.000</ele>
    </trkpt>
    <trkpt lat="46.66515300" lon="8.15246100">
      <ele>2366.000</ele>
    </trkpt>
    <trkpt lat="46.66515400" lon="8.15245400">
      <ele>2366.000</ele>
    </trkpt>
    <trkpt lat="46.66515000" lon="8.15245700">
      <ele>2366.000</ele>
    </trkpt>
    <trkpt lat="46.66517200" lon="8.15242700">
      <ele>2366.000</ele>
    </trkpt>
    <trkpt lat="46.66519000" lon="8.15243500">
      <ele>2366.000</ele>
    </trkpt>
    <trkpt lat="46.66519200" lon="8.15243800">
      <ele>2366.000</ele>
    </trkpt>
    <trkpt lat="46.66519500" lon="8.15243500">
      <ele>2366.000</ele>
    </trkpt>
    <trkpt lat="46.66519500" lon="8.15243400">
      <ele>2366.000</ele>
    </trkpt>
    <trkpt lat="46.66519500" lon="8.15243400">
      <ele>2366.000</ele>
    </trkpt>
    <trkpt lat="46.66519500" lon="8.15243400">
      <ele>2366.000</ele>
    </trkpt>
    <trkpt lat="46.66519500" lon="8.15243400">
      <ele>2366.000</ele>
    </trkpt>
    <trkpt lat="46.66519500" lon="8.15243400">
      <ele>2366.000</ele>
    </trkpt>
    <trkpt lat="46.66519500" lon="8.15243400">
      <ele>2366.000</ele>
    </trkpt>
    <trkpt lat="46.66519500" lon="8.15243400">
      <ele>2366.000</ele>
    </trkpt>
    <trkpt lat="46.66519500" lon="8.15243400">
      <ele>2366.000</ele>
    </trkpt>
    <trkpt lat="46.66519500" lon="8.15243400">
      <ele>2366.000</ele>
    </trkpt>
    <trkpt lat="46.66520400" lon="8.15243500">
      <ele>2366.000</ele>
    </trkpt>
    <trkpt lat="46.66519500" lon="8.15243400">
      <ele>2366.000</ele>
    </trkpt>
    <trkpt lat="46.66519500" lon="8.15243400">
      <ele>2366.000</ele>
    </trkpt>
    <trkpt lat="46.66521300" lon="8.15244000">
      <ele>2366.000</ele>
    </trkpt>
    <trkpt lat="46.66522600" lon="8.15244100">
      <ele>2366.000</ele>
    </trkpt>
    <trkpt lat="46.66522900" lon="8.15244100">
      <ele>2366.000</ele>
    </trkpt>
    <trkpt lat="46.66522900" lon="8.15244100">
      <ele>2366.000</ele>
    </trkpt>
    <trkpt lat="46.66522900" lon="8.15244100">
      <ele>2366.000</ele>
    </trkpt>
    <trkpt lat="46.66522900" lon="8.15244100">
      <ele>2366.000</ele>
    </trkpt>
    <trkpt lat="46.66523400" lon="8.15245000">
      <ele>2366.000</ele>
    </trkpt>
    <trkpt lat="46.66522900" lon="8.15244100">
      <ele>2366.000</ele>
    </trkpt>
    <trkpt lat="46.66522900" lon="8.15244100">
      <ele>2366.000</ele>
    </trkpt>
    <trkpt lat="46.66522900" lon="8.15244100">
      <ele>2366.000</ele>
    </trkpt>
    <trkpt lat="46.66522900" lon="8.15244100">
      <ele>2366.000</ele>
    </trkpt>
    <trkpt lat="46.66522900" lon="8.15244100">
      <ele>2366.000</ele>
    </trkpt>
    <trkpt lat="46.66522100" lon="8.15243900">
      <ele>2366.000</ele>
    </trkpt>
    <trkpt lat="46.66521600" lon="8.15243100">
      <ele>2366.000</ele>
    </trkpt>
    <trkpt lat="46.66521600" lon="8.15242800">
      <ele>2366.000</ele>
    </trkpt>
    <trkpt lat="46.66521700" lon="8.15243100">
      <ele>2366.000</ele>
    </trkpt>
    <trkpt lat="46.66521400" lon="8.15243600">
      <ele>2366.000</ele>
    </trkpt>
    <trkpt lat="46.66521400" lon="8.15243700">
      <ele>2366.000</ele>
    </trkpt>
    <trkpt lat="46.66521400" lon="8.15243700">
      <ele>2366.000</ele>
    </trkpt>
    <trkpt lat="46.66520500" lon="8.15245200">
      <ele>2366.000</ele>
    </trkpt>
    <trkpt lat="46.66520500" lon="8.15245900">
      <ele>2366.000</ele>
    </trkpt>
    <trkpt lat="46.66520100" lon="8.15245100">
      <ele>2366.000</ele>
    </trkpt>
    <trkpt lat="46.66520100" lon="8.15244900">
      <ele>2366.000</ele>
    </trkpt>
    <trkpt lat="46.66520200" lon="8.15244500">
      <ele>2366.000</ele>
    </trkpt>
    <trkpt lat="46.66520000" lon="8.15244600">
      <ele>2366.000</ele>
    </trkpt>
    <trkpt lat="46.66519800" lon="8.15245200">
      <ele>2366.000</ele>
    </trkpt>
    <trkpt lat="46.66519500" lon="8.15244500">
      <ele>2366.000</ele>
    </trkpt>
    <trkpt lat="46.66519300" lon="8.15244400">
      <ele>2366.000</ele>
    </trkpt>
    <trkpt lat="46.66519300" lon="8.15244400">
      <ele>2366.000</ele>
    </trkpt>
    <trkpt lat="46.66519400" lon="8.15245300">
      <ele>2366.000</ele>
    </trkpt>
    <trkpt lat="46.66519800" lon="8.15246200">
      <ele>2366.000</ele>
    </trkpt>
    <trkpt lat="46.66519500" lon="8.15245600">
      <ele>2366.000</ele>
    </trkpt>
    <trkpt lat="46.66519900" lon="8.15246700">
      <ele>2366.000</ele>
    </trkpt>
    <trkpt lat="46.66519800" lon="8.15246700">
      <ele>2366.000</ele>
    </trkpt>
    <trkpt lat="46.66519800" lon="8.15246200">
      <ele>2366.000</ele>
    </trkpt>
    <trkpt lat="46.66520000" lon="8.15244600">
      <ele>2366.000</ele>
    </trkpt>
    <trkpt lat="46.66520000" lon="8.15244600">
      <ele>2366.000</ele>
    </trkpt>
    <trkpt lat="46.66520000" lon="8.15244600">
      <ele>2366.000</ele>
    </trkpt>
    <trkpt lat="46.66520000" lon="8.15244600">
      <ele>2366.000</ele>
    </trkpt>
    <trkpt lat="46.66520000" lon="8.15244600">
      <ele>2366.000</ele>
    </trkpt>
    <trkpt lat="46.66520000" lon="8.15244600">
      <ele>2366.000</ele>
    </trkpt>
    <trkpt lat="46.66520000" lon="8.15244600">
      <ele>2366.000</ele>
    </trkpt>
    <trkpt lat="46.66520000" lon="8.15244600">
      <ele>2366.000</ele>
    </trkpt>
    <trkpt lat="46.66520000" lon="8.15244600">
      <ele>2366.000</ele>
    </trkpt>
    <trkpt lat="46.66520100" lon="8.15246900">
      <ele>2366.000</ele>
    </trkpt>
    <trkpt lat="46.66520100" lon="8.15246900">
      <ele>2366.000</ele>
    </trkpt>
    <trkpt lat="46.66520100" lon="8.15246500">
      <ele>2366.000</ele>
    </trkpt>
    <trkpt lat="46.66519800" lon="8.15245500">
      <ele>2366.000</ele>
    </trkpt>
    <trkpt lat="46.66519700" lon="8.15244600">
      <ele>2366.000</ele>
    </trkpt>
    <trkpt lat="46.66519600" lon="8.15244400">
      <ele>2366.000</ele>
    </trkpt>
    <trkpt lat="46.66520100" lon="8.15244500">
      <ele>2366.000</ele>
    </trkpt>
    <trkpt lat="46.66520100" lon="8.15244500">
      <ele>2366.000</ele>
    </trkpt>
    <trkpt lat="46.66520100" lon="8.15244400">
      <ele>2366.000</ele>
    </trkpt>
    <trkpt lat="46.66520600" lon="8.15243700">
      <ele>2366.000</ele>
    </trkpt>
    <trkpt lat="46.66520200" lon="8.15243300">
      <ele>2366.000</ele>
    </trkpt>
    <trkpt lat="46.66520100" lon="8.15244500">
      <ele>2366.000</ele>
    </trkpt>
    <trkpt lat="46.66520100" lon="8.15244500">
      <ele>2366.000</ele>
    </trkpt>
    <trkpt lat="46.66520600" lon="8.15244800">
      <ele>2366.000</ele>
    </trkpt>
    <trkpt lat="46.66520300" lon="8.15244400">
      <ele>2366.000</ele>
    </trkpt>
    <trkpt lat="46.66519800" lon="8.15243600">
      <ele>2366.000</ele>
    </trkpt>
    <trkpt lat="46.66520100" lon="8.15244500">
      <ele>2366.000</ele>
    </trkpt>
    <trkpt lat="46.66520100" lon="8.15244500">
      <ele>2366.000</ele>
    </trkpt>
    <trkpt lat="46.66519300" lon="8.15242300">
      <ele>2366.000</ele>
    </trkpt>
    <trkpt lat="46.66519000" lon="8.15242200">
      <ele>2366.000</ele>
    </trkpt>
    <trkpt lat="46.66519300" lon="8.15242600">
      <ele>2366.000</ele>
    </trkpt>
    <trkpt lat="46.66519600" lon="8.15243100">
      <ele>2366.000</ele>
    </trkpt>
    <trkpt lat="46.66519900" lon="8.15243500">
      <ele>2366.000</ele>
    </trkpt>
    <trkpt lat="46.66520500" lon="8.15245300">
      <ele>2366.000</ele>
    </trkpt>
    <trkpt lat="46.66520600" lon="8.15245200">
      <ele>2366.000</ele>
    </trkpt>
    <trkpt lat="46.66520600" lon="8.15245200">
      <ele>2366.000</ele>
    </trkpt>
    <trkpt lat="46.66520600" lon="8.15245200">
      <ele>2366.000</ele>
    </trkpt>
    <trkpt lat="46.66520600" lon="8.15245200">
      <ele>2366.000</ele>
    </trkpt>
    <trkpt lat="46.66520600" lon="8.15245200">
      <ele>2366.000</ele>
    </trkpt>
    <trkpt lat="46.66520600" lon="8.15245200">
      <ele>2366.000</ele>
    </trkpt>
    <trkpt lat="46.66520600" lon="8.15245200">
      <ele>2366.000</ele>
    </trkpt>
    <trkpt lat="46.66520600" lon="8.15245200">
      <ele>2366.000</ele>
    </trkpt>
    <trkpt lat="46.66520600" lon="8.15245600">
      <ele>2366.000</ele>
    </trkpt>
    <trkpt lat="46.66520400" lon="8.15245000">
      <ele>2366.000</ele>
    </trkpt>
    <trkpt lat="46.66520300" lon="8.15245700">
      <ele>2366.000</ele>
    </trkpt>
    <trkpt lat="46.66520600" lon="8.15245200">
      <ele>2366.000</ele>
    </trkpt>
    <trkpt lat="46.66520200" lon="8.15246800">
      <ele>2366.000</ele>
    </trkpt>
    <trkpt lat="46.66520400" lon="8.15247100">
      <ele>2366.000</ele>
    </trkpt>
    <trkpt lat="46.66519800" lon="8.15247000">
      <ele>2366.000</ele>
    </trkpt>
    <trkpt lat="46.66520000" lon="8.15246100">
      <ele>2366.000</ele>
    </trkpt>
    <trkpt lat="46.66519800" lon="8.15246500">
      <ele>2366.000</ele>
    </trkpt>
    <trkpt lat="46.66519800" lon="8.15247000">
      <ele>2366.000</ele>
    </trkpt>
    <trkpt lat="46.66519800" lon="8.15245300">
      <ele>2366.000</ele>
    </trkpt>
    <trkpt lat="46.66519800" lon="8.15245300">
      <ele>2366.000</ele>
    </trkpt>
    <trkpt lat="46.66519800" lon="8.15245300">
      <ele>2366.000</ele>
    </trkpt>
    <trkpt lat="46.66519800" lon="8.15245300">
      <ele>2366.000</ele>
    </trkpt>
    <trkpt lat="46.66519800" lon="8.15245300">
      <ele>2366.000</ele>
    </trkpt>
    <trkpt lat="46.66519800" lon="8.15245300">
      <ele>2366.000</ele>
    </trkpt>
    <trkpt lat="46.66519400" lon="8.15244700">
      <ele>2366.000</ele>
    </trkpt>
    <trkpt lat="46.66519800" lon="8.15245300">
      <ele>2366.000</ele>
    </trkpt>
    <trkpt lat="46.66519800" lon="8.15245300">
      <ele>2366.000</ele>
    </trkpt>
    <trkpt lat="46.66519800" lon="8.15245300">
      <ele>2366.000</ele>
    </trkpt>
    <trkpt lat="46.66519800" lon="8.15245300">
      <ele>2366.000</ele>
    </trkpt>
    <trkpt lat="46.66519800" lon="8.15245300">
      <ele>2366.000</ele>
    </trkpt>
    <trkpt lat="46.66519800" lon="8.15245300">
      <ele>2366.000</ele>
    </trkpt>
    <trkpt lat="46.66519800" lon="8.15245300">
      <ele>2366.000</ele>
    </trkpt>
    <trkpt lat="46.66518900" lon="8.15243800">
      <ele>2366.000</ele>
    </trkpt>
    <trkpt lat="46.66518800" lon="8.15243600">
      <ele>2366.000</ele>
    </trkpt>
    <trkpt lat="46.66519100" lon="8.15243600">
      <ele>2366.000</ele>
    </trkpt>
    <trkpt lat="46.66518100" lon="8.15243500">
      <ele>2366.000</ele>
    </trkpt>
    <trkpt lat="46.66517400" lon="8.15242500">
      <ele>2366.000</ele>
    </trkpt>
    <trkpt lat="46.66518400" lon="8.15243800">
      <ele>2366.000</ele>
    </trkpt>
    <trkpt lat="46.66518400" lon="8.15243900">
      <ele>2366.000</ele>
    </trkpt>
    <trkpt lat="46.66518400" lon="8.15243800">
      <ele>2366.000</ele>
    </trkpt>
    <trkpt lat="46.66518400" lon="8.15243800">
      <ele>2366.000</ele>
    </trkpt>
    <trkpt lat="46.66518500" lon="8.15244300">
      <ele>2366.000</ele>
    </trkpt>
    <trkpt lat="46.66518500" lon="8.15248400">
      <ele>2366.000</ele>
    </trkpt>
    <trkpt lat="46.66518300" lon="8.15249300">
      <ele>2366.000</ele>
    </trkpt>
    <trkpt lat="46.66518800" lon="8.15249200">
      <ele>2366.000</ele>
    </trkpt>
    <trkpt lat="46.66518900" lon="8.15248800">
      <ele>2366.000</ele>
    </trkpt>
    <trkpt lat="46.66518900" lon="8.15248800">
      <ele>2366.000</ele>
    </trkpt>
    <trkpt lat="46.66518900" lon="8.15248800">
      <ele>2366.000</ele>
    </trkpt>
    <trkpt lat="46.66518900" lon="8.15248800">
      <ele>2366.000</ele>
    </trkpt>
    <trkpt lat="46.66518900" lon="8.15248800">
      <ele>2366.000</ele>
    </trkpt>
    <trkpt lat="46.66518900" lon="8.15248800">
      <ele>2366.000</ele>
    </trkpt>
    <trkpt lat="46.66519200" lon="8.15248200">
      <ele>2366.000</ele>
    </trkpt>
    <trkpt lat="46.66518900" lon="8.15248800">
      <ele>2366.000</ele>
    </trkpt>
    <trkpt lat="46.66520100" lon="8.15248700">
      <ele>2366.000</ele>
    </trkpt>
    <trkpt lat="46.66519500" lon="8.15248900">
      <ele>2366.000</ele>
    </trkpt>
    <trkpt lat="46.66520200" lon="8.15248600">
      <ele>2366.000</ele>
    </trkpt>
    <trkpt lat="46.66520800" lon="8.15249700">
      <ele>2366.000</ele>
    </trkpt>
    <trkpt lat="46.66519800" lon="8.15248900">
      <ele>2366.000</ele>
    </trkpt>
    <trkpt lat="46.66518600" lon="8.15247700">
      <ele>2366.000</ele>
    </trkpt>
    <trkpt lat="46.66518600" lon="8.15247700">
      <ele>2366.000</ele>
    </trkpt>
    <trkpt lat="46.66518600" lon="8.15247700">
      <ele>2366.000</ele>
    </trkpt>
    <trkpt lat="46.66518600" lon="8.15247700">
      <ele>2366.000</ele>
    </trkpt>
    <trkpt lat="46.66518600" lon="8.15247700">
      <ele>2366.000</ele>
    </trkpt>
    <trkpt lat="46.66518800" lon="8.15247300">
      <ele>2366.000</ele>
    </trkpt>
    <trkpt lat="46.66519400" lon="8.15247100">
      <ele>2366.000</ele>
    </trkpt>
    <trkpt lat="46.66519100" lon="8.15247000">
      <ele>2366.000</ele>
    </trkpt>
    <trkpt lat="46.66518600" lon="8.15247700">
      <ele>2366.000</ele>
    </trkpt>
    <trkpt lat="46.66520000" lon="8.15247700">
      <ele>2366.000</ele>
    </trkpt>
    <trkpt lat="46.66520000" lon="8.15247700">
      <ele>2366.000</ele>
    </trkpt>
    <trkpt lat="46.66520000" lon="8.15247700">
      <ele>2366.000</ele>
    </trkpt>
    <trkpt lat="46.66522900" lon="8.15248600">
      <ele>2366.000</ele>
    </trkpt>
    <trkpt lat="46.66522900" lon="8.15248600">
      <ele>2366.000</ele>
    </trkpt>
    <trkpt lat="46.66522900" lon="8.15248600">
      <ele>2366.000</ele>
    </trkpt>
    <trkpt lat="46.66522900" lon="8.15248600">
      <ele>2366.000</ele>
    </trkpt>
    <trkpt lat="46.66522900" lon="8.15248600">
      <ele>2366.000</ele>
    </trkpt>
    <trkpt lat="46.66522900" lon="8.15248600">
      <ele>2366.000</ele>
    </trkpt>
    <trkpt lat="46.66522900" lon="8.15248600">
      <ele>2366.000</ele>
    </trkpt>
    <trkpt lat="46.66522900" lon="8.15248600">
      <ele>2366.000</ele>
    </trkpt>
    <trkpt lat="46.66522900" lon="8.15248600">
      <ele>2366.000</ele>
    </trkpt>
    <trkpt lat="46.66522900" lon="8.15248600">
      <ele>2366.000</ele>
    </trkpt>
    <trkpt lat="46.66522900" lon="8.15248600">
      <ele>2366.000</ele>
    </trkpt>
    <trkpt lat="46.66522900" lon="8.15248600">
      <ele>2366.000</ele>
    </trkpt>
    <trkpt lat="46.66522900" lon="8.15248600">
      <ele>2366.000</ele>
    </trkpt>
    <trkpt lat="46.66522900" lon="8.15248600">
      <ele>2366.000</ele>
    </trkpt>
    <trkpt lat="46.66522900" lon="8.15248600">
      <ele>2366.000</ele>
    </trkpt>
    <trkpt lat="46.66522900" lon="8.15248600">
      <ele>2366.000</ele>
    </trkpt>
    <trkpt lat="46.66522900" lon="8.15248600">
      <ele>2366.000</ele>
    </trkpt>
    <trkpt lat="46.66523600" lon="8.15248200">
      <ele>2366.000</ele>
    </trkpt>
    <trkpt lat="46.66524000" lon="8.15247600">
      <ele>2366.000</ele>
    </trkpt>
    <trkpt lat="46.66524000" lon="8.15247400">
      <ele>2366.000</ele>
    </trkpt>
    <trkpt lat="46.66524000" lon="8.15247300">
      <ele>2366.000</ele>
    </trkpt>
    <trkpt lat="46.66524400" lon="8.15247100">
      <ele>2366.000</ele>
    </trkpt>
    <trkpt lat="46.66524500" lon="8.15247400">
      <ele>2366.000</ele>
    </trkpt>
    <trkpt lat="46.66525600" lon="8.15247900">
      <ele>2366.000</ele>
    </trkpt>
    <trkpt lat="46.66526000" lon="8.15247900">
      <ele>2366.000</ele>
    </trkpt>
    <trkpt lat="46.66526000" lon="8.15248400">
      <ele>2366.000</ele>
    </trkpt>
    <trkpt lat="46.66526000" lon="8.15247900">
      <ele>2366.000</ele>
    </trkpt>
    <trkpt lat="46.66526000" lon="8.15247900">
      <ele>2366.000</ele>
    </trkpt>
    <trkpt lat="46.66526600" lon="8.15248500">
      <ele>2366.000</ele>
    </trkpt>
    <trkpt lat="46.66526000" lon="8.15247900">
      <ele>2366.000</ele>
    </trkpt>
    <trkpt lat="46.66526900" lon="8.15248300">
      <ele>2366.000</ele>
    </trkpt>
    <trkpt lat="46.66528100" lon="8.15248500">
      <ele>2366.000</ele>
    </trkpt>
    <trkpt lat="46.66528500" lon="8.15247500">
      <ele>2366.000</ele>
    </trkpt>
    <trkpt lat="46.66528800" lon="8.15247500">
      <ele>2366.000</ele>
    </trkpt>
    <trkpt lat="46.66528800" lon="8.15247500">
      <ele>2366.000</ele>
    </trkpt>
    <trkpt lat="46.66528800" lon="8.15247500">
      <ele>2366.000</ele>
    </trkpt>
    <trkpt lat="46.66528800" lon="8.15247500">
      <ele>2366.000</ele>
    </trkpt>
    <trkpt lat="46.66528600" lon="8.15247400">
      <ele>2366.000</ele>
    </trkpt>
    <trkpt lat="46.66528800" lon="8.15247500">
      <ele>2366.000</ele>
    </trkpt>
    <trkpt lat="46.66528800" lon="8.15247500">
      <ele>2366.000</ele>
    </trkpt>
    <trkpt lat="46.66528800" lon="8.15247500">
      <ele>2366.000</ele>
    </trkpt>
    <trkpt lat="46.66528800" lon="8.15247500">
      <ele>2366.000</ele>
    </trkpt>
    <trkpt lat="46.66528800" lon="8.15247500">
      <ele>2366.000</ele>
    </trkpt>
    <trkpt lat="46.66528800" lon="8.15247500">
      <ele>2366.000</ele>
    </trkpt>
    <trkpt lat="46.66528800" lon="8.15247500">
      <ele>2366.000</ele>
    </trkpt>
    <trkpt lat="46.66528800" lon="8.15247500">
      <ele>2366.000</ele>
    </trkpt>
    <trkpt lat="46.66528800" lon="8.15247500">
      <ele>2366.000</ele>
    </trkpt>
    <trkpt lat="46.66528800" lon="8.15247500">
      <ele>2366.000</ele>
    </trkpt>
    <trkpt lat="46.66528800" lon="8.15247500">
      <ele>2366.000</ele>
    </trkpt>
    <trkpt lat="46.66528800" lon="8.15247500">
      <ele>2366.000</ele>
    </trkpt>
    <trkpt lat="46.66528800" lon="8.15247500">
      <ele>2366.000</ele>
    </trkpt>
    <trkpt lat="46.66528800" lon="8.15247500">
      <ele>2366.000</ele>
    </trkpt>
    <trkpt lat="46.66528800" lon="8.15247500">
      <ele>2366.000</ele>
    </trkpt>
    <trkpt lat="46.66528800" lon="8.15247500">
      <ele>2366.000</ele>
    </trkpt>
    <trkpt lat="46.66528800" lon="8.15247500">
      <ele>2366.000</ele>
    </trkpt>
    <trkpt lat="46.66528800" lon="8.15247500">
      <ele>2366.000</ele>
    </trkpt>
    <trkpt lat="46.66528800" lon="8.15247500">
      <ele>2366.000</ele>
    </trkpt>
    <trkpt lat="46.66528800" lon="8.15247500">
      <ele>2366.000</ele>
    </trkpt>
    <trkpt lat="46.66528800" lon="8.15247500">
      <ele>2366.000</ele>
    </trkpt>
    <trkpt lat="46.66528800" lon="8.15247500">
      <ele>2366.000</ele>
    </trkpt>
    <trkpt lat="46.66528800" lon="8.15247500">
      <ele>2366.000</ele>
    </trkpt>
    <trkpt lat="46.66528800" lon="8.15247500">
      <ele>2366.000</ele>
    </trkpt>
    <trkpt lat="46.66528800" lon="8.15249700">
      <ele>2366.000</ele>
    </trkpt>
    <trkpt lat="46.66528900" lon="8.15249700">
      <ele>2366.000</ele>
    </trkpt>
    <trkpt lat="46.66530200" lon="8.15249000">
      <ele>2366.000</ele>
    </trkpt>
    <trkpt lat="46.66530500" lon="8.15248800">
      <ele>2366.000</ele>
    </trkpt>
    <trkpt lat="46.66531700" lon="8.15248600">
      <ele>2366.000</ele>
    </trkpt>
    <trkpt lat="46.66531700" lon="8.15248600">
      <ele>2366.000</ele>
    </trkpt>
    <trkpt lat="46.66531700" lon="8.15248600">
      <ele>2366.000</ele>
    </trkpt>
    <trkpt lat="46.66531700" lon="8.15248600">
      <ele>2366.000</ele>
    </trkpt>
    <trkpt lat="46.66531700" lon="8.15248600">
      <ele>2366.000</ele>
    </trkpt>
    <trkpt lat="46.66530700" lon="8.15247700">
      <ele>2366.000</ele>
    </trkpt>
    <trkpt lat="46.66530000" lon="8.15249000">
      <ele>2366.000</ele>
    </trkpt>
    <trkpt lat="46.66529500" lon="8.15249600">
      <ele>2366.000</ele>
    </trkpt>
    <trkpt lat="46.66529400" lon="8.15249600">
      <ele>2366.000</ele>
    </trkpt>
    <trkpt lat="46.66528900" lon="8.15250100">
      <ele>2366.000</ele>
    </trkpt>
    <trkpt lat="46.66528900" lon="8.15250100">
      <ele>2366.000</ele>
    </trkpt>
    <trkpt lat="46.66528900" lon="8.15250100">
      <ele>2366.000</ele>
    </trkpt>
    <trkpt lat="46.66528900" lon="8.15250100">
      <ele>2366.000</ele>
    </trkpt>
    <trkpt lat="46.66529000" lon="8.15250100">
      <ele>2366.000</ele>
    </trkpt>
    <trkpt lat="46.66529400" lon="8.15250200">
      <ele>2366.000</ele>
    </trkpt>
    <trkpt lat="46.66528900" lon="8.15250100">
      <ele>2366.000</ele>
    </trkpt>
    <trkpt lat="46.66528900" lon="8.15250100">
      <ele>2366.000</ele>
    </trkpt>
    <trkpt lat="46.66529800" lon="8.15250200">
      <ele>2366.000</ele>
    </trkpt>
    <trkpt lat="46.66530900" lon="8.15250100">
      <ele>2366.000</ele>
    </trkpt>
    <trkpt lat="46.66530900" lon="8.15250100">
      <ele>2366.000</ele>
    </trkpt>
    <trkpt lat="46.66530900" lon="8.15250100">
      <ele>2366.000</ele>
    </trkpt>
    <trkpt lat="46.66530900" lon="8.15250100">
      <ele>2366.000</ele>
    </trkpt>
    <trkpt lat="46.66530900" lon="8.15250100">
      <ele>2366.000</ele>
    </trkpt>
    <trkpt lat="46.66530900" lon="8.15250100">
      <ele>2366.000</ele>
    </trkpt>
    <trkpt lat="46.66530900" lon="8.15250100">
      <ele>2366.000</ele>
    </trkpt>
    <trkpt lat="46.66530900" lon="8.15250100">
      <ele>2366.000</ele>
    </trkpt>
    <trkpt lat="46.66530900" lon="8.15250100">
      <ele>2366.000</ele>
    </trkpt>
    <trkpt lat="46.66530900" lon="8.15250100">
      <ele>2366.000</ele>
    </trkpt>
    <trkpt lat="46.66530900" lon="8.15250100">
      <ele>2366.000</ele>
    </trkpt>
    <trkpt lat="46.66530900" lon="8.15250100">
      <ele>2366.000</ele>
    </trkpt>
    <trkpt lat="46.66530700" lon="8.15248500">
      <ele>2366.000</ele>
    </trkpt>
    <trkpt lat="46.66530600" lon="8.15247900">
      <ele>2366.000</ele>
    </trkpt>
    <trkpt lat="46.66531200" lon="8.15247900">
      <ele>2366.000</ele>
    </trkpt>
    <trkpt lat="46.66531200" lon="8.15247900">
      <ele>2366.000</ele>
    </trkpt>
    <trkpt lat="46.66531300" lon="8.15247500">
      <ele>2366.000</ele>
    </trkpt>
    <trkpt lat="46.66531200" lon="8.15245900">
      <ele>2366.000</ele>
    </trkpt>
    <trkpt lat="46.66531200" lon="8.15245900">
      <ele>2366.000</ele>
    </trkpt>
    <trkpt lat="46.66531200" lon="8.15245900">
      <ele>2366.000</ele>
    </trkpt>
    <trkpt lat="46.66530900" lon="8.15244800">
      <ele>2366.000</ele>
    </trkpt>
    <trkpt lat="46.66531200" lon="8.15245900">
      <ele>2366.000</ele>
    </trkpt>
    <trkpt lat="46.66531200" lon="8.15245900">
      <ele>2366.000</ele>
    </trkpt>
    <trkpt lat="46.66531200" lon="8.15245900">
      <ele>2366.000</ele>
    </trkpt>
    <trkpt lat="46.66531200" lon="8.15245900">
      <ele>2366.000</ele>
    </trkpt>
    <trkpt lat="46.66531200" lon="8.15245900">
      <ele>2366.000</ele>
    </trkpt>
    <trkpt lat="46.66531200" lon="8.15245900">
      <ele>2366.000</ele>
    </trkpt>
    <trkpt lat="46.66531200" lon="8.15245900">
      <ele>2366.000</ele>
    </trkpt>
    <trkpt lat="46.66531900" lon="8.15243600">
      <ele>2366.000</ele>
    </trkpt>
    <trkpt lat="46.66532200" lon="8.15243400">
      <ele>2366.000</ele>
    </trkpt>
    <trkpt lat="46.66533100" lon="8.15243100">
      <ele>2366.000</ele>
    </trkpt>
    <trkpt lat="46.66533300" lon="8.15242700">
      <ele>2366.000</ele>
    </trkpt>
    <trkpt lat="46.66532900" lon="8.15242900">
      <ele>2366.000</ele>
    </trkpt>
    <trkpt lat="46.66532200" lon="8.15243400">
      <ele>2366.000</ele>
    </trkpt>
    <trkpt lat="46.66532300" lon="8.15243000">
      <ele>2366.000</ele>
    </trkpt>
    <trkpt lat="46.66532100" lon="8.15242500">
      <ele>2366.000</ele>
    </trkpt>
    <trkpt lat="46.66532000" lon="8.15242900">
      <ele>2366.000</ele>
    </trkpt>
    <trkpt lat="46.66531800" lon="8.15243600">
      <ele>2366.000</ele>
    </trkpt>
    <trkpt lat="46.66531400" lon="8.15243500">
      <ele>2366.000</ele>
    </trkpt>
    <trkpt lat="46.66530000" lon="8.15244400">
      <ele>2366.000</ele>
    </trkpt>
    <trkpt lat="46.66530000" lon="8.15244300">
      <ele>2366.000</ele>
    </trkpt>
    <trkpt lat="46.66530000" lon="8.15244300">
      <ele>2366.000</ele>
    </trkpt>
    <trkpt lat="46.66530000" lon="8.15245400">
      <ele>2366.000</ele>
    </trkpt>
    <trkpt lat="46.66529800" lon="8.15245200">
      <ele>2366.000</ele>
    </trkpt>
    <trkpt lat="46.66530000" lon="8.15244300">
      <ele>2366.000</ele>
    </trkpt>
    <trkpt lat="46.66530000" lon="8.15244300">
      <ele>2366.000</ele>
    </trkpt>
    <trkpt lat="46.66530000" lon="8.15244300">
      <ele>2366.000</ele>
    </trkpt>
    <trkpt lat="46.66530000" lon="8.15244300">
      <ele>2366.000</ele>
    </trkpt>
    <trkpt lat="46.66530000" lon="8.15244300">
      <ele>2366.000</ele>
    </trkpt>
    <trkpt lat="46.66530000" lon="8.15244300">
      <ele>2366.000</ele>
    </trkpt>
    <trkpt lat="46.66529800" lon="8.15246200">
      <ele>2366.000</ele>
    </trkpt>
    <trkpt lat="46.66529800" lon="8.15246400">
      <ele>2366.000</ele>
    </trkpt>
    <trkpt lat="46.66529800" lon="8.15246400">
      <ele>2366.000</ele>
    </trkpt>
    <trkpt lat="46.66529800" lon="8.15246400">
      <ele>2366.000</ele>
    </trkpt>
    <trkpt lat="46.66529800" lon="8.15246400">
      <ele>2366.000</ele>
    </trkpt>
    <trkpt lat="46.66529700" lon="8.15248900">
      <ele>2366.000</ele>
    </trkpt>
    <trkpt lat="46.66529500" lon="8.15248800">
      <ele>2366.000</ele>
    </trkpt>
    <trkpt lat="46.66529000" lon="8.15249300">
      <ele>2366.000</ele>
    </trkpt>
    <trkpt lat="46.66529000" lon="8.15249600">
      <ele>2366.000</ele>
    </trkpt>
    <trkpt lat="46.66529000" lon="8.15249600">
      <ele>2366.000</ele>
    </trkpt>
    <trkpt lat="46.66529000" lon="8.15249600">
      <ele>2366.000</ele>
    </trkpt>
    <trkpt lat="46.66529000" lon="8.15249600">
      <ele>2366.000</ele>
    </trkpt>
    <trkpt lat="46.66529000" lon="8.15249600">
      <ele>2366.000</ele>
    </trkpt>
    <trkpt lat="46.66529000" lon="8.15249600">
      <ele>2366.000</ele>
    </trkpt>
    <trkpt lat="46.66529000" lon="8.15249600">
      <ele>2366.000</ele>
    </trkpt>
    <trkpt lat="46.66528700" lon="8.15249200">
      <ele>2366.000</ele>
    </trkpt>
    <trkpt lat="46.66529000" lon="8.15249600">
      <ele>2366.000</ele>
    </trkpt>
    <trkpt lat="46.66529000" lon="8.15249600">
      <ele>2366.000</ele>
    </trkpt>
    <trkpt lat="46.66529000" lon="8.15249600">
      <ele>2366.000</ele>
    </trkpt>
    <trkpt lat="46.66529000" lon="8.15249600">
      <ele>2366.000</ele>
    </trkpt>
    <trkpt lat="46.66529000" lon="8.15249600">
      <ele>2366.000</ele>
    </trkpt>
    <trkpt lat="46.66529000" lon="8.15249600">
      <ele>2366.000</ele>
    </trkpt>
    <trkpt lat="46.66529000" lon="8.15249600">
      <ele>2366.000</ele>
    </trkpt>
    <trkpt lat="46.66529000" lon="8.15249600">
      <ele>2366.000</ele>
    </trkpt>
    <trkpt lat="46.66528600" lon="8.15249900">
      <ele>2366.000</ele>
    </trkpt>
    <trkpt lat="46.66529000" lon="8.15249900">
      <ele>2366.000</ele>
    </trkpt>
    <trkpt lat="46.66529000" lon="8.15249600">
      <ele>2366.000</ele>
    </trkpt>
    <trkpt lat="46.66529000" lon="8.15249600">
      <ele>2366.000</ele>
    </trkpt>
    <trkpt lat="46.66529000" lon="8.15249600">
      <ele>2366.000</ele>
    </trkpt>
    <trkpt lat="46.66529000" lon="8.15249600">
      <ele>2366.000</ele>
    </trkpt>
    <trkpt lat="46.66529000" lon="8.15249600">
      <ele>2366.000</ele>
    </trkpt>
    <trkpt lat="46.66529000" lon="8.15249600">
      <ele>2366.000</ele>
    </trkpt>
    <trkpt lat="46.66529000" lon="8.15249600">
      <ele>2366.000</ele>
    </trkpt>
    <trkpt lat="46.66529000" lon="8.15249600">
      <ele>2366.000</ele>
    </trkpt>
    <trkpt lat="46.66529400" lon="8.15246500">
      <ele>2366.000</ele>
    </trkpt>
    <trkpt lat="46.66529000" lon="8.15249600">
      <ele>2366.000</ele>
    </trkpt>
    <trkpt lat="46.66529500" lon="8.15247800">
      <ele>2366.000</ele>
    </trkpt>
    <trkpt lat="46.66529100" lon="8.15247200">
      <ele>2366.000</ele>
    </trkpt>
    <trkpt lat="46.66528500" lon="8.15246600">
      <ele>2366.000</ele>
    </trkpt>
    <trkpt lat="46.66528800" lon="8.15247700">
      <ele>2366.000</ele>
    </trkpt>
    <trkpt lat="46.66529500" lon="8.15247800">
      <ele>2366.000</ele>
    </trkpt>
    <trkpt lat="46.66529500" lon="8.15247800">
      <ele>2366.000</ele>
    </trkpt>
    <trkpt lat="46.66529500" lon="8.15247800">
      <ele>2366.000</ele>
    </trkpt>
    <trkpt lat="46.66528700" lon="8.15248000">
      <ele>2366.000</ele>
    </trkpt>
    <trkpt lat="46.66529500" lon="8.15247800">
      <ele>2366.000</ele>
    </trkpt>
    <trkpt lat="46.66529500" lon="8.15247800">
      <ele>2366.000</ele>
    </trkpt>
    <trkpt lat="46.66529500" lon="8.15247800">
      <ele>2366.000</ele>
    </trkpt>
    <trkpt lat="46.66529500" lon="8.15247800">
      <ele>2366.000</ele>
    </trkpt>
    <trkpt lat="46.66529500" lon="8.15247800">
      <ele>2366.000</ele>
    </trkpt>
    <trkpt lat="46.66529500" lon="8.15247800">
      <ele>2366.000</ele>
    </trkpt>
    <trkpt lat="46.66529500" lon="8.15247800">
      <ele>2366.000</ele>
    </trkpt>
    <trkpt lat="46.66529500" lon="8.15247800">
      <ele>2366.000</ele>
    </trkpt>
    <trkpt lat="46.66529500" lon="8.15247800">
      <ele>2366.000</ele>
    </trkpt>
    <trkpt lat="46.66529500" lon="8.15247800">
      <ele>2366.000</ele>
    </trkpt>
    <trkpt lat="46.66529500" lon="8.15247800">
      <ele>2366.000</ele>
    </trkpt>
    <trkpt lat="46.66529500" lon="8.15247800">
      <ele>2366.000</ele>
    </trkpt>
    <trkpt lat="46.66529500" lon="8.15247800">
      <ele>2366.000</ele>
    </trkpt>
    <trkpt lat="46.66529500" lon="8.15247800">
      <ele>2366.000</ele>
    </trkpt>
    <trkpt lat="46.66528100" lon="8.15247800">
      <ele>2366.000</ele>
    </trkpt>
    <trkpt lat="46.66527900" lon="8.15248000">
      <ele>2366.000</ele>
    </trkpt>
    <trkpt lat="46.66527900" lon="8.15248000">
      <ele>2366.000</ele>
    </trkpt>
    <trkpt lat="46.66527900" lon="8.15248000">
      <ele>2366.000</ele>
    </trkpt>
    <trkpt lat="46.66526600" lon="8.15247900">
      <ele>2366.000</ele>
    </trkpt>
    <trkpt lat="46.66526600" lon="8.15247900">
      <ele>2366.000</ele>
    </trkpt>
    <trkpt lat="46.66526600" lon="8.15247900">
      <ele>2366.000</ele>
    </trkpt>
    <trkpt lat="46.66526600" lon="8.15247900">
      <ele>2366.000</ele>
    </trkpt>
    <trkpt lat="46.66526600" lon="8.15247900">
      <ele>2366.000</ele>
    </trkpt>
    <trkpt lat="46.66526600" lon="8.15247900">
      <ele>2366.000</ele>
    </trkpt>
    <trkpt lat="46.66526600" lon="8.15247900">
      <ele>2366.000</ele>
    </trkpt>
    <trkpt lat="46.66526600" lon="8.15247900">
      <ele>2366.000</ele>
    </trkpt>
    <trkpt lat="46.66526600" lon="8.15247900">
      <ele>2366.000</ele>
    </trkpt>
    <trkpt lat="46.66526600" lon="8.15247900">
      <ele>2366.000</ele>
    </trkpt>
    <trkpt lat="46.66528100" lon="8.15248000">
      <ele>2366.000</ele>
    </trkpt>
    <trkpt lat="46.66528200" lon="8.15248100">
      <ele>2366.000</ele>
    </trkpt>
    <trkpt lat="46.66528200" lon="8.15248100">
      <ele>2366.000</ele>
    </trkpt>
    <trkpt lat="46.66528200" lon="8.15248100">
      <ele>2366.000</ele>
    </trkpt>
    <trkpt lat="46.66528900" lon="8.15248300">
      <ele>2366.000</ele>
    </trkpt>
    <trkpt lat="46.66528200" lon="8.15248100">
      <ele>2366.000</ele>
    </trkpt>
    <trkpt lat="46.66528200" lon="8.15248100">
      <ele>2366.000</ele>
    </trkpt>
    <trkpt lat="46.66528200" lon="8.15248100">
      <ele>2366.000</ele>
    </trkpt>
    <trkpt lat="46.66528200" lon="8.15248100">
      <ele>2366.000</ele>
    </trkpt>
    <trkpt lat="46.66528800" lon="8.15248000">
      <ele>2366.000</ele>
    </trkpt>
    <trkpt lat="46.66528200" lon="8.15248100">
      <ele>2366.000</ele>
    </trkpt>
    <trkpt lat="46.66528200" lon="8.15248100">
      <ele>2366.000</ele>
    </trkpt>
    <trkpt lat="46.66528200" lon="8.15248100">
      <ele>2366.000</ele>
    </trkpt>
    <trkpt lat="46.66527700" lon="8.15248800">
      <ele>2366.000</ele>
    </trkpt>
    <trkpt lat="46.66527500" lon="8.15248500">
      <ele>2366.000</ele>
    </trkpt>
    <trkpt lat="46.66528200" lon="8.15248100">
      <ele>2366.000</ele>
    </trkpt>
    <trkpt lat="46.66528200" lon="8.15248100">
      <ele>2366.000</ele>
    </trkpt>
    <trkpt lat="46.66528200" lon="8.15248100">
      <ele>2366.000</ele>
    </trkpt>
    <trkpt lat="46.66528200" lon="8.15248100">
      <ele>2366.000</ele>
    </trkpt>
    <trkpt lat="46.66528200" lon="8.15248100">
      <ele>2366.000</ele>
    </trkpt>
    <trkpt lat="46.66528200" lon="8.15248100">
      <ele>2366.000</ele>
    </trkpt>
    <trkpt lat="46.66528200" lon="8.15248100">
      <ele>2366.000</ele>
    </trkpt>
    <trkpt lat="46.66528200" lon="8.15248100">
      <ele>2366.000</ele>
    </trkpt>
    <trkpt lat="46.66528200" lon="8.15248100">
      <ele>2366.000</ele>
    </trkpt>
    <trkpt lat="46.66528200" lon="8.15248100">
      <ele>2366.000</ele>
    </trkpt>
    <trkpt lat="46.66528200" lon="8.15248100">
      <ele>2366.000</ele>
    </trkpt>
    <trkpt lat="46.66531200" lon="8.15246800">
      <ele>2366.000</ele>
    </trkpt>
    <trkpt lat="46.66532000" lon="8.15246600">
      <ele>2366.000</ele>
    </trkpt>
    <trkpt lat="46.66532000" lon="8.15246600">
      <ele>2366.000</ele>
    </trkpt>
    <trkpt lat="46.66532000" lon="8.15246600">
      <ele>2366.000</ele>
    </trkpt>
    <trkpt lat="46.66532000" lon="8.15246600">
      <ele>2366.000</ele>
    </trkpt>
    <trkpt lat="46.66532000" lon="8.15246600">
      <ele>2366.000</ele>
    </trkpt>
    <trkpt lat="46.66532000" lon="8.15246600">
      <ele>2366.000</ele>
    </trkpt>
    <trkpt lat="46.66532000" lon="8.15246600">
      <ele>2366.000</ele>
    </trkpt>
    <trkpt lat="46.66532000" lon="8.15246600">
      <ele>2366.000</ele>
    </trkpt>
    <trkpt lat="46.66532000" lon="8.15246600">
      <ele>2366.000</ele>
    </trkpt>
    <trkpt lat="46.66532000" lon="8.15246600">
      <ele>2366.000</ele>
    </trkpt>
    <trkpt lat="46.66532000" lon="8.15246600">
      <ele>2366.000</ele>
    </trkpt>
    <trkpt lat="46.66529100" lon="8.15247700">
      <ele>2366.000</ele>
    </trkpt>
    <trkpt lat="46.66528700" lon="8.15249100">
      <ele>2366.000</ele>
    </trkpt>
    <trkpt lat="46.66528700" lon="8.15249100">
      <ele>2366.000</ele>
    </trkpt>
    <trkpt lat="46.66526600" lon="8.15252400">
      <ele>2366.000</ele>
    </trkpt>
    <trkpt lat="46.66526100" lon="8.15253000">
      <ele>2366.000</ele>
    </trkpt>
    <trkpt lat="46.66526100" lon="8.15253000">
      <ele>2366.000</ele>
    </trkpt>
    <trkpt lat="46.66526100" lon="8.15253000">
      <ele>2366.000</ele>
    </trkpt>
    <trkpt lat="46.66526100" lon="8.15253000">
      <ele>2366.000</ele>
    </trkpt>
    <trkpt lat="46.66526100" lon="8.15253000">
      <ele>2366.000</ele>
    </trkpt>
    <trkpt lat="46.66526100" lon="8.15253000">
      <ele>2366.000</ele>
    </trkpt>
    <trkpt lat="46.66526100" lon="8.15253000">
      <ele>2366.000</ele>
    </trkpt>
    <trkpt lat="46.66526100" lon="8.15253000">
      <ele>2366.000</ele>
    </trkpt>
    <trkpt lat="46.66526100" lon="8.15253000">
      <ele>2366.000</ele>
    </trkpt>
    <trkpt lat="46.66526400" lon="8.15252400">
      <ele>2366.000</ele>
    </trkpt>
    <trkpt lat="46.66529100" lon="8.15252200">
      <ele>2366.000</ele>
    </trkpt>
    <trkpt lat="46.66529400" lon="8.15251200">
      <ele>2366.000</ele>
    </trkpt>
    <trkpt lat="46.66529600" lon="8.15251000">
      <ele>2366.000</ele>
    </trkpt>
    <trkpt lat="46.66529400" lon="8.15251300">
      <ele>2366.000</ele>
    </trkpt>
    <trkpt lat="46.66529400" lon="8.15251300">
      <ele>2366.000</ele>
    </trkpt>
    <trkpt lat="46.66529400" lon="8.15251300">
      <ele>2366.000</ele>
    </trkpt>
    <trkpt lat="46.66529400" lon="8.15251300">
      <ele>2366.000</ele>
    </trkpt>
    <trkpt lat="46.66529500" lon="8.15249900">
      <ele>2366.000</ele>
    </trkpt>
    <trkpt lat="46.66529600" lon="8.15249300">
      <ele>2366.000</ele>
    </trkpt>
    <trkpt lat="46.66529500" lon="8.15249100">
      <ele>2366.000</ele>
    </trkpt>
    <trkpt lat="46.66529500" lon="8.15249100">
      <ele>2366.000</ele>
    </trkpt>
    <trkpt lat="46.66529500" lon="8.15248800">
      <ele>2366.000</ele>
    </trkpt>
    <trkpt lat="46.66529500" lon="8.15248100">
      <ele>2366.000</ele>
    </trkpt>
    <trkpt lat="46.66529000" lon="8.15248300">
      <ele>2366.000</ele>
    </trkpt>
    <trkpt lat="46.66528600" lon="8.15248100">
      <ele>2366.000</ele>
    </trkpt>
    <trkpt lat="46.66529000" lon="8.15248300">
      <ele>2366.000</ele>
    </trkpt>
    <trkpt lat="46.66529500" lon="8.15249100">
      <ele>2366.000</ele>
    </trkpt>
    <trkpt lat="46.66529500" lon="8.15249100">
      <ele>2366.000</ele>
    </trkpt>
    <trkpt lat="46.66528800" lon="8.15248500">
      <ele>2366.000</ele>
    </trkpt>
    <trkpt lat="46.66529400" lon="8.15248200">
      <ele>2366.000</ele>
    </trkpt>
    <trkpt lat="46.66528000" lon="8.15249200">
      <ele>2366.000</ele>
    </trkpt>
    <trkpt lat="46.66528300" lon="8.15248500">
      <ele>2366.000</ele>
    </trkpt>
    <trkpt lat="46.66529300" lon="8.15247800">
      <ele>2366.000</ele>
    </trkpt>
    <trkpt lat="46.66528200" lon="8.15247800">
      <ele>2366.000</ele>
    </trkpt>
    <trkpt lat="46.66528500" lon="8.15247800">
      <ele>2366.000</ele>
    </trkpt>
    <trkpt lat="46.66528100" lon="8.15248300">
      <ele>2366.000</ele>
    </trkpt>
    <trkpt lat="46.66527900" lon="8.15249300">
      <ele>2366.000</ele>
    </trkpt>
    <trkpt lat="46.66527900" lon="8.15248800">
      <ele>2366.000</ele>
    </trkpt>
    <trkpt lat="46.66529200" lon="8.15248400">
      <ele>2366.000</ele>
    </trkpt>
    <trkpt lat="46.66529900" lon="8.15248600">
      <ele>2366.000</ele>
    </trkpt>
    <trkpt lat="46.66530100" lon="8.15248300">
      <ele>2366.000</ele>
    </trkpt>
    <trkpt lat="46.66529900" lon="8.15248600">
      <ele>2366.000</ele>
    </trkpt>
    <trkpt lat="46.66529900" lon="8.15248600">
      <ele>2366.000</ele>
    </trkpt>
    <trkpt lat="46.66530500" lon="8.15248000">
      <ele>2366.000</ele>
    </trkpt>
    <trkpt lat="46.66532200" lon="8.15248700">
      <ele>2366.000</ele>
    </trkpt>
    <trkpt lat="46.66532500" lon="8.15248700">
      <ele>2366.000</ele>
    </trkpt>
    <trkpt lat="46.66532000" lon="8.15248200">
      <ele>2366.000</ele>
    </trkpt>
    <trkpt lat="46.66532100" lon="8.15249600">
      <ele>2366.000</ele>
    </trkpt>
    <trkpt lat="46.66535600" lon="8.15247800">
      <ele>2366.000</ele>
    </trkpt>
    <trkpt lat="46.66535800" lon="8.15247900">
      <ele>2366.000</ele>
    </trkpt>
    <trkpt lat="46.66535900" lon="8.15247800">
      <ele>2366.000</ele>
    </trkpt>
    <trkpt lat="46.66536000" lon="8.15247100">
      <ele>2366.000</ele>
    </trkpt>
    <trkpt lat="46.66535100" lon="8.15250200">
      <ele>2366.000</ele>
    </trkpt>
    <trkpt lat="46.66535300" lon="8.15250000">
      <ele>2366.000</ele>
    </trkpt>
    <trkpt lat="46.66535700" lon="8.15250900">
      <ele>2366.000</ele>
    </trkpt>
    <trkpt lat="46.66536000" lon="8.15251300">
      <ele>2366.000</ele>
    </trkpt>
    <trkpt lat="46.66535700" lon="8.15250600">
      <ele>2366.000</ele>
    </trkpt>
    <trkpt lat="46.66534600" lon="8.15252400">
      <ele>2366.000</ele>
    </trkpt>
    <trkpt lat="46.66534600" lon="8.15252300">
      <ele>2366.000</ele>
    </trkpt>
    <trkpt lat="46.66534600" lon="8.15252300">
      <ele>2366.000</ele>
    </trkpt>
    <trkpt lat="46.66534600" lon="8.15252300">
      <ele>2366.000</ele>
    </trkpt>
    <trkpt lat="46.66534600" lon="8.15252300">
      <ele>2366.000</ele>
    </trkpt>
    <trkpt lat="46.66534600" lon="8.15252300">
      <ele>2366.000</ele>
    </trkpt>
    <trkpt lat="46.66534400" lon="8.15253000">
      <ele>2366.000</ele>
    </trkpt>
    <trkpt lat="46.66534900" lon="8.15254600">
      <ele>2366.000</ele>
    </trkpt>
    <trkpt lat="46.66534600" lon="8.15255100">
      <ele>2366.000</ele>
    </trkpt>
    <trkpt lat="46.66534600" lon="8.15255100">
      <ele>2366.000</ele>
    </trkpt>
    <trkpt lat="46.66533900" lon="8.15254200">
      <ele>2366.000</ele>
    </trkpt>
    <trkpt lat="46.66534300" lon="8.15254400">
      <ele>2366.000</ele>
    </trkpt>
    <trkpt lat="46.66534900" lon="8.15254800">
      <ele>2366.000</ele>
    </trkpt>
    <trkpt lat="46.66534600" lon="8.15255100">
      <ele>2366.000</ele>
    </trkpt>
    <trkpt lat="46.66534600" lon="8.15255100">
      <ele>2366.000</ele>
    </trkpt>
    <trkpt lat="46.66534600" lon="8.15255100">
      <ele>2366.000</ele>
    </trkpt>
    <trkpt lat="46.66534600" lon="8.15255100">
      <ele>2366.000</ele>
    </trkpt>
    <trkpt lat="46.66534600" lon="8.15255100">
      <ele>2366.000</ele>
    </trkpt>
    <trkpt lat="46.66534600" lon="8.15255100">
      <ele>2366.000</ele>
    </trkpt>
    <trkpt lat="46.66534600" lon="8.15255100">
      <ele>2366.000</ele>
    </trkpt>
    <trkpt lat="46.66534600" lon="8.15255100">
      <ele>2366.000</ele>
    </trkpt>
    <trkpt lat="46.66534600" lon="8.15255100">
      <ele>2366.000</ele>
    </trkpt>
    <trkpt lat="46.66534600" lon="8.15255100">
      <ele>2366.000</ele>
    </trkpt>
    <trkpt lat="46.66534100" lon="8.15255100">
      <ele>2366.000</ele>
    </trkpt>
    <trkpt lat="46.66534600" lon="8.15255100">
      <ele>2366.000</ele>
    </trkpt>
    <trkpt lat="46.66534600" lon="8.15255100">
      <ele>2366.000</ele>
    </trkpt>
    <trkpt lat="46.66534100" lon="8.15255700">
      <ele>2366.000</ele>
    </trkpt>
    <trkpt lat="46.66535100" lon="8.15256000">
      <ele>2366.000</ele>
    </trkpt>
    <trkpt lat="46.66534600" lon="8.15255100">
      <ele>2366.000</ele>
    </trkpt>
    <trkpt lat="46.66534600" lon="8.15255100">
      <ele>2366.000</ele>
    </trkpt>
    <trkpt lat="46.66535100" lon="8.15256000">
      <ele>2366.000</ele>
    </trkpt>
    <trkpt lat="46.66534600" lon="8.15255100">
      <ele>2366.000</ele>
    </trkpt>
    <trkpt lat="46.66534600" lon="8.15255100">
      <ele>2366.000</ele>
    </trkpt>
    <trkpt lat="46.66534600" lon="8.15255100">
      <ele>2366.000</ele>
    </trkpt>
    <trkpt lat="46.66535000" lon="8.15255400">
      <ele>2366.000</ele>
    </trkpt>
    <trkpt lat="46.66534600" lon="8.15255100">
      <ele>2366.000</ele>
    </trkpt>
    <trkpt lat="46.66535200" lon="8.15255500">
      <ele>2366.000</ele>
    </trkpt>
    <trkpt lat="46.66534600" lon="8.15255100">
      <ele>2366.000</ele>
    </trkpt>
    <trkpt lat="46.66534600" lon="8.15255100">
      <ele>2366.000</ele>
    </trkpt>
    <trkpt lat="46.66534600" lon="8.15255100">
      <ele>2366.000</ele>
    </trkpt>
    <trkpt lat="46.66534600" lon="8.15255100">
      <ele>2366.000</ele>
    </trkpt>
    <trkpt lat="46.66535900" lon="8.15255800">
      <ele>2366.000</ele>
    </trkpt>
    <trkpt lat="46.66536000" lon="8.15255900">
      <ele>2366.000</ele>
    </trkpt>
    <trkpt lat="46.66536800" lon="8.15255600">
      <ele>2366.000</ele>
    </trkpt>
    <trkpt lat="46.66537400" lon="8.15255500">
      <ele>2366.000</ele>
    </trkpt>
    <trkpt lat="46.66538700" lon="8.15255400">
      <ele>2366.000</ele>
    </trkpt>
    <trkpt lat="46.66538700" lon="8.15255400">
      <ele>2366.000</ele>
    </trkpt>
    <trkpt lat="46.66538700" lon="8.15255400">
      <ele>2366.000</ele>
    </trkpt>
    <trkpt lat="46.66538700" lon="8.15255400">
      <ele>2366.000</ele>
    </trkpt>
    <trkpt lat="46.66539300" lon="8.15255500">
      <ele>2366.000</ele>
    </trkpt>
    <trkpt lat="46.66539600" lon="8.15256000">
      <ele>2366.000</ele>
    </trkpt>
    <trkpt lat="46.66540900" lon="8.15256400">
      <ele>2366.000</ele>
    </trkpt>
    <trkpt lat="46.66541300" lon="8.15256500">
      <ele>2366.000</ele>
    </trkpt>
    <trkpt lat="46.66541800" lon="8.15257300">
      <ele>2426.000</ele>
    </trkpt>
    <trkpt lat="46.66541600" lon="8.15258200">
      <ele>2366.000</ele>
    </trkpt>
    <trkpt lat="46.66542100" lon="8.15258400">
      <ele>2426.000</ele>
    </trkpt>
    <trkpt lat="46.66542100" lon="8.15258400">
      <ele>2426.000</ele>
    </trkpt>
    <trkpt lat="46.66542100" lon="8.15258400">
      <ele>2426.000</ele>
    </trkpt>
    <trkpt lat="46.66542100" lon="8.15258400">
      <ele>2426.000</ele>
    </trkpt>
    <trkpt lat="46.66542200" lon="8.15259300">
      <ele>2426.000</ele>
    </trkpt>
    <trkpt lat="46.66542100" lon="8.15258400">
      <ele>2426.000</ele>
    </trkpt>
    <trkpt lat="46.66542100" lon="8.15258400">
      <ele>2426.000</ele>
    </trkpt>
    <trkpt lat="46.66542200" lon="8.15258900">
      <ele>2426.000</ele>
    </trkpt>
    <trkpt lat="46.66543900" lon="8.15258200">
      <ele>2426.000</ele>
    </trkpt>
    <trkpt lat="46.66544200" lon="8.15258100">
      <ele>2426.000</ele>
    </trkpt>
    <trkpt lat="46.66544200" lon="8.15258700">
      <ele>2426.000</ele>
    </trkpt>
    <trkpt lat="46.66544200" lon="8.15258700">
      <ele>2426.000</ele>
    </trkpt>
    <trkpt lat="46.66544200" lon="8.15258700">
      <ele>2426.000</ele>
    </trkpt>
    <trkpt lat="46.66543100" lon="8.15258600">
      <ele>2426.000</ele>
    </trkpt>
    <trkpt lat="46.66544200" lon="8.15258700">
      <ele>2426.000</ele>
    </trkpt>
    <trkpt lat="46.66543100" lon="8.15259100">
      <ele>2426.000</ele>
    </trkpt>
    <trkpt lat="46.66544200" lon="8.15258700">
      <ele>2426.000</ele>
    </trkpt>
    <trkpt lat="46.66543400" lon="8.15259300">
      <ele>2426.000</ele>
    </trkpt>
    <trkpt lat="46.66544000" lon="8.15258500">
      <ele>2426.000</ele>
    </trkpt>
    <trkpt lat="46.66544200" lon="8.15258700">
      <ele>2426.000</ele>
    </trkpt>
    <trkpt lat="46.66545000" lon="8.15258500">
      <ele>2426.000</ele>
    </trkpt>
    <trkpt lat="46.66544200" lon="8.15258700">
      <ele>2426.000</ele>
    </trkpt>
    <trkpt lat="46.66545200" lon="8.15258400">
      <ele>2426.000</ele>
    </trkpt>
    <trkpt lat="46.66546900" lon="8.15258600">
      <ele>2426.000</ele>
    </trkpt>
    <trkpt lat="46.66545900" lon="8.15259700">
      <ele>2426.000</ele>
    </trkpt>
    <trkpt lat="46.66545900" lon="8.15260500">
      <ele>2426.000</ele>
    </trkpt>
    <trkpt lat="46.66546700" lon="8.15262700">
      <ele>2426.000</ele>
    </trkpt>
    <trkpt lat="46.66546900" lon="8.15263400">
      <ele>2426.000</ele>
    </trkpt>
    <trkpt lat="46.66547400" lon="8.15263600">
      <ele>2426.000</ele>
    </trkpt>
    <trkpt lat="46.66546700" lon="8.15263300">
      <ele>2426.000</ele>
    </trkpt>
    <trkpt lat="46.66546700" lon="8.15263300">
      <ele>2426.000</ele>
    </trkpt>
    <trkpt lat="46.66546700" lon="8.15263300">
      <ele>2426.000</ele>
    </trkpt>
    <trkpt lat="46.66547800" lon="8.15264900">
      <ele>2409.000</ele>
    </trkpt>
    <trkpt lat="46.66547800" lon="8.15264900">
      <ele>2409.000</ele>
    </trkpt>
    <trkpt lat="46.66547800" lon="8.15264900">
      <ele>2409.000</ele>
    </trkpt>
    <trkpt lat="46.66547800" lon="8.15264900">
      <ele>2409.000</ele>
    </trkpt>
    <trkpt lat="46.66547800" lon="8.15264900">
      <ele>2409.000</ele>
    </trkpt>
    <trkpt lat="46.66547800" lon="8.15264900">
      <ele>2409.000</ele>
    </trkpt>
    <trkpt lat="46.66547800" lon="8.15264900">
      <ele>2409.000</ele>
    </trkpt>
    <trkpt lat="46.66547800" lon="8.15264900">
      <ele>2409.000</ele>
    </trkpt>
    <trkpt lat="46.66547800" lon="8.15264900">
      <ele>2409.000</ele>
    </trkpt>
    <trkpt lat="46.66547800" lon="8.15264900">
      <ele>2409.000</ele>
    </trkpt>
    <trkpt lat="46.66547800" lon="8.15264900">
      <ele>2409.000</ele>
    </trkpt>
    <trkpt lat="46.66547800" lon="8.15264900">
      <ele>2409.000</ele>
    </trkpt>
    <trkpt lat="46.66547800" lon="8.15264900">
      <ele>2409.000</ele>
    </trkpt>
    <trkpt lat="46.66547800" lon="8.15264900">
      <ele>2409.000</ele>
    </trkpt>
    <trkpt lat="46.66547800" lon="8.15264900">
      <ele>2409.000</ele>
    </trkpt>
    <trkpt lat="46.66549600" lon="8.15264600">
      <ele>2409.000</ele>
    </trkpt>
    <trkpt lat="46.66549600" lon="8.15264600">
      <ele>2409.000</ele>
    </trkpt>
    <trkpt lat="46.66549600" lon="8.15264600">
      <ele>2409.000</ele>
    </trkpt>
    <trkpt lat="46.66550100" lon="8.15265100">
      <ele>2409.000</ele>
    </trkpt>
    <trkpt lat="46.66550500" lon="8.15270400">
      <ele>2409.000</ele>
    </trkpt>
    <trkpt lat="46.66550700" lon="8.15270700">
      <ele>2409.000</ele>
    </trkpt>
    <trkpt lat="46.66550700" lon="8.15270700">
      <ele>2409.000</ele>
    </trkpt>
    <trkpt lat="46.66550700" lon="8.15270700">
      <ele>2409.000</ele>
    </trkpt>
    <trkpt lat="46.66550700" lon="8.15270700">
      <ele>2409.000</ele>
    </trkpt>
    <trkpt lat="46.66550700" lon="8.15270700">
      <ele>2409.000</ele>
    </trkpt>
    <trkpt lat="46.66549300" lon="8.15270400">
      <ele>2409.000</ele>
    </trkpt>
    <trkpt lat="46.66549200" lon="8.15270300">
      <ele>2409.000</ele>
    </trkpt>
    <trkpt lat="46.66549200" lon="8.15270300">
      <ele>2409.000</ele>
    </trkpt>
    <trkpt lat="46.66549200" lon="8.15270300">
      <ele>2409.000</ele>
    </trkpt>
    <trkpt lat="46.66547600" lon="8.15267800">
      <ele>2409.000</ele>
    </trkpt>
    <trkpt lat="46.66547600" lon="8.15267800">
      <ele>2409.000</ele>
    </trkpt>
    <trkpt lat="46.66547600" lon="8.15267800">
      <ele>2409.000</ele>
    </trkpt>
    <trkpt lat="46.66547700" lon="8.15265600">
      <ele>2409.000</ele>
    </trkpt>
    <trkpt lat="46.66548000" lon="8.15265000">
      <ele>2409.000</ele>
    </trkpt>
    <trkpt lat="46.66548000" lon="8.15265000">
      <ele>2409.000</ele>
    </trkpt>
    <trkpt lat="46.66548100" lon="8.15264000">
      <ele>2409.000</ele>
    </trkpt>
    <trkpt lat="46.66548500" lon="8.15260000">
      <ele>2426.000</ele>
    </trkpt>
    <trkpt lat="46.66548800" lon="8.15259000">
      <ele>2426.000</ele>
    </trkpt>
    <trkpt lat="46.66548900" lon="8.15258600">
      <ele>2426.000</ele>
    </trkpt>
    <trkpt lat="46.66549100" lon="8.15258400">
      <ele>2426.000</ele>
    </trkpt>
    <trkpt lat="46.66549200" lon="8.15258800">
      <ele>2426.000</ele>
    </trkpt>
    <trkpt lat="46.66549200" lon="8.15258800">
      <ele>2426.000</ele>
    </trkpt>
    <trkpt lat="46.66550200" lon="8.15259000">
      <ele>2426.000</ele>
    </trkpt>
    <trkpt lat="46.66550700" lon="8.15258900">
      <ele>2426.000</ele>
    </trkpt>
    <trkpt lat="46.66550700" lon="8.15258700">
      <ele>2426.000</ele>
    </trkpt>
    <trkpt lat="46.66552100" lon="8.15258800">
      <ele>2426.000</ele>
    </trkpt>
    <trkpt lat="46.66553400" lon="8.15258800">
      <ele>2426.000</ele>
    </trkpt>
    <trkpt lat="46.66553500" lon="8.15258500">
      <ele>2426.000</ele>
    </trkpt>
    <trkpt lat="46.66554000" lon="8.15258500">
      <ele>2426.000</ele>
    </trkpt>
    <trkpt lat="46.66554400" lon="8.15258600">
      <ele>2426.000</ele>
    </trkpt>
    <trkpt lat="46.66554500" lon="8.15258100">
      <ele>2426.000</ele>
    </trkpt>
    <trkpt lat="46.66555100" lon="8.15257300">
      <ele>2426.000</ele>
    </trkpt>
    <trkpt lat="46.66555500" lon="8.15256400">
      <ele>2426.000</ele>
    </trkpt>
    <trkpt lat="46.66555000" lon="8.15255600">
      <ele>2426.000</ele>
    </trkpt>
    <trkpt lat="46.66555400" lon="8.15254500">
      <ele>2426.000</ele>
    </trkpt>
    <trkpt lat="46.66555700" lon="8.15253100">
      <ele>2426.000</ele>
    </trkpt>
    <trkpt lat="46.66555500" lon="8.15251500">
      <ele>2426.000</ele>
    </trkpt>
    <trkpt lat="46.66555400" lon="8.15250800">
      <ele>2426.000</ele>
    </trkpt>
    <trkpt lat="46.66554800" lon="8.15251600">
      <ele>2426.000</ele>
    </trkpt>
    <trkpt lat="46.66553900" lon="8.15252900">
      <ele>2426.000</ele>
    </trkpt>
    <trkpt lat="46.66552800" lon="8.15253400">
      <ele>2426.000</ele>
    </trkpt>
    <trkpt lat="46.66553000" lon="8.15252600">
      <ele>2426.000</ele>
    </trkpt>
    <trkpt lat="46.66554600" lon="8.15253600">
      <ele>2426.000</ele>
    </trkpt>
    <trkpt lat="46.66555200" lon="8.15253900">
      <ele>2426.000</ele>
    </trkpt>
    <trkpt lat="46.66555500" lon="8.15254300">
      <ele>2426.000</ele>
    </trkpt>
    <trkpt lat="46.66555200" lon="8.15254800">
      <ele>2426.000</ele>
    </trkpt>
    <trkpt lat="46.66554600" lon="8.15254700">
      <ele>2426.000</ele>
    </trkpt>
    <trkpt lat="46.66553300" lon="8.15253500">
      <ele>2426.000</ele>
    </trkpt>
    <trkpt lat="46.66552300" lon="8.15255300">
      <ele>2426.000</ele>
    </trkpt>
    <trkpt lat="46.66551500" lon="8.15258700">
      <ele>2426.000</ele>
    </trkpt>
    <trkpt lat="46.66551900" lon="8.15260800">
      <ele>2426.000</ele>
    </trkpt>
    <trkpt lat="46.66551900" lon="8.15261300">
      <ele>2426.000</ele>
    </trkpt>
    <trkpt lat="46.66552400" lon="8.15262800">
      <ele>2426.000</ele>
    </trkpt>
    <trkpt lat="46.66552900" lon="8.15262100">
      <ele>2426.000</ele>
    </trkpt>
    <trkpt lat="46.66553000" lon="8.15260100">
      <ele>2426.000</ele>
    </trkpt>
    <trkpt lat="46.66553800" lon="8.15256900">
      <ele>2426.000</ele>
    </trkpt>
    <trkpt lat="46.66552900" lon="8.15251700">
      <ele>2426.000</ele>
    </trkpt>
    <trkpt lat="46.66553200" lon="8.15251500">
      <ele>2426.000</ele>
    </trkpt>
    <trkpt lat="46.66553200" lon="8.15251300">
      <ele>2426.000</ele>
    </trkpt>
    <trkpt lat="46.66553000" lon="8.15251300">
      <ele>2426.000</ele>
    </trkpt>
    <trkpt lat="46.66553100" lon="8.15251500">
      <ele>2426.000</ele>
    </trkpt>
    <trkpt lat="46.66553100" lon="8.15251700">
      <ele>2426.000</ele>
    </trkpt>
    <trkpt lat="46.66552800" lon="8.15253600">
      <ele>2426.000</ele>
    </trkpt>
    <trkpt lat="46.66552700" lon="8.15255200">
      <ele>2426.000</ele>
    </trkpt>
    <trkpt lat="46.66551900" lon="8.15255900">
      <ele>2426.000</ele>
    </trkpt>
    <trkpt lat="46.66551900" lon="8.15256800">
      <ele>2426.000</ele>
    </trkpt>
    <trkpt lat="46.66551900" lon="8.15257000">
      <ele>2426.000</ele>
    </trkpt>
    <trkpt lat="46.66552000" lon="8.15257400">
      <ele>2426.000</ele>
    </trkpt>
    <trkpt lat="46.66550800" lon="8.15258200">
      <ele>2426.000</ele>
    </trkpt>
    <trkpt lat="46.66551400" lon="8.15256800">
      <ele>2426.000</ele>
    </trkpt>
    <trkpt lat="46.66551300" lon="8.15256700">
      <ele>2426.000</ele>
    </trkpt>
    <trkpt lat="46.66551900" lon="8.15254500">
      <ele>2426.000</ele>
    </trkpt>
    <trkpt lat="46.66552000" lon="8.15254400">
      <ele>2426.000</ele>
    </trkpt>
    <trkpt lat="46.66552500" lon="8.15255200">
      <ele>2426.000</ele>
    </trkpt>
    <trkpt lat="46.66552500" lon="8.15256400">
      <ele>2426.000</ele>
    </trkpt>
    <trkpt lat="46.66552400" lon="8.15257000">
      <ele>2426.000</ele>
    </trkpt>
    <trkpt lat="46.66551200" lon="8.15258600">
      <ele>2426.000</ele>
    </trkpt>
    <trkpt lat="46.66550600" lon="8.15259100">
      <ele>2426.000</ele>
    </trkpt>
    <trkpt lat="46.66549400" lon="8.15261600">
      <ele>2426.000</ele>
    </trkpt>
    <trkpt lat="46.66550400" lon="8.15260500">
      <ele>2426.000</ele>
    </trkpt>
    <trkpt lat="46.66550800" lon="8.15259900">
      <ele>2426.000</ele>
    </trkpt>
    <trkpt lat="46.66552000" lon="8.15257200">
      <ele>2426.000</ele>
    </trkpt>
    <trkpt lat="46.66552500" lon="8.15256200">
      <ele>2426.000</ele>
    </trkpt>
    <trkpt lat="46.66554100" lon="8.15253100">
      <ele>2426.000</ele>
    </trkpt>
    <trkpt lat="46.66554800" lon="8.15252900">
      <ele>2426.000</ele>
    </trkpt>
    <trkpt lat="46.66554100" lon="8.15253900">
      <ele>2426.000</ele>
    </trkpt>
    <trkpt lat="46.66553900" lon="8.15254600">
      <ele>2426.000</ele>
    </trkpt>
    <trkpt lat="46.66553800" lon="8.15255700">
      <ele>2426.000</ele>
    </trkpt>
    <trkpt lat="46.66553800" lon="8.15255600">
      <ele>2426.000</ele>
    </trkpt>
    <trkpt lat="46.66553200" lon="8.15258000">
      <ele>2426.000</ele>
    </trkpt>
    <trkpt lat="46.66552600" lon="8.15258200">
      <ele>2426.000</ele>
    </trkpt>
    <trkpt lat="46.66552700" lon="8.15259800">
      <ele>2426.000</ele>
    </trkpt>
    <trkpt lat="46.66552300" lon="8.15259000">
      <ele>2426.000</ele>
    </trkpt>
    <trkpt lat="46.66552300" lon="8.15258500">
      <ele>2426.000</ele>
    </trkpt>
    <trkpt lat="46.66551400" lon="8.15257900">
      <ele>2426.000</ele>
    </trkpt>
    <trkpt lat="46.66551300" lon="8.15258300">
      <ele>2426.000</ele>
    </trkpt>
    <trkpt lat="46.66549900" lon="8.15260500">
      <ele>2426.000</ele>
    </trkpt>
    <trkpt lat="46.66548900" lon="8.15260800">
      <ele>2426.000</ele>
    </trkpt>
    <trkpt lat="46.66550200" lon="8.15259800">
      <ele>2426.000</ele>
    </trkpt>
    <trkpt lat="46.66551600" lon="8.15258000">
      <ele>2426.000</ele>
    </trkpt>
    <trkpt lat="46.66551700" lon="8.15258900">
      <ele>2426.000</ele>
    </trkpt>
    <trkpt lat="46.66551500" lon="8.15258800">
      <ele>2426.000</ele>
    </trkpt>
    <trkpt lat="46.66552600" lon="8.15258200">
      <ele>2426.000</ele>
    </trkpt>
    <trkpt lat="46.66551900" lon="8.15258100">
      <ele>2426.000</ele>
    </trkpt>
    <trkpt lat="46.66551900" lon="8.15258400">
      <ele>2426.000</ele>
    </trkpt>
    <trkpt lat="46.66553100" lon="8.15256700">
      <ele>2426.000</ele>
    </trkpt>
    <trkpt lat="46.66553200" lon="8.15255800">
      <ele>2426.000</ele>
    </trkpt>
    <trkpt lat="46.66553400" lon="8.15255600">
      <ele>2426.000</ele>
    </trkpt>
    <trkpt lat="46.66553900" lon="8.15255300">
      <ele>2426.000</ele>
    </trkpt>
    <trkpt lat="46.66554600" lon="8.15254700">
      <ele>2426.000</ele>
    </trkpt>
    <trkpt lat="46.66554300" lon="8.15254600">
      <ele>2426.000</ele>
    </trkpt>
    <trkpt lat="46.66554400" lon="8.15255300">
      <ele>2426.000</ele>
    </trkpt>
    <trkpt lat="46.66554000" lon="8.15256500">
      <ele>2426.000</ele>
    </trkpt>
    <trkpt lat="46.66554100" lon="8.15256800">
      <ele>2426.000</ele>
    </trkpt>
    <trkpt lat="46.66554200" lon="8.15256900">
      <ele>2426.000</ele>
    </trkpt>
    <trkpt lat="46.66552900" lon="8.15258600">
      <ele>2426.000</ele>
    </trkpt>
    <trkpt lat="46.66552500" lon="8.15259100">
      <ele>2426.000</ele>
    </trkpt>
    <trkpt lat="46.66552300" lon="8.15258100">
      <ele>2426.000</ele>
    </trkpt>
    <trkpt lat="46.66552000" lon="8.15258400">
      <ele>2426.000</ele>
    </trkpt>
    <trkpt lat="46.66551800" lon="8.15258900">
      <ele>2426.000</ele>
    </trkpt>
    <trkpt lat="46.66551800" lon="8.15259100">
      <ele>2426.000</ele>
    </trkpt>
    <trkpt lat="46.66551500" lon="8.15259600">
      <ele>2426.000</ele>
    </trkpt>
    <trkpt lat="46.66551100" lon="8.15260900">
      <ele>2426.000</ele>
    </trkpt>
    <trkpt lat="46.66551100" lon="8.15261000">
      <ele>2426.000</ele>
    </trkpt>
    <trkpt lat="46.66551400" lon="8.15260300">
      <ele>2426.000</ele>
    </trkpt>
    <trkpt lat="46.66551500" lon="8.15260200">
      <ele>2426.000</ele>
    </trkpt>
    <trkpt lat="46.66551900" lon="8.15259700">
      <ele>2426.000</ele>
    </trkpt>
    <trkpt lat="46.66552500" lon="8.15259500">
      <ele>2426.000</ele>
    </trkpt>
    <trkpt lat="46.66552500" lon="8.15259500">
      <ele>2426.000</ele>
    </trkpt>
    <trkpt lat="46.66552500" lon="8.15259500">
      <ele>2426.000</ele>
    </trkpt>
    <trkpt lat="46.66552500" lon="8.15259500">
      <ele>2426.000</ele>
    </trkpt>
    <trkpt lat="46.66552500" lon="8.15259500">
      <ele>2426.000</ele>
    </trkpt>
    <trkpt lat="46.66552500" lon="8.15259500">
      <ele>2426.000</ele>
    </trkpt>
    <trkpt lat="46.66552500" lon="8.15259500">
      <ele>2426.000</ele>
    </trkpt>
    <trkpt lat="46.66552500" lon="8.15259500">
      <ele>2426.000</ele>
    </trkpt>
    <trkpt lat="46.66552500" lon="8.15259500">
      <ele>2426.000</ele>
    </trkpt>
    <trkpt lat="46.66552000" lon="8.15257700">
      <ele>2426.000</ele>
    </trkpt>
    <trkpt lat="46.66551600" lon="8.15257000">
      <ele>2426.000</ele>
    </trkpt>
    <trkpt lat="46.66552600" lon="8.15257200">
      <ele>2426.000</ele>
    </trkpt>
    <trkpt lat="46.66553300" lon="8.15255500">
      <ele>2426.000</ele>
    </trkpt>
    <trkpt lat="46.66553100" lon="8.15254600">
      <ele>2426.000</ele>
    </trkpt>
    <trkpt lat="46.66553100" lon="8.15254600">
      <ele>2426.000</ele>
    </trkpt>
    <trkpt lat="46.66553000" lon="8.15253900">
      <ele>2426.000</ele>
    </trkpt>
    <trkpt lat="46.66552300" lon="8.15253600">
      <ele>2426.000</ele>
    </trkpt>
    <trkpt lat="46.66552400" lon="8.15253500">
      <ele>2426.000</ele>
    </trkpt>
    <trkpt lat="46.66552400" lon="8.15253500">
      <ele>2426.000</ele>
    </trkpt>
    <trkpt lat="46.66552400" lon="8.15253500">
      <ele>2426.000</ele>
    </trkpt>
    <trkpt lat="46.66552400" lon="8.15253500">
      <ele>2426.000</ele>
    </trkpt>
    <trkpt lat="46.66552400" lon="8.15253500">
      <ele>2426.000</ele>
    </trkpt>
    <trkpt lat="46.66552400" lon="8.15253500">
      <ele>2426.000</ele>
    </trkpt>
    <trkpt lat="46.66552400" lon="8.15253500">
      <ele>2426.000</ele>
    </trkpt>
    <trkpt lat="46.66552400" lon="8.15253500">
      <ele>2426.000</ele>
    </trkpt>
    <trkpt lat="46.66552400" lon="8.15253500">
      <ele>2426.000</ele>
    </trkpt>
    <trkpt lat="46.66552400" lon="8.15253500">
      <ele>2426.000</ele>
    </trkpt>
    <trkpt lat="46.66552400" lon="8.15253500">
      <ele>2426.000</ele>
    </trkpt>
    <trkpt lat="46.66552200" lon="8.15254700">
      <ele>2426.000</ele>
    </trkpt>
    <trkpt lat="46.66551800" lon="8.15255600">
      <ele>2426.000</ele>
    </trkpt>
    <trkpt lat="46.66551000" lon="8.15255300">
      <ele>2426.000</ele>
    </trkpt>
    <trkpt lat="46.66551300" lon="8.15255300">
      <ele>2426.000</ele>
    </trkpt>
    <trkpt lat="46.66552400" lon="8.15253500">
      <ele>2426.000</ele>
    </trkpt>
    <trkpt lat="46.66552300" lon="8.15255300">
      <ele>2426.000</ele>
    </trkpt>
    <trkpt lat="46.66552900" lon="8.15253300">
      <ele>2426.000</ele>
    </trkpt>
    <trkpt lat="46.66552600" lon="8.15252900">
      <ele>2426.000</ele>
    </trkpt>
    <trkpt lat="46.66552300" lon="8.15252400">
      <ele>2426.000</ele>
    </trkpt>
    <trkpt lat="46.66552100" lon="8.15253200">
      <ele>2426.000</ele>
    </trkpt>
    <trkpt lat="46.66553200" lon="8.15252900">
      <ele>2426.000</ele>
    </trkpt>
    <trkpt lat="46.66552900" lon="8.15253000">
      <ele>2426.000</ele>
    </trkpt>
    <trkpt lat="46.66552600" lon="8.15255500">
      <ele>2426.000</ele>
    </trkpt>
    <trkpt lat="46.66552400" lon="8.15255500">
      <ele>2426.000</ele>
    </trkpt>
    <trkpt lat="46.66552400" lon="8.15255500">
      <ele>2426.000</ele>
    </trkpt>
    <trkpt lat="46.66552400" lon="8.15255500">
      <ele>2426.000</ele>
    </trkpt>
    <trkpt lat="46.66551500" lon="8.15257300">
      <ele>2426.000</ele>
    </trkpt>
    <trkpt lat="46.66551400" lon="8.15257300">
      <ele>2426.000</ele>
    </trkpt>
    <trkpt lat="46.66550700" lon="8.15258900">
      <ele>2426.000</ele>
    </trkpt>
    <trkpt lat="46.66551000" lon="8.15258600">
      <ele>2426.000</ele>
    </trkpt>
    <trkpt lat="46.66550200" lon="8.15259200">
      <ele>2426.000</ele>
    </trkpt>
    <trkpt lat="46.66550700" lon="8.15261500">
      <ele>2426.000</ele>
    </trkpt>
    <trkpt lat="46.66550900" lon="8.15261900">
      <ele>2426.000</ele>
    </trkpt>
    <trkpt lat="46.66550900" lon="8.15261900">
      <ele>2426.000</ele>
    </trkpt>
    <trkpt lat="46.66550800" lon="8.15265600">
      <ele>2409.000</ele>
    </trkpt>
    <trkpt lat="46.66550300" lon="8.15267800">
      <ele>2409.000</ele>
    </trkpt>
    <trkpt lat="46.66550200" lon="8.15267800">
      <ele>2409.000</ele>
    </trkpt>
    <trkpt lat="46.66549900" lon="8.15269100">
      <ele>2409.000</ele>
    </trkpt>
    <trkpt lat="46.66551500" lon="8.15269600">
      <ele>2409.000</ele>
    </trkpt>
    <trkpt lat="46.66551500" lon="8.15269600">
      <ele>2409.000</ele>
    </trkpt>
    <trkpt lat="46.66551500" lon="8.15269600">
      <ele>2409.000</ele>
    </trkpt>
    <trkpt lat="46.66551700" lon="8.15270000">
      <ele>2409.000</ele>
    </trkpt>
    <trkpt lat="46.66552300" lon="8.15270000">
      <ele>2409.000</ele>
    </trkpt>
    <trkpt lat="46.66552000" lon="8.15268700">
      <ele>2409.000</ele>
    </trkpt>
    <trkpt lat="46.66551500" lon="8.15269600">
      <ele>2409.000</ele>
    </trkpt>
    <trkpt lat="46.66551700" lon="8.15268400">
      <ele>2409.000</ele>
    </trkpt>
    <trkpt lat="46.66551800" lon="8.15270300">
      <ele>2409.000</ele>
    </trkpt>
    <trkpt lat="46.66552300" lon="8.15270300">
      <ele>2409.000</ele>
    </trkpt>
    <trkpt lat="46.66553000" lon="8.15271100">
      <ele>2409.000</ele>
    </trkpt>
    <trkpt lat="46.66553300" lon="8.15271200">
      <ele>2409.000</ele>
    </trkpt>
    <trkpt lat="46.66553300" lon="8.15271200">
      <ele>2409.000</ele>
    </trkpt>
    <trkpt lat="46.66553300" lon="8.15271200">
      <ele>2409.000</ele>
    </trkpt>
    <trkpt lat="46.66555700" lon="8.15273100">
      <ele>2409.000</ele>
    </trkpt>
    <trkpt lat="46.66556600" lon="8.15274500">
      <ele>2409.000</ele>
    </trkpt>
    <trkpt lat="46.66556900" lon="8.15274800">
      <ele>2409.000</ele>
    </trkpt>
    <trkpt lat="46.66556900" lon="8.15274800">
      <ele>2409.000</ele>
    </trkpt>
    <trkpt lat="46.66556900" lon="8.15274800">
      <ele>2409.000</ele>
    </trkpt>
    <trkpt lat="46.66558100" lon="8.15274600">
      <ele>2409.000</ele>
    </trkpt>
    <trkpt lat="46.66556900" lon="8.15274800">
      <ele>2409.000</ele>
    </trkpt>
    <trkpt lat="46.66556900" lon="8.15274800">
      <ele>2409.000</ele>
    </trkpt>
    <trkpt lat="46.66557500" lon="8.15274500">
      <ele>2409.000</ele>
    </trkpt>
    <trkpt lat="46.66556900" lon="8.15274800">
      <ele>2409.000</ele>
    </trkpt>
    <trkpt lat="46.66556900" lon="8.15274800">
      <ele>2409.000</ele>
    </trkpt>
    <trkpt lat="46.66556700" lon="8.15273600">
      <ele>2409.000</ele>
    </trkpt>
    <trkpt lat="46.66556500" lon="8.15273400">
      <ele>2409.000</ele>
    </trkpt>
    <trkpt lat="46.66556800" lon="8.15271100">
      <ele>2409.000</ele>
    </trkpt>
    <trkpt lat="46.66556100" lon="8.15271600">
      <ele>2409.000</ele>
    </trkpt>
    <trkpt lat="46.66556200" lon="8.15270900">
      <ele>2409.000</ele>
    </trkpt>
    <trkpt lat="46.66556300" lon="8.15271000">
      <ele>2409.000</ele>
    </trkpt>
    <trkpt lat="46.66556200" lon="8.15270900">
      <ele>2409.000</ele>
    </trkpt>
    <trkpt lat="46.66556200" lon="8.15270900">
      <ele>2409.000</ele>
    </trkpt>
    <trkpt lat="46.66555900" lon="8.15270900">
      <ele>2409.000</ele>
    </trkpt>
    <trkpt lat="46.66556200" lon="8.15270900">
      <ele>2409.000</ele>
    </trkpt>
    <trkpt lat="46.66555600" lon="8.15270800">
      <ele>2409.000</ele>
    </trkpt>
    <trkpt lat="46.66556200" lon="8.15270900">
      <ele>2409.000</ele>
    </trkpt>
    <trkpt lat="46.66556200" lon="8.15270900">
      <ele>2409.000</ele>
    </trkpt>
    <trkpt lat="46.66555000" lon="8.15271400">
      <ele>2409.000</ele>
    </trkpt>
    <trkpt lat="46.66554900" lon="8.15272000">
      <ele>2409.000</ele>
    </trkpt>
    <trkpt lat="46.66556600" lon="8.15272300">
      <ele>2409.000</ele>
    </trkpt>
    <trkpt lat="46.66557200" lon="8.15271200">
      <ele>2409.000</ele>
    </trkpt>
    <trkpt lat="46.66558300" lon="8.15271300">
      <ele>2409.000</ele>
    </trkpt>
    <trkpt lat="46.66558100" lon="8.15272200">
      <ele>2409.000</ele>
    </trkpt>
    <trkpt lat="46.66558100" lon="8.15272200">
      <ele>2409.000</ele>
    </trkpt>
    <trkpt lat="46.66558100" lon="8.15272200">
      <ele>2409.000</ele>
    </trkpt>
    <trkpt lat="46.66558100" lon="8.15272200">
      <ele>2409.000</ele>
    </trkpt>
    <trkpt lat="46.66558100" lon="8.15272200">
      <ele>2409.000</ele>
    </trkpt>
    <trkpt lat="46.66558100" lon="8.15272200">
      <ele>2409.000</ele>
    </trkpt>
    <trkpt lat="46.66559000" lon="8.15273300">
      <ele>2409.000</ele>
    </trkpt>
    <trkpt lat="46.66559200" lon="8.15273300">
      <ele>2409.000</ele>
    </trkpt>
    <trkpt lat="46.66559300" lon="8.15273900">
      <ele>2409.000</ele>
    </trkpt>
    <trkpt lat="46.66558700" lon="8.15273300">
      <ele>2409.000</ele>
    </trkpt>
    <trkpt lat="46.66558500" lon="8.15273100">
      <ele>2409.000</ele>
    </trkpt>
    <trkpt lat="46.66559200" lon="8.15273300">
      <ele>2409.000</ele>
    </trkpt>
    <trkpt lat="46.66558100" lon="8.15273100">
      <ele>2409.000</ele>
    </trkpt>
    <trkpt lat="46.66558100" lon="8.15272900">
      <ele>2409.000</ele>
    </trkpt>
    <trkpt lat="46.66557800" lon="8.15272000">
      <ele>2409.000</ele>
    </trkpt>
    <trkpt lat="46.66558000" lon="8.15271700">
      <ele>2409.000</ele>
    </trkpt>
    <trkpt lat="46.66558500" lon="8.15270500">
      <ele>2409.000</ele>
    </trkpt>
    <trkpt lat="46.66558400" lon="8.15269600">
      <ele>2409.000</ele>
    </trkpt>
    <trkpt lat="46.66558500" lon="8.15269500">
      <ele>2409.000</ele>
    </trkpt>
    <trkpt lat="46.66558500" lon="8.15269500">
      <ele>2409.000</ele>
    </trkpt>
    <trkpt lat="46.66559300" lon="8.15269500">
      <ele>2409.000</ele>
    </trkpt>
    <trkpt lat="46.66559900" lon="8.15269100">
      <ele>2409.000</ele>
    </trkpt>
    <trkpt lat="46.66559900" lon="8.15269100">
      <ele>2409.000</ele>
    </trkpt>
    <trkpt lat="46.66559900" lon="8.15269100">
      <ele>2409.000</ele>
    </trkpt>
    <trkpt lat="46.66559900" lon="8.15269100">
      <ele>2409.000</ele>
    </trkpt>
    <trkpt lat="46.66559900" lon="8.15269100">
      <ele>2409.000</ele>
    </trkpt>
    <trkpt lat="46.66559900" lon="8.15269100">
      <ele>2409.000</ele>
    </trkpt>
    <trkpt lat="46.66559900" lon="8.15269100">
      <ele>2409.000</ele>
    </trkpt>
    <trkpt lat="46.66559900" lon="8.15269100">
      <ele>2409.000</ele>
    </trkpt>
    <trkpt lat="46.66560300" lon="8.15269800">
      <ele>2409.000</ele>
    </trkpt>
    <trkpt lat="46.66560700" lon="8.15270000">
      <ele>2409.000</ele>
    </trkpt>
    <trkpt lat="46.66561500" lon="8.15269500">
      <ele>2409.000</ele>
    </trkpt>
    <trkpt lat="46.66561200" lon="8.15269800">
      <ele>2409.000</ele>
    </trkpt>
    <trkpt lat="46.66561100" lon="8.15269600">
      <ele>2409.000</ele>
    </trkpt>
    <trkpt lat="46.66561600" lon="8.15270000">
      <ele>2409.000</ele>
    </trkpt>
    <trkpt lat="46.66561600" lon="8.15269700">
      <ele>2409.000</ele>
    </trkpt>
    <trkpt lat="46.66560600" lon="8.15269500">
      <ele>2409.000</ele>
    </trkpt>
    <trkpt lat="46.66559900" lon="8.15269300">
      <ele>2409.000</ele>
    </trkpt>
    <trkpt lat="46.66560100" lon="8.15270900">
      <ele>2409.000</ele>
    </trkpt>
    <trkpt lat="46.66560200" lon="8.15271000">
      <ele>2409.000</ele>
    </trkpt>
    <trkpt lat="46.66560200" lon="8.15271000">
      <ele>2409.000</ele>
    </trkpt>
    <trkpt lat="46.66560200" lon="8.15271000">
      <ele>2409.000</ele>
    </trkpt>
    <trkpt lat="46.66560200" lon="8.15271000">
      <ele>2409.000</ele>
    </trkpt>
    <trkpt lat="46.66560200" lon="8.15271000">
      <ele>2409.000</ele>
    </trkpt>
    <trkpt lat="46.66560200" lon="8.15271000">
      <ele>2409.000</ele>
    </trkpt>
    <trkpt lat="46.66560200" lon="8.15271000">
      <ele>2409.000</ele>
    </trkpt>
    <trkpt lat="46.66560200" lon="8.15271000">
      <ele>2409.000</ele>
    </trkpt>
    <trkpt lat="46.66560200" lon="8.15271000">
      <ele>2409.000</ele>
    </trkpt>
    <trkpt lat="46.66560200" lon="8.15271000">
      <ele>2409.000</ele>
    </trkpt>
    <trkpt lat="46.66560200" lon="8.15271000">
      <ele>2409.000</ele>
    </trkpt>
    <trkpt lat="46.66560200" lon="8.15271000">
      <ele>2409.000</ele>
    </trkpt>
    <trkpt lat="46.66560200" lon="8.15271000">
      <ele>2409.000</ele>
    </trkpt>
    <trkpt lat="46.66560200" lon="8.15271000">
      <ele>2409.000</ele>
    </trkpt>
    <trkpt lat="46.66560200" lon="8.15271000">
      <ele>2409.000</ele>
    </trkpt>
    <trkpt lat="46.66560200" lon="8.15271000">
      <ele>2409.000</ele>
    </trkpt>
    <trkpt lat="46.66560200" lon="8.15271000">
      <ele>2409.000</ele>
    </trkpt>
    <trkpt lat="46.66559900" lon="8.15271000">
      <ele>2409.000</ele>
    </trkpt>
    <trkpt lat="46.66559600" lon="8.15270900">
      <ele>2409.000</ele>
    </trkpt>
    <trkpt lat="46.66560400" lon="8.15270600">
      <ele>2409.000</ele>
    </trkpt>
    <trkpt lat="46.66560200" lon="8.15271000">
      <ele>2409.000</ele>
    </trkpt>
    <trkpt lat="46.66560200" lon="8.15271000">
      <ele>2409.000</ele>
    </trkpt>
    <trkpt lat="46.66560200" lon="8.15271000">
      <ele>2409.000</ele>
    </trkpt>
    <trkpt lat="46.66560700" lon="8.15269500">
      <ele>2409.000</ele>
    </trkpt>
    <trkpt lat="46.66560800" lon="8.15270300">
      <ele>2409.000</ele>
    </trkpt>
    <trkpt lat="46.66561000" lon="8.15270000">
      <ele>2409.000</ele>
    </trkpt>
    <trkpt lat="46.66561500" lon="8.15268600">
      <ele>2409.000</ele>
    </trkpt>
    <trkpt lat="46.66561600" lon="8.15268400">
      <ele>2409.000</ele>
    </trkpt>
    <trkpt lat="46.66561600" lon="8.15268400">
      <ele>2409.000</ele>
    </trkpt>
    <trkpt lat="46.66562000" lon="8.15267400">
      <ele>2409.000</ele>
    </trkpt>
    <trkpt lat="46.66561300" lon="8.15267400">
      <ele>2409.000</ele>
    </trkpt>
    <trkpt lat="46.66561600" lon="8.15268400">
      <ele>2409.000</ele>
    </trkpt>
    <trkpt lat="46.66560900" lon="8.15267700">
      <ele>2409.000</ele>
    </trkpt>
    <trkpt lat="46.66560400" lon="8.15268700">
      <ele>2409.000</ele>
    </trkpt>
    <trkpt lat="46.66558800" lon="8.15270200">
      <ele>2409.000</ele>
    </trkpt>
    <trkpt lat="46.66559400" lon="8.15270100">
      <ele>2409.000</ele>
    </trkpt>
    <trkpt lat="46.66559200" lon="8.15269500">
      <ele>2409.000</ele>
    </trkpt>
    <trkpt lat="46.66558200" lon="8.15269600">
      <ele>2409.000</ele>
    </trkpt>
    <trkpt lat="46.66558100" lon="8.15269600">
      <ele>2409.000</ele>
    </trkpt>
    <trkpt lat="46.66558100" lon="8.15269600">
      <ele>2409.000</ele>
    </trkpt>
    <trkpt lat="46.66558100" lon="8.15269600">
      <ele>2409.000</ele>
    </trkpt>
    <trkpt lat="46.66558100" lon="8.15269600">
      <ele>2409.000</ele>
    </trkpt>
    <trkpt lat="46.66558100" lon="8.15269600">
      <ele>2409.000</ele>
    </trkpt>
    <trkpt lat="46.66559500" lon="8.15270200">
      <ele>2409.000</ele>
    </trkpt>
    <trkpt lat="46.66559500" lon="8.15270300">
      <ele>2409.000</ele>
    </trkpt>
    <trkpt lat="46.66558800" lon="8.15270500">
      <ele>2409.000</ele>
    </trkpt>
    <trkpt lat="46.66558700" lon="8.15270500">
      <ele>2409.000</ele>
    </trkpt>
    <trkpt lat="46.66559500" lon="8.15270300">
      <ele>2409.000</ele>
    </trkpt>
    <trkpt lat="46.66559500" lon="8.15270300">
      <ele>2409.000</ele>
    </trkpt>
    <trkpt lat="46.66559500" lon="8.15270300">
      <ele>2409.000</ele>
    </trkpt>
    <trkpt lat="46.66559500" lon="8.15270300">
      <ele>2409.000</ele>
    </trkpt>
    <trkpt lat="46.66559500" lon="8.15270300">
      <ele>2409.000</ele>
    </trkpt>
    <trkpt lat="46.66559500" lon="8.15270300">
      <ele>2409.000</ele>
    </trkpt>
    <trkpt lat="46.66559500" lon="8.15270300">
      <ele>2409.000</ele>
    </trkpt>
    <trkpt lat="46.66559500" lon="8.15270300">
      <ele>2409.000</ele>
    </trkpt>
    <trkpt lat="46.66559500" lon="8.15270300">
      <ele>2409.000</ele>
    </trkpt>
    <trkpt lat="46.66559500" lon="8.15270300">
      <ele>2409.000</ele>
    </trkpt>
    <trkpt lat="46.66559500" lon="8.15270300">
      <ele>2409.000</ele>
    </trkpt>
    <trkpt lat="46.66559500" lon="8.15270300">
      <ele>2409.000</ele>
    </trkpt>
    <trkpt lat="46.66559500" lon="8.15270300">
      <ele>2409.000</ele>
    </trkpt>
    <trkpt lat="46.66559500" lon="8.15270300">
      <ele>2409.000</ele>
    </trkpt>
    <trkpt lat="46.66559500" lon="8.15270300">
      <ele>2409.000</ele>
    </trkpt>
    <trkpt lat="46.66559500" lon="8.15270300">
      <ele>2409.000</ele>
    </trkpt>
    <trkpt lat="46.66559500" lon="8.15270300">
      <ele>2409.000</ele>
    </trkpt>
    <trkpt lat="46.66559500" lon="8.15270300">
      <ele>2409.000</ele>
    </trkpt>
    <trkpt lat="46.66559500" lon="8.15270300">
      <ele>2409.000</ele>
    </trkpt>
    <trkpt lat="46.66559500" lon="8.15270300">
      <ele>2409.000</ele>
    </trkpt>
    <trkpt lat="46.66559500" lon="8.15270300">
      <ele>2409.000</ele>
    </trkpt>
    <trkpt lat="46.66559500" lon="8.15270300">
      <ele>2409.000</ele>
    </trkpt>
    <trkpt lat="46.66559500" lon="8.15270300">
      <ele>2409.000</ele>
    </trkpt>
    <trkpt lat="46.66559500" lon="8.15270300">
      <ele>2409.000</ele>
    </trkpt>
    <trkpt lat="46.66559500" lon="8.15270300">
      <ele>2409.000</ele>
    </trkpt>
    <trkpt lat="46.66559500" lon="8.15270300">
      <ele>2409.000</ele>
    </trkpt>
    <trkpt lat="46.66559500" lon="8.15270300">
      <ele>2409.000</ele>
    </trkpt>
    <trkpt lat="46.66559500" lon="8.15270300">
      <ele>2409.000</ele>
    </trkpt>
    <trkpt lat="46.66559500" lon="8.15270300">
      <ele>2409.000</ele>
    </trkpt>
    <trkpt lat="46.66560400" lon="8.15270300">
      <ele>2409.000</ele>
    </trkpt>
    <trkpt lat="46.66559500" lon="8.15270300">
      <ele>2409.000</ele>
    </trkpt>
    <trkpt lat="46.66559500" lon="8.15270300">
      <ele>2409.000</ele>
    </trkpt>
    <trkpt lat="46.66559500" lon="8.15270300">
      <ele>2409.000</ele>
    </trkpt>
    <trkpt lat="46.66559500" lon="8.15270300">
      <ele>2409.000</ele>
    </trkpt>
    <trkpt lat="46.66559500" lon="8.15270300">
      <ele>2409.000</ele>
    </trkpt>
    <trkpt lat="46.66559500" lon="8.15270300">
      <ele>2409.000</ele>
    </trkpt>
    <trkpt lat="46.66559500" lon="8.15270300">
      <ele>2409.000</ele>
    </trkpt>
    <trkpt lat="46.66559500" lon="8.15270300">
      <ele>2409.000</ele>
    </trkpt>
    <trkpt lat="46.66559500" lon="8.15270300">
      <ele>2409.000</ele>
    </trkpt>
    <trkpt lat="46.66559800" lon="8.15270200">
      <ele>2409.000</ele>
    </trkpt>
    <trkpt lat="46.66559500" lon="8.15270300">
      <ele>2409.000</ele>
    </trkpt>
    <trkpt lat="46.66559500" lon="8.15270300">
      <ele>2409.000</ele>
    </trkpt>
    <trkpt lat="46.66559500" lon="8.15270300">
      <ele>2409.000</ele>
    </trkpt>
    <trkpt lat="46.66559500" lon="8.15270300">
      <ele>2409.000</ele>
    </trkpt>
    <trkpt lat="46.66559500" lon="8.15270300">
      <ele>2409.000</ele>
    </trkpt>
    <trkpt lat="46.66559500" lon="8.15270300">
      <ele>2409.000</ele>
    </trkpt>
    <trkpt lat="46.66559500" lon="8.15270300">
      <ele>2409.000</ele>
    </trkpt>
    <trkpt lat="46.66559500" lon="8.15270300">
      <ele>2409.000</ele>
    </trkpt>
    <trkpt lat="46.66559500" lon="8.15270300">
      <ele>2409.000</ele>
    </trkpt>
    <trkpt lat="46.66559500" lon="8.15270300">
      <ele>2409.000</ele>
    </trkpt>
    <trkpt lat="46.66559500" lon="8.15270300">
      <ele>2409.000</ele>
    </trkpt>
    <trkpt lat="46.66559500" lon="8.15270300">
      <ele>2409.000</ele>
    </trkpt>
    <trkpt lat="46.66559500" lon="8.15270300">
      <ele>2409.000</ele>
    </trkpt>
    <trkpt lat="46.66559500" lon="8.15270300">
      <ele>2409.000</ele>
    </trkpt>
    <trkpt lat="46.66559200" lon="8.15269600">
      <ele>2409.000</ele>
    </trkpt>
    <trkpt lat="46.66559500" lon="8.15270300">
      <ele>2409.000</ele>
    </trkpt>
    <trkpt lat="46.66559500" lon="8.15270300">
      <ele>2409.000</ele>
    </trkpt>
    <trkpt lat="46.66559500" lon="8.15270300">
      <ele>2409.000</ele>
    </trkpt>
    <trkpt lat="46.66559500" lon="8.15270300">
      <ele>2409.000</ele>
    </trkpt>
    <trkpt lat="46.66559500" lon="8.15270300">
      <ele>2409.000</ele>
    </trkpt>
    <trkpt lat="46.66559500" lon="8.15270300">
      <ele>2409.000</ele>
    </trkpt>
    <trkpt lat="46.66559500" lon="8.15270300">
      <ele>2409.000</ele>
    </trkpt>
    <trkpt lat="46.66559500" lon="8.15270300">
      <ele>2409.000</ele>
    </trkpt>
    <trkpt lat="46.66559500" lon="8.15270300">
      <ele>2409.000</ele>
    </trkpt>
    <trkpt lat="46.66559500" lon="8.15270300">
      <ele>2409.000</ele>
    </trkpt>
    <trkpt lat="46.66559500" lon="8.15270300">
      <ele>2409.000</ele>
    </trkpt>
    <trkpt lat="46.66559500" lon="8.15270300">
      <ele>2409.000</ele>
    </trkpt>
    <trkpt lat="46.66559500" lon="8.15270300">
      <ele>2409.000</ele>
    </trkpt>
    <trkpt lat="46.66559500" lon="8.15270300">
      <ele>2409.000</ele>
    </trkpt>
    <trkpt lat="46.66559500" lon="8.15270300">
      <ele>2409.000</ele>
    </trkpt>
    <trkpt lat="46.66559500" lon="8.15270300">
      <ele>2409.000</ele>
    </trkpt>
    <trkpt lat="46.66559500" lon="8.15270300">
      <ele>2409.000</ele>
    </trkpt>
    <trkpt lat="46.66559500" lon="8.15270300">
      <ele>2409.000</ele>
    </trkpt>
    <trkpt lat="46.66559500" lon="8.15270300">
      <ele>2409.000</ele>
    </trkpt>
    <trkpt lat="46.66559500" lon="8.15270300">
      <ele>2409.000</ele>
    </trkpt>
    <trkpt lat="46.66559500" lon="8.15270300">
      <ele>2409.000</ele>
    </trkpt>
    <trkpt lat="46.66559500" lon="8.15270300">
      <ele>2409.000</ele>
    </trkpt>
    <trkpt lat="46.66559500" lon="8.15270300">
      <ele>2409.000</ele>
    </trkpt>
    <trkpt lat="46.66558800" lon="8.15269800">
      <ele>2409.000</ele>
    </trkpt>
    <trkpt lat="46.66559500" lon="8.15270300">
      <ele>2409.000</ele>
    </trkpt>
    <trkpt lat="46.66559500" lon="8.15270300">
      <ele>2409.000</ele>
    </trkpt>
    <trkpt lat="46.66559500" lon="8.15270300">
      <ele>2409.000</ele>
    </trkpt>
    <trkpt lat="46.66559500" lon="8.15270300">
      <ele>2409.000</ele>
    </trkpt>
    <trkpt lat="46.66559500" lon="8.15270300">
      <ele>2409.000</ele>
    </trkpt>
    <trkpt lat="46.66559500" lon="8.15270300">
      <ele>2409.000</ele>
    </trkpt>
    <trkpt lat="46.66559500" lon="8.15270300">
      <ele>2409.000</ele>
    </trkpt>
    <trkpt lat="46.66559500" lon="8.15270300">
      <ele>2409.000</ele>
    </trkpt>
    <trkpt lat="46.66559500" lon="8.15270300">
      <ele>2409.000</ele>
    </trkpt>
    <trkpt lat="46.66559500" lon="8.15270300">
      <ele>2409.000</ele>
    </trkpt>
    <trkpt lat="46.66559500" lon="8.15270300">
      <ele>2409.000</ele>
    </trkpt>
    <trkpt lat="46.66559500" lon="8.15270300">
      <ele>2409.000</ele>
    </trkpt>
    <trkpt lat="46.66559500" lon="8.15270300">
      <ele>2409.000</ele>
    </trkpt>
    <trkpt lat="46.66559500" lon="8.15270300">
      <ele>2409.000</ele>
    </trkpt>
    <trkpt lat="46.66559500" lon="8.15270300">
      <ele>2409.000</ele>
    </trkpt>
    <trkpt lat="46.66559500" lon="8.15270300">
      <ele>2409.000</ele>
    </trkpt>
    <trkpt lat="46.66559500" lon="8.15270300">
      <ele>2409.000</ele>
    </trkpt>
    <trkpt lat="46.66559500" lon="8.15270300">
      <ele>2409.000</ele>
    </trkpt>
    <trkpt lat="46.66558100" lon="8.15268700">
      <ele>2409.000</ele>
    </trkpt>
    <trkpt lat="46.66557200" lon="8.15267900">
      <ele>2409.000</ele>
    </trkpt>
    <trkpt lat="46.66557200" lon="8.15267900">
      <ele>2409.000</ele>
    </trkpt>
    <trkpt lat="46.66557100" lon="8.15267700">
      <ele>2409.000</ele>
    </trkpt>
    <trkpt lat="46.66557200" lon="8.15267900">
      <ele>2409.000</ele>
    </trkpt>
    <trkpt lat="46.66557200" lon="8.15267900">
      <ele>2409.000</ele>
    </trkpt>
    <trkpt lat="46.66557200" lon="8.15267900">
      <ele>2409.000</ele>
    </trkpt>
    <trkpt lat="46.66557200" lon="8.15267900">
      <ele>2409.000</ele>
    </trkpt>
    <trkpt lat="46.66557200" lon="8.15267900">
      <ele>2409.000</ele>
    </trkpt>
    <trkpt lat="46.66557200" lon="8.15267900">
      <ele>2409.000</ele>
    </trkpt>
    <trkpt lat="46.66557200" lon="8.15267900">
      <ele>2409.000</ele>
    </trkpt>
    <trkpt lat="46.66557400" lon="8.15269200">
      <ele>2409.000</ele>
    </trkpt>
    <trkpt lat="46.66557300" lon="8.15269200">
      <ele>2409.000</ele>
    </trkpt>
    <trkpt lat="46.66557200" lon="8.15267900">
      <ele>2409.000</ele>
    </trkpt>
    <trkpt lat="46.66556800" lon="8.15269700">
      <ele>2409.000</ele>
    </trkpt>
    <trkpt lat="46.66556800" lon="8.15269700">
      <ele>2409.000</ele>
    </trkpt>
    <trkpt lat="46.66556800" lon="8.15269700">
      <ele>2409.000</ele>
    </trkpt>
    <trkpt lat="46.66556900" lon="8.15268800">
      <ele>2409.000</ele>
    </trkpt>
    <trkpt lat="46.66558300" lon="8.15268100">
      <ele>2409.000</ele>
    </trkpt>
    <trkpt lat="46.66559500" lon="8.15267000">
      <ele>2409.000</ele>
    </trkpt>
    <trkpt lat="46.66559600" lon="8.15267000">
      <ele>2409.000</ele>
    </trkpt>
    <trkpt lat="46.66559800" lon="8.15266900">
      <ele>2409.000</ele>
    </trkpt>
    <trkpt lat="46.66560900" lon="8.15267100">
      <ele>2409.000</ele>
    </trkpt>
    <trkpt lat="46.66561500" lon="8.15266700">
      <ele>2409.000</ele>
    </trkpt>
    <trkpt lat="46.66563200" lon="8.15266000">
      <ele>2409.000</ele>
    </trkpt>
    <trkpt lat="46.66563700" lon="8.15265700">
      <ele>2409.000</ele>
    </trkpt>
    <trkpt lat="46.66563700" lon="8.15265700">
      <ele>2409.000</ele>
    </trkpt>
    <trkpt lat="46.66563700" lon="8.15265700">
      <ele>2409.000</ele>
    </trkpt>
    <trkpt lat="46.66564800" lon="8.15264200">
      <ele>2409.000</ele>
    </trkpt>
    <trkpt lat="46.66564800" lon="8.15264200">
      <ele>2409.000</ele>
    </trkpt>
    <trkpt lat="46.66564800" lon="8.15264200">
      <ele>2409.000</ele>
    </trkpt>
    <trkpt lat="46.66564800" lon="8.15264200">
      <ele>2409.000</ele>
    </trkpt>
    <trkpt lat="46.66564900" lon="8.15263100">
      <ele>2426.000</ele>
    </trkpt>
    <trkpt lat="46.66565800" lon="8.15261200">
      <ele>2426.000</ele>
    </trkpt>
    <trkpt lat="46.66566100" lon="8.15260800">
      <ele>2426.000</ele>
    </trkpt>
    <trkpt lat="46.66566000" lon="8.15260800">
      <ele>2426.000</ele>
    </trkpt>
    <trkpt lat="46.66566200" lon="8.15260200">
      <ele>2426.000</ele>
    </trkpt>
    <trkpt lat="46.66566100" lon="8.15260700">
      <ele>2426.000</ele>
    </trkpt>
    <trkpt lat="46.66565200" lon="8.15262900">
      <ele>2426.000</ele>
    </trkpt>
    <trkpt lat="46.66565200" lon="8.15262900">
      <ele>2426.000</ele>
    </trkpt>
    <trkpt lat="46.66566700" lon="8.15265500">
      <ele>2409.000</ele>
    </trkpt>
    <trkpt lat="46.66568000" lon="8.15266400">
      <ele>2409.000</ele>
    </trkpt>
    <trkpt lat="46.66569200" lon="8.15266500">
      <ele>2409.000</ele>
    </trkpt>
    <trkpt lat="46.66569300" lon="8.15266500">
      <ele>2409.000</ele>
    </trkpt>
    <trkpt lat="46.66570200" lon="8.15266400">
      <ele>2439.000</ele>
    </trkpt>
    <trkpt lat="46.66571000" lon="8.15266300">
      <ele>2439.000</ele>
    </trkpt>
    <trkpt lat="46.66571300" lon="8.15266800">
      <ele>2439.000</ele>
    </trkpt>
    <trkpt lat="46.66571300" lon="8.15266800">
      <ele>2439.000</ele>
    </trkpt>
    <trkpt lat="46.66571300" lon="8.15266800">
      <ele>2439.000</ele>
    </trkpt>
    <trkpt lat="46.66571100" lon="8.15267500">
      <ele>2439.000</ele>
    </trkpt>
    <trkpt lat="46.66570400" lon="8.15269000">
      <ele>2439.000</ele>
    </trkpt>
    <trkpt lat="46.66570500" lon="8.15267800">
      <ele>2439.000</ele>
    </trkpt>
    <trkpt lat="46.66571400" lon="8.15267600">
      <ele>2439.000</ele>
    </trkpt>
    <trkpt lat="46.66573500" lon="8.15266300">
      <ele>2439.000</ele>
    </trkpt>
    <trkpt lat="46.66573700" lon="8.15266100">
      <ele>2439.000</ele>
    </trkpt>
    <trkpt lat="46.66573500" lon="8.15266300">
      <ele>2439.000</ele>
    </trkpt>
    <trkpt lat="46.66573800" lon="8.15265900">
      <ele>2439.000</ele>
    </trkpt>
    <trkpt lat="46.66574600" lon="8.15265500">
      <ele>2439.000</ele>
    </trkpt>
    <trkpt lat="46.66575700" lon="8.15265000">
      <ele>2439.000</ele>
    </trkpt>
    <trkpt lat="46.66575800" lon="8.15264900">
      <ele>2439.000</ele>
    </trkpt>
    <trkpt lat="46.66576300" lon="8.15263300">
      <ele>2476.000</ele>
    </trkpt>
    <trkpt lat="46.66576400" lon="8.15263200">
      <ele>2476.000</ele>
    </trkpt>
    <trkpt lat="46.66576400" lon="8.15263000">
      <ele>2476.000</ele>
    </trkpt>
    <trkpt lat="46.66578300" lon="8.15261600">
      <ele>2476.000</ele>
    </trkpt>
    <trkpt lat="46.66579700" lon="8.15261400">
      <ele>2476.000</ele>
    </trkpt>
    <trkpt lat="46.66579700" lon="8.15261300">
      <ele>2476.000</ele>
    </trkpt>
    <trkpt lat="46.66581200" lon="8.15259000">
      <ele>2476.000</ele>
    </trkpt>
    <trkpt lat="46.66581100" lon="8.15258400">
      <ele>2476.000</ele>
    </trkpt>
    <trkpt lat="46.66581200" lon="8.15259000">
      <ele>2476.000</ele>
    </trkpt>
    <trkpt lat="46.66581200" lon="8.15259000">
      <ele>2476.000</ele>
    </trkpt>
    <trkpt lat="46.66580900" lon="8.15258300">
      <ele>2476.000</ele>
    </trkpt>
    <trkpt lat="46.66581100" lon="8.15258200">
      <ele>2476.000</ele>
    </trkpt>
    <trkpt lat="46.66581200" lon="8.15259000">
      <ele>2476.000</ele>
    </trkpt>
    <trkpt lat="46.66581200" lon="8.15259000">
      <ele>2476.000</ele>
    </trkpt>
    <trkpt lat="46.66581200" lon="8.15259000">
      <ele>2476.000</ele>
    </trkpt>
    <trkpt lat="46.66581200" lon="8.15259000">
      <ele>2476.000</ele>
    </trkpt>
    <trkpt lat="46.66581200" lon="8.15259000">
      <ele>2476.000</ele>
    </trkpt>
    <trkpt lat="46.66581200" lon="8.15259000">
      <ele>2476.000</ele>
    </trkpt>
    <trkpt lat="46.66581200" lon="8.15259000">
      <ele>2476.000</ele>
    </trkpt>
    <trkpt lat="46.66581200" lon="8.15259000">
      <ele>2476.000</ele>
    </trkpt>
    <trkpt lat="46.66580400" lon="8.15260100">
      <ele>2476.000</ele>
    </trkpt>
    <trkpt lat="46.66581200" lon="8.15259000">
      <ele>2476.000</ele>
    </trkpt>
    <trkpt lat="46.66580200" lon="8.15259900">
      <ele>2476.000</ele>
    </trkpt>
    <trkpt lat="46.66581200" lon="8.15259000">
      <ele>2476.000</ele>
    </trkpt>
    <trkpt lat="46.66580600" lon="8.15259100">
      <ele>2476.000</ele>
    </trkpt>
    <trkpt lat="46.66579700" lon="8.15259900">
      <ele>2476.000</ele>
    </trkpt>
    <trkpt lat="46.66581200" lon="8.15259000">
      <ele>2476.000</ele>
    </trkpt>
    <trkpt lat="46.66580500" lon="8.15258500">
      <ele>2476.000</ele>
    </trkpt>
    <trkpt lat="46.66581200" lon="8.15259000">
      <ele>2476.000</ele>
    </trkpt>
    <trkpt lat="46.66581200" lon="8.15259000">
      <ele>2476.000</ele>
    </trkpt>
    <trkpt lat="46.66581200" lon="8.15259000">
      <ele>2476.000</ele>
    </trkpt>
    <trkpt lat="46.66581200" lon="8.15259000">
      <ele>2476.000</ele>
    </trkpt>
    <trkpt lat="46.66581200" lon="8.15259000">
      <ele>2476.000</ele>
    </trkpt>
    <trkpt lat="46.66581200" lon="8.15259000">
      <ele>2476.000</ele>
    </trkpt>
    <trkpt lat="46.66581200" lon="8.15259000">
      <ele>2476.000</ele>
    </trkpt>
    <trkpt lat="46.66581200" lon="8.15259000">
      <ele>2476.000</ele>
    </trkpt>
    <trkpt lat="46.66581200" lon="8.15259000">
      <ele>2476.000</ele>
    </trkpt>
    <trkpt lat="46.66581200" lon="8.15259000">
      <ele>2476.000</ele>
    </trkpt>
    <trkpt lat="46.66581200" lon="8.15259000">
      <ele>2476.000</ele>
    </trkpt>
    <trkpt lat="46.66580600" lon="8.15258500">
      <ele>2476.000</ele>
    </trkpt>
    <trkpt lat="46.66580700" lon="8.15258500">
      <ele>2476.000</ele>
    </trkpt>
    <trkpt lat="46.66581200" lon="8.15259000">
      <ele>2476.000</ele>
    </trkpt>
    <trkpt lat="46.66581200" lon="8.15259000">
      <ele>2476.000</ele>
    </trkpt>
    <trkpt lat="46.66581200" lon="8.15259000">
      <ele>2476.000</ele>
    </trkpt>
    <trkpt lat="46.66581200" lon="8.15259000">
      <ele>2476.000</ele>
    </trkpt>
    <trkpt lat="46.66581200" lon="8.15259000">
      <ele>2476.000</ele>
    </trkpt>
    <trkpt lat="46.66581200" lon="8.15259000">
      <ele>2476.000</ele>
    </trkpt>
    <trkpt lat="46.66581200" lon="8.15259000">
      <ele>2476.000</ele>
    </trkpt>
    <trkpt lat="46.66581200" lon="8.15259000">
      <ele>2476.000</ele>
    </trkpt>
    <trkpt lat="46.66581200" lon="8.15259000">
      <ele>2476.000</ele>
    </trkpt>
    <trkpt lat="46.66581200" lon="8.15259000">
      <ele>2476.000</ele>
    </trkpt>
    <trkpt lat="46.66581200" lon="8.15259000">
      <ele>2476.000</ele>
    </trkpt>
    <trkpt lat="46.66581200" lon="8.15259000">
      <ele>2476.000</ele>
    </trkpt>
    <trkpt lat="46.66580700" lon="8.15258800">
      <ele>2476.000</ele>
    </trkpt>
    <trkpt lat="46.66580400" lon="8.15259300">
      <ele>2476.000</ele>
    </trkpt>
    <trkpt lat="46.66580400" lon="8.15259200">
      <ele>2476.000</ele>
    </trkpt>
    <trkpt lat="46.66581200" lon="8.15259000">
      <ele>2476.000</ele>
    </trkpt>
    <trkpt lat="46.66581200" lon="8.15259000">
      <ele>2476.000</ele>
    </trkpt>
    <trkpt lat="46.66580000" lon="8.15259400">
      <ele>2476.000</ele>
    </trkpt>
    <trkpt lat="46.66581200" lon="8.15259000">
      <ele>2476.000</ele>
    </trkpt>
    <trkpt lat="46.66581200" lon="8.15259000">
      <ele>2476.000</ele>
    </trkpt>
    <trkpt lat="46.66581200" lon="8.15259000">
      <ele>2476.000</ele>
    </trkpt>
    <trkpt lat="46.66581200" lon="8.15259000">
      <ele>2476.000</ele>
    </trkpt>
    <trkpt lat="46.66581200" lon="8.15259000">
      <ele>2476.000</ele>
    </trkpt>
    <trkpt lat="46.66581200" lon="8.15259000">
      <ele>2476.000</ele>
    </trkpt>
    <trkpt lat="46.66581000" lon="8.15259100">
      <ele>2476.000</ele>
    </trkpt>
    <trkpt lat="46.66579500" lon="8.15256800">
      <ele>2476.000</ele>
    </trkpt>
    <trkpt lat="46.66579700" lon="8.15256400">
      <ele>2476.000</ele>
    </trkpt>
    <trkpt lat="46.66578600" lon="8.15254000">
      <ele>2476.000</ele>
    </trkpt>
    <trkpt lat="46.66578700" lon="8.15253200">
      <ele>2476.000</ele>
    </trkpt>
    <trkpt lat="46.66578700" lon="8.15253100">
      <ele>2476.000</ele>
    </trkpt>
    <trkpt lat="46.66578900" lon="8.15252400">
      <ele>2476.000</ele>
    </trkpt>
    <trkpt lat="46.66578800" lon="8.15250800">
      <ele>2476.000</ele>
    </trkpt>
    <trkpt lat="46.66578700" lon="8.15249500">
      <ele>2476.000</ele>
    </trkpt>
    <trkpt lat="46.66579200" lon="8.15247900">
      <ele>2476.000</ele>
    </trkpt>
    <trkpt lat="46.66579300" lon="8.15247900">
      <ele>2476.000</ele>
    </trkpt>
    <trkpt lat="46.66579300" lon="8.15247900">
      <ele>2476.000</ele>
    </trkpt>
    <trkpt lat="46.66579300" lon="8.15247900">
      <ele>2476.000</ele>
    </trkpt>
    <trkpt lat="46.66578400" lon="8.15248700">
      <ele>2476.000</ele>
    </trkpt>
    <trkpt lat="46.66578300" lon="8.15249000">
      <ele>2476.000</ele>
    </trkpt>
    <trkpt lat="46.66579300" lon="8.15247900">
      <ele>2476.000</ele>
    </trkpt>
    <trkpt lat="46.66579300" lon="8.15247900">
      <ele>2476.000</ele>
    </trkpt>
    <trkpt lat="46.66579300" lon="8.15247900">
      <ele>2476.000</ele>
    </trkpt>
    <trkpt lat="46.66578400" lon="8.15248900">
      <ele>2476.000</ele>
    </trkpt>
    <trkpt lat="46.66579300" lon="8.15247900">
      <ele>2476.000</ele>
    </trkpt>
    <trkpt lat="46.66579300" lon="8.15247900">
      <ele>2476.000</ele>
    </trkpt>
    <trkpt lat="46.66578300" lon="8.15249600">
      <ele>2476.000</ele>
    </trkpt>
    <trkpt lat="46.66578300" lon="8.15249600">
      <ele>2476.000</ele>
    </trkpt>
    <trkpt lat="46.66578400" lon="8.15250200">
      <ele>2476.000</ele>
    </trkpt>
    <trkpt lat="46.66578000" lon="8.15249700">
      <ele>2476.000</ele>
    </trkpt>
    <trkpt lat="46.66577800" lon="8.15250300">
      <ele>2476.000</ele>
    </trkpt>
    <trkpt lat="46.66578500" lon="8.15250700">
      <ele>2476.000</ele>
    </trkpt>
    <trkpt lat="46.66578300" lon="8.15249600">
      <ele>2476.000</ele>
    </trkpt>
    <trkpt lat="46.66578300" lon="8.15249600">
      <ele>2476.000</ele>
    </trkpt>
    <trkpt lat="46.66579000" lon="8.15250300">
      <ele>2476.000</ele>
    </trkpt>
    <trkpt lat="46.66579100" lon="8.15249900">
      <ele>2476.000</ele>
    </trkpt>
    <trkpt lat="46.66580000" lon="8.15250300">
      <ele>2476.000</ele>
    </trkpt>
    <trkpt lat="46.66580400" lon="8.15249600">
      <ele>2476.000</ele>
    </trkpt>
    <trkpt lat="46.66580400" lon="8.15249000">
      <ele>2476.000</ele>
    </trkpt>
    <trkpt lat="46.66580300" lon="8.15247900">
      <ele>2476.000</ele>
    </trkpt>
    <trkpt lat="46.66580800" lon="8.15245600">
      <ele>2476.000</ele>
    </trkpt>
    <trkpt lat="46.66581000" lon="8.15245100">
      <ele>2476.000</ele>
    </trkpt>
    <trkpt lat="46.66581000" lon="8.15245400">
      <ele>2476.000</ele>
    </trkpt>
    <trkpt lat="46.66581200" lon="8.15245000">
      <ele>2476.000</ele>
    </trkpt>
    <trkpt lat="46.66580100" lon="8.15248800">
      <ele>2476.000</ele>
    </trkpt>
    <trkpt lat="46.66579700" lon="8.15248200">
      <ele>2476.000</ele>
    </trkpt>
    <trkpt lat="46.66579500" lon="8.15248700">
      <ele>2476.000</ele>
    </trkpt>
    <trkpt lat="46.66579700" lon="8.15248800">
      <ele>2476.000</ele>
    </trkpt>
    <trkpt lat="46.66579100" lon="8.15249700">
      <ele>2476.000</ele>
    </trkpt>
    <trkpt lat="46.66579100" lon="8.15249800">
      <ele>2476.000</ele>
    </trkpt>
    <trkpt lat="46.66578800" lon="8.15251400">
      <ele>2476.000</ele>
    </trkpt>
    <trkpt lat="46.66579200" lon="8.15249600">
      <ele>2476.000</ele>
    </trkpt>
    <trkpt lat="46.66578700" lon="8.15248600">
      <ele>2476.000</ele>
    </trkpt>
    <trkpt lat="46.66578600" lon="8.15248800">
      <ele>2476.000</ele>
    </trkpt>
    <trkpt lat="46.66579200" lon="8.15248300">
      <ele>2476.000</ele>
    </trkpt>
    <trkpt lat="46.66579600" lon="8.15249300">
      <ele>2476.000</ele>
    </trkpt>
    <trkpt lat="46.66579600" lon="8.15248400">
      <ele>2476.000</ele>
    </trkpt>
    <trkpt lat="46.66579400" lon="8.15249100">
      <ele>2476.000</ele>
    </trkpt>
    <trkpt lat="46.66579800" lon="8.15250000">
      <ele>2476.000</ele>
    </trkpt>
    <trkpt lat="46.66579700" lon="8.15250300">
      <ele>2476.000</ele>
    </trkpt>
    <trkpt lat="46.66580200" lon="8.15249600">
      <ele>2476.000</ele>
    </trkpt>
    <trkpt lat="46.66579800" lon="8.15249000">
      <ele>2476.000</ele>
    </trkpt>
    <trkpt lat="46.66580800" lon="8.15249200">
      <ele>2476.000</ele>
    </trkpt>
    <trkpt lat="46.66581200" lon="8.15249300">
      <ele>2476.000</ele>
    </trkpt>
    <trkpt lat="46.66581000" lon="8.15249500">
      <ele>2476.000</ele>
    </trkpt>
    <trkpt lat="46.66581500" lon="8.15250200">
      <ele>2476.000</ele>
    </trkpt>
    <trkpt lat="46.66581300" lon="8.15250300">
      <ele>2476.000</ele>
    </trkpt>
    <trkpt lat="46.66580900" lon="8.15249300">
      <ele>2476.000</ele>
    </trkpt>
    <trkpt lat="46.66580600" lon="8.15249600">
      <ele>2476.000</ele>
    </trkpt>
    <trkpt lat="46.66580900" lon="8.15249900">
      <ele>2476.000</ele>
    </trkpt>
    <trkpt lat="46.66580800" lon="8.15250100">
      <ele>2476.000</ele>
    </trkpt>
    <trkpt lat="46.66580400" lon="8.15249600">
      <ele>2476.000</ele>
    </trkpt>
    <trkpt lat="46.66580200" lon="8.15248900">
      <ele>2476.000</ele>
    </trkpt>
    <trkpt lat="46.66580100" lon="8.15249200">
      <ele>2476.000</ele>
    </trkpt>
    <trkpt lat="46.66580100" lon="8.15249200">
      <ele>2476.000</ele>
    </trkpt>
    <trkpt lat="46.66580100" lon="8.15249200">
      <ele>2476.000</ele>
    </trkpt>
    <trkpt lat="46.66580100" lon="8.15249200">
      <ele>2476.000</ele>
    </trkpt>
    <trkpt lat="46.66580100" lon="8.15249200">
      <ele>2476.000</ele>
    </trkpt>
    <trkpt lat="46.66580100" lon="8.15249200">
      <ele>2476.000</ele>
    </trkpt>
    <trkpt lat="46.66580100" lon="8.15249200">
      <ele>2476.000</ele>
    </trkpt>
    <trkpt lat="46.66579300" lon="8.15251000">
      <ele>2476.000</ele>
    </trkpt>
    <trkpt lat="46.66578700" lon="8.15251400">
      <ele>2476.000</ele>
    </trkpt>
    <trkpt lat="46.66578700" lon="8.15250900">
      <ele>2476.000</ele>
    </trkpt>
    <trkpt lat="46.66578100" lon="8.15251100">
      <ele>2476.000</ele>
    </trkpt>
    <trkpt lat="46.66578100" lon="8.15251300">
      <ele>2476.000</ele>
    </trkpt>
    <trkpt lat="46.66578900" lon="8.15252500">
      <ele>2476.000</ele>
    </trkpt>
    <trkpt lat="46.66579200" lon="8.15251500">
      <ele>2476.000</ele>
    </trkpt>
    <trkpt lat="46.66578300" lon="8.15251000">
      <ele>2476.000</ele>
    </trkpt>
    <trkpt lat="46.66578300" lon="8.15251000">
      <ele>2476.000</ele>
    </trkpt>
    <trkpt lat="46.66578600" lon="8.15250600">
      <ele>2476.000</ele>
    </trkpt>
    <trkpt lat="46.66578800" lon="8.15250100">
      <ele>2476.000</ele>
    </trkpt>
    <trkpt lat="46.66578900" lon="8.15250900">
      <ele>2476.000</ele>
    </trkpt>
    <trkpt lat="46.66578500" lon="8.15251200">
      <ele>2476.000</ele>
    </trkpt>
    <trkpt lat="46.66579100" lon="8.15250600">
      <ele>2476.000</ele>
    </trkpt>
    <trkpt lat="46.66578900" lon="8.15249900">
      <ele>2476.000</ele>
    </trkpt>
    <trkpt lat="46.66578800" lon="8.15249500">
      <ele>2476.000</ele>
    </trkpt>
    <trkpt lat="46.66578700" lon="8.15249600">
      <ele>2476.000</ele>
    </trkpt>
    <trkpt lat="46.66579000" lon="8.15250500">
      <ele>2476.000</ele>
    </trkpt>
    <trkpt lat="46.66579000" lon="8.15250500">
      <ele>2476.000</ele>
    </trkpt>
    <trkpt lat="46.66579000" lon="8.15250500">
      <ele>2476.000</ele>
    </trkpt>
    <trkpt lat="46.66579000" lon="8.15250500">
      <ele>2476.000</ele>
    </trkpt>
    <trkpt lat="46.66579000" lon="8.15250500">
      <ele>2476.000</ele>
    </trkpt>
    <trkpt lat="46.66579000" lon="8.15250500">
      <ele>2476.000</ele>
    </trkpt>
    <trkpt lat="46.66579000" lon="8.15250500">
      <ele>2476.000</ele>
    </trkpt>
    <trkpt lat="46.66579000" lon="8.15250500">
      <ele>2476.000</ele>
    </trkpt>
    <trkpt lat="46.66579000" lon="8.15250500">
      <ele>2476.000</ele>
    </trkpt>
    <trkpt lat="46.66579000" lon="8.15250500">
      <ele>2476.000</ele>
    </trkpt>
    <trkpt lat="46.66579000" lon="8.15250500">
      <ele>2476.000</ele>
    </trkpt>
    <trkpt lat="46.66579000" lon="8.15250500">
      <ele>2476.000</ele>
    </trkpt>
    <trkpt lat="46.66581000" lon="8.15252900">
      <ele>2476.000</ele>
    </trkpt>
    <trkpt lat="46.66581000" lon="8.15252900">
      <ele>2476.000</ele>
    </trkpt>
    <trkpt lat="46.66581000" lon="8.15252900">
      <ele>2476.000</ele>
    </trkpt>
    <trkpt lat="46.66581200" lon="8.15252500">
      <ele>2476.000</ele>
    </trkpt>
    <trkpt lat="46.66581000" lon="8.15252900">
      <ele>2476.000</ele>
    </trkpt>
    <trkpt lat="46.66581000" lon="8.15252900">
      <ele>2476.000</ele>
    </trkpt>
    <trkpt lat="46.66581000" lon="8.15252900">
      <ele>2476.000</ele>
    </trkpt>
    <trkpt lat="46.66581000" lon="8.15252900">
      <ele>2476.000</ele>
    </trkpt>
    <trkpt lat="46.66580900" lon="8.15252200">
      <ele>2476.000</ele>
    </trkpt>
    <trkpt lat="46.66581000" lon="8.15252900">
      <ele>2476.000</ele>
    </trkpt>
    <trkpt lat="46.66582500" lon="8.15250800">
      <ele>2476.000</ele>
    </trkpt>
    <trkpt lat="46.66582600" lon="8.15250600">
      <ele>2476.000</ele>
    </trkpt>
    <trkpt lat="46.66582600" lon="8.15250600">
      <ele>2476.000</ele>
    </trkpt>
    <trkpt lat="46.66582600" lon="8.15250600">
      <ele>2476.000</ele>
    </trkpt>
    <trkpt lat="46.66582700" lon="8.15250600">
      <ele>2476.000</ele>
    </trkpt>
    <trkpt lat="46.66582800" lon="8.15250000">
      <ele>2476.000</ele>
    </trkpt>
    <trkpt lat="46.66582600" lon="8.15250600">
      <ele>2476.000</ele>
    </trkpt>
    <trkpt lat="46.66582600" lon="8.15250600">
      <ele>2476.000</ele>
    </trkpt>
    <trkpt lat="46.66582600" lon="8.15250600">
      <ele>2476.000</ele>
    </trkpt>
    <trkpt lat="46.66582600" lon="8.15250600">
      <ele>2476.000</ele>
    </trkpt>
    <trkpt lat="46.66582600" lon="8.15250600">
      <ele>2476.000</ele>
    </trkpt>
    <trkpt lat="46.66583300" lon="8.15248900">
      <ele>2476.000</ele>
    </trkpt>
    <trkpt lat="46.66583300" lon="8.15248900">
      <ele>2476.000</ele>
    </trkpt>
    <trkpt lat="46.66583700" lon="8.15247500">
      <ele>2476.000</ele>
    </trkpt>
    <trkpt lat="46.66583300" lon="8.15248900">
      <ele>2476.000</ele>
    </trkpt>
    <trkpt lat="46.66584300" lon="8.15245500">
      <ele>2476.000</ele>
    </trkpt>
    <trkpt lat="46.66584000" lon="8.15246500">
      <ele>2476.000</ele>
    </trkpt>
    <trkpt lat="46.66583500" lon="8.15244800">
      <ele>2476.000</ele>
    </trkpt>
    <trkpt lat="46.66583400" lon="8.15243300">
      <ele>2476.000</ele>
    </trkpt>
    <trkpt lat="46.66583500" lon="8.15242700">
      <ele>2476.000</ele>
    </trkpt>
    <trkpt lat="46.66583000" lon="8.15242500">
      <ele>2476.000</ele>
    </trkpt>
    <trkpt lat="46.66583800" lon="8.15241400">
      <ele>2476.000</ele>
    </trkpt>
    <trkpt lat="46.66584200" lon="8.15240600">
      <ele>2476.000</ele>
    </trkpt>
    <trkpt lat="46.66584100" lon="8.15240000">
      <ele>2476.000</ele>
    </trkpt>
    <trkpt lat="46.66584400" lon="8.15239200">
      <ele>2476.000</ele>
    </trkpt>
    <trkpt lat="46.66584900" lon="8.15240800">
      <ele>2476.000</ele>
    </trkpt>
    <trkpt lat="46.66585100" lon="8.15240300">
      <ele>2476.000</ele>
    </trkpt>
    <trkpt lat="46.66585000" lon="8.15240500">
      <ele>2476.000</ele>
    </trkpt>
    <trkpt lat="46.66585400" lon="8.15240400">
      <ele>2476.000</ele>
    </trkpt>
    <trkpt lat="46.66585500" lon="8.15239800">
      <ele>2476.000</ele>
    </trkpt>
    <trkpt lat="46.66585500" lon="8.15239500">
      <ele>2476.000</ele>
    </trkpt>
    <trkpt lat="46.66587300" lon="8.15239300">
      <ele>2476.000</ele>
    </trkpt>
    <trkpt lat="46.66587500" lon="8.15238700">
      <ele>2476.000</ele>
    </trkpt>
    <trkpt lat="46.66589100" lon="8.15234900">
      <ele>2562.000</ele>
    </trkpt>
    <trkpt lat="46.66589300" lon="8.15234300">
      <ele>2562.000</ele>
    </trkpt>
    <trkpt lat="46.66587600" lon="8.15237000">
      <ele>2476.000</ele>
    </trkpt>
    <trkpt lat="46.66586600" lon="8.15232300">
      <ele>2562.000</ele>
    </trkpt>
    <trkpt lat="46.66584000" lon="8.15230400">
      <ele>2562.000</ele>
    </trkpt>
    <trkpt lat="46.66584100" lon="8.15230100">
      <ele>2562.000</ele>
    </trkpt>
    <trkpt lat="46.66582500" lon="8.15236200">
      <ele>2476.000</ele>
    </trkpt>
    <trkpt lat="46.66582300" lon="8.15236200">
      <ele>2476.000</ele>
    </trkpt>
    <trkpt lat="46.66581300" lon="8.15238000">
      <ele>2476.000</ele>
    </trkpt>
    <trkpt lat="46.66581300" lon="8.15240300">
      <ele>2476.000</ele>
    </trkpt>
    <trkpt lat="46.66581800" lon="8.15243500">
      <ele>2476.000</ele>
    </trkpt>
    <trkpt lat="46.66582600" lon="8.15247500">
      <ele>2476.000</ele>
    </trkpt>
    <trkpt lat="46.66582900" lon="8.15247900">
      <ele>2476.000</ele>
    </trkpt>
    <trkpt lat="46.66583700" lon="8.15248000">
      <ele>2476.000</ele>
    </trkpt>
    <trkpt lat="46.66584800" lon="8.15247200">
      <ele>2476.000</ele>
    </trkpt>
    <trkpt lat="46.66585600" lon="8.15247400">
      <ele>2476.000</ele>
    </trkpt>
    <trkpt lat="46.66586200" lon="8.15246700">
      <ele>2476.000</ele>
    </trkpt>
    <trkpt lat="46.66587300" lon="8.15245400">
      <ele>2476.000</ele>
    </trkpt>
    <trkpt lat="46.66587400" lon="8.15243900">
      <ele>2476.000</ele>
    </trkpt>
    <trkpt lat="46.66586000" lon="8.15244200">
      <ele>2476.000</ele>
    </trkpt>
    <trkpt lat="46.66584400" lon="8.15246900">
      <ele>2476.000</ele>
    </trkpt>
    <trkpt lat="46.66584400" lon="8.15247600">
      <ele>2476.000</ele>
    </trkpt>
    <trkpt lat="46.66584000" lon="8.15247700">
      <ele>2476.000</ele>
    </trkpt>
    <trkpt lat="46.66584600" lon="8.15247200">
      <ele>2476.000</ele>
    </trkpt>
    <trkpt lat="46.66583700" lon="8.15248000">
      <ele>2476.000</ele>
    </trkpt>
    <trkpt lat="46.66583400" lon="8.15248100">
      <ele>2476.000</ele>
    </trkpt>
    <trkpt lat="46.66583000" lon="8.15249300">
      <ele>2476.000</ele>
    </trkpt>
    <trkpt lat="46.66584400" lon="8.15248100">
      <ele>2476.000</ele>
    </trkpt>
    <trkpt lat="46.66584500" lon="8.15247800">
      <ele>2476.000</ele>
    </trkpt>
    <trkpt lat="46.66585800" lon="8.15248700">
      <ele>2476.000</ele>
    </trkpt>
    <trkpt lat="46.66586600" lon="8.15249000">
      <ele>2476.000</ele>
    </trkpt>
    <trkpt lat="46.66586100" lon="8.15249200">
      <ele>2476.000</ele>
    </trkpt>
    <trkpt lat="46.66586600" lon="8.15249500">
      <ele>2476.000</ele>
    </trkpt>
    <trkpt lat="46.66582800" lon="8.15248800">
      <ele>2476.000</ele>
    </trkpt>
    <trkpt lat="46.66584400" lon="8.15249100">
      <ele>2476.000</ele>
    </trkpt>
    <trkpt lat="46.66585300" lon="8.15249100">
      <ele>2476.000</ele>
    </trkpt>
    <trkpt lat="46.66585600" lon="8.15249000">
      <ele>2476.000</ele>
    </trkpt>
    <trkpt lat="46.66587000" lon="8.15247500">
      <ele>2476.000</ele>
    </trkpt>
    <trkpt lat="46.66588200" lon="8.15245100">
      <ele>2476.000</ele>
    </trkpt>
    <trkpt lat="46.66588700" lon="8.15244300">
      <ele>2476.000</ele>
    </trkpt>
    <trkpt lat="46.66588100" lon="8.15246200">
      <ele>2476.000</ele>
    </trkpt>
    <trkpt lat="46.66586800" lon="8.15246500">
      <ele>2476.000</ele>
    </trkpt>
    <trkpt lat="46.66585700" lon="8.15249200">
      <ele>2476.000</ele>
    </trkpt>
    <trkpt lat="46.66584800" lon="8.15251700">
      <ele>2476.000</ele>
    </trkpt>
    <trkpt lat="46.66584900" lon="8.15251500">
      <ele>2476.000</ele>
    </trkpt>
    <trkpt lat="46.66585300" lon="8.15250100">
      <ele>2476.000</ele>
    </trkpt>
    <trkpt lat="46.66584900" lon="8.15249100">
      <ele>2476.000</ele>
    </trkpt>
    <trkpt lat="46.66584700" lon="8.15248200">
      <ele>2476.000</ele>
    </trkpt>
    <trkpt lat="46.66585000" lon="8.15248000">
      <ele>2476.000</ele>
    </trkpt>
    <trkpt lat="46.66586200" lon="8.15245600">
      <ele>2476.000</ele>
    </trkpt>
    <trkpt lat="46.66587500" lon="8.15244700">
      <ele>2476.000</ele>
    </trkpt>
    <trkpt lat="46.66588000" lon="8.15246900">
      <ele>2476.000</ele>
    </trkpt>
    <trkpt lat="46.66588000" lon="8.15249300">
      <ele>2476.000</ele>
    </trkpt>
    <trkpt lat="46.66589500" lon="8.15250600">
      <ele>2476.000</ele>
    </trkpt>
    <trkpt lat="46.66585000" lon="8.15248000">
      <ele>2476.000</ele>
    </trkpt>
    <trkpt lat="46.66583600" lon="8.15248900">
      <ele>2476.000</ele>
    </trkpt>
    <trkpt lat="46.66583500" lon="8.15250600">
      <ele>2476.000</ele>
    </trkpt>
    <trkpt lat="46.66583200" lon="8.15251600">
      <ele>2476.000</ele>
    </trkpt>
    <trkpt lat="46.66582700" lon="8.15251900">
      <ele>2476.000</ele>
    </trkpt>
    <trkpt lat="46.66582700" lon="8.15249900">
      <ele>2476.000</ele>
    </trkpt>
    <trkpt lat="46.66582700" lon="8.15248000">
      <ele>2476.000</ele>
    </trkpt>
    <trkpt lat="46.66579000" lon="8.15252200">
      <ele>2476.000</ele>
    </trkpt>
    <trkpt lat="46.66579000" lon="8.15253400">
      <ele>2476.000</ele>
    </trkpt>
    <trkpt lat="46.66578900" lon="8.15253900">
      <ele>2476.000</ele>
    </trkpt>
    <trkpt lat="46.66585500" lon="8.15248700">
      <ele>2476.000</ele>
    </trkpt>
    <trkpt lat="46.66585900" lon="8.15247900">
      <ele>2476.000</ele>
    </trkpt>
    <trkpt lat="46.66588500" lon="8.15244400">
      <ele>2476.000</ele>
    </trkpt>
    <trkpt lat="46.66589400" lon="8.15241200">
      <ele>2476.000</ele>
    </trkpt>
    <trkpt lat="46.66589200" lon="8.15240600">
      <ele>2476.000</ele>
    </trkpt>
    <trkpt lat="46.66588600" lon="8.15240600">
      <ele>2476.000</ele>
    </trkpt>
    <trkpt lat="46.66588100" lon="8.15241500">
      <ele>2476.000</ele>
    </trkpt>
    <trkpt lat="46.66587600" lon="8.15243000">
      <ele>2476.000</ele>
    </trkpt>
    <trkpt lat="46.66585100" lon="8.15243000">
      <ele>2476.000</ele>
    </trkpt>
    <trkpt lat="46.66582900" lon="8.15246000">
      <ele>2476.000</ele>
    </trkpt>
    <trkpt lat="46.66581700" lon="8.15246600">
      <ele>2476.000</ele>
    </trkpt>
    <trkpt lat="46.66580700" lon="8.15247000">
      <ele>2476.000</ele>
    </trkpt>
    <trkpt lat="46.66580700" lon="8.15247000">
      <ele>2476.000</ele>
    </trkpt>
    <trkpt lat="46.66579900" lon="8.15247700">
      <ele>2476.000</ele>
    </trkpt>
    <trkpt lat="46.66579900" lon="8.15248700">
      <ele>2476.000</ele>
    </trkpt>
    <trkpt lat="46.66581200" lon="8.15248600">
      <ele>2476.000</ele>
    </trkpt>
    <trkpt lat="46.66582600" lon="8.15248000">
      <ele>2476.000</ele>
    </trkpt>
    <trkpt lat="46.66582700" lon="8.15246200">
      <ele>2476.000</ele>
    </trkpt>
    <trkpt lat="46.66583600" lon="8.15246300">
      <ele>2476.000</ele>
    </trkpt>
    <trkpt lat="46.66583100" lon="8.15246000">
      <ele>2476.000</ele>
    </trkpt>
    <trkpt lat="46.66585200" lon="8.15244800">
      <ele>2476.000</ele>
    </trkpt>
    <trkpt lat="46.66585500" lon="8.15246400">
      <ele>2476.000</ele>
    </trkpt>
    <trkpt lat="46.66585400" lon="8.15247700">
      <ele>2476.000</ele>
    </trkpt>
    <trkpt lat="46.66585700" lon="8.15247700">
      <ele>2476.000</ele>
    </trkpt>
    <trkpt lat="46.66585700" lon="8.15247600">
      <ele>2476.000</ele>
    </trkpt>
    <trkpt lat="46.66585500" lon="8.15246700">
      <ele>2476.000</ele>
    </trkpt>
    <trkpt lat="46.66586100" lon="8.15251900">
      <ele>2476.000</ele>
    </trkpt>
    <trkpt lat="46.66585800" lon="8.15252800">
      <ele>2476.000</ele>
    </trkpt>
    <trkpt lat="46.66585500" lon="8.15251600">
      <ele>2476.000</ele>
    </trkpt>
    <trkpt lat="46.66584700" lon="8.15248800">
      <ele>2476.000</ele>
    </trkpt>
    <trkpt lat="46.66585400" lon="8.15249000">
      <ele>2476.000</ele>
    </trkpt>
    <trkpt lat="46.66585600" lon="8.15248600">
      <ele>2476.000</ele>
    </trkpt>
    <trkpt lat="46.66586800" lon="8.15242600">
      <ele>2476.000</ele>
    </trkpt>
    <trkpt lat="46.66587600" lon="8.15241800">
      <ele>2476.000</ele>
    </trkpt>
    <trkpt lat="46.66588200" lon="8.15242100">
      <ele>2476.000</ele>
    </trkpt>
    <trkpt lat="46.66588000" lon="8.15241400">
      <ele>2476.000</ele>
    </trkpt>
    <trkpt lat="46.66588800" lon="8.15241600">
      <ele>2476.000</ele>
    </trkpt>
    <trkpt lat="46.66587700" lon="8.15240800">
      <ele>2476.000</ele>
    </trkpt>
    <trkpt lat="46.66587600" lon="8.15239100">
      <ele>2476.000</ele>
    </trkpt>
    <trkpt lat="46.66587200" lon="8.15234500">
      <ele>2562.000</ele>
    </trkpt>
    <trkpt lat="46.66589500" lon="8.15235900">
      <ele>2562.000</ele>
    </trkpt>
    <trkpt lat="46.66589700" lon="8.15236800">
      <ele>2476.000</ele>
    </trkpt>
    <trkpt lat="46.66589800" lon="8.15237200">
      <ele>2476.000</ele>
    </trkpt>
    <trkpt lat="46.66591000" lon="8.15239800">
      <ele>2476.000</ele>
    </trkpt>
    <trkpt lat="46.66591100" lon="8.15240100">
      <ele>2476.000</ele>
    </trkpt>
    <trkpt lat="46.66592100" lon="8.15241300">
      <ele>2476.000</ele>
    </trkpt>
    <trkpt lat="46.66592400" lon="8.15241000">
      <ele>2476.000</ele>
    </trkpt>
    <trkpt lat="46.66592400" lon="8.15240700">
      <ele>2476.000</ele>
    </trkpt>
    <trkpt lat="46.66592100" lon="8.15240500">
      <ele>2476.000</ele>
    </trkpt>
    <trkpt lat="46.66589600" lon="8.15241000">
      <ele>2476.000</ele>
    </trkpt>
    <trkpt lat="46.66585400" lon="8.15237100">
      <ele>2476.000</ele>
    </trkpt>
    <trkpt lat="46.66586100" lon="8.15236400">
      <ele>2476.000</ele>
    </trkpt>
    <trkpt lat="46.66586700" lon="8.15236900">
      <ele>2476.000</ele>
    </trkpt>
    <trkpt lat="46.66590900" lon="8.15237000">
      <ele>2476.000</ele>
    </trkpt>
    <trkpt lat="46.66589700" lon="8.15237200">
      <ele>2476.000</ele>
    </trkpt>
    <trkpt lat="46.66587100" lon="8.15237700">
      <ele>2476.000</ele>
    </trkpt>
    <trkpt lat="46.66586700" lon="8.15237300">
      <ele>2476.000</ele>
    </trkpt>
    <trkpt lat="46.66586000" lon="8.15237500">
      <ele>2476.000</ele>
    </trkpt>
    <trkpt lat="46.66584500" lon="8.15236900">
      <ele>2476.000</ele>
    </trkpt>
    <trkpt lat="46.66584700" lon="8.15237100">
      <ele>2476.000</ele>
    </trkpt>
    <trkpt lat="46.66583100" lon="8.15236800">
      <ele>2476.000</ele>
    </trkpt>
    <trkpt lat="46.66582900" lon="8.15237400">
      <ele>2476.000</ele>
    </trkpt>
    <trkpt lat="46.66584700" lon="8.15236400">
      <ele>2476.000</ele>
    </trkpt>
    <trkpt lat="46.66587500" lon="8.15237100">
      <ele>2476.000</ele>
    </trkpt>
    <trkpt lat="46.66587400" lon="8.15236400">
      <ele>2476.000</ele>
    </trkpt>
    <trkpt lat="46.66587600" lon="8.15235600">
      <ele>2562.000</ele>
    </trkpt>
    <trkpt lat="46.66588600" lon="8.15235400">
      <ele>2562.000</ele>
    </trkpt>
    <trkpt lat="46.66592300" lon="8.15231500">
      <ele>2562.000</ele>
    </trkpt>
    <trkpt lat="46.66594100" lon="8.15232400">
      <ele>2562.000</ele>
    </trkpt>
    <trkpt lat="46.66595200" lon="8.15234400">
      <ele>2562.000</ele>
    </trkpt>
    <trkpt lat="46.66596300" lon="8.15237000">
      <ele>2476.000</ele>
    </trkpt>
    <trkpt lat="46.66594700" lon="8.15237600">
      <ele>2476.000</ele>
    </trkpt>
    <trkpt lat="46.66594600" lon="8.15239400">
      <ele>2476.000</ele>
    </trkpt>
    <trkpt lat="46.66591500" lon="8.15241600">
      <ele>2476.000</ele>
    </trkpt>
    <trkpt lat="46.66589800" lon="8.15242800">
      <ele>2476.000</ele>
    </trkpt>
    <trkpt lat="46.66589300" lon="8.15244300">
      <ele>2476.000</ele>
    </trkpt>
    <trkpt lat="46.66589800" lon="8.15241700">
      <ele>2476.000</ele>
    </trkpt>
    <trkpt lat="46.66589000" lon="8.15243400">
      <ele>2476.000</ele>
    </trkpt>
    <trkpt lat="46.66589400" lon="8.15242700">
      <ele>2476.000</ele>
    </trkpt>
    <trkpt lat="46.66589600" lon="8.15243700">
      <ele>2476.000</ele>
    </trkpt>
    <trkpt lat="46.66588700" lon="8.15244600">
      <ele>2476.000</ele>
    </trkpt>
    <trkpt lat="46.66588100" lon="8.15244900">
      <ele>2476.000</ele>
    </trkpt>
    <trkpt lat="46.66586900" lon="8.15245000">
      <ele>2476.000</ele>
    </trkpt>
    <trkpt lat="46.66588200" lon="8.15246000">
      <ele>2476.000</ele>
    </trkpt>
    <trkpt lat="46.66588600" lon="8.15245800">
      <ele>2476.000</ele>
    </trkpt>
    <trkpt lat="46.66587300" lon="8.15246200">
      <ele>2476.000</ele>
    </trkpt>
    <trkpt lat="46.66586800" lon="8.15244800">
      <ele>2476.000</ele>
    </trkpt>
    <trkpt lat="46.66586900" lon="8.15245500">
      <ele>2476.000</ele>
    </trkpt>
    <trkpt lat="46.66586600" lon="8.15246700">
      <ele>2476.000</ele>
    </trkpt>
    <trkpt lat="46.66587400" lon="8.15246900">
      <ele>2476.000</ele>
    </trkpt>
    <trkpt lat="46.66587400" lon="8.15246900">
      <ele>2476.000</ele>
    </trkpt>
    <trkpt lat="46.66587700" lon="8.15246700">
      <ele>2476.000</ele>
    </trkpt>
    <trkpt lat="46.66588200" lon="8.15246500">
      <ele>2476.000</ele>
    </trkpt>
    <trkpt lat="46.66588200" lon="8.15246200">
      <ele>2476.000</ele>
    </trkpt>
    <trkpt lat="46.66588400" lon="8.15246700">
      <ele>2476.000</ele>
    </trkpt>
    <trkpt lat="46.66587000" lon="8.15243800">
      <ele>2476.000</ele>
    </trkpt>
    <trkpt lat="46.66586500" lon="8.15243800">
      <ele>2476.000</ele>
    </trkpt>
    <trkpt lat="46.66584000" lon="8.15246800">
      <ele>2476.000</ele>
    </trkpt>
    <trkpt lat="46.66583000" lon="8.15248000">
      <ele>2476.000</ele>
    </trkpt>
    <trkpt lat="46.66581500" lon="8.15248900">
      <ele>2476.000</ele>
    </trkpt>
    <trkpt lat="46.66581900" lon="8.15249400">
      <ele>2476.000</ele>
    </trkpt>
    <trkpt lat="46.66581800" lon="8.15249700">
      <ele>2476.000</ele>
    </trkpt>
    <trkpt lat="46.66581700" lon="8.15249000">
      <ele>2476.000</ele>
    </trkpt>
    <trkpt lat="46.66582000" lon="8.15248300">
      <ele>2476.000</ele>
    </trkpt>
    <trkpt lat="46.66581900" lon="8.15248400">
      <ele>2476.000</ele>
    </trkpt>
    <trkpt lat="46.66582300" lon="8.15248400">
      <ele>2476.000</ele>
    </trkpt>
    <trkpt lat="46.66583900" lon="8.15247100">
      <ele>2476.000</ele>
    </trkpt>
    <trkpt lat="46.66584200" lon="8.15246000">
      <ele>2476.000</ele>
    </trkpt>
    <trkpt lat="46.66583400" lon="8.15247000">
      <ele>2476.000</ele>
    </trkpt>
    <trkpt lat="46.66580800" lon="8.15251100">
      <ele>2476.000</ele>
    </trkpt>
    <trkpt lat="46.66580400" lon="8.15251600">
      <ele>2476.000</ele>
    </trkpt>
    <trkpt lat="46.66579800" lon="8.15252100">
      <ele>2476.000</ele>
    </trkpt>
    <trkpt lat="46.66578200" lon="8.15251800">
      <ele>2476.000</ele>
    </trkpt>
    <trkpt lat="46.66578800" lon="8.15251200">
      <ele>2476.000</ele>
    </trkpt>
    <trkpt lat="46.66578000" lon="8.15260700">
      <ele>2476.000</ele>
    </trkpt>
    <trkpt lat="46.66581800" lon="8.15258400">
      <ele>2476.000</ele>
    </trkpt>
    <trkpt lat="46.66580500" lon="8.15252700">
      <ele>2476.000</ele>
    </trkpt>
    <trkpt lat="46.66579900" lon="8.15251900">
      <ele>2476.000</ele>
    </trkpt>
    <trkpt lat="46.66582000" lon="8.15244600">
      <ele>2476.000</ele>
    </trkpt>
    <trkpt lat="46.66583000" lon="8.15242700">
      <ele>2476.000</ele>
    </trkpt>
    <trkpt lat="46.66583200" lon="8.15242000">
      <ele>2476.000</ele>
    </trkpt>
    <trkpt lat="46.66584000" lon="8.15238300">
      <ele>2476.000</ele>
    </trkpt>
    <trkpt lat="46.66585200" lon="8.15234900">
      <ele>2562.000</ele>
    </trkpt>
    <trkpt lat="46.66585400" lon="8.15235100">
      <ele>2562.000</ele>
    </trkpt>
    <trkpt lat="46.66586200" lon="8.15233000">
      <ele>2562.000</ele>
    </trkpt>
    <trkpt lat="46.66587600" lon="8.15232900">
      <ele>2562.000</ele>
    </trkpt>
    <trkpt lat="46.66588300" lon="8.15231000">
      <ele>2562.000</ele>
    </trkpt>
    <trkpt lat="46.66588900" lon="8.15229200">
      <ele>2562.000</ele>
    </trkpt>
    <trkpt lat="46.66589000" lon="8.15228800">
      <ele>2562.000</ele>
    </trkpt>
    <trkpt lat="46.66589600" lon="8.15230000">
      <ele>2562.000</ele>
    </trkpt>
    <trkpt lat="46.66590000" lon="8.15228300">
      <ele>2562.000</ele>
    </trkpt>
    <trkpt lat="46.66589900" lon="8.15225100">
      <ele>2562.000</ele>
    </trkpt>
    <trkpt lat="46.66589700" lon="8.15224300">
      <ele>2562.000</ele>
    </trkpt>
    <trkpt lat="46.66589600" lon="8.15220500">
      <ele>2562.000</ele>
    </trkpt>
    <trkpt lat="46.66590100" lon="8.15219800">
      <ele>2562.000</ele>
    </trkpt>
    <trkpt lat="46.66590800" lon="8.15223100">
      <ele>2562.000</ele>
    </trkpt>
    <trkpt lat="46.66591800" lon="8.15225000">
      <ele>2562.000</ele>
    </trkpt>
    <trkpt lat="46.66592700" lon="8.15225900">
      <ele>2562.000</ele>
    </trkpt>
    <trkpt lat="46.66594500" lon="8.15224000">
      <ele>2562.000</ele>
    </trkpt>
    <trkpt lat="46.66592400" lon="8.15222700">
      <ele>2562.000</ele>
    </trkpt>
    <trkpt lat="46.66588700" lon="8.15221700">
      <ele>2562.000</ele>
    </trkpt>
    <trkpt lat="46.66589200" lon="8.15220900">
      <ele>2562.000</ele>
    </trkpt>
    <trkpt lat="46.66591300" lon="8.15220000">
      <ele>2562.000</ele>
    </trkpt>
    <trkpt lat="46.66591100" lon="8.15215500">
      <ele>2562.000</ele>
    </trkpt>
    <trkpt lat="46.66589900" lon="8.15211500">
      <ele>2562.000</ele>
    </trkpt>
    <trkpt lat="46.66586800" lon="8.15210300">
      <ele>2562.000</ele>
    </trkpt>
    <trkpt lat="46.66589000" lon="8.15212500">
      <ele>2562.000</ele>
    </trkpt>
    <trkpt lat="46.66581600" lon="8.15210000">
      <ele>2562.000</ele>
    </trkpt>
    <trkpt lat="46.66582300" lon="8.15210500">
      <ele>2562.000</ele>
    </trkpt>
    <trkpt lat="46.66583300" lon="8.15209700">
      <ele>2562.000</ele>
    </trkpt>
    <trkpt lat="46.66585600" lon="8.15208700">
      <ele>2562.000</ele>
    </trkpt>
    <trkpt lat="46.66579600" lon="8.15215400">
      <ele>2562.000</ele>
    </trkpt>
    <trkpt lat="46.66581100" lon="8.15213800">
      <ele>2562.000</ele>
    </trkpt>
    <trkpt lat="46.66583000" lon="8.15211900">
      <ele>2562.000</ele>
    </trkpt>
    <trkpt lat="46.66586300" lon="8.15217600">
      <ele>2562.000</ele>
    </trkpt>
    <trkpt lat="46.66591800" lon="8.15212400">
      <ele>2562.000</ele>
    </trkpt>
    <trkpt lat="46.66582100" lon="8.15220700">
      <ele>2562.000</ele>
    </trkpt>
    <trkpt lat="46.66581500" lon="8.15217800">
      <ele>2562.000</ele>
    </trkpt>
    <trkpt lat="46.66576600" lon="8.15225800">
      <ele>2562.000</ele>
    </trkpt>
    <trkpt lat="46.66575400" lon="8.15225800">
      <ele>2562.000</ele>
    </trkpt>
    <trkpt lat="46.66570300" lon="8.15218400">
      <ele>2562.000</ele>
    </trkpt>
    <trkpt lat="46.66571600" lon="8.15224100">
      <ele>2562.000</ele>
    </trkpt>
    <trkpt lat="46.66576900" lon="8.15234600">
      <ele>2562.000</ele>
    </trkpt>
    <trkpt lat="46.66575900" lon="8.15229900">
      <ele>2562.000</ele>
    </trkpt>
    <trkpt lat="46.66577400" lon="8.15231000">
      <ele>2562.000</ele>
    </trkpt>
    <trkpt lat="46.66576400" lon="8.15226900">
      <ele>2562.000</ele>
    </trkpt>
    <trkpt lat="46.66576300" lon="8.15226300">
      <ele>2562.000</ele>
    </trkpt>
    <trkpt lat="46.66576400" lon="8.15226300">
      <ele>2562.000</ele>
    </trkpt>
    <trkpt lat="46.66574700" lon="8.15223700">
      <ele>2562.000</ele>
    </trkpt>
    <trkpt lat="46.66574500" lon="8.15220800">
      <ele>2562.000</ele>
    </trkpt>
    <trkpt lat="46.66573200" lon="8.15215200">
      <ele>2562.000</ele>
    </trkpt>
    <trkpt lat="46.66572500" lon="8.15212300">
      <ele>2562.000</ele>
    </trkpt>
    <trkpt lat="46.66572700" lon="8.15217600">
      <ele>2562.000</ele>
    </trkpt>
    <trkpt lat="46.66571600" lon="8.15213300">
      <ele>2562.000</ele>
    </trkpt>
    <trkpt lat="46.66571200" lon="8.15212000">
      <ele>2562.000</ele>
    </trkpt>
    <trkpt lat="46.66562000" lon="8.15209500">
      <ele>2458.000</ele>
    </trkpt>
    <trkpt lat="46.66562300" lon="8.15209600">
      <ele>2458.000</ele>
    </trkpt>
    <trkpt lat="46.66575500" lon="8.15233400">
      <ele>2562.000</ele>
    </trkpt>
    <trkpt lat="46.66578200" lon="8.15237400">
      <ele>2476.000</ele>
    </trkpt>
    <trkpt lat="46.66578300" lon="8.15237400">
      <ele>2476.000</ele>
    </trkpt>
    <trkpt lat="46.66579300" lon="8.15239300">
      <ele>2476.000</ele>
    </trkpt>
    <trkpt lat="46.66579500" lon="8.15239800">
      <ele>2476.000</ele>
    </trkpt>
    <trkpt lat="46.66581200" lon="8.15241900">
      <ele>2476.000</ele>
    </trkpt>
    <trkpt lat="46.66582500" lon="8.15241300">
      <ele>2476.000</ele>
    </trkpt>
    <trkpt lat="46.66583000" lon="8.15241000">
      <ele>2476.000</ele>
    </trkpt>
    <trkpt lat="46.66584600" lon="8.15239400">
      <ele>2476.000</ele>
    </trkpt>
    <trkpt lat="46.66587800" lon="8.15236700">
      <ele>2476.000</ele>
    </trkpt>
    <trkpt lat="46.66589700" lon="8.15234500">
      <ele>2562.000</ele>
    </trkpt>
    <trkpt lat="46.66590100" lon="8.15233200">
      <ele>2562.000</ele>
    </trkpt>
    <trkpt lat="46.66591400" lon="8.15232000">
      <ele>2562.000</ele>
    </trkpt>
    <trkpt lat="46.66591900" lon="8.15231600">
      <ele>2562.000</ele>
    </trkpt>
    <trkpt lat="46.66591200" lon="8.15232700">
      <ele>2562.000</ele>
    </trkpt>
    <trkpt lat="46.66590000" lon="8.15233200">
      <ele>2562.000</ele>
    </trkpt>
    <trkpt lat="46.66589300" lon="8.15235300">
      <ele>2562.000</ele>
    </trkpt>
    <trkpt lat="46.66588400" lon="8.15239700">
      <ele>2476.000</ele>
    </trkpt>
    <trkpt lat="46.66587700" lon="8.15240100">
      <ele>2476.000</ele>
    </trkpt>
    <trkpt lat="46.66587000" lon="8.15242700">
      <ele>2476.000</ele>
    </trkpt>
    <trkpt lat="46.66585700" lon="8.15243300">
      <ele>2476.000</ele>
    </trkpt>
    <trkpt lat="46.66583700" lon="8.15242900">
      <ele>2476.000</ele>
    </trkpt>
    <trkpt lat="46.66583400" lon="8.15242700">
      <ele>2476.000</ele>
    </trkpt>
    <trkpt lat="46.66583800" lon="8.15241900">
      <ele>2476.000</ele>
    </trkpt>
    <trkpt lat="46.66584300" lon="8.15242100">
      <ele>2476.000</ele>
    </trkpt>
    <trkpt lat="46.66583900" lon="8.15241800">
      <ele>2476.000</ele>
    </trkpt>
    <trkpt lat="46.66584600" lon="8.15239700">
      <ele>2476.000</ele>
    </trkpt>
    <trkpt lat="46.66584900" lon="8.15235800">
      <ele>2562.000</ele>
    </trkpt>
    <trkpt lat="46.66585600" lon="8.15235600">
      <ele>2562.000</ele>
    </trkpt>
    <trkpt lat="46.66585200" lon="8.15234500">
      <ele>2562.000</ele>
    </trkpt>
    <trkpt lat="46.66585400" lon="8.15232800">
      <ele>2562.000</ele>
    </trkpt>
    <trkpt lat="46.66586400" lon="8.15233100">
      <ele>2562.000</ele>
    </trkpt>
    <trkpt lat="46.66586000" lon="8.15234100">
      <ele>2562.000</ele>
    </trkpt>
    <trkpt lat="46.66583000" lon="8.15233700">
      <ele>2562.000</ele>
    </trkpt>
    <trkpt lat="46.66582000" lon="8.15236700">
      <ele>2476.000</ele>
    </trkpt>
    <trkpt lat="46.66582600" lon="8.15236600">
      <ele>2476.000</ele>
    </trkpt>
    <trkpt lat="46.66583100" lon="8.15236300">
      <ele>2476.000</ele>
    </trkpt>
    <trkpt lat="46.66584000" lon="8.15236600">
      <ele>2476.000</ele>
    </trkpt>
    <trkpt lat="46.66584100" lon="8.15236200">
      <ele>2476.000</ele>
    </trkpt>
    <trkpt lat="46.66588300" lon="8.15237300">
      <ele>2476.000</ele>
    </trkpt>
    <trkpt lat="46.66589700" lon="8.15240400">
      <ele>2476.000</ele>
    </trkpt>
    <trkpt lat="46.66590200" lon="8.15241800">
      <ele>2476.000</ele>
    </trkpt>
    <trkpt lat="46.66592100" lon="8.15242900">
      <ele>2476.000</ele>
    </trkpt>
    <trkpt lat="46.66593800" lon="8.15244200">
      <ele>2476.000</ele>
    </trkpt>
    <trkpt lat="46.66578200" lon="8.15259500">
      <ele>2476.000</ele>
    </trkpt>
    <trkpt lat="46.66626100" lon="8.15229600">
      <ele>2573.000</ele>
    </trkpt>
    <trkpt lat="46.66635000" lon="8.15225400">
      <ele>2573.000</ele>
    </trkpt>
    <trkpt lat="46.66639300" lon="8.15225000">
      <ele>2573.000</ele>
    </trkpt>
    <trkpt lat="46.66641100" lon="8.15225000">
      <ele>2573.000</ele>
    </trkpt>
    <trkpt lat="46.66644800" lon="8.15223800">
      <ele>2573.000</ele>
    </trkpt>
    <trkpt lat="46.66645300" lon="8.15223700">
      <ele>2573.000</ele>
    </trkpt>
    <trkpt lat="46.66645900" lon="8.15223600">
      <ele>2573.000</ele>
    </trkpt>
    <trkpt lat="46.66643700" lon="8.15221700">
      <ele>2573.000</ele>
    </trkpt>
    <trkpt lat="46.66641800" lon="8.15219500">
      <ele>2573.000</ele>
    </trkpt>
    <trkpt lat="46.66643300" lon="8.15222000">
      <ele>2573.000</ele>
    </trkpt>
    <trkpt lat="46.66643500" lon="8.15222300">
      <ele>2573.000</ele>
    </trkpt>
    <trkpt lat="46.66643500" lon="8.15222300">
      <ele>2573.000</ele>
    </trkpt>
    <trkpt lat="46.66643100" lon="8.15230900">
      <ele>2573.000</ele>
    </trkpt>
    <trkpt lat="46.66643000" lon="8.15230500">
      <ele>2573.000</ele>
    </trkpt>
    <trkpt lat="46.66641800" lon="8.15228700">
      <ele>2573.000</ele>
    </trkpt>
    <trkpt lat="46.66641700" lon="8.15224300">
      <ele>2573.000</ele>
    </trkpt>
    <trkpt lat="46.66640500" lon="8.15218400">
      <ele>2573.000</ele>
    </trkpt>
    <trkpt lat="46.66637800" lon="8.15214900">
      <ele>2573.000</ele>
    </trkpt>
    <trkpt lat="46.66636500" lon="8.15214800">
      <ele>2573.000</ele>
    </trkpt>
    <trkpt lat="46.66635600" lon="8.15214500">
      <ele>2573.000</ele>
    </trkpt>
    <trkpt lat="46.66635800" lon="8.15214400">
      <ele>2573.000</ele>
    </trkpt>
    <trkpt lat="46.66632100" lon="8.15212700">
      <ele>2573.000</ele>
    </trkpt>
    <trkpt lat="46.66635200" lon="8.15216200">
      <ele>2573.000</ele>
    </trkpt>
    <trkpt lat="46.66635200" lon="8.15216200">
      <ele>2573.000</ele>
    </trkpt>
    <trkpt lat="46.66635400" lon="8.15216800">
      <ele>2573.000</ele>
    </trkpt>
    <trkpt lat="46.66636700" lon="8.15218100">
      <ele>2573.000</ele>
    </trkpt>
    <trkpt lat="46.66645500" lon="8.15214100">
      <ele>2573.000</ele>
    </trkpt>
    <trkpt lat="46.66646100" lon="8.15213800">
      <ele>2573.000</ele>
    </trkpt>
    <trkpt lat="46.66646000" lon="8.15214500">
      <ele>2573.000</ele>
    </trkpt>
    <trkpt lat="46.66645900" lon="8.15214100">
      <ele>2573.000</ele>
    </trkpt>
    <trkpt lat="46.66645700" lon="8.15214700">
      <ele>2573.000</ele>
    </trkpt>
    <trkpt lat="46.66645300" lon="8.15214900">
      <ele>2573.000</ele>
    </trkpt>
    <trkpt lat="46.66644800" lon="8.15215100">
      <ele>2573.000</ele>
    </trkpt>
    <trkpt lat="46.66644400" lon="8.15215100">
      <ele>2573.000</ele>
    </trkpt>
    <trkpt lat="46.66643800" lon="8.15211700">
      <ele>2573.000</ele>
    </trkpt>
    <trkpt lat="46.66643700" lon="8.15211700">
      <ele>2573.000</ele>
    </trkpt>
    <trkpt lat="46.66643700" lon="8.15211700">
      <ele>2573.000</ele>
    </trkpt>
    <trkpt lat="46.66641900" lon="8.15211500">
      <ele>2573.000</ele>
    </trkpt>
    <trkpt lat="46.66641200" lon="8.15209400">
      <ele>2573.000</ele>
    </trkpt>
    <trkpt lat="46.66641000" lon="8.15209400">
      <ele>2573.000</ele>
    </trkpt>
    <trkpt lat="46.66640500" lon="8.15209200">
      <ele>2573.000</ele>
    </trkpt>
    <trkpt lat="46.66638500" lon="8.15206700">
      <ele>2578.000</ele>
    </trkpt>
    <trkpt lat="46.66638700" lon="8.15206400">
      <ele>2578.000</ele>
    </trkpt>
    <trkpt lat="46.66637600" lon="8.15206400">
      <ele>2578.000</ele>
    </trkpt>
    <trkpt lat="46.66636800" lon="8.15205800">
      <ele>2578.000</ele>
    </trkpt>
    <trkpt lat="46.66636000" lon="8.15203300">
      <ele>2578.000</ele>
    </trkpt>
    <trkpt lat="46.66634600" lon="8.15202200">
      <ele>2578.000</ele>
    </trkpt>
    <trkpt lat="46.66634400" lon="8.15201200">
      <ele>2578.000</ele>
    </trkpt>
    <trkpt lat="46.66634100" lon="8.15201000">
      <ele>2578.000</ele>
    </trkpt>
    <trkpt lat="46.66633800" lon="8.15201000">
      <ele>2578.000</ele>
    </trkpt>
    <trkpt lat="46.66632400" lon="8.15198800">
      <ele>2578.000</ele>
    </trkpt>
    <trkpt lat="46.66632700" lon="8.15198700">
      <ele>2578.000</ele>
    </trkpt>
    <trkpt lat="46.66633100" lon="8.15197500">
      <ele>2578.000</ele>
    </trkpt>
    <trkpt lat="46.66633100" lon="8.15197500">
      <ele>2578.000</ele>
    </trkpt>
    <trkpt lat="46.66632800" lon="8.15193500">
      <ele>2578.000</ele>
    </trkpt>
    <trkpt lat="46.66632100" lon="8.15192800">
      <ele>2578.000</ele>
    </trkpt>
    <trkpt lat="46.66632300" lon="8.15192300">
      <ele>2578.000</ele>
    </trkpt>
    <trkpt lat="46.66632300" lon="8.15192400">
      <ele>2578.000</ele>
    </trkpt>
    <trkpt lat="46.66630700" lon="8.15193200">
      <ele>2578.000</ele>
    </trkpt>
    <trkpt lat="46.66631000" lon="8.15191100">
      <ele>2578.000</ele>
    </trkpt>
    <trkpt lat="46.66630700" lon="8.15190600">
      <ele>2578.000</ele>
    </trkpt>
    <trkpt lat="46.66628700" lon="8.15188400">
      <ele>2578.000</ele>
    </trkpt>
    <trkpt lat="46.66628300" lon="8.15187900">
      <ele>2578.000</ele>
    </trkpt>
    <trkpt lat="46.66627200" lon="8.15187900">
      <ele>2578.000</ele>
    </trkpt>
    <trkpt lat="46.66627100" lon="8.15187900">
      <ele>2578.000</ele>
    </trkpt>
    <trkpt lat="46.66626800" lon="8.15187900">
      <ele>2578.000</ele>
    </trkpt>
    <trkpt lat="46.66627100" lon="8.15187900">
      <ele>2578.000</ele>
    </trkpt>
    <trkpt lat="46.66626800" lon="8.15188400">
      <ele>2578.000</ele>
    </trkpt>
    <trkpt lat="46.66627100" lon="8.15187900">
      <ele>2578.000</ele>
    </trkpt>
    <trkpt lat="46.66627100" lon="8.15187900">
      <ele>2578.000</ele>
    </trkpt>
    <trkpt lat="46.66627100" lon="8.15187900">
      <ele>2578.000</ele>
    </trkpt>
    <trkpt lat="46.66627100" lon="8.15187900">
      <ele>2578.000</ele>
    </trkpt>
    <trkpt lat="46.66627100" lon="8.15187900">
      <ele>2578.000</ele>
    </trkpt>
    <trkpt lat="46.66625900" lon="8.15189500">
      <ele>2578.000</ele>
    </trkpt>
    <trkpt lat="46.66625800" lon="8.15190100">
      <ele>2578.000</ele>
    </trkpt>
    <trkpt lat="46.66625600" lon="8.15190700">
      <ele>2578.000</ele>
    </trkpt>
    <trkpt lat="46.66625000" lon="8.15191900">
      <ele>2627.000</ele>
    </trkpt>
    <trkpt lat="46.66625700" lon="8.15191300">
      <ele>2578.000</ele>
    </trkpt>
    <trkpt lat="46.66625600" lon="8.15190700">
      <ele>2578.000</ele>
    </trkpt>
    <trkpt lat="46.66625600" lon="8.15190700">
      <ele>2578.000</ele>
    </trkpt>
    <trkpt lat="46.66625400" lon="8.15193300">
      <ele>2578.000</ele>
    </trkpt>
    <trkpt lat="46.66625300" lon="8.15194100">
      <ele>2578.000</ele>
    </trkpt>
    <trkpt lat="46.66625400" lon="8.15193300">
      <ele>2578.000</ele>
    </trkpt>
    <trkpt lat="46.66625400" lon="8.15193300">
      <ele>2578.000</ele>
    </trkpt>
    <trkpt lat="46.66625400" lon="8.15193300">
      <ele>2578.000</ele>
    </trkpt>
    <trkpt lat="46.66625400" lon="8.15193300">
      <ele>2578.000</ele>
    </trkpt>
    <trkpt lat="46.66625400" lon="8.15193300">
      <ele>2578.000</ele>
    </trkpt>
    <trkpt lat="46.66625400" lon="8.15193300">
      <ele>2578.000</ele>
    </trkpt>
    <trkpt lat="46.66625400" lon="8.15193300">
      <ele>2578.000</ele>
    </trkpt>
    <trkpt lat="46.66625400" lon="8.15193300">
      <ele>2578.000</ele>
    </trkpt>
    <trkpt lat="46.66625400" lon="8.15193300">
      <ele>2578.000</ele>
    </trkpt>
    <trkpt lat="46.66625400" lon="8.15193300">
      <ele>2578.000</ele>
    </trkpt>
    <trkpt lat="46.66625400" lon="8.15193300">
      <ele>2578.000</ele>
    </trkpt>
    <trkpt lat="46.66624900" lon="8.15195300">
      <ele>2627.000</ele>
    </trkpt>
    <trkpt lat="46.66626200" lon="8.15195000">
      <ele>2578.000</ele>
    </trkpt>
    <trkpt lat="46.66626200" lon="8.15195000">
      <ele>2578.000</ele>
    </trkpt>
    <trkpt lat="46.66626200" lon="8.15195000">
      <ele>2578.000</ele>
    </trkpt>
    <trkpt lat="46.66626200" lon="8.15195000">
      <ele>2578.000</ele>
    </trkpt>
    <trkpt lat="46.66626200" lon="8.15195000">
      <ele>2578.000</ele>
    </trkpt>
    <trkpt lat="46.66625500" lon="8.15192400">
      <ele>2578.000</ele>
    </trkpt>
    <trkpt lat="46.66625500" lon="8.15192400">
      <ele>2578.000</ele>
    </trkpt>
    <trkpt lat="46.66625500" lon="8.15192400">
      <ele>2578.000</ele>
    </trkpt>
    <trkpt lat="46.66625200" lon="8.15192900">
      <ele>2578.000</ele>
    </trkpt>
    <trkpt lat="46.66625000" lon="8.15193000">
      <ele>2578.000</ele>
    </trkpt>
    <trkpt lat="46.66625500" lon="8.15193100">
      <ele>2578.000</ele>
    </trkpt>
    <trkpt lat="46.66625900" lon="8.15193200">
      <ele>2578.000</ele>
    </trkpt>
    <trkpt lat="46.66625900" lon="8.15194100">
      <ele>2578.000</ele>
    </trkpt>
    <trkpt lat="46.66626000" lon="8.15194500">
      <ele>2578.000</ele>
    </trkpt>
    <trkpt lat="46.66626000" lon="8.15194600">
      <ele>2578.000</ele>
    </trkpt>
    <trkpt lat="46.66626100" lon="8.15194800">
      <ele>2578.000</ele>
    </trkpt>
    <trkpt lat="46.66626000" lon="8.15194600">
      <ele>2578.000</ele>
    </trkpt>
    <trkpt lat="46.66626000" lon="8.15195100">
      <ele>2578.000</ele>
    </trkpt>
    <trkpt lat="46.66626200" lon="8.15194200">
      <ele>2578.000</ele>
    </trkpt>
    <trkpt lat="46.66626800" lon="8.15193200">
      <ele>2578.000</ele>
    </trkpt>
    <trkpt lat="46.66627000" lon="8.15193300">
      <ele>2578.000</ele>
    </trkpt>
    <trkpt lat="46.66626700" lon="8.15195300">
      <ele>2578.000</ele>
    </trkpt>
    <trkpt lat="46.66626100" lon="8.15196100">
      <ele>2578.000</ele>
    </trkpt>
    <trkpt lat="46.66625900" lon="8.15197300">
      <ele>2578.000</ele>
    </trkpt>
    <trkpt lat="46.66625900" lon="8.15197500">
      <ele>2578.000</ele>
    </trkpt>
    <trkpt lat="46.66626100" lon="8.15197400">
      <ele>2578.000</ele>
    </trkpt>
    <trkpt lat="46.66627800" lon="8.15197900">
      <ele>2578.000</ele>
    </trkpt>
    <trkpt lat="46.66628000" lon="8.15197700">
      <ele>2578.000</ele>
    </trkpt>
    <trkpt lat="46.66628000" lon="8.15197700">
      <ele>2578.000</ele>
    </trkpt>
    <trkpt lat="46.66628000" lon="8.15197700">
      <ele>2578.000</ele>
    </trkpt>
    <trkpt lat="46.66628000" lon="8.15197700">
      <ele>2578.000</ele>
    </trkpt>
    <trkpt lat="46.66628000" lon="8.15197700">
      <ele>2578.000</ele>
    </trkpt>
    <trkpt lat="46.66627000" lon="8.15199200">
      <ele>2578.000</ele>
    </trkpt>
    <trkpt lat="46.66627100" lon="8.15199800">
      <ele>2578.000</ele>
    </trkpt>
    <trkpt lat="46.66627200" lon="8.15200200">
      <ele>2578.000</ele>
    </trkpt>
    <trkpt lat="46.66627200" lon="8.15200200">
      <ele>2578.000</ele>
    </trkpt>
    <trkpt lat="46.66627100" lon="8.15200000">
      <ele>2578.000</ele>
    </trkpt>
    <trkpt lat="46.66627200" lon="8.15199700">
      <ele>2578.000</ele>
    </trkpt>
    <trkpt lat="46.66627300" lon="8.15199600">
      <ele>2578.000</ele>
    </trkpt>
    <trkpt lat="46.66628000" lon="8.15197700">
      <ele>2578.000</ele>
    </trkpt>
    <trkpt lat="46.66628000" lon="8.15197700">
      <ele>2578.000</ele>
    </trkpt>
    <trkpt lat="46.66628000" lon="8.15197700">
      <ele>2578.000</ele>
    </trkpt>
    <trkpt lat="46.66628000" lon="8.15197700">
      <ele>2578.000</ele>
    </trkpt>
    <trkpt lat="46.66628000" lon="8.15197700">
      <ele>2578.000</ele>
    </trkpt>
    <trkpt lat="46.66628000" lon="8.15197700">
      <ele>2578.000</ele>
    </trkpt>
    <trkpt lat="46.66626900" lon="8.15199100">
      <ele>2578.000</ele>
    </trkpt>
    <trkpt lat="46.66626900" lon="8.15199100">
      <ele>2578.000</ele>
    </trkpt>
    <trkpt lat="46.66625700" lon="8.15200800">
      <ele>2578.000</ele>
    </trkpt>
    <trkpt lat="46.66625500" lon="8.15201500">
      <ele>2578.000</ele>
    </trkpt>
    <trkpt lat="46.66625600" lon="8.15201200">
      <ele>2578.000</ele>
    </trkpt>
    <trkpt lat="46.66625300" lon="8.15201600">
      <ele>2578.000</ele>
    </trkpt>
    <trkpt lat="46.66625000" lon="8.15203000">
      <ele>2627.000</ele>
    </trkpt>
    <trkpt lat="46.66625200" lon="8.15202200">
      <ele>2578.000</ele>
    </trkpt>
    <trkpt lat="46.66625500" lon="8.15202900">
      <ele>2578.000</ele>
    </trkpt>
    <trkpt lat="46.66625800" lon="8.15202400">
      <ele>2578.000</ele>
    </trkpt>
    <trkpt lat="46.66626300" lon="8.15201600">
      <ele>2578.000</ele>
    </trkpt>
    <trkpt lat="46.66625300" lon="8.15201600">
      <ele>2578.000</ele>
    </trkpt>
    <trkpt lat="46.66625300" lon="8.15201600">
      <ele>2578.000</ele>
    </trkpt>
    <trkpt lat="46.66625300" lon="8.15201600">
      <ele>2578.000</ele>
    </trkpt>
    <trkpt lat="46.66625200" lon="8.15200700">
      <ele>2578.000</ele>
    </trkpt>
    <trkpt lat="46.66624800" lon="8.15201600">
      <ele>2627.000</ele>
    </trkpt>
    <trkpt lat="46.66625300" lon="8.15201600">
      <ele>2578.000</ele>
    </trkpt>
    <trkpt lat="46.66625300" lon="8.15201600">
      <ele>2578.000</ele>
    </trkpt>
    <trkpt lat="46.66625300" lon="8.15201600">
      <ele>2578.000</ele>
    </trkpt>
    <trkpt lat="46.66625300" lon="8.15201600">
      <ele>2578.000</ele>
    </trkpt>
    <trkpt lat="46.66625700" lon="8.15201700">
      <ele>2578.000</ele>
    </trkpt>
    <trkpt lat="46.66625400" lon="8.15201600">
      <ele>2578.000</ele>
    </trkpt>
    <trkpt lat="46.66624900" lon="8.15202000">
      <ele>2627.000</ele>
    </trkpt>
    <trkpt lat="46.66624300" lon="8.15200100">
      <ele>2627.000</ele>
    </trkpt>
    <trkpt lat="46.66624200" lon="8.15203200">
      <ele>2627.000</ele>
    </trkpt>
    <trkpt lat="46.66624400" lon="8.15203200">
      <ele>2627.000</ele>
    </trkpt>
    <trkpt lat="46.66624600" lon="8.15202400">
      <ele>2627.000</ele>
    </trkpt>
    <trkpt lat="46.66624700" lon="8.15203600">
      <ele>2627.000</ele>
    </trkpt>
    <trkpt lat="46.66624700" lon="8.15203600">
      <ele>2627.000</ele>
    </trkpt>
    <trkpt lat="46.66624700" lon="8.15203600">
      <ele>2627.000</ele>
    </trkpt>
    <trkpt lat="46.66624700" lon="8.15203600">
      <ele>2627.000</ele>
    </trkpt>
    <trkpt lat="46.66624700" lon="8.15203600">
      <ele>2627.000</ele>
    </trkpt>
    <trkpt lat="46.66624700" lon="8.15203600">
      <ele>2627.000</ele>
    </trkpt>
    <trkpt lat="46.66624700" lon="8.15203600">
      <ele>2627.000</ele>
    </trkpt>
    <trkpt lat="46.66624700" lon="8.15203600">
      <ele>2627.000</ele>
    </trkpt>
    <trkpt lat="46.66624700" lon="8.15203600">
      <ele>2627.000</ele>
    </trkpt>
    <trkpt lat="46.66624700" lon="8.15203600">
      <ele>2627.000</ele>
    </trkpt>
    <trkpt lat="46.66624700" lon="8.15203600">
      <ele>2627.000</ele>
    </trkpt>
    <trkpt lat="46.66624700" lon="8.15203600">
      <ele>2627.000</ele>
    </trkpt>
    <trkpt lat="46.66624700" lon="8.15203600">
      <ele>2627.000</ele>
    </trkpt>
    <trkpt lat="46.66624700" lon="8.15203600">
      <ele>2627.000</ele>
    </trkpt>
    <trkpt lat="46.66623700" lon="8.15204400">
      <ele>2627.000</ele>
    </trkpt>
    <trkpt lat="46.66623600" lon="8.15204700">
      <ele>2627.000</ele>
    </trkpt>
    <trkpt lat="46.66624700" lon="8.15203600">
      <ele>2627.000</ele>
    </trkpt>
    <trkpt lat="46.66624700" lon="8.15203600">
      <ele>2627.000</ele>
    </trkpt>
    <trkpt lat="46.66624700" lon="8.15203600">
      <ele>2627.000</ele>
    </trkpt>
    <trkpt lat="46.66624700" lon="8.15203600">
      <ele>2627.000</ele>
    </trkpt>
    <trkpt lat="46.66624700" lon="8.15203600">
      <ele>2627.000</ele>
    </trkpt>
    <trkpt lat="46.66624700" lon="8.15203600">
      <ele>2627.000</ele>
    </trkpt>
    <trkpt lat="46.66624700" lon="8.15203600">
      <ele>2627.000</ele>
    </trkpt>
    <trkpt lat="46.66624700" lon="8.15203600">
      <ele>2627.000</ele>
    </trkpt>
    <trkpt lat="46.66624700" lon="8.15203600">
      <ele>2627.000</ele>
    </trkpt>
    <trkpt lat="46.66623100" lon="8.15206000">
      <ele>2627.000</ele>
    </trkpt>
    <trkpt lat="46.66622600" lon="8.15206100">
      <ele>2627.000</ele>
    </trkpt>
    <trkpt lat="46.66622700" lon="8.15205700">
      <ele>2627.000</ele>
    </trkpt>
    <trkpt lat="46.66622700" lon="8.15205700">
      <ele>2627.000</ele>
    </trkpt>
    <trkpt lat="46.66622700" lon="8.15205700">
      <ele>2627.000</ele>
    </trkpt>
    <trkpt lat="46.66622700" lon="8.15205700">
      <ele>2627.000</ele>
    </trkpt>
    <trkpt lat="46.66622700" lon="8.15205700">
      <ele>2627.000</ele>
    </trkpt>
    <trkpt lat="46.66622700" lon="8.15205700">
      <ele>2627.000</ele>
    </trkpt>
    <trkpt lat="46.66622700" lon="8.15205700">
      <ele>2627.000</ele>
    </trkpt>
    <trkpt lat="46.66622700" lon="8.15205700">
      <ele>2627.000</ele>
    </trkpt>
    <trkpt lat="46.66622700" lon="8.15205700">
      <ele>2627.000</ele>
    </trkpt>
    <trkpt lat="46.66622700" lon="8.15205700">
      <ele>2627.000</ele>
    </trkpt>
    <trkpt lat="46.66622700" lon="8.15205700">
      <ele>2627.000</ele>
    </trkpt>
    <trkpt lat="46.66622700" lon="8.15205700">
      <ele>2627.000</ele>
    </trkpt>
    <trkpt lat="46.66622700" lon="8.15205700">
      <ele>2627.000</ele>
    </trkpt>
    <trkpt lat="46.66623200" lon="8.15208000">
      <ele>2627.000</ele>
    </trkpt>
    <trkpt lat="46.66623500" lon="8.15208000">
      <ele>2627.000</ele>
    </trkpt>
    <trkpt lat="46.66622000" lon="8.15209500">
      <ele>2611.000</ele>
    </trkpt>
    <trkpt lat="46.66622100" lon="8.15210000">
      <ele>2611.000</ele>
    </trkpt>
    <trkpt lat="46.66622000" lon="8.15210200">
      <ele>2611.000</ele>
    </trkpt>
    <trkpt lat="46.66621400" lon="8.15210300">
      <ele>2611.000</ele>
    </trkpt>
    <trkpt lat="46.66621200" lon="8.15210500">
      <ele>2611.000</ele>
    </trkpt>
    <trkpt lat="46.66621400" lon="8.15211900">
      <ele>2611.000</ele>
    </trkpt>
    <trkpt lat="46.66621200" lon="8.15210700">
      <ele>2611.000</ele>
    </trkpt>
    <trkpt lat="46.66622100" lon="8.15210100">
      <ele>2611.000</ele>
    </trkpt>
    <trkpt lat="46.66621100" lon="8.15209600">
      <ele>2611.000</ele>
    </trkpt>
    <trkpt lat="46.66620900" lon="8.15209500">
      <ele>2611.000</ele>
    </trkpt>
    <trkpt lat="46.66620900" lon="8.15210000">
      <ele>2611.000</ele>
    </trkpt>
    <trkpt lat="46.66620700" lon="8.15210400">
      <ele>2611.000</ele>
    </trkpt>
    <trkpt lat="46.66620700" lon="8.15210400">
      <ele>2611.000</ele>
    </trkpt>
    <trkpt lat="46.66620700" lon="8.15210400">
      <ele>2611.000</ele>
    </trkpt>
    <trkpt lat="46.66620500" lon="8.15210200">
      <ele>2611.000</ele>
    </trkpt>
    <trkpt lat="46.66620700" lon="8.15210400">
      <ele>2611.000</ele>
    </trkpt>
    <trkpt lat="46.66620700" lon="8.15210400">
      <ele>2611.000</ele>
    </trkpt>
    <trkpt lat="46.66620700" lon="8.15210500">
      <ele>2611.000</ele>
    </trkpt>
    <trkpt lat="46.66620700" lon="8.15210400">
      <ele>2611.000</ele>
    </trkpt>
    <trkpt lat="46.66620700" lon="8.15210400">
      <ele>2611.000</ele>
    </trkpt>
    <trkpt lat="46.66620700" lon="8.15210400">
      <ele>2611.000</ele>
    </trkpt>
    <trkpt lat="46.66620700" lon="8.15210400">
      <ele>2611.000</ele>
    </trkpt>
    <trkpt lat="46.66620700" lon="8.15210400">
      <ele>2611.000</ele>
    </trkpt>
    <trkpt lat="46.66620700" lon="8.15210400">
      <ele>2611.000</ele>
    </trkpt>
    <trkpt lat="46.66620700" lon="8.15210400">
      <ele>2611.000</ele>
    </trkpt>
    <trkpt lat="46.66620800" lon="8.15211400">
      <ele>2611.000</ele>
    </trkpt>
    <trkpt lat="46.66620400" lon="8.15211700">
      <ele>2611.000</ele>
    </trkpt>
    <trkpt lat="46.66619600" lon="8.15211900">
      <ele>2611.000</ele>
    </trkpt>
    <trkpt lat="46.66619000" lon="8.15211800">
      <ele>2611.000</ele>
    </trkpt>
    <trkpt lat="46.66619800" lon="8.15212600">
      <ele>2611.000</ele>
    </trkpt>
    <trkpt lat="46.66619100" lon="8.15212600">
      <ele>2611.000</ele>
    </trkpt>
    <trkpt lat="46.66618800" lon="8.15212000">
      <ele>2611.000</ele>
    </trkpt>
    <trkpt lat="46.66618800" lon="8.15212000">
      <ele>2611.000</ele>
    </trkpt>
    <trkpt lat="46.66618800" lon="8.15212000">
      <ele>2611.000</ele>
    </trkpt>
    <trkpt lat="46.66618800" lon="8.15212000">
      <ele>2611.000</ele>
    </trkpt>
    <trkpt lat="46.66618800" lon="8.15212000">
      <ele>2611.000</ele>
    </trkpt>
    <trkpt lat="46.66618800" lon="8.15212000">
      <ele>2611.000</ele>
    </trkpt>
    <trkpt lat="46.66618900" lon="8.15212200">
      <ele>2611.000</ele>
    </trkpt>
    <trkpt lat="46.66617800" lon="8.15213000">
      <ele>2611.000</ele>
    </trkpt>
    <trkpt lat="46.66618900" lon="8.15213700">
      <ele>2611.000</ele>
    </trkpt>
    <trkpt lat="46.66617800" lon="8.15214200">
      <ele>2611.000</ele>
    </trkpt>
    <trkpt lat="46.66617800" lon="8.15214800">
      <ele>2611.000</ele>
    </trkpt>
    <trkpt lat="46.66618000" lon="8.15214100">
      <ele>2611.000</ele>
    </trkpt>
    <trkpt lat="46.66617800" lon="8.15214100">
      <ele>2611.000</ele>
    </trkpt>
    <trkpt lat="46.66617800" lon="8.15214100">
      <ele>2611.000</ele>
    </trkpt>
    <trkpt lat="46.66618500" lon="8.15215400">
      <ele>2611.000</ele>
    </trkpt>
    <trkpt lat="46.66618100" lon="8.15215000">
      <ele>2611.000</ele>
    </trkpt>
    <trkpt lat="46.66617800" lon="8.15214100">
      <ele>2611.000</ele>
    </trkpt>
    <trkpt lat="46.66617800" lon="8.15214100">
      <ele>2611.000</ele>
    </trkpt>
    <trkpt lat="46.66617800" lon="8.15214100">
      <ele>2611.000</ele>
    </trkpt>
    <trkpt lat="46.66618200" lon="8.15216700">
      <ele>2611.000</ele>
    </trkpt>
    <trkpt lat="46.66618400" lon="8.15217300">
      <ele>2611.000</ele>
    </trkpt>
    <trkpt lat="46.66617900" lon="8.15217600">
      <ele>2611.000</ele>
    </trkpt>
    <trkpt lat="46.66617700" lon="8.15217300">
      <ele>2611.000</ele>
    </trkpt>
    <trkpt lat="46.66617700" lon="8.15217300">
      <ele>2611.000</ele>
    </trkpt>
    <trkpt lat="46.66617700" lon="8.15217300">
      <ele>2611.000</ele>
    </trkpt>
    <trkpt lat="46.66617700" lon="8.15217300">
      <ele>2611.000</ele>
    </trkpt>
    <trkpt lat="46.66617700" lon="8.15217300">
      <ele>2611.000</ele>
    </trkpt>
    <trkpt lat="46.66617700" lon="8.15217300">
      <ele>2611.000</ele>
    </trkpt>
    <trkpt lat="46.66617700" lon="8.15217300">
      <ele>2611.000</ele>
    </trkpt>
    <trkpt lat="46.66617700" lon="8.15217300">
      <ele>2611.000</ele>
    </trkpt>
    <trkpt lat="46.66617700" lon="8.15217300">
      <ele>2611.000</ele>
    </trkpt>
    <trkpt lat="46.66617700" lon="8.15217300">
      <ele>2611.000</ele>
    </trkpt>
    <trkpt lat="46.66617800" lon="8.15220200">
      <ele>2611.000</ele>
    </trkpt>
    <trkpt lat="46.66618100" lon="8.15220100">
      <ele>2611.000</ele>
    </trkpt>
    <trkpt lat="46.66618100" lon="8.15220700">
      <ele>2611.000</ele>
    </trkpt>
    <trkpt lat="46.66618200" lon="8.15222100">
      <ele>2611.000</ele>
    </trkpt>
    <trkpt lat="46.66618200" lon="8.15222100">
      <ele>2611.000</ele>
    </trkpt>
    <trkpt lat="46.66618200" lon="8.15222100">
      <ele>2611.000</ele>
    </trkpt>
    <trkpt lat="46.66616600" lon="8.15222900">
      <ele>2611.000</ele>
    </trkpt>
    <trkpt lat="46.66616300" lon="8.15222600">
      <ele>2611.000</ele>
    </trkpt>
    <trkpt lat="46.66616500" lon="8.15222600">
      <ele>2611.000</ele>
    </trkpt>
    <trkpt lat="46.66616300" lon="8.15222600">
      <ele>2611.000</ele>
    </trkpt>
    <trkpt lat="46.66616500" lon="8.15222600">
      <ele>2611.000</ele>
    </trkpt>
    <trkpt lat="46.66616300" lon="8.15222600">
      <ele>2611.000</ele>
    </trkpt>
    <trkpt lat="46.66615800" lon="8.15221700">
      <ele>2611.000</ele>
    </trkpt>
    <trkpt lat="46.66614900" lon="8.15222300">
      <ele>2611.000</ele>
    </trkpt>
    <trkpt lat="46.66614900" lon="8.15222300">
      <ele>2611.000</ele>
    </trkpt>
    <trkpt lat="46.66614900" lon="8.15222300">
      <ele>2611.000</ele>
    </trkpt>
    <trkpt lat="46.66614900" lon="8.15222300">
      <ele>2611.000</ele>
    </trkpt>
    <trkpt lat="46.66614900" lon="8.15222300">
      <ele>2611.000</ele>
    </trkpt>
    <trkpt lat="46.66614900" lon="8.15222300">
      <ele>2611.000</ele>
    </trkpt>
    <trkpt lat="46.66614900" lon="8.15222300">
      <ele>2611.000</ele>
    </trkpt>
    <trkpt lat="46.66614900" lon="8.15222300">
      <ele>2611.000</ele>
    </trkpt>
    <trkpt lat="46.66614900" lon="8.15222300">
      <ele>2611.000</ele>
    </trkpt>
    <trkpt lat="46.66614900" lon="8.15222300">
      <ele>2611.000</ele>
    </trkpt>
    <trkpt lat="46.66614900" lon="8.15222300">
      <ele>2611.000</ele>
    </trkpt>
    <trkpt lat="46.66614900" lon="8.15222300">
      <ele>2611.000</ele>
    </trkpt>
    <trkpt lat="46.66614900" lon="8.15222300">
      <ele>2611.000</ele>
    </trkpt>
    <trkpt lat="46.66614900" lon="8.15222300">
      <ele>2611.000</ele>
    </trkpt>
    <trkpt lat="46.66614800" lon="8.15224300">
      <ele>2611.000</ele>
    </trkpt>
    <trkpt lat="46.66614800" lon="8.15224300">
      <ele>2611.000</ele>
    </trkpt>
    <trkpt lat="46.66614600" lon="8.15226700">
      <ele>2611.000</ele>
    </trkpt>
    <trkpt lat="46.66614800" lon="8.15228000">
      <ele>2611.000</ele>
    </trkpt>
    <trkpt lat="46.66614800" lon="8.15228000">
      <ele>2611.000</ele>
    </trkpt>
    <trkpt lat="46.66614600" lon="8.15229400">
      <ele>2611.000</ele>
    </trkpt>
    <trkpt lat="46.66614300" lon="8.15230000">
      <ele>2611.000</ele>
    </trkpt>
    <trkpt lat="46.66614200" lon="8.15230300">
      <ele>2611.000</ele>
    </trkpt>
    <trkpt lat="46.66614500" lon="8.15231600">
      <ele>2611.000</ele>
    </trkpt>
    <trkpt lat="46.66615200" lon="8.15232700">
      <ele>2611.000</ele>
    </trkpt>
    <trkpt lat="46.66616600" lon="8.15234300">
      <ele>2611.000</ele>
    </trkpt>
    <trkpt lat="46.66618800" lon="8.15236000">
      <ele>2611.000</ele>
    </trkpt>
    <trkpt lat="46.66618400" lon="8.15235700">
      <ele>2611.000</ele>
    </trkpt>
    <trkpt lat="46.66617500" lon="8.15235100">
      <ele>2611.000</ele>
    </trkpt>
    <trkpt lat="46.66617800" lon="8.15235400">
      <ele>2611.000</ele>
    </trkpt>
    <trkpt lat="46.66617800" lon="8.15235400">
      <ele>2611.000</ele>
    </trkpt>
    <trkpt lat="46.66617800" lon="8.15235400">
      <ele>2611.000</ele>
    </trkpt>
    <trkpt lat="46.66617800" lon="8.15235400">
      <ele>2611.000</ele>
    </trkpt>
    <trkpt lat="46.66617800" lon="8.15235400">
      <ele>2611.000</ele>
    </trkpt>
    <trkpt lat="46.66617800" lon="8.15235400">
      <ele>2611.000</ele>
    </trkpt>
    <trkpt lat="46.66617200" lon="8.15233600">
      <ele>2611.000</ele>
    </trkpt>
    <trkpt lat="46.66617200" lon="8.15233600">
      <ele>2611.000</ele>
    </trkpt>
    <trkpt lat="46.66617900" lon="8.15233900">
      <ele>2611.000</ele>
    </trkpt>
    <trkpt lat="46.66617200" lon="8.15233600">
      <ele>2611.000</ele>
    </trkpt>
    <trkpt lat="46.66617200" lon="8.15233600">
      <ele>2611.000</ele>
    </trkpt>
    <trkpt lat="46.66617200" lon="8.15233600">
      <ele>2611.000</ele>
    </trkpt>
    <trkpt lat="46.66617900" lon="8.15235200">
      <ele>2611.000</ele>
    </trkpt>
    <trkpt lat="46.66618400" lon="8.15236800">
      <ele>2541.000</ele>
    </trkpt>
    <trkpt lat="46.66618400" lon="8.15236800">
      <ele>2541.000</ele>
    </trkpt>
    <trkpt lat="46.66618400" lon="8.15236900">
      <ele>2541.000</ele>
    </trkpt>
    <trkpt lat="46.66618400" lon="8.15236800">
      <ele>2541.000</ele>
    </trkpt>
    <trkpt lat="46.66618400" lon="8.15236800">
      <ele>2541.000</ele>
    </trkpt>
    <trkpt lat="46.66618900" lon="8.15239300">
      <ele>2541.000</ele>
    </trkpt>
    <trkpt lat="46.66618800" lon="8.15239600">
      <ele>2541.000</ele>
    </trkpt>
    <trkpt lat="46.66618800" lon="8.15239600">
      <ele>2541.000</ele>
    </trkpt>
    <trkpt lat="46.66618900" lon="8.15241900">
      <ele>2541.000</ele>
    </trkpt>
    <trkpt lat="46.66620500" lon="8.15244200">
      <ele>2541.000</ele>
    </trkpt>
    <trkpt lat="46.66620500" lon="8.15244200">
      <ele>2541.000</ele>
    </trkpt>
    <trkpt lat="46.66620500" lon="8.15244200">
      <ele>2541.000</ele>
    </trkpt>
    <trkpt lat="46.66619600" lon="8.15246100">
      <ele>2541.000</ele>
    </trkpt>
    <trkpt lat="46.66619600" lon="8.15246100">
      <ele>2541.000</ele>
    </trkpt>
    <trkpt lat="46.66619800" lon="8.15246400">
      <ele>2541.000</ele>
    </trkpt>
    <trkpt lat="46.66619500" lon="8.15246100">
      <ele>2541.000</ele>
    </trkpt>
    <trkpt lat="46.66619300" lon="8.15247100">
      <ele>2541.000</ele>
    </trkpt>
    <trkpt lat="46.66619400" lon="8.15247500">
      <ele>2541.000</ele>
    </trkpt>
    <trkpt lat="46.66619600" lon="8.15246100">
      <ele>2541.000</ele>
    </trkpt>
    <trkpt lat="46.66619600" lon="8.15246100">
      <ele>2541.000</ele>
    </trkpt>
    <trkpt lat="46.66619600" lon="8.15246100">
      <ele>2541.000</ele>
    </trkpt>
    <trkpt lat="46.66620700" lon="8.15248200">
      <ele>2541.000</ele>
    </trkpt>
    <trkpt lat="46.66620700" lon="8.15248100">
      <ele>2541.000</ele>
    </trkpt>
    <trkpt lat="46.66620500" lon="8.15247900">
      <ele>2541.000</ele>
    </trkpt>
    <trkpt lat="46.66620700" lon="8.15248200">
      <ele>2541.000</ele>
    </trkpt>
    <trkpt lat="46.66620700" lon="8.15248200">
      <ele>2541.000</ele>
    </trkpt>
    <trkpt lat="46.66620700" lon="8.15248200">
      <ele>2541.000</ele>
    </trkpt>
    <trkpt lat="46.66620700" lon="8.15248200">
      <ele>2541.000</ele>
    </trkpt>
    <trkpt lat="46.66620400" lon="8.15247700">
      <ele>2541.000</ele>
    </trkpt>
    <trkpt lat="46.66620500" lon="8.15247400">
      <ele>2541.000</ele>
    </trkpt>
    <trkpt lat="46.66620700" lon="8.15248200">
      <ele>2541.000</ele>
    </trkpt>
    <trkpt lat="46.66620700" lon="8.15248200">
      <ele>2541.000</ele>
    </trkpt>
    <trkpt lat="46.66620700" lon="8.15248200">
      <ele>2541.000</ele>
    </trkpt>
    <trkpt lat="46.66620400" lon="8.15247400">
      <ele>2541.000</ele>
    </trkpt>
    <trkpt lat="46.66620700" lon="8.15248200">
      <ele>2541.000</ele>
    </trkpt>
    <trkpt lat="46.66620700" lon="8.15248200">
      <ele>2541.000</ele>
    </trkpt>
    <trkpt lat="46.66620800" lon="8.15246800">
      <ele>2541.000</ele>
    </trkpt>
    <trkpt lat="46.66622300" lon="8.15247200">
      <ele>2541.000</ele>
    </trkpt>
    <trkpt lat="46.66622600" lon="8.15246600">
      <ele>2541.000</ele>
    </trkpt>
    <trkpt lat="46.66622600" lon="8.15246600">
      <ele>2541.000</ele>
    </trkpt>
    <trkpt lat="46.66622700" lon="8.15247400">
      <ele>2541.000</ele>
    </trkpt>
    <trkpt lat="46.66623700" lon="8.15246900">
      <ele>2541.000</ele>
    </trkpt>
    <trkpt lat="46.66624200" lon="8.15246700">
      <ele>2541.000</ele>
    </trkpt>
    <trkpt lat="46.66624500" lon="8.15247100">
      <ele>2541.000</ele>
    </trkpt>
    <trkpt lat="46.66624500" lon="8.15247100">
      <ele>2541.000</ele>
    </trkpt>
    <trkpt lat="46.66624500" lon="8.15247100">
      <ele>2541.000</ele>
    </trkpt>
    <trkpt lat="46.66624500" lon="8.15247100">
      <ele>2541.000</ele>
    </trkpt>
    <trkpt lat="46.66624500" lon="8.15247100">
      <ele>2541.000</ele>
    </trkpt>
    <trkpt lat="46.66624000" lon="8.15245300">
      <ele>2541.000</ele>
    </trkpt>
    <trkpt lat="46.66623200" lon="8.15241200">
      <ele>2541.000</ele>
    </trkpt>
    <trkpt lat="46.66622800" lon="8.15237400">
      <ele>2541.000</ele>
    </trkpt>
    <trkpt lat="46.66622800" lon="8.15237500">
      <ele>2541.000</ele>
    </trkpt>
    <trkpt lat="46.66622500" lon="8.15237900">
      <ele>2541.000</ele>
    </trkpt>
    <trkpt lat="46.66622600" lon="8.15237600">
      <ele>2541.000</ele>
    </trkpt>
    <trkpt lat="46.66622100" lon="8.15237800">
      <ele>2541.000</ele>
    </trkpt>
    <trkpt lat="46.66622800" lon="8.15237500">
      <ele>2541.000</ele>
    </trkpt>
    <trkpt lat="46.66622800" lon="8.15237500">
      <ele>2541.000</ele>
    </trkpt>
    <trkpt lat="46.66622800" lon="8.15237500">
      <ele>2541.000</ele>
    </trkpt>
    <trkpt lat="46.66621600" lon="8.15238300">
      <ele>2541.000</ele>
    </trkpt>
    <trkpt lat="46.66621500" lon="8.15238400">
      <ele>2541.000</ele>
    </trkpt>
    <trkpt lat="46.66622800" lon="8.15237500">
      <ele>2541.000</ele>
    </trkpt>
    <trkpt lat="46.66622800" lon="8.15237500">
      <ele>2541.000</ele>
    </trkpt>
    <trkpt lat="46.66622800" lon="8.15237500">
      <ele>2541.000</ele>
    </trkpt>
    <trkpt lat="46.66622800" lon="8.15237500">
      <ele>2541.000</ele>
    </trkpt>
    <trkpt lat="46.66621900" lon="8.15238500">
      <ele>2541.000</ele>
    </trkpt>
    <trkpt lat="46.66621600" lon="8.15239200">
      <ele>2541.000</ele>
    </trkpt>
    <trkpt lat="46.66621400" lon="8.15239200">
      <ele>2541.000</ele>
    </trkpt>
    <trkpt lat="46.66621400" lon="8.15239200">
      <ele>2541.000</ele>
    </trkpt>
    <trkpt lat="46.66621300" lon="8.15239400">
      <ele>2541.000</ele>
    </trkpt>
    <trkpt lat="46.66621200" lon="8.15239200">
      <ele>2541.000</ele>
    </trkpt>
    <trkpt lat="46.66621400" lon="8.15239200">
      <ele>2541.000</ele>
    </trkpt>
    <trkpt lat="46.66621700" lon="8.15238700">
      <ele>2541.000</ele>
    </trkpt>
    <trkpt lat="46.66621800" lon="8.15238500">
      <ele>2541.000</ele>
    </trkpt>
    <trkpt lat="46.66621400" lon="8.15239200">
      <ele>2541.000</ele>
    </trkpt>
    <trkpt lat="46.66621400" lon="8.15239200">
      <ele>2541.000</ele>
    </trkpt>
    <trkpt lat="46.66622200" lon="8.15239100">
      <ele>2541.000</ele>
    </trkpt>
    <trkpt lat="46.66622500" lon="8.15239300">
      <ele>2541.000</ele>
    </trkpt>
    <trkpt lat="46.66622900" lon="8.15239300">
      <ele>2541.000</ele>
    </trkpt>
    <trkpt lat="46.66622900" lon="8.15239300">
      <ele>2541.000</ele>
    </trkpt>
    <trkpt lat="46.66622900" lon="8.15239300">
      <ele>2541.000</ele>
    </trkpt>
    <trkpt lat="46.66622900" lon="8.15239300">
      <ele>2541.000</ele>
    </trkpt>
    <trkpt lat="46.66622900" lon="8.15239300">
      <ele>2541.000</ele>
    </trkpt>
    <trkpt lat="46.66622900" lon="8.15239300">
      <ele>2541.000</ele>
    </trkpt>
    <trkpt lat="46.66622900" lon="8.15239300">
      <ele>2541.000</ele>
    </trkpt>
    <trkpt lat="46.66622900" lon="8.15239300">
      <ele>2541.000</ele>
    </trkpt>
    <trkpt lat="46.66622900" lon="8.15239300">
      <ele>2541.000</ele>
    </trkpt>
    <trkpt lat="46.66622900" lon="8.15239300">
      <ele>2541.000</ele>
    </trkpt>
    <trkpt lat="46.66622900" lon="8.15239300">
      <ele>2541.000</ele>
    </trkpt>
    <trkpt lat="46.66622900" lon="8.15239300">
      <ele>2541.000</ele>
    </trkpt>
    <trkpt lat="46.66622900" lon="8.15239300">
      <ele>2541.000</ele>
    </trkpt>
    <trkpt lat="46.66622900" lon="8.15239300">
      <ele>2541.000</ele>
    </trkpt>
    <trkpt lat="46.66622900" lon="8.15239300">
      <ele>2541.000</ele>
    </trkpt>
    <trkpt lat="46.66622900" lon="8.15239300">
      <ele>2541.000</ele>
    </trkpt>
    <trkpt lat="46.66622900" lon="8.15239300">
      <ele>2541.000</ele>
    </trkpt>
    <trkpt lat="46.66622900" lon="8.15239300">
      <ele>2541.000</ele>
    </trkpt>
    <trkpt lat="46.66621700" lon="8.15240300">
      <ele>2541.000</ele>
    </trkpt>
    <trkpt lat="46.66621700" lon="8.15240300">
      <ele>2541.000</ele>
    </trkpt>
    <trkpt lat="46.66621600" lon="8.15240400">
      <ele>2541.000</ele>
    </trkpt>
    <trkpt lat="46.66621400" lon="8.15240200">
      <ele>2541.000</ele>
    </trkpt>
    <trkpt lat="46.66621300" lon="8.15240500">
      <ele>2541.000</ele>
    </trkpt>
    <trkpt lat="46.66621700" lon="8.15240300">
      <ele>2541.000</ele>
    </trkpt>
    <trkpt lat="46.66621700" lon="8.15240300">
      <ele>2541.000</ele>
    </trkpt>
    <trkpt lat="46.66620900" lon="8.15240700">
      <ele>2541.000</ele>
    </trkpt>
    <trkpt lat="46.66621000" lon="8.15240700">
      <ele>2541.000</ele>
    </trkpt>
    <trkpt lat="46.66621100" lon="8.15241500">
      <ele>2541.000</ele>
    </trkpt>
    <trkpt lat="46.66620400" lon="8.15243900">
      <ele>2541.000</ele>
    </trkpt>
    <trkpt lat="46.66621400" lon="8.15242000">
      <ele>2541.000</ele>
    </trkpt>
    <trkpt lat="46.66620700" lon="8.15243300">
      <ele>2541.000</ele>
    </trkpt>
    <trkpt lat="46.66620400" lon="8.15243700">
      <ele>2541.000</ele>
    </trkpt>
    <trkpt lat="46.66621100" lon="8.15241500">
      <ele>2541.000</ele>
    </trkpt>
    <trkpt lat="46.66621700" lon="8.15240300">
      <ele>2541.000</ele>
    </trkpt>
    <trkpt lat="46.66621700" lon="8.15240300">
      <ele>2541.000</ele>
    </trkpt>
    <trkpt lat="46.66621700" lon="8.15240300">
      <ele>2541.000</ele>
    </trkpt>
    <trkpt lat="46.66621700" lon="8.15240300">
      <ele>2541.000</ele>
    </trkpt>
    <trkpt lat="46.66621700" lon="8.15240300">
      <ele>2541.000</ele>
    </trkpt>
    <trkpt lat="46.66621700" lon="8.15240300">
      <ele>2541.000</ele>
    </trkpt>
    <trkpt lat="46.66621700" lon="8.15240300">
      <ele>2541.000</ele>
    </trkpt>
    <trkpt lat="46.66621300" lon="8.15241400">
      <ele>2541.000</ele>
    </trkpt>
    <trkpt lat="46.66621700" lon="8.15240300">
      <ele>2541.000</ele>
    </trkpt>
    <trkpt lat="46.66621700" lon="8.15240300">
      <ele>2541.000</ele>
    </trkpt>
    <trkpt lat="46.66621700" lon="8.15240300">
      <ele>2541.000</ele>
    </trkpt>
    <trkpt lat="46.66620800" lon="8.15242000">
      <ele>2541.000</ele>
    </trkpt>
    <trkpt lat="46.66620700" lon="8.15242100">
      <ele>2541.000</ele>
    </trkpt>
    <trkpt lat="46.66620800" lon="8.15242900">
      <ele>2541.000</ele>
    </trkpt>
    <trkpt lat="46.66620900" lon="8.15242500">
      <ele>2541.000</ele>
    </trkpt>
    <trkpt lat="46.66620700" lon="8.15242100">
      <ele>2541.000</ele>
    </trkpt>
    <trkpt lat="46.66620700" lon="8.15242100">
      <ele>2541.000</ele>
    </trkpt>
    <trkpt lat="46.66620700" lon="8.15242100">
      <ele>2541.000</ele>
    </trkpt>
    <trkpt lat="46.66620700" lon="8.15242000">
      <ele>2541.000</ele>
    </trkpt>
    <trkpt lat="46.66620700" lon="8.15242100">
      <ele>2541.000</ele>
    </trkpt>
    <trkpt lat="46.66620700" lon="8.15242100">
      <ele>2541.000</ele>
    </trkpt>
    <trkpt lat="46.66620700" lon="8.15242100">
      <ele>2541.000</ele>
    </trkpt>
    <trkpt lat="46.66620700" lon="8.15242100">
      <ele>2541.000</ele>
    </trkpt>
    <trkpt lat="46.66620100" lon="8.15242400">
      <ele>2541.000</ele>
    </trkpt>
    <trkpt lat="46.66620000" lon="8.15242300">
      <ele>2541.000</ele>
    </trkpt>
    <trkpt lat="46.66620000" lon="8.15242100">
      <ele>2541.000</ele>
    </trkpt>
    <trkpt lat="46.66620300" lon="8.15242300">
      <ele>2541.000</ele>
    </trkpt>
    <trkpt lat="46.66620700" lon="8.15242100">
      <ele>2541.000</ele>
    </trkpt>
    <trkpt lat="46.66620700" lon="8.15242100">
      <ele>2541.000</ele>
    </trkpt>
    <trkpt lat="46.66620700" lon="8.15242100">
      <ele>2541.000</ele>
    </trkpt>
    <trkpt lat="46.66620300" lon="8.15243100">
      <ele>2541.000</ele>
    </trkpt>
    <trkpt lat="46.66620700" lon="8.15242100">
      <ele>2541.000</ele>
    </trkpt>
    <trkpt lat="46.66620400" lon="8.15241600">
      <ele>2541.000</ele>
    </trkpt>
    <trkpt lat="46.66620700" lon="8.15242100">
      <ele>2541.000</ele>
    </trkpt>
    <trkpt lat="46.66620700" lon="8.15242100">
      <ele>2541.000</ele>
    </trkpt>
    <trkpt lat="46.66620700" lon="8.15242100">
      <ele>2541.000</ele>
    </trkpt>
    <trkpt lat="46.66620700" lon="8.15242100">
      <ele>2541.000</ele>
    </trkpt>
    <trkpt lat="46.66620700" lon="8.15242100">
      <ele>2541.000</ele>
    </trkpt>
    <trkpt lat="46.66620700" lon="8.15242100">
      <ele>2541.000</ele>
    </trkpt>
    <trkpt lat="46.66620700" lon="8.15242100">
      <ele>2541.000</ele>
    </trkpt>
    <trkpt lat="46.66620700" lon="8.15242100">
      <ele>2541.000</ele>
    </trkpt>
    <trkpt lat="46.66620700" lon="8.15242100">
      <ele>2541.000</ele>
    </trkpt>
    <trkpt lat="46.66620700" lon="8.15242100">
      <ele>2541.000</ele>
    </trkpt>
    <trkpt lat="46.66620300" lon="8.15242700">
      <ele>2541.000</ele>
    </trkpt>
    <trkpt lat="46.66620300" lon="8.15242800">
      <ele>2541.000</ele>
    </trkpt>
    <trkpt lat="46.66620300" lon="8.15244100">
      <ele>2541.000</ele>
    </trkpt>
    <trkpt lat="46.66620300" lon="8.15243400">
      <ele>2541.000</ele>
    </trkpt>
    <trkpt lat="46.66620300" lon="8.15244100">
      <ele>2541.000</ele>
    </trkpt>
    <trkpt lat="46.66620300" lon="8.15244100">
      <ele>2541.000</ele>
    </trkpt>
    <trkpt lat="46.66620300" lon="8.15244100">
      <ele>2541.000</ele>
    </trkpt>
    <trkpt lat="46.66620300" lon="8.15244100">
      <ele>2541.000</ele>
    </trkpt>
    <trkpt lat="46.66620300" lon="8.15244100">
      <ele>2541.000</ele>
    </trkpt>
    <trkpt lat="46.66620300" lon="8.15244100">
      <ele>2541.000</ele>
    </trkpt>
    <trkpt lat="46.66620300" lon="8.15244100">
      <ele>2541.000</ele>
    </trkpt>
    <trkpt lat="46.66620300" lon="8.15244100">
      <ele>2541.000</ele>
    </trkpt>
    <trkpt lat="46.66620300" lon="8.15244100">
      <ele>2541.000</ele>
    </trkpt>
    <trkpt lat="46.66620300" lon="8.15244100">
      <ele>2541.000</ele>
    </trkpt>
    <trkpt lat="46.66620300" lon="8.15244100">
      <ele>2541.000</ele>
    </trkpt>
    <trkpt lat="46.66620100" lon="8.15244000">
      <ele>2541.000</ele>
    </trkpt>
    <trkpt lat="46.66620300" lon="8.15244100">
      <ele>2541.000</ele>
    </trkpt>
    <trkpt lat="46.66620300" lon="8.15244100">
      <ele>2541.000</ele>
    </trkpt>
    <trkpt lat="46.66620300" lon="8.15244100">
      <ele>2541.000</ele>
    </trkpt>
    <trkpt lat="46.66620300" lon="8.15244100">
      <ele>2541.000</ele>
    </trkpt>
    <trkpt lat="46.66620300" lon="8.15244100">
      <ele>2541.000</ele>
    </trkpt>
    <trkpt lat="46.66620300" lon="8.15244100">
      <ele>2541.000</ele>
    </trkpt>
    <trkpt lat="46.66620300" lon="8.15244100">
      <ele>2541.000</ele>
    </trkpt>
    <trkpt lat="46.66620300" lon="8.15244100">
      <ele>2541.000</ele>
    </trkpt>
    <trkpt lat="46.66620300" lon="8.15244100">
      <ele>2541.000</ele>
    </trkpt>
    <trkpt lat="46.66620300" lon="8.15244100">
      <ele>2541.000</ele>
    </trkpt>
    <trkpt lat="46.66620300" lon="8.15244100">
      <ele>2541.000</ele>
    </trkpt>
    <trkpt lat="46.66620300" lon="8.15244100">
      <ele>2541.000</ele>
    </trkpt>
    <trkpt lat="46.66620300" lon="8.15243200">
      <ele>2541.000</ele>
    </trkpt>
    <trkpt lat="46.66620000" lon="8.15243300">
      <ele>2541.000</ele>
    </trkpt>
    <trkpt lat="46.66619700" lon="8.15243200">
      <ele>2541.000</ele>
    </trkpt>
    <trkpt lat="46.66619700" lon="8.15243700">
      <ele>2541.000</ele>
    </trkpt>
    <trkpt lat="46.66620400" lon="8.15243800">
      <ele>2541.000</ele>
    </trkpt>
    <trkpt lat="46.66620300" lon="8.15244100">
      <ele>2541.000</ele>
    </trkpt>
    <trkpt lat="46.66620300" lon="8.15244100">
      <ele>2541.000</ele>
    </trkpt>
    <trkpt lat="46.66620300" lon="8.15244100">
      <ele>2541.000</ele>
    </trkpt>
    <trkpt lat="46.66620300" lon="8.15244700">
      <ele>2541.000</ele>
    </trkpt>
    <trkpt lat="46.66620100" lon="8.15246200">
      <ele>2541.000</ele>
    </trkpt>
    <trkpt lat="46.66620300" lon="8.15247200">
      <ele>2541.000</ele>
    </trkpt>
    <trkpt lat="46.66620300" lon="8.15247200">
      <ele>2541.000</ele>
    </trkpt>
    <trkpt lat="46.66620300" lon="8.15247200">
      <ele>2541.000</ele>
    </trkpt>
    <trkpt lat="46.66620300" lon="8.15247200">
      <ele>2541.000</ele>
    </trkpt>
    <trkpt lat="46.66620300" lon="8.15247200">
      <ele>2541.000</ele>
    </trkpt>
    <trkpt lat="46.66620300" lon="8.15247200">
      <ele>2541.000</ele>
    </trkpt>
    <trkpt lat="46.66619900" lon="8.15246900">
      <ele>2541.000</ele>
    </trkpt>
    <trkpt lat="46.66620300" lon="8.15247200">
      <ele>2541.000</ele>
    </trkpt>
    <trkpt lat="46.66620300" lon="8.15247200">
      <ele>2541.000</ele>
    </trkpt>
    <trkpt lat="46.66620300" lon="8.15247200">
      <ele>2541.000</ele>
    </trkpt>
    <trkpt lat="46.66620300" lon="8.15247200">
      <ele>2541.000</ele>
    </trkpt>
    <trkpt lat="46.66619600" lon="8.15246100">
      <ele>2541.000</ele>
    </trkpt>
    <trkpt lat="46.66619900" lon="8.15245600">
      <ele>2541.000</ele>
    </trkpt>
    <trkpt lat="46.66620700" lon="8.15244700">
      <ele>2541.000</ele>
    </trkpt>
    <trkpt lat="46.66620800" lon="8.15245100">
      <ele>2541.000</ele>
    </trkpt>
    <trkpt lat="46.66620600" lon="8.15245400">
      <ele>2541.000</ele>
    </trkpt>
    <trkpt lat="46.66620600" lon="8.15245400">
      <ele>2541.000</ele>
    </trkpt>
    <trkpt lat="46.66620600" lon="8.15245400">
      <ele>2541.000</ele>
    </trkpt>
    <trkpt lat="46.66620600" lon="8.15245400">
      <ele>2541.000</ele>
    </trkpt>
    <trkpt lat="46.66620600" lon="8.15245400">
      <ele>2541.000</ele>
    </trkpt>
    <trkpt lat="46.66620600" lon="8.15245400">
      <ele>2541.000</ele>
    </trkpt>
    <trkpt lat="46.66620600" lon="8.15245400">
      <ele>2541.000</ele>
    </trkpt>
    <trkpt lat="46.66620800" lon="8.15243000">
      <ele>2541.000</ele>
    </trkpt>
    <trkpt lat="46.66621100" lon="8.15242600">
      <ele>2541.000</ele>
    </trkpt>
    <trkpt lat="46.66620600" lon="8.15245400">
      <ele>2541.000</ele>
    </trkpt>
    <trkpt lat="46.66620600" lon="8.15245400">
      <ele>2541.000</ele>
    </trkpt>
    <trkpt lat="46.66620100" lon="8.15243800">
      <ele>2541.000</ele>
    </trkpt>
    <trkpt lat="46.66620100" lon="8.15243800">
      <ele>2541.000</ele>
    </trkpt>
    <trkpt lat="46.66619600" lon="8.15245500">
      <ele>2541.000</ele>
    </trkpt>
    <trkpt lat="46.66619600" lon="8.15245600">
      <ele>2541.000</ele>
    </trkpt>
    <trkpt lat="46.66619700" lon="8.15245000">
      <ele>2541.000</ele>
    </trkpt>
    <trkpt lat="46.66619700" lon="8.15244000">
      <ele>2541.000</ele>
    </trkpt>
    <trkpt lat="46.66619700" lon="8.15243300">
      <ele>2541.000</ele>
    </trkpt>
    <trkpt lat="46.66619600" lon="8.15243800">
      <ele>2541.000</ele>
    </trkpt>
    <trkpt lat="46.66619300" lon="8.15244300">
      <ele>2541.000</ele>
    </trkpt>
    <trkpt lat="46.66619800" lon="8.15245200">
      <ele>2541.000</ele>
    </trkpt>
    <trkpt lat="46.66619800" lon="8.15245300">
      <ele>2541.000</ele>
    </trkpt>
    <trkpt lat="46.66620100" lon="8.15243800">
      <ele>2541.000</ele>
    </trkpt>
    <trkpt lat="46.66620100" lon="8.15243800">
      <ele>2541.000</ele>
    </trkpt>
    <trkpt lat="46.66620100" lon="8.15243800">
      <ele>2541.000</ele>
    </trkpt>
    <trkpt lat="46.66619000" lon="8.15244300">
      <ele>2541.000</ele>
    </trkpt>
    <trkpt lat="46.66620100" lon="8.15243800">
      <ele>2541.000</ele>
    </trkpt>
    <trkpt lat="46.66620100" lon="8.15243800">
      <ele>2541.000</ele>
    </trkpt>
    <trkpt lat="46.66618900" lon="8.15244500">
      <ele>2541.000</ele>
    </trkpt>
    <trkpt lat="46.66618600" lon="8.15244300">
      <ele>2541.000</ele>
    </trkpt>
    <trkpt lat="46.66618600" lon="8.15243900">
      <ele>2541.000</ele>
    </trkpt>
    <trkpt lat="46.66618600" lon="8.15243900">
      <ele>2541.000</ele>
    </trkpt>
    <trkpt lat="46.66618900" lon="8.15243900">
      <ele>2541.000</ele>
    </trkpt>
    <trkpt lat="46.66619700" lon="8.15243700">
      <ele>2541.000</ele>
    </trkpt>
    <trkpt lat="46.66619900" lon="8.15243800">
      <ele>2541.000</ele>
    </trkpt>
    <trkpt lat="46.66617400" lon="8.15243000">
      <ele>2541.000</ele>
    </trkpt>
    <trkpt lat="46.66616600" lon="8.15243500">
      <ele>2541.000</ele>
    </trkpt>
    <trkpt lat="46.66614100" lon="8.15241400">
      <ele>2541.000</ele>
    </trkpt>
    <trkpt lat="46.66613100" lon="8.15240500">
      <ele>2541.000</ele>
    </trkpt>
    <trkpt lat="46.66612600" lon="8.15240700">
      <ele>2541.000</ele>
    </trkpt>
    <trkpt lat="46.66612700" lon="8.15240600">
      <ele>2541.000</ele>
    </trkpt>
    <trkpt lat="46.66612300" lon="8.15239700">
      <ele>2541.000</ele>
    </trkpt>
    <trkpt lat="46.66612200" lon="8.15239800">
      <ele>2541.000</ele>
    </trkpt>
    <trkpt lat="46.66612100" lon="8.15239500">
      <ele>2541.000</ele>
    </trkpt>
    <trkpt lat="46.66612600" lon="8.15240100">
      <ele>2541.000</ele>
    </trkpt>
    <trkpt lat="46.66613300" lon="8.15239800">
      <ele>2541.000</ele>
    </trkpt>
    <trkpt lat="46.66612900" lon="8.15236500">
      <ele>2541.000</ele>
    </trkpt>
    <trkpt lat="46.66612700" lon="8.15234600">
      <ele>2611.000</ele>
    </trkpt>
    <trkpt lat="46.66612600" lon="8.15236500">
      <ele>2541.000</ele>
    </trkpt>
    <trkpt lat="46.66611900" lon="8.15236100">
      <ele>2541.000</ele>
    </trkpt>
    <trkpt lat="46.66611700" lon="8.15235300">
      <ele>2611.000</ele>
    </trkpt>
    <trkpt lat="46.66611500" lon="8.15234400">
      <ele>2611.000</ele>
    </trkpt>
    <trkpt lat="46.66611500" lon="8.15234400">
      <ele>2611.000</ele>
    </trkpt>
    <trkpt lat="46.66611400" lon="8.15235900">
      <ele>2611.000</ele>
    </trkpt>
    <trkpt lat="46.66611500" lon="8.15234400">
      <ele>2611.000</ele>
    </trkpt>
    <trkpt lat="46.66610600" lon="8.15236600">
      <ele>2541.000</ele>
    </trkpt>
    <trkpt lat="46.66610500" lon="8.15236900">
      <ele>2541.000</ele>
    </trkpt>
    <trkpt lat="46.66610500" lon="8.15236900">
      <ele>2541.000</ele>
    </trkpt>
    <trkpt lat="46.66610500" lon="8.15236900">
      <ele>2541.000</ele>
    </trkpt>
    <trkpt lat="46.66609900" lon="8.15238500">
      <ele>2541.000</ele>
    </trkpt>
    <trkpt lat="46.66609100" lon="8.15238100">
      <ele>2541.000</ele>
    </trkpt>
    <trkpt lat="46.66609100" lon="8.15238100">
      <ele>2541.000</ele>
    </trkpt>
    <trkpt lat="46.66609100" lon="8.15238100">
      <ele>2541.000</ele>
    </trkpt>
    <trkpt lat="46.66609100" lon="8.15238100">
      <ele>2541.000</ele>
    </trkpt>
    <trkpt lat="46.66608500" lon="8.15239400">
      <ele>2541.000</ele>
    </trkpt>
    <trkpt lat="46.66608300" lon="8.15239400">
      <ele>2541.000</ele>
    </trkpt>
    <trkpt lat="46.66608100" lon="8.15239800">
      <ele>2541.000</ele>
    </trkpt>
    <trkpt lat="46.66608000" lon="8.15239800">
      <ele>2541.000</ele>
    </trkpt>
    <trkpt lat="46.66607400" lon="8.15242800">
      <ele>2541.000</ele>
    </trkpt>
    <trkpt lat="46.66607300" lon="8.15243300">
      <ele>2541.000</ele>
    </trkpt>
    <trkpt lat="46.66607300" lon="8.15243300">
      <ele>2541.000</ele>
    </trkpt>
    <trkpt lat="46.66606700" lon="8.15241300">
      <ele>2541.000</ele>
    </trkpt>
    <trkpt lat="46.66606500" lon="8.15241900">
      <ele>2541.000</ele>
    </trkpt>
    <trkpt lat="46.66607300" lon="8.15243300">
      <ele>2541.000</ele>
    </trkpt>
    <trkpt lat="46.66606200" lon="8.15243400">
      <ele>2541.000</ele>
    </trkpt>
    <trkpt lat="46.66606000" lon="8.15243500">
      <ele>2541.000</ele>
    </trkpt>
    <trkpt lat="46.66604500" lon="8.15242100">
      <ele>2541.000</ele>
    </trkpt>
    <trkpt lat="46.66602700" lon="8.15240700">
      <ele>2541.000</ele>
    </trkpt>
    <trkpt lat="46.66602900" lon="8.15240500">
      <ele>2541.000</ele>
    </trkpt>
    <trkpt lat="46.66601600" lon="8.15236400">
      <ele>2541.000</ele>
    </trkpt>
    <trkpt lat="46.66602200" lon="8.15236000">
      <ele>2611.000</ele>
    </trkpt>
    <trkpt lat="46.66602400" lon="8.15235900">
      <ele>2611.000</ele>
    </trkpt>
    <trkpt lat="46.66600500" lon="8.15234400">
      <ele>2611.000</ele>
    </trkpt>
    <trkpt lat="46.66600800" lon="8.15233400">
      <ele>2611.000</ele>
    </trkpt>
    <trkpt lat="46.66599900" lon="8.15232300">
      <ele>2611.000</ele>
    </trkpt>
    <trkpt lat="46.66599100" lon="8.15232400">
      <ele>2611.000</ele>
    </trkpt>
    <trkpt lat="46.66598800" lon="8.15232200">
      <ele>2611.000</ele>
    </trkpt>
    <trkpt lat="46.66599000" lon="8.15231700">
      <ele>2611.000</ele>
    </trkpt>
    <trkpt lat="46.66599100" lon="8.15231800">
      <ele>2611.000</ele>
    </trkpt>
    <trkpt lat="46.66599300" lon="8.15231300">
      <ele>2611.000</ele>
    </trkpt>
    <trkpt lat="46.66599300" lon="8.15231300">
      <ele>2611.000</ele>
    </trkpt>
    <trkpt lat="46.66599300" lon="8.15231300">
      <ele>2611.000</ele>
    </trkpt>
    <trkpt lat="46.66599300" lon="8.15231300">
      <ele>2611.000</ele>
    </trkpt>
    <trkpt lat="46.66599300" lon="8.15230300">
      <ele>2611.000</ele>
    </trkpt>
    <trkpt lat="46.66599300" lon="8.15231300">
      <ele>2611.000</ele>
    </trkpt>
    <trkpt lat="46.66599300" lon="8.15231300">
      <ele>2611.000</ele>
    </trkpt>
    <trkpt lat="46.66599100" lon="8.15228300">
      <ele>2611.000</ele>
    </trkpt>
    <trkpt lat="46.66599600" lon="8.15228500">
      <ele>2611.000</ele>
    </trkpt>
    <trkpt lat="46.66599900" lon="8.15228100">
      <ele>2611.000</ele>
    </trkpt>
    <trkpt lat="46.66599700" lon="8.15227700">
      <ele>2611.000</ele>
    </trkpt>
    <trkpt lat="46.66599900" lon="8.15228100">
      <ele>2611.000</ele>
    </trkpt>
    <trkpt lat="46.66599600" lon="8.15227000">
      <ele>2611.000</ele>
    </trkpt>
    <trkpt lat="46.66600400" lon="8.15228400">
      <ele>2611.000</ele>
    </trkpt>
    <trkpt lat="46.66600100" lon="8.15229100">
      <ele>2611.000</ele>
    </trkpt>
    <trkpt lat="46.66600000" lon="8.15229100">
      <ele>2611.000</ele>
    </trkpt>
    <trkpt lat="46.66599600" lon="8.15228300">
      <ele>2611.000</ele>
    </trkpt>
    <trkpt lat="46.66599900" lon="8.15228100">
      <ele>2611.000</ele>
    </trkpt>
    <trkpt lat="46.66599800" lon="8.15228800">
      <ele>2611.000</ele>
    </trkpt>
    <trkpt lat="46.66599400" lon="8.15229000">
      <ele>2611.000</ele>
    </trkpt>
    <trkpt lat="46.66599500" lon="8.15229900">
      <ele>2611.000</ele>
    </trkpt>
    <trkpt lat="46.66599700" lon="8.15230400">
      <ele>2611.000</ele>
    </trkpt>
    <trkpt lat="46.66599000" lon="8.15230600">
      <ele>2611.000</ele>
    </trkpt>
    <trkpt lat="46.66598800" lon="8.15229800">
      <ele>2611.000</ele>
    </trkpt>
    <trkpt lat="46.66598600" lon="8.15232000">
      <ele>2611.000</ele>
    </trkpt>
    <trkpt lat="46.66599100" lon="8.15231000">
      <ele>2611.000</ele>
    </trkpt>
    <trkpt lat="46.66600300" lon="8.15231400">
      <ele>2611.000</ele>
    </trkpt>
    <trkpt lat="46.66600400" lon="8.15228900">
      <ele>2611.000</ele>
    </trkpt>
    <trkpt lat="46.66600000" lon="8.15231000">
      <ele>2611.000</ele>
    </trkpt>
    <trkpt lat="46.66600100" lon="8.15230500">
      <ele>2611.000</ele>
    </trkpt>
    <trkpt lat="46.66599700" lon="8.15230000">
      <ele>2611.000</ele>
    </trkpt>
    <trkpt lat="46.66599500" lon="8.15229800">
      <ele>2611.000</ele>
    </trkpt>
    <trkpt lat="46.66599900" lon="8.15227300">
      <ele>2611.000</ele>
    </trkpt>
    <trkpt lat="46.66599800" lon="8.15229200">
      <ele>2611.000</ele>
    </trkpt>
    <trkpt lat="46.66599900" lon="8.15229700">
      <ele>2611.000</ele>
    </trkpt>
    <trkpt lat="46.66599900" lon="8.15228100">
      <ele>2611.000</ele>
    </trkpt>
    <trkpt lat="46.66599900" lon="8.15228100">
      <ele>2611.000</ele>
    </trkpt>
    <trkpt lat="46.66599900" lon="8.15228100">
      <ele>2611.000</ele>
    </trkpt>
    <trkpt lat="46.66599100" lon="8.15228200">
      <ele>2611.000</ele>
    </trkpt>
    <trkpt lat="46.66599900" lon="8.15228100">
      <ele>2611.000</ele>
    </trkpt>
    <trkpt lat="46.66599900" lon="8.15228100">
      <ele>2611.000</ele>
    </trkpt>
    <trkpt lat="46.66599900" lon="8.15228100">
      <ele>2611.000</ele>
    </trkpt>
    <trkpt lat="46.66599600" lon="8.15228700">
      <ele>2611.000</ele>
    </trkpt>
    <trkpt lat="46.66599400" lon="8.15229300">
      <ele>2611.000</ele>
    </trkpt>
    <trkpt lat="46.66599500" lon="8.15228800">
      <ele>2611.000</ele>
    </trkpt>
    <trkpt lat="46.66599200" lon="8.15230500">
      <ele>2611.000</ele>
    </trkpt>
    <trkpt lat="46.66599600" lon="8.15230600">
      <ele>2611.000</ele>
    </trkpt>
    <trkpt lat="46.66599700" lon="8.15232200">
      <ele>2611.000</ele>
    </trkpt>
    <trkpt lat="46.66599700" lon="8.15231400">
      <ele>2611.000</ele>
    </trkpt>
    <trkpt lat="46.66599600" lon="8.15229400">
      <ele>2611.000</ele>
    </trkpt>
    <trkpt lat="46.66599600" lon="8.15229100">
      <ele>2611.000</ele>
    </trkpt>
    <trkpt lat="46.66599000" lon="8.15230400">
      <ele>2611.000</ele>
    </trkpt>
    <trkpt lat="46.66599300" lon="8.15229800">
      <ele>2611.000</ele>
    </trkpt>
    <trkpt lat="46.66599300" lon="8.15230600">
      <ele>2611.000</ele>
    </trkpt>
    <trkpt lat="46.66599400" lon="8.15230600">
      <ele>2611.000</ele>
    </trkpt>
    <trkpt lat="46.66599200" lon="8.15230700">
      <ele>2611.000</ele>
    </trkpt>
    <trkpt lat="46.66599200" lon="8.15230100">
      <ele>2611.000</ele>
    </trkpt>
    <trkpt lat="46.66598600" lon="8.15228800">
      <ele>2611.000</ele>
    </trkpt>
    <trkpt lat="46.66599200" lon="8.15228700">
      <ele>2611.000</ele>
    </trkpt>
    <trkpt lat="46.66598700" lon="8.15229100">
      <ele>2611.000</ele>
    </trkpt>
    <trkpt lat="46.66599300" lon="8.15231400">
      <ele>2611.000</ele>
    </trkpt>
    <trkpt lat="46.66599500" lon="8.15232000">
      <ele>2611.000</ele>
    </trkpt>
    <trkpt lat="46.66599600" lon="8.15231900">
      <ele>2611.000</ele>
    </trkpt>
    <trkpt lat="46.66599600" lon="8.15231900">
      <ele>2611.000</ele>
    </trkpt>
    <trkpt lat="46.66600100" lon="8.15230900">
      <ele>2611.000</ele>
    </trkpt>
    <trkpt lat="46.66600200" lon="8.15231200">
      <ele>2611.000</ele>
    </trkpt>
    <trkpt lat="46.66598500" lon="8.15228500">
      <ele>2611.000</ele>
    </trkpt>
    <trkpt lat="46.66597000" lon="8.15226100">
      <ele>2562.000</ele>
    </trkpt>
    <trkpt lat="46.66596300" lon="8.15225700">
      <ele>2562.000</ele>
    </trkpt>
    <trkpt lat="46.66595300" lon="8.15225600">
      <ele>2562.000</ele>
    </trkpt>
    <trkpt lat="46.66595400" lon="8.15226200">
      <ele>2562.000</ele>
    </trkpt>
    <trkpt lat="46.66595400" lon="8.15226900">
      <ele>2562.000</ele>
    </trkpt>
    <trkpt lat="46.66594400" lon="8.15226800">
      <ele>2562.000</ele>
    </trkpt>
    <trkpt lat="46.66593600" lon="8.15227700">
      <ele>2562.000</ele>
    </trkpt>
    <trkpt lat="46.66593000" lon="8.15227100">
      <ele>2562.000</ele>
    </trkpt>
    <trkpt lat="46.66592800" lon="8.15227500">
      <ele>2562.000</ele>
    </trkpt>
    <trkpt lat="46.66592800" lon="8.15227500">
      <ele>2562.000</ele>
    </trkpt>
    <trkpt lat="46.66592800" lon="8.15227400">
      <ele>2562.000</ele>
    </trkpt>
    <trkpt lat="46.66592100" lon="8.15226900">
      <ele>2562.000</ele>
    </trkpt>
    <trkpt lat="46.66592800" lon="8.15227500">
      <ele>2562.000</ele>
    </trkpt>
    <trkpt lat="46.66592800" lon="8.15227500">
      <ele>2562.000</ele>
    </trkpt>
    <trkpt lat="46.66591300" lon="8.15225000">
      <ele>2562.000</ele>
    </trkpt>
    <trkpt lat="46.66591000" lon="8.15223500">
      <ele>2562.000</ele>
    </trkpt>
    <trkpt lat="46.66590900" lon="8.15223200">
      <ele>2562.000</ele>
    </trkpt>
    <trkpt lat="46.66590900" lon="8.15223100">
      <ele>2562.000</ele>
    </trkpt>
    <trkpt lat="46.66590700" lon="8.15222700">
      <ele>2562.000</ele>
    </trkpt>
    <trkpt lat="46.66589600" lon="8.15223000">
      <ele>2562.000</ele>
    </trkpt>
    <trkpt lat="46.66589300" lon="8.15222900">
      <ele>2562.000</ele>
    </trkpt>
    <trkpt lat="46.66589300" lon="8.15222900">
      <ele>2562.000</ele>
    </trkpt>
    <trkpt lat="46.66589300" lon="8.15222900">
      <ele>2562.000</ele>
    </trkpt>
    <trkpt lat="46.66589200" lon="8.15223100">
      <ele>2562.000</ele>
    </trkpt>
    <trkpt lat="46.66588600" lon="8.15222400">
      <ele>2562.000</ele>
    </trkpt>
    <trkpt lat="46.66588500" lon="8.15222500">
      <ele>2562.000</ele>
    </trkpt>
    <trkpt lat="46.66587700" lon="8.15221700">
      <ele>2562.000</ele>
    </trkpt>
    <trkpt lat="46.66587600" lon="8.15221300">
      <ele>2562.000</ele>
    </trkpt>
    <trkpt lat="46.66587900" lon="8.15221300">
      <ele>2562.000</ele>
    </trkpt>
    <trkpt lat="46.66588300" lon="8.15221400">
      <ele>2562.000</ele>
    </trkpt>
    <trkpt lat="46.66588900" lon="8.15221300">
      <ele>2562.000</ele>
    </trkpt>
    <trkpt lat="46.66587900" lon="8.15220600">
      <ele>2562.000</ele>
    </trkpt>
    <trkpt lat="46.66586600" lon="8.15219900">
      <ele>2562.000</ele>
    </trkpt>
    <trkpt lat="46.66586600" lon="8.15220400">
      <ele>2562.000</ele>
    </trkpt>
    <trkpt lat="46.66586600" lon="8.15220400">
      <ele>2562.000</ele>
    </trkpt>
    <trkpt lat="46.66586600" lon="8.15220600">
      <ele>2562.000</ele>
    </trkpt>
    <trkpt lat="46.66585800" lon="8.15219300">
      <ele>2562.000</ele>
    </trkpt>
    <trkpt lat="46.66585300" lon="8.15221400">
      <ele>2562.000</ele>
    </trkpt>
    <trkpt lat="46.66585400" lon="8.15221800">
      <ele>2562.000</ele>
    </trkpt>
    <trkpt lat="46.66585400" lon="8.15221800">
      <ele>2562.000</ele>
    </trkpt>
    <trkpt lat="46.66585400" lon="8.15221800">
      <ele>2562.000</ele>
    </trkpt>
    <trkpt lat="46.66585400" lon="8.15221800">
      <ele>2562.000</ele>
    </trkpt>
    <trkpt lat="46.66585400" lon="8.15221800">
      <ele>2562.000</ele>
    </trkpt>
    <trkpt lat="46.66586900" lon="8.15220900">
      <ele>2562.000</ele>
    </trkpt>
    <trkpt lat="46.66586900" lon="8.15219900">
      <ele>2562.000</ele>
    </trkpt>
    <trkpt lat="46.66588200" lon="8.15219000">
      <ele>2562.000</ele>
    </trkpt>
    <trkpt lat="46.66588100" lon="8.15218600">
      <ele>2562.000</ele>
    </trkpt>
    <trkpt lat="46.66587700" lon="8.15219000">
      <ele>2562.000</ele>
    </trkpt>
    <trkpt lat="46.66588100" lon="8.15218600">
      <ele>2562.000</ele>
    </trkpt>
    <trkpt lat="46.66588100" lon="8.15218600">
      <ele>2562.000</ele>
    </trkpt>
    <trkpt lat="46.66588100" lon="8.15218600">
      <ele>2562.000</ele>
    </trkpt>
    <trkpt lat="46.66587200" lon="8.15218700">
      <ele>2562.000</ele>
    </trkpt>
    <trkpt lat="46.66587400" lon="8.15218000">
      <ele>2562.000</ele>
    </trkpt>
    <trkpt lat="46.66587200" lon="8.15217400">
      <ele>2562.000</ele>
    </trkpt>
    <trkpt lat="46.66587900" lon="8.15217500">
      <ele>2562.000</ele>
    </trkpt>
    <trkpt lat="46.66587900" lon="8.15217900">
      <ele>2562.000</ele>
    </trkpt>
    <trkpt lat="46.66587400" lon="8.15218200">
      <ele>2562.000</ele>
    </trkpt>
    <trkpt lat="46.66588100" lon="8.15218600">
      <ele>2562.000</ele>
    </trkpt>
    <trkpt lat="46.66586400" lon="8.15218600">
      <ele>2562.000</ele>
    </trkpt>
    <trkpt lat="46.66586300" lon="8.15218300">
      <ele>2562.000</ele>
    </trkpt>
    <trkpt lat="46.66586000" lon="8.15217700">
      <ele>2562.000</ele>
    </trkpt>
    <trkpt lat="46.66585100" lon="8.15218000">
      <ele>2562.000</ele>
    </trkpt>
    <trkpt lat="46.66585300" lon="8.15217500">
      <ele>2562.000</ele>
    </trkpt>
    <trkpt lat="46.66585100" lon="8.15216400">
      <ele>2562.000</ele>
    </trkpt>
    <trkpt lat="46.66584900" lon="8.15214700">
      <ele>2562.000</ele>
    </trkpt>
    <trkpt lat="46.66585100" lon="8.15214500">
      <ele>2562.000</ele>
    </trkpt>
    <trkpt lat="46.66584400" lon="8.15214500">
      <ele>2562.000</ele>
    </trkpt>
    <trkpt lat="46.66584500" lon="8.15211600">
      <ele>2562.000</ele>
    </trkpt>
    <trkpt lat="46.66584400" lon="8.15211500">
      <ele>2562.000</ele>
    </trkpt>
    <trkpt lat="46.66584200" lon="8.15213200">
      <ele>2562.000</ele>
    </trkpt>
    <trkpt lat="46.66583200" lon="8.15213400">
      <ele>2562.000</ele>
    </trkpt>
    <trkpt lat="46.66583900" lon="8.15211100">
      <ele>2562.000</ele>
    </trkpt>
    <trkpt lat="46.66582900" lon="8.15211500">
      <ele>2562.000</ele>
    </trkpt>
    <trkpt lat="46.66582300" lon="8.15211500">
      <ele>2562.000</ele>
    </trkpt>
    <trkpt lat="46.66581600" lon="8.15209700">
      <ele>2562.000</ele>
    </trkpt>
    <trkpt lat="46.66581700" lon="8.15209200">
      <ele>2562.000</ele>
    </trkpt>
    <trkpt lat="46.66581700" lon="8.15208500">
      <ele>2562.000</ele>
    </trkpt>
    <trkpt lat="46.66581700" lon="8.15208500">
      <ele>2562.000</ele>
    </trkpt>
    <trkpt lat="46.66581700" lon="8.15208500">
      <ele>2562.000</ele>
    </trkpt>
    <trkpt lat="46.66581700" lon="8.15208500">
      <ele>2562.000</ele>
    </trkpt>
    <trkpt lat="46.66581000" lon="8.15207600">
      <ele>2616.000</ele>
    </trkpt>
    <trkpt lat="46.66580400" lon="8.15207400">
      <ele>2616.000</ele>
    </trkpt>
    <trkpt lat="46.66580400" lon="8.15207400">
      <ele>2616.000</ele>
    </trkpt>
    <trkpt lat="46.66580200" lon="8.15207500">
      <ele>2616.000</ele>
    </trkpt>
    <trkpt lat="46.66581300" lon="8.15207600">
      <ele>2616.000</ele>
    </trkpt>
    <trkpt lat="46.66581400" lon="8.15207600">
      <ele>2616.000</ele>
    </trkpt>
    <trkpt lat="46.66580900" lon="8.15207600">
      <ele>2616.000</ele>
    </trkpt>
    <trkpt lat="46.66580500" lon="8.15208100">
      <ele>2616.000</ele>
    </trkpt>
    <trkpt lat="46.66580400" lon="8.15208400">
      <ele>2562.000</ele>
    </trkpt>
    <trkpt lat="46.66580500" lon="8.15208600">
      <ele>2562.000</ele>
    </trkpt>
    <trkpt lat="46.66580800" lon="8.15208800">
      <ele>2562.000</ele>
    </trkpt>
    <trkpt lat="46.66580900" lon="8.15208700">
      <ele>2562.000</ele>
    </trkpt>
    <trkpt lat="46.66581000" lon="8.15208700">
      <ele>2562.000</ele>
    </trkpt>
    <trkpt lat="46.66581000" lon="8.15208900">
      <ele>2562.000</ele>
    </trkpt>
    <trkpt lat="46.66580400" lon="8.15207400">
      <ele>2616.000</ele>
    </trkpt>
    <trkpt lat="46.66580400" lon="8.15207400">
      <ele>2616.000</ele>
    </trkpt>
    <trkpt lat="46.66580900" lon="8.15208600">
      <ele>2562.000</ele>
    </trkpt>
    <trkpt lat="46.66580300" lon="8.15209100">
      <ele>2562.000</ele>
    </trkpt>
    <trkpt lat="46.66580900" lon="8.15208800">
      <ele>2562.000</ele>
    </trkpt>
    <trkpt lat="46.66580200" lon="8.15209600">
      <ele>2562.000</ele>
    </trkpt>
    <trkpt lat="46.66579600" lon="8.15210900">
      <ele>2562.000</ele>
    </trkpt>
    <trkpt lat="46.66579400" lon="8.15211100">
      <ele>2562.000</ele>
    </trkpt>
    <trkpt lat="46.66579200" lon="8.15211000">
      <ele>2562.000</ele>
    </trkpt>
    <trkpt lat="46.66579900" lon="8.15209700">
      <ele>2562.000</ele>
    </trkpt>
    <trkpt lat="46.66580100" lon="8.15209800">
      <ele>2562.000</ele>
    </trkpt>
    <trkpt lat="46.66580000" lon="8.15210000">
      <ele>2562.000</ele>
    </trkpt>
    <trkpt lat="46.66580000" lon="8.15210000">
      <ele>2562.000</ele>
    </trkpt>
    <trkpt lat="46.66580200" lon="8.15209900">
      <ele>2562.000</ele>
    </trkpt>
    <trkpt lat="46.66580200" lon="8.15210500">
      <ele>2562.000</ele>
    </trkpt>
    <trkpt lat="46.66580000" lon="8.15210500">
      <ele>2562.000</ele>
    </trkpt>
    <trkpt lat="46.66580400" lon="8.15209900">
      <ele>2562.000</ele>
    </trkpt>
    <trkpt lat="46.66581100" lon="8.15209300">
      <ele>2562.000</ele>
    </trkpt>
    <trkpt lat="46.66581000" lon="8.15210000">
      <ele>2562.000</ele>
    </trkpt>
    <trkpt lat="46.66580700" lon="8.15210400">
      <ele>2562.000</ele>
    </trkpt>
    <trkpt lat="46.66580000" lon="8.15210000">
      <ele>2562.000</ele>
    </trkpt>
    <trkpt lat="46.66580800" lon="8.15210800">
      <ele>2562.000</ele>
    </trkpt>
    <trkpt lat="46.66580800" lon="8.15210200">
      <ele>2562.000</ele>
    </trkpt>
    <trkpt lat="46.66580000" lon="8.15210000">
      <ele>2562.000</ele>
    </trkpt>
    <trkpt lat="46.66580000" lon="8.15210000">
      <ele>2562.000</ele>
    </trkpt>
    <trkpt lat="46.66580900" lon="8.15210100">
      <ele>2562.000</ele>
    </trkpt>
    <trkpt lat="46.66580000" lon="8.15210000">
      <ele>2562.000</ele>
    </trkpt>
    <trkpt lat="46.66580100" lon="8.15210700">
      <ele>2562.000</ele>
    </trkpt>
    <trkpt lat="46.66580000" lon="8.15210000">
      <ele>2562.000</ele>
    </trkpt>
    <trkpt lat="46.66579300" lon="8.15210100">
      <ele>2562.000</ele>
    </trkpt>
    <trkpt lat="46.66580000" lon="8.15210000">
      <ele>2562.000</ele>
    </trkpt>
    <trkpt lat="46.66580000" lon="8.15210000">
      <ele>2562.000</ele>
    </trkpt>
    <trkpt lat="46.66580000" lon="8.15210000">
      <ele>2562.000</ele>
    </trkpt>
    <trkpt lat="46.66580000" lon="8.15210000">
      <ele>2562.000</ele>
    </trkpt>
    <trkpt lat="46.66580000" lon="8.15210000">
      <ele>2562.000</ele>
    </trkpt>
    <trkpt lat="46.66580000" lon="8.15210000">
      <ele>2562.000</ele>
    </trkpt>
    <trkpt lat="46.66580000" lon="8.15210000">
      <ele>2562.000</ele>
    </trkpt>
    <trkpt lat="46.66579600" lon="8.15209800">
      <ele>2562.000</ele>
    </trkpt>
    <trkpt lat="46.66580000" lon="8.15210000">
      <ele>2562.000</ele>
    </trkpt>
    <trkpt lat="46.66580000" lon="8.15210000">
      <ele>2562.000</ele>
    </trkpt>
    <trkpt lat="46.66580000" lon="8.15210000">
      <ele>2562.000</ele>
    </trkpt>
    <trkpt lat="46.66580000" lon="8.15210000">
      <ele>2562.000</ele>
    </trkpt>
    <trkpt lat="46.66580000" lon="8.15210000">
      <ele>2562.000</ele>
    </trkpt>
    <trkpt lat="46.66580000" lon="8.15210000">
      <ele>2562.000</ele>
    </trkpt>
    <trkpt lat="46.66580000" lon="8.15210000">
      <ele>2562.000</ele>
    </trkpt>
    <trkpt lat="46.66580000" lon="8.15210000">
      <ele>2562.000</ele>
    </trkpt>
    <trkpt lat="46.66580000" lon="8.15210000">
      <ele>2562.000</ele>
    </trkpt>
    <trkpt lat="46.66580000" lon="8.15210900">
      <ele>2562.000</ele>
    </trkpt>
    <trkpt lat="46.66580000" lon="8.15210600">
      <ele>2562.000</ele>
    </trkpt>
    <trkpt lat="46.66580000" lon="8.15210000">
      <ele>2562.000</ele>
    </trkpt>
    <trkpt lat="46.66580000" lon="8.15210000">
      <ele>2562.000</ele>
    </trkpt>
    <trkpt lat="46.66580000" lon="8.15210000">
      <ele>2562.000</ele>
    </trkpt>
    <trkpt lat="46.66580000" lon="8.15210000">
      <ele>2562.000</ele>
    </trkpt>
    <trkpt lat="46.66580000" lon="8.15210000">
      <ele>2562.000</ele>
    </trkpt>
    <trkpt lat="46.66580000" lon="8.15210000">
      <ele>2562.000</ele>
    </trkpt>
    <trkpt lat="46.66580000" lon="8.15210000">
      <ele>2562.000</ele>
    </trkpt>
    <trkpt lat="46.66580000" lon="8.15210000">
      <ele>2562.000</ele>
    </trkpt>
    <trkpt lat="46.66580000" lon="8.15210000">
      <ele>2562.000</ele>
    </trkpt>
    <trkpt lat="46.66580000" lon="8.15210000">
      <ele>2562.000</ele>
    </trkpt>
    <trkpt lat="46.66579800" lon="8.15211100">
      <ele>2562.000</ele>
    </trkpt>
    <trkpt lat="46.66580000" lon="8.15210000">
      <ele>2562.000</ele>
    </trkpt>
    <trkpt lat="46.66580000" lon="8.15210000">
      <ele>2562.000</ele>
    </trkpt>
    <trkpt lat="46.66580000" lon="8.15210000">
      <ele>2562.000</ele>
    </trkpt>
    <trkpt lat="46.66580000" lon="8.15210000">
      <ele>2562.000</ele>
    </trkpt>
    <trkpt lat="46.66580000" lon="8.15210000">
      <ele>2562.000</ele>
    </trkpt>
    <trkpt lat="46.66580000" lon="8.15210000">
      <ele>2562.000</ele>
    </trkpt>
    <trkpt lat="46.66580000" lon="8.15210000">
      <ele>2562.000</ele>
    </trkpt>
    <trkpt lat="46.66580000" lon="8.15210000">
      <ele>2562.000</ele>
    </trkpt>
    <trkpt lat="46.66580000" lon="8.15210000">
      <ele>2562.000</ele>
    </trkpt>
    <trkpt lat="46.66580000" lon="8.15210000">
      <ele>2562.000</ele>
    </trkpt>
    <trkpt lat="46.66580900" lon="8.15210600">
      <ele>2562.000</ele>
    </trkpt>
    <trkpt lat="46.66581100" lon="8.15210000">
      <ele>2562.000</ele>
    </trkpt>
    <trkpt lat="46.66580000" lon="8.15210000">
      <ele>2562.000</ele>
    </trkpt>
    <trkpt lat="46.66580000" lon="8.15210000">
      <ele>2562.000</ele>
    </trkpt>
    <trkpt lat="46.66580000" lon="8.15210000">
      <ele>2562.000</ele>
    </trkpt>
    <trkpt lat="46.66580000" lon="8.15210000">
      <ele>2562.000</ele>
    </trkpt>
    <trkpt lat="46.66580000" lon="8.15210000">
      <ele>2562.000</ele>
    </trkpt>
    <trkpt lat="46.66580000" lon="8.15210000">
      <ele>2562.000</ele>
    </trkpt>
    <trkpt lat="46.66580000" lon="8.15210000">
      <ele>2562.000</ele>
    </trkpt>
    <trkpt lat="46.66580000" lon="8.15210000">
      <ele>2562.000</ele>
    </trkpt>
    <trkpt lat="46.66580000" lon="8.15210000">
      <ele>2562.000</ele>
    </trkpt>
    <trkpt lat="46.66580000" lon="8.15210000">
      <ele>2562.000</ele>
    </trkpt>
    <trkpt lat="46.66580000" lon="8.15210000">
      <ele>2562.000</ele>
    </trkpt>
    <trkpt lat="46.66580000" lon="8.15210000">
      <ele>2562.000</ele>
    </trkpt>
    <trkpt lat="46.66580000" lon="8.15210000">
      <ele>2562.000</ele>
    </trkpt>
    <trkpt lat="46.66580000" lon="8.15210000">
      <ele>2562.000</ele>
    </trkpt>
    <trkpt lat="46.66580000" lon="8.15210000">
      <ele>2562.000</ele>
    </trkpt>
    <trkpt lat="46.66580000" lon="8.15210000">
      <ele>2562.000</ele>
    </trkpt>
    <trkpt lat="46.66580000" lon="8.15210000">
      <ele>2562.000</ele>
    </trkpt>
    <trkpt lat="46.66580000" lon="8.15210000">
      <ele>2562.000</ele>
    </trkpt>
    <trkpt lat="46.66580200" lon="8.15210500">
      <ele>2562.000</ele>
    </trkpt>
    <trkpt lat="46.66579000" lon="8.15209500">
      <ele>2562.000</ele>
    </trkpt>
    <trkpt lat="46.66579000" lon="8.15209300">
      <ele>2562.000</ele>
    </trkpt>
    <trkpt lat="46.66579400" lon="8.15208000">
      <ele>2616.000</ele>
    </trkpt>
    <trkpt lat="46.66578700" lon="8.15206600">
      <ele>2616.000</ele>
    </trkpt>
    <trkpt lat="46.66578900" lon="8.15206400">
      <ele>2616.000</ele>
    </trkpt>
    <trkpt lat="46.66578800" lon="8.15205300">
      <ele>2616.000</ele>
    </trkpt>
    <trkpt lat="46.66577500" lon="8.15203200">
      <ele>2616.000</ele>
    </trkpt>
    <trkpt lat="46.66577500" lon="8.15203200">
      <ele>2616.000</ele>
    </trkpt>
    <trkpt lat="46.66577500" lon="8.15203200">
      <ele>2616.000</ele>
    </trkpt>
    <trkpt lat="46.66577500" lon="8.15203200">
      <ele>2616.000</ele>
    </trkpt>
    <trkpt lat="46.66576400" lon="8.15201400">
      <ele>2616.000</ele>
    </trkpt>
    <trkpt lat="46.66576400" lon="8.15201500">
      <ele>2616.000</ele>
    </trkpt>
    <trkpt lat="46.66575000" lon="8.15200100">
      <ele>2616.000</ele>
    </trkpt>
    <trkpt lat="46.66574900" lon="8.15200000">
      <ele>2616.000</ele>
    </trkpt>
    <trkpt lat="46.66574800" lon="8.15199800">
      <ele>2616.000</ele>
    </trkpt>
    <trkpt lat="46.66574800" lon="8.15199800">
      <ele>2616.000</ele>
    </trkpt>
    <trkpt lat="46.66575000" lon="8.15199500">
      <ele>2616.000</ele>
    </trkpt>
    <trkpt lat="46.66574800" lon="8.15199400">
      <ele>2616.000</ele>
    </trkpt>
    <trkpt lat="46.66576100" lon="8.15199400">
      <ele>2616.000</ele>
    </trkpt>
    <trkpt lat="46.66576300" lon="8.15199100">
      <ele>2616.000</ele>
    </trkpt>
    <trkpt lat="46.66576600" lon="8.15198800">
      <ele>2616.000</ele>
    </trkpt>
    <trkpt lat="46.66577300" lon="8.15198900">
      <ele>2616.000</ele>
    </trkpt>
    <trkpt lat="46.66576600" lon="8.15198800">
      <ele>2616.000</ele>
    </trkpt>
    <trkpt lat="46.66577600" lon="8.15199000">
      <ele>2616.000</ele>
    </trkpt>
    <trkpt lat="46.66577800" lon="8.15198700">
      <ele>2616.000</ele>
    </trkpt>
    <trkpt lat="46.66578700" lon="8.15198500">
      <ele>2616.000</ele>
    </trkpt>
    <trkpt lat="46.66578900" lon="8.15198200">
      <ele>2616.000</ele>
    </trkpt>
    <trkpt lat="46.66578900" lon="8.15198200">
      <ele>2616.000</ele>
    </trkpt>
    <trkpt lat="46.66578900" lon="8.15198200">
      <ele>2616.000</ele>
    </trkpt>
    <trkpt lat="46.66578900" lon="8.15198200">
      <ele>2616.000</ele>
    </trkpt>
    <trkpt lat="46.66579000" lon="8.15198300">
      <ele>2616.000</ele>
    </trkpt>
    <trkpt lat="46.66579400" lon="8.15197900">
      <ele>2616.000</ele>
    </trkpt>
    <trkpt lat="46.66580700" lon="8.15198000">
      <ele>2616.000</ele>
    </trkpt>
    <trkpt lat="46.66580500" lon="8.15197300">
      <ele>2616.000</ele>
    </trkpt>
    <trkpt lat="46.66580500" lon="8.15197400">
      <ele>2616.000</ele>
    </trkpt>
    <trkpt lat="46.66579800" lon="8.15195200">
      <ele>2616.000</ele>
    </trkpt>
    <trkpt lat="46.66579600" lon="8.15194900">
      <ele>2616.000</ele>
    </trkpt>
    <trkpt lat="46.66580000" lon="8.15194100">
      <ele>2616.000</ele>
    </trkpt>
    <trkpt lat="46.66580200" lon="8.15193900">
      <ele>2616.000</ele>
    </trkpt>
    <trkpt lat="46.66580300" lon="8.15193800">
      <ele>2616.000</ele>
    </trkpt>
    <trkpt lat="46.66580300" lon="8.15193800">
      <ele>2616.000</ele>
    </trkpt>
    <trkpt lat="46.66580300" lon="8.15193800">
      <ele>2616.000</ele>
    </trkpt>
    <trkpt lat="46.66580300" lon="8.15193800">
      <ele>2616.000</ele>
    </trkpt>
    <trkpt lat="46.66580300" lon="8.15193500">
      <ele>2616.000</ele>
    </trkpt>
    <trkpt lat="46.66580200" lon="8.15193600">
      <ele>2616.000</ele>
    </trkpt>
    <trkpt lat="46.66580300" lon="8.15193800">
      <ele>2616.000</ele>
    </trkpt>
    <trkpt lat="46.66580300" lon="8.15193800">
      <ele>2616.000</ele>
    </trkpt>
    <trkpt lat="46.66580500" lon="8.15194000">
      <ele>2616.000</ele>
    </trkpt>
    <trkpt lat="46.66580600" lon="8.15194400">
      <ele>2616.000</ele>
    </trkpt>
    <trkpt lat="46.66580300" lon="8.15193800">
      <ele>2616.000</ele>
    </trkpt>
    <trkpt lat="46.66580300" lon="8.15193800">
      <ele>2616.000</ele>
    </trkpt>
    <trkpt lat="46.66579800" lon="8.15194600">
      <ele>2616.000</ele>
    </trkpt>
    <trkpt lat="46.66579400" lon="8.15195200">
      <ele>2616.000</ele>
    </trkpt>
    <trkpt lat="46.66579900" lon="8.15194200">
      <ele>2616.000</ele>
    </trkpt>
    <trkpt lat="46.66580300" lon="8.15193800">
      <ele>2616.000</ele>
    </trkpt>
    <trkpt lat="46.66579900" lon="8.15194100">
      <ele>2616.000</ele>
    </trkpt>
    <trkpt lat="46.66580600" lon="8.15194800">
      <ele>2616.000</ele>
    </trkpt>
    <trkpt lat="46.66580700" lon="8.15195000">
      <ele>2616.000</ele>
    </trkpt>
    <trkpt lat="46.66579900" lon="8.15195600">
      <ele>2616.000</ele>
    </trkpt>
    <trkpt lat="46.66579700" lon="8.15196100">
      <ele>2616.000</ele>
    </trkpt>
    <trkpt lat="46.66579800" lon="8.15195200">
      <ele>2616.000</ele>
    </trkpt>
    <trkpt lat="46.66580300" lon="8.15193800">
      <ele>2616.000</ele>
    </trkpt>
    <trkpt lat="46.66580300" lon="8.15194900">
      <ele>2616.000</ele>
    </trkpt>
    <trkpt lat="46.66580000" lon="8.15194800">
      <ele>2616.000</ele>
    </trkpt>
    <trkpt lat="46.66580300" lon="8.15193800">
      <ele>2616.000</ele>
    </trkpt>
    <trkpt lat="46.66580300" lon="8.15193800">
      <ele>2616.000</ele>
    </trkpt>
    <trkpt lat="46.66580300" lon="8.15193800">
      <ele>2616.000</ele>
    </trkpt>
    <trkpt lat="46.66580300" lon="8.15193800">
      <ele>2616.000</ele>
    </trkpt>
    <trkpt lat="46.66580200" lon="8.15194400">
      <ele>2616.000</ele>
    </trkpt>
    <trkpt lat="46.66579700" lon="8.15195100">
      <ele>2616.000</ele>
    </trkpt>
    <trkpt lat="46.66579300" lon="8.15196700">
      <ele>2616.000</ele>
    </trkpt>
    <trkpt lat="46.66579900" lon="8.15195300">
      <ele>2616.000</ele>
    </trkpt>
    <trkpt lat="46.66580000" lon="8.15194400">
      <ele>2616.000</ele>
    </trkpt>
    <trkpt lat="46.66580300" lon="8.15193800">
      <ele>2616.000</ele>
    </trkpt>
    <trkpt lat="46.66580300" lon="8.15193800">
      <ele>2616.000</ele>
    </trkpt>
    <trkpt lat="46.66580300" lon="8.15193800">
      <ele>2616.000</ele>
    </trkpt>
    <trkpt lat="46.66580300" lon="8.15193800">
      <ele>2616.000</ele>
    </trkpt>
    <trkpt lat="46.66580300" lon="8.15193800">
      <ele>2616.000</ele>
    </trkpt>
    <trkpt lat="46.66580300" lon="8.15193800">
      <ele>2616.000</ele>
    </trkpt>
    <trkpt lat="46.66579000" lon="8.15195200">
      <ele>2616.000</ele>
    </trkpt>
    <trkpt lat="46.66579100" lon="8.15194800">
      <ele>2616.000</ele>
    </trkpt>
    <trkpt lat="46.66579300" lon="8.15193700">
      <ele>2616.000</ele>
    </trkpt>
    <trkpt lat="46.66580300" lon="8.15193800">
      <ele>2616.000</ele>
    </trkpt>
    <trkpt lat="46.66580300" lon="8.15193800">
      <ele>2616.000</ele>
    </trkpt>
    <trkpt lat="46.66580300" lon="8.15193800">
      <ele>2616.000</ele>
    </trkpt>
    <trkpt lat="46.66580300" lon="8.15193800">
      <ele>2616.000</ele>
    </trkpt>
    <trkpt lat="46.66580300" lon="8.15193800">
      <ele>2616.000</ele>
    </trkpt>
    <trkpt lat="46.66580300" lon="8.15193800">
      <ele>2616.000</ele>
    </trkpt>
    <trkpt lat="46.66580300" lon="8.15193800">
      <ele>2616.000</ele>
    </trkpt>
    <trkpt lat="46.66580300" lon="8.15193800">
      <ele>2616.000</ele>
    </trkpt>
    <trkpt lat="46.66580300" lon="8.15193800">
      <ele>2616.000</ele>
    </trkpt>
    <trkpt lat="46.66580300" lon="8.15193800">
      <ele>2616.000</ele>
    </trkpt>
    <trkpt lat="46.66580300" lon="8.15193800">
      <ele>2616.000</ele>
    </trkpt>
    <trkpt lat="46.66579800" lon="8.15193700">
      <ele>2616.000</ele>
    </trkpt>
    <trkpt lat="46.66580000" lon="8.15193100">
      <ele>2616.000</ele>
    </trkpt>
    <trkpt lat="46.66580300" lon="8.15193800">
      <ele>2616.000</ele>
    </trkpt>
    <trkpt lat="46.66580100" lon="8.15193900">
      <ele>2616.000</ele>
    </trkpt>
    <trkpt lat="46.66580300" lon="8.15193800">
      <ele>2616.000</ele>
    </trkpt>
    <trkpt lat="46.66580300" lon="8.15193800">
      <ele>2616.000</ele>
    </trkpt>
    <trkpt lat="46.66580300" lon="8.15193800">
      <ele>2616.000</ele>
    </trkpt>
    <trkpt lat="46.66580300" lon="8.15193800">
      <ele>2616.000</ele>
    </trkpt>
    <trkpt lat="46.66580300" lon="8.15193800">
      <ele>2616.000</ele>
    </trkpt>
    <trkpt lat="46.66580100" lon="8.15195200">
      <ele>2616.000</ele>
    </trkpt>
    <trkpt lat="46.66579800" lon="8.15196000">
      <ele>2616.000</ele>
    </trkpt>
    <trkpt lat="46.66579700" lon="8.15196300">
      <ele>2616.000</ele>
    </trkpt>
    <trkpt lat="46.66579900" lon="8.15195700">
      <ele>2616.000</ele>
    </trkpt>
    <trkpt lat="46.66580000" lon="8.15196200">
      <ele>2616.000</ele>
    </trkpt>
    <trkpt lat="46.66579300" lon="8.15197500">
      <ele>2616.000</ele>
    </trkpt>
    <trkpt lat="46.66579600" lon="8.15196300">
      <ele>2616.000</ele>
    </trkpt>
    <trkpt lat="46.66579600" lon="8.15196300">
      <ele>2616.000</ele>
    </trkpt>
    <trkpt lat="46.66579600" lon="8.15196300">
      <ele>2616.000</ele>
    </trkpt>
    <trkpt lat="46.66579600" lon="8.15196300">
      <ele>2616.000</ele>
    </trkpt>
    <trkpt lat="46.66579600" lon="8.15196300">
      <ele>2616.000</ele>
    </trkpt>
    <trkpt lat="46.66579600" lon="8.15196300">
      <ele>2616.000</ele>
    </trkpt>
    <trkpt lat="46.66579600" lon="8.15196300">
      <ele>2616.000</ele>
    </trkpt>
    <trkpt lat="46.66579600" lon="8.15196300">
      <ele>2616.000</ele>
    </trkpt>
    <trkpt lat="46.66579600" lon="8.15196300">
      <ele>2616.000</ele>
    </trkpt>
    <trkpt lat="46.66579600" lon="8.15196300">
      <ele>2616.000</ele>
    </trkpt>
    <trkpt lat="46.66579600" lon="8.15197800">
      <ele>2616.000</ele>
    </trkpt>
    <trkpt lat="46.66579600" lon="8.15196300">
      <ele>2616.000</ele>
    </trkpt>
    <trkpt lat="46.66579600" lon="8.15196300">
      <ele>2616.000</ele>
    </trkpt>
    <trkpt lat="46.66579500" lon="8.15197400">
      <ele>2616.000</ele>
    </trkpt>
    <trkpt lat="46.66579400" lon="8.15197900">
      <ele>2616.000</ele>
    </trkpt>
    <trkpt lat="46.66579600" lon="8.15196300">
      <ele>2616.000</ele>
    </trkpt>
    <trkpt lat="46.66579600" lon="8.15196300">
      <ele>2616.000</ele>
    </trkpt>
    <trkpt lat="46.66580600" lon="8.15197000">
      <ele>2616.000</ele>
    </trkpt>
    <trkpt lat="46.66581900" lon="8.15197000">
      <ele>2616.000</ele>
    </trkpt>
    <trkpt lat="46.66581800" lon="8.15197100">
      <ele>2616.000</ele>
    </trkpt>
    <trkpt lat="46.66581800" lon="8.15197100">
      <ele>2616.000</ele>
    </trkpt>
    <trkpt lat="46.66582300" lon="8.15197000">
      <ele>2616.000</ele>
    </trkpt>
    <trkpt lat="46.66582700" lon="8.15196900">
      <ele>2616.000</ele>
    </trkpt>
    <trkpt lat="46.66583100" lon="8.15196900">
      <ele>2616.000</ele>
    </trkpt>
    <trkpt lat="46.66583600" lon="8.15197000">
      <ele>2616.000</ele>
    </trkpt>
    <trkpt lat="46.66583900" lon="8.15196500">
      <ele>2616.000</ele>
    </trkpt>
    <trkpt lat="46.66584300" lon="8.15196000">
      <ele>2616.000</ele>
    </trkpt>
    <trkpt lat="46.66584200" lon="8.15195600">
      <ele>2616.000</ele>
    </trkpt>
    <trkpt lat="46.66583500" lon="8.15195400">
      <ele>2616.000</ele>
    </trkpt>
    <trkpt lat="46.66582900" lon="8.15195000">
      <ele>2616.000</ele>
    </trkpt>
    <trkpt lat="46.66582900" lon="8.15195000">
      <ele>2616.000</ele>
    </trkpt>
    <trkpt lat="46.66581900" lon="8.15193100">
      <ele>2616.000</ele>
    </trkpt>
    <trkpt lat="46.66582700" lon="8.15192100">
      <ele>2616.000</ele>
    </trkpt>
    <trkpt lat="46.66582700" lon="8.15192100">
      <ele>2616.000</ele>
    </trkpt>
    <trkpt lat="46.66582700" lon="8.15192100">
      <ele>2616.000</ele>
    </trkpt>
    <trkpt lat="46.66582300" lon="8.15191800">
      <ele>2616.000</ele>
    </trkpt>
    <trkpt lat="46.66582700" lon="8.15192100">
      <ele>2616.000</ele>
    </trkpt>
    <trkpt lat="46.66582500" lon="8.15191700">
      <ele>2616.000</ele>
    </trkpt>
    <trkpt lat="46.66582900" lon="8.15191600">
      <ele>2616.000</ele>
    </trkpt>
    <trkpt lat="46.66582700" lon="8.15192100">
      <ele>2616.000</ele>
    </trkpt>
    <trkpt lat="46.66582700" lon="8.15192100">
      <ele>2616.000</ele>
    </trkpt>
    <trkpt lat="46.66583500" lon="8.15193200">
      <ele>2616.000</ele>
    </trkpt>
    <trkpt lat="46.66584300" lon="8.15192500">
      <ele>2616.000</ele>
    </trkpt>
    <trkpt lat="46.66584300" lon="8.15192500">
      <ele>2616.000</ele>
    </trkpt>
    <trkpt lat="46.66584300" lon="8.15192500">
      <ele>2616.000</ele>
    </trkpt>
    <trkpt lat="46.66584700" lon="8.15192900">
      <ele>2616.000</ele>
    </trkpt>
    <trkpt lat="46.66585700" lon="8.15192200">
      <ele>2616.000</ele>
    </trkpt>
    <trkpt lat="46.66585900" lon="8.15192200">
      <ele>2616.000</ele>
    </trkpt>
    <trkpt lat="46.66586700" lon="8.15192300">
      <ele>2616.000</ele>
    </trkpt>
    <trkpt lat="46.66587800" lon="8.15190900">
      <ele>2616.000</ele>
    </trkpt>
    <trkpt lat="46.66587300" lon="8.15191200">
      <ele>2616.000</ele>
    </trkpt>
    <trkpt lat="46.66587200" lon="8.15191200">
      <ele>2616.000</ele>
    </trkpt>
    <trkpt lat="46.66587300" lon="8.15189200">
      <ele>2616.000</ele>
    </trkpt>
    <trkpt lat="46.66587300" lon="8.15192100">
      <ele>2616.000</ele>
    </trkpt>
    <trkpt lat="46.66587800" lon="8.15192100">
      <ele>2616.000</ele>
    </trkpt>
    <trkpt lat="46.66590200" lon="8.15193800">
      <ele>2616.000</ele>
    </trkpt>
    <trkpt lat="46.66591700" lon="8.15194700">
      <ele>2616.000</ele>
    </trkpt>
    <trkpt lat="46.66591400" lon="8.15194700">
      <ele>2616.000</ele>
    </trkpt>
    <trkpt lat="46.66592400" lon="8.15196200">
      <ele>2616.000</ele>
    </trkpt>
    <trkpt lat="46.66593400" lon="8.15197600">
      <ele>2616.000</ele>
    </trkpt>
    <trkpt lat="46.66593500" lon="8.15198200">
      <ele>2616.000</ele>
    </trkpt>
    <trkpt lat="46.66594300" lon="8.15197500">
      <ele>2616.000</ele>
    </trkpt>
    <trkpt lat="46.66595100" lon="8.15196900">
      <ele>2616.000</ele>
    </trkpt>
    <trkpt lat="46.66595500" lon="8.15197900">
      <ele>2616.000</ele>
    </trkpt>
    <trkpt lat="46.66596100" lon="8.15197800">
      <ele>2616.000</ele>
    </trkpt>
    <trkpt lat="46.66597000" lon="8.15198400">
      <ele>2616.000</ele>
    </trkpt>
    <trkpt lat="46.66598000" lon="8.15199500">
      <ele>2627.000</ele>
    </trkpt>
    <trkpt lat="46.66598500" lon="8.15200900">
      <ele>2627.000</ele>
    </trkpt>
    <trkpt lat="46.66599200" lon="8.15201000">
      <ele>2627.000</ele>
    </trkpt>
    <trkpt lat="46.66600600" lon="8.15203100">
      <ele>2627.000</ele>
    </trkpt>
    <trkpt lat="46.66600700" lon="8.15203600">
      <ele>2627.000</ele>
    </trkpt>
    <trkpt lat="46.66600900" lon="8.15204200">
      <ele>2627.000</ele>
    </trkpt>
    <trkpt lat="46.66601800" lon="8.15203900">
      <ele>2627.000</ele>
    </trkpt>
    <trkpt lat="46.66601300" lon="8.15204100">
      <ele>2627.000</ele>
    </trkpt>
    <trkpt lat="46.66601100" lon="8.15204200">
      <ele>2627.000</ele>
    </trkpt>
    <trkpt lat="46.66600700" lon="8.15203600">
      <ele>2627.000</ele>
    </trkpt>
    <trkpt lat="46.66601300" lon="8.15205300">
      <ele>2627.000</ele>
    </trkpt>
    <trkpt lat="46.66601300" lon="8.15206700">
      <ele>2627.000</ele>
    </trkpt>
    <trkpt lat="46.66604200" lon="8.15206100">
      <ele>2627.000</ele>
    </trkpt>
    <trkpt lat="46.66605400" lon="8.15207600">
      <ele>2627.000</ele>
    </trkpt>
    <trkpt lat="46.66605700" lon="8.15207900">
      <ele>2627.000</ele>
    </trkpt>
    <trkpt lat="46.66604800" lon="8.15208300">
      <ele>2627.000</ele>
    </trkpt>
    <trkpt lat="46.66605400" lon="8.15207300">
      <ele>2627.000</ele>
    </trkpt>
    <trkpt lat="46.66606200" lon="8.15208500">
      <ele>2611.000</ele>
    </trkpt>
    <trkpt lat="46.66607600" lon="8.15207500">
      <ele>2627.000</ele>
    </trkpt>
    <trkpt lat="46.66607900" lon="8.15206200">
      <ele>2627.000</ele>
    </trkpt>
    <trkpt lat="46.66607500" lon="8.15206200">
      <ele>2627.000</ele>
    </trkpt>
    <trkpt lat="46.66607400" lon="8.15205900">
      <ele>2627.000</ele>
    </trkpt>
    <trkpt lat="46.66607500" lon="8.15206400">
      <ele>2627.000</ele>
    </trkpt>
    <trkpt lat="46.66606900" lon="8.15205100">
      <ele>2627.000</ele>
    </trkpt>
    <trkpt lat="46.66607300" lon="8.15204100">
      <ele>2627.000</ele>
    </trkpt>
    <trkpt lat="46.66607300" lon="8.15204400">
      <ele>2627.000</ele>
    </trkpt>
    <trkpt lat="46.66606800" lon="8.15202200">
      <ele>2627.000</ele>
    </trkpt>
    <trkpt lat="46.66607000" lon="8.15202100">
      <ele>2627.000</ele>
    </trkpt>
    <trkpt lat="46.66607200" lon="8.15201900">
      <ele>2627.000</ele>
    </trkpt>
    <trkpt lat="46.66607200" lon="8.15201900">
      <ele>2627.000</ele>
    </trkpt>
    <trkpt lat="46.66607200" lon="8.15201900">
      <ele>2627.000</ele>
    </trkpt>
    <trkpt lat="46.66607200" lon="8.15201900">
      <ele>2627.000</ele>
    </trkpt>
    <trkpt lat="46.66606800" lon="8.15201000">
      <ele>2627.000</ele>
    </trkpt>
    <trkpt lat="46.66606300" lon="8.15200400">
      <ele>2627.000</ele>
    </trkpt>
    <trkpt lat="46.66605900" lon="8.15197900">
      <ele>2627.000</ele>
    </trkpt>
    <trkpt lat="46.66605800" lon="8.15197200">
      <ele>2627.000</ele>
    </trkpt>
    <trkpt lat="46.66605700" lon="8.15196500">
      <ele>2627.000</ele>
    </trkpt>
    <trkpt lat="46.66605100" lon="8.15197200">
      <ele>2627.000</ele>
    </trkpt>
    <trkpt lat="46.66604200" lon="8.15196500">
      <ele>2627.000</ele>
    </trkpt>
    <trkpt lat="46.66603600" lon="8.15196000">
      <ele>2627.000</ele>
    </trkpt>
    <trkpt lat="46.66603200" lon="8.15195600">
      <ele>2627.000</ele>
    </trkpt>
    <trkpt lat="46.66602900" lon="8.15195400">
      <ele>2627.000</ele>
    </trkpt>
    <trkpt lat="46.66603300" lon="8.15195200">
      <ele>2627.000</ele>
    </trkpt>
    <trkpt lat="46.66603300" lon="8.15195200">
      <ele>2627.000</ele>
    </trkpt>
    <trkpt lat="46.66603300" lon="8.15195200">
      <ele>2627.000</ele>
    </trkpt>
    <trkpt lat="46.66603300" lon="8.15195200">
      <ele>2627.000</ele>
    </trkpt>
    <trkpt lat="46.66603600" lon="8.15196700">
      <ele>2627.000</ele>
    </trkpt>
    <trkpt lat="46.66603300" lon="8.15195200">
      <ele>2627.000</ele>
    </trkpt>
    <trkpt lat="46.66603300" lon="8.15195200">
      <ele>2627.000</ele>
    </trkpt>
    <trkpt lat="46.66603300" lon="8.15195200">
      <ele>2627.000</ele>
    </trkpt>
    <trkpt lat="46.66603300" lon="8.15195800">
      <ele>2627.000</ele>
    </trkpt>
    <trkpt lat="46.66604100" lon="8.15195800">
      <ele>2627.000</ele>
    </trkpt>
    <trkpt lat="46.66603300" lon="8.15195200">
      <ele>2627.000</ele>
    </trkpt>
    <trkpt lat="46.66603600" lon="8.15195700">
      <ele>2627.000</ele>
    </trkpt>
    <trkpt lat="46.66602500" lon="8.15195100">
      <ele>2627.000</ele>
    </trkpt>
    <trkpt lat="46.66602700" lon="8.15194700">
      <ele>2627.000</ele>
    </trkpt>
    <trkpt lat="46.66602200" lon="8.15192200">
      <ele>2627.000</ele>
    </trkpt>
    <trkpt lat="46.66602100" lon="8.15191900">
      <ele>2627.000</ele>
    </trkpt>
    <trkpt lat="46.66601500" lon="8.15191200">
      <ele>2627.000</ele>
    </trkpt>
    <trkpt lat="46.66601900" lon="8.15192000">
      <ele>2627.000</ele>
    </trkpt>
    <trkpt lat="46.66602200" lon="8.15192100">
      <ele>2627.000</ele>
    </trkpt>
    <trkpt lat="46.66602600" lon="8.15191000">
      <ele>2627.000</ele>
    </trkpt>
    <trkpt lat="46.66602900" lon="8.15191300">
      <ele>2627.000</ele>
    </trkpt>
    <trkpt lat="46.66603500" lon="8.15191700">
      <ele>2627.000</ele>
    </trkpt>
    <trkpt lat="46.66604300" lon="8.15189600">
      <ele>2627.000</ele>
    </trkpt>
    <trkpt lat="46.66604200" lon="8.15189500">
      <ele>2627.000</ele>
    </trkpt>
    <trkpt lat="46.66605100" lon="8.15188800">
      <ele>2627.000</ele>
    </trkpt>
    <trkpt lat="46.66605100" lon="8.15188800">
      <ele>2627.000</ele>
    </trkpt>
    <trkpt lat="46.66605200" lon="8.15188700">
      <ele>2627.000</ele>
    </trkpt>
    <trkpt lat="46.66605100" lon="8.15188800">
      <ele>2627.000</ele>
    </trkpt>
    <trkpt lat="46.66605300" lon="8.15190900">
      <ele>2627.000</ele>
    </trkpt>
    <trkpt lat="46.66605300" lon="8.15190900">
      <ele>2627.000</ele>
    </trkpt>
    <trkpt lat="46.66605300" lon="8.15190900">
      <ele>2627.000</ele>
    </trkpt>
    <trkpt lat="46.66605300" lon="8.15190900">
      <ele>2627.000</ele>
    </trkpt>
    <trkpt lat="46.66605300" lon="8.15190900">
      <ele>2627.000</ele>
    </trkpt>
    <trkpt lat="46.66605300" lon="8.15190900">
      <ele>2627.000</ele>
    </trkpt>
    <trkpt lat="46.66605300" lon="8.15190900">
      <ele>2627.000</ele>
    </trkpt>
    <trkpt lat="46.66605300" lon="8.15190400">
      <ele>2627.000</ele>
    </trkpt>
    <trkpt lat="46.66605300" lon="8.15190900">
      <ele>2627.000</ele>
    </trkpt>
    <trkpt lat="46.66605300" lon="8.15190900">
      <ele>2627.000</ele>
    </trkpt>
    <trkpt lat="46.66605300" lon="8.15190900">
      <ele>2627.000</ele>
    </trkpt>
    <trkpt lat="46.66605300" lon="8.15190900">
      <ele>2627.000</ele>
    </trkpt>
    <trkpt lat="46.66605300" lon="8.15190900">
      <ele>2627.000</ele>
    </trkpt>
    <trkpt lat="46.66605300" lon="8.15190900">
      <ele>2627.000</ele>
    </trkpt>
    <trkpt lat="46.66605700" lon="8.15189000">
      <ele>2627.000</ele>
    </trkpt>
    <trkpt lat="46.66605700" lon="8.15189100">
      <ele>2627.000</ele>
    </trkpt>
    <trkpt lat="46.66605300" lon="8.15190900">
      <ele>2627.000</ele>
    </trkpt>
    <trkpt lat="46.66605300" lon="8.15188300">
      <ele>2627.000</ele>
    </trkpt>
    <trkpt lat="46.66605400" lon="8.15188600">
      <ele>2627.000</ele>
    </trkpt>
    <trkpt lat="46.66605400" lon="8.15188600">
      <ele>2627.000</ele>
    </trkpt>
    <trkpt lat="46.66605400" lon="8.15188600">
      <ele>2627.000</ele>
    </trkpt>
    <trkpt lat="46.66605400" lon="8.15188600">
      <ele>2627.000</ele>
    </trkpt>
    <trkpt lat="46.66605400" lon="8.15188600">
      <ele>2627.000</ele>
    </trkpt>
    <trkpt lat="46.66605300" lon="8.15188400">
      <ele>2627.000</ele>
    </trkpt>
    <trkpt lat="46.66605500" lon="8.15188600">
      <ele>2627.000</ele>
    </trkpt>
    <trkpt lat="46.66605800" lon="8.15188200">
      <ele>2627.000</ele>
    </trkpt>
    <trkpt lat="46.66605700" lon="8.15188500">
      <ele>2627.000</ele>
    </trkpt>
    <trkpt lat="46.66605400" lon="8.15188600">
      <ele>2627.000</ele>
    </trkpt>
    <trkpt lat="46.66605400" lon="8.15188600">
      <ele>2627.000</ele>
    </trkpt>
    <trkpt lat="46.66605400" lon="8.15188600">
      <ele>2627.000</ele>
    </trkpt>
    <trkpt lat="46.66605500" lon="8.15188400">
      <ele>2627.000</ele>
    </trkpt>
    <trkpt lat="46.66605400" lon="8.15188600">
      <ele>2627.000</ele>
    </trkpt>
    <trkpt lat="46.66605400" lon="8.15188600">
      <ele>2627.000</ele>
    </trkpt>
    <trkpt lat="46.66605400" lon="8.15188600">
      <ele>2627.000</ele>
    </trkpt>
    <trkpt lat="46.66605400" lon="8.15188600">
      <ele>2627.000</ele>
    </trkpt>
    <trkpt lat="46.66605400" lon="8.15188600">
      <ele>2627.000</ele>
    </trkpt>
    <trkpt lat="46.66605400" lon="8.15188600">
      <ele>2627.000</ele>
    </trkpt>
    <trkpt lat="46.66605400" lon="8.15188600">
      <ele>2627.000</ele>
    </trkpt>
    <trkpt lat="46.66605400" lon="8.15188600">
      <ele>2627.000</ele>
    </trkpt>
    <trkpt lat="46.66605400" lon="8.15188600">
      <ele>2627.000</ele>
    </trkpt>
    <trkpt lat="46.66605400" lon="8.15188600">
      <ele>2627.000</ele>
    </trkpt>
    <trkpt lat="46.66605400" lon="8.15188600">
      <ele>2627.000</ele>
    </trkpt>
    <trkpt lat="46.66605400" lon="8.15188600">
      <ele>2627.000</ele>
    </trkpt>
    <trkpt lat="46.66604900" lon="8.15189800">
      <ele>2627.000</ele>
    </trkpt>
    <trkpt lat="46.66605100" lon="8.15189300">
      <ele>2627.000</ele>
    </trkpt>
    <trkpt lat="46.66605400" lon="8.15188600">
      <ele>2627.000</ele>
    </trkpt>
    <trkpt lat="46.66605400" lon="8.15188600">
      <ele>2627.000</ele>
    </trkpt>
    <trkpt lat="46.66605400" lon="8.15188600">
      <ele>2627.000</ele>
    </trkpt>
    <trkpt lat="46.66605400" lon="8.15188600">
      <ele>2627.000</ele>
    </trkpt>
    <trkpt lat="46.66605400" lon="8.15188600">
      <ele>2627.000</ele>
    </trkpt>
    <trkpt lat="46.66605400" lon="8.15188600">
      <ele>2627.000</ele>
    </trkpt>
    <trkpt lat="46.66605400" lon="8.15188600">
      <ele>2627.000</ele>
    </trkpt>
    <trkpt lat="46.66605400" lon="8.15188600">
      <ele>2627.000</ele>
    </trkpt>
    <trkpt lat="46.66605500" lon="8.15190900">
      <ele>2627.000</ele>
    </trkpt>
    <trkpt lat="46.66605500" lon="8.15191400">
      <ele>2627.000</ele>
    </trkpt>
    <trkpt lat="46.66605500" lon="8.15191400">
      <ele>2627.000</ele>
    </trkpt>
    <trkpt lat="46.66605500" lon="8.15191400">
      <ele>2627.000</ele>
    </trkpt>
    <trkpt lat="46.66605500" lon="8.15191400">
      <ele>2627.000</ele>
    </trkpt>
    <trkpt lat="46.66605500" lon="8.15191400">
      <ele>2627.000</ele>
    </trkpt>
    <trkpt lat="46.66605500" lon="8.15191400">
      <ele>2627.000</ele>
    </trkpt>
    <trkpt lat="46.66605500" lon="8.15191400">
      <ele>2627.000</ele>
    </trkpt>
    <trkpt lat="46.66605300" lon="8.15190800">
      <ele>2627.000</ele>
    </trkpt>
    <trkpt lat="46.66605500" lon="8.15191400">
      <ele>2627.000</ele>
    </trkpt>
    <trkpt lat="46.66605500" lon="8.15191400">
      <ele>2627.000</ele>
    </trkpt>
    <trkpt lat="46.66605500" lon="8.15191400">
      <ele>2627.000</ele>
    </trkpt>
    <trkpt lat="46.66605500" lon="8.15191400">
      <ele>2627.000</ele>
    </trkpt>
    <trkpt lat="46.66605500" lon="8.15191400">
      <ele>2627.000</ele>
    </trkpt>
    <trkpt lat="46.66605500" lon="8.15191400">
      <ele>2627.000</ele>
    </trkpt>
    <trkpt lat="46.66605500" lon="8.15191400">
      <ele>2627.000</ele>
    </trkpt>
    <trkpt lat="46.66605600" lon="8.15191000">
      <ele>2627.000</ele>
    </trkpt>
    <trkpt lat="46.66605500" lon="8.15191400">
      <ele>2627.000</ele>
    </trkpt>
    <trkpt lat="46.66605500" lon="8.15191400">
      <ele>2627.000</ele>
    </trkpt>
    <trkpt lat="46.66605500" lon="8.15191400">
      <ele>2627.000</ele>
    </trkpt>
    <trkpt lat="46.66605500" lon="8.15191400">
      <ele>2627.000</ele>
    </trkpt>
    <trkpt lat="46.66605500" lon="8.15191400">
      <ele>2627.000</ele>
    </trkpt>
    <trkpt lat="46.66605500" lon="8.15191400">
      <ele>2627.000</ele>
    </trkpt>
    <trkpt lat="46.66605500" lon="8.15191400">
      <ele>2627.000</ele>
    </trkpt>
    <trkpt lat="46.66605500" lon="8.15191400">
      <ele>2627.000</ele>
    </trkpt>
    <trkpt lat="46.66605500" lon="8.15191400">
      <ele>2627.000</ele>
    </trkpt>
    <trkpt lat="46.66605500" lon="8.15191400">
      <ele>2627.000</ele>
    </trkpt>
    <trkpt lat="46.66605500" lon="8.15191400">
      <ele>2627.000</ele>
    </trkpt>
    <trkpt lat="46.66605500" lon="8.15191600">
      <ele>2627.000</ele>
    </trkpt>
    <trkpt lat="46.66605500" lon="8.15191400">
      <ele>2627.000</ele>
    </trkpt>
    <trkpt lat="46.66605500" lon="8.15191400">
      <ele>2627.000</ele>
    </trkpt>
    <trkpt lat="46.66605500" lon="8.15189400">
      <ele>2627.000</ele>
    </trkpt>
    <trkpt lat="46.66605500" lon="8.15189400">
      <ele>2627.000</ele>
    </trkpt>
    <trkpt lat="46.66605500" lon="8.15189400">
      <ele>2627.000</ele>
    </trkpt>
    <trkpt lat="46.66605400" lon="8.15189300">
      <ele>2627.000</ele>
    </trkpt>
    <trkpt lat="46.66605500" lon="8.15189400">
      <ele>2627.000</ele>
    </trkpt>
    <trkpt lat="46.66605700" lon="8.15188700">
      <ele>2627.000</ele>
    </trkpt>
    <trkpt lat="46.66605500" lon="8.15189100">
      <ele>2627.000</ele>
    </trkpt>
    <trkpt lat="46.66605500" lon="8.15189400">
      <ele>2627.000</ele>
    </trkpt>
    <trkpt lat="46.66605500" lon="8.15189400">
      <ele>2627.000</ele>
    </trkpt>
    <trkpt lat="46.66605500" lon="8.15189400">
      <ele>2627.000</ele>
    </trkpt>
    <trkpt lat="46.66605500" lon="8.15189400">
      <ele>2627.000</ele>
    </trkpt>
    <trkpt lat="46.66605500" lon="8.15189400">
      <ele>2627.000</ele>
    </trkpt>
    <trkpt lat="46.66605500" lon="8.15189400">
      <ele>2627.000</ele>
    </trkpt>
    <trkpt lat="46.66605500" lon="8.15189400">
      <ele>2627.000</ele>
    </trkpt>
    <trkpt lat="46.66605500" lon="8.15189400">
      <ele>2627.000</ele>
    </trkpt>
    <trkpt lat="46.66605500" lon="8.15189400">
      <ele>2627.000</ele>
    </trkpt>
    <trkpt lat="46.66605500" lon="8.15189400">
      <ele>2627.000</ele>
    </trkpt>
    <trkpt lat="46.66606100" lon="8.15188800">
      <ele>2627.000</ele>
    </trkpt>
    <trkpt lat="46.66605500" lon="8.15189400">
      <ele>2627.000</ele>
    </trkpt>
    <trkpt lat="46.66605500" lon="8.15189400">
      <ele>2627.000</ele>
    </trkpt>
    <trkpt lat="46.66605500" lon="8.15189400">
      <ele>2627.000</ele>
    </trkpt>
    <trkpt lat="46.66604700" lon="8.15189100">
      <ele>2627.000</ele>
    </trkpt>
    <trkpt lat="46.66604400" lon="8.15188500">
      <ele>2627.000</ele>
    </trkpt>
    <trkpt lat="46.66602400" lon="8.15186900">
      <ele>2627.000</ele>
    </trkpt>
    <trkpt lat="46.66602200" lon="8.15186400">
      <ele>2627.000</ele>
    </trkpt>
    <trkpt lat="46.66601100" lon="8.15185400">
      <ele>2627.000</ele>
    </trkpt>
    <trkpt lat="46.66600800" lon="8.15184100">
      <ele>2627.000</ele>
    </trkpt>
    <trkpt lat="46.66600400" lon="8.15183000">
      <ele>2627.000</ele>
    </trkpt>
    <trkpt lat="46.66600400" lon="8.15183000">
      <ele>2627.000</ele>
    </trkpt>
    <trkpt lat="46.66600400" lon="8.15183000">
      <ele>2627.000</ele>
    </trkpt>
    <trkpt lat="46.66600400" lon="8.15183000">
      <ele>2627.000</ele>
    </trkpt>
    <trkpt lat="46.66600400" lon="8.15183000">
      <ele>2627.000</ele>
    </trkpt>
    <trkpt lat="46.66600400" lon="8.15183000">
      <ele>2627.000</ele>
    </trkpt>
    <trkpt lat="46.66600000" lon="8.15182700">
      <ele>2627.000</ele>
    </trkpt>
    <trkpt lat="46.66599500" lon="8.15182300">
      <ele>2627.000</ele>
    </trkpt>
    <trkpt lat="46.66599000" lon="8.15182900">
      <ele>2627.000</ele>
    </trkpt>
    <trkpt lat="46.66599000" lon="8.15182900">
      <ele>2627.000</ele>
    </trkpt>
    <trkpt lat="46.66599000" lon="8.15182900">
      <ele>2627.000</ele>
    </trkpt>
    <trkpt lat="46.66598200" lon="8.15182100">
      <ele>2627.000</ele>
    </trkpt>
    <trkpt lat="46.66598400" lon="8.15180700">
      <ele>2627.000</ele>
    </trkpt>
    <trkpt lat="46.66598300" lon="8.15180600">
      <ele>2627.000</ele>
    </trkpt>
    <trkpt lat="46.66598300" lon="8.15180600">
      <ele>2627.000</ele>
    </trkpt>
    <trkpt lat="46.66598300" lon="8.15180600">
      <ele>2627.000</ele>
    </trkpt>
    <trkpt lat="46.66598300" lon="8.15180600">
      <ele>2627.000</ele>
    </trkpt>
    <trkpt lat="46.66598300" lon="8.15180600">
      <ele>2627.000</ele>
    </trkpt>
    <trkpt lat="46.66598300" lon="8.15180600">
      <ele>2627.000</ele>
    </trkpt>
    <trkpt lat="46.66598300" lon="8.15180600">
      <ele>2627.000</ele>
    </trkpt>
    <trkpt lat="46.66598300" lon="8.15180600">
      <ele>2627.000</ele>
    </trkpt>
    <trkpt lat="46.66598300" lon="8.15180600">
      <ele>2627.000</ele>
    </trkpt>
    <trkpt lat="46.66597200" lon="8.15179500">
      <ele>2633.000</ele>
    </trkpt>
    <trkpt lat="46.66596900" lon="8.15178700">
      <ele>2659.000</ele>
    </trkpt>
    <trkpt lat="46.66596800" lon="8.15178500">
      <ele>2659.000</ele>
    </trkpt>
    <trkpt lat="46.66596700" lon="8.15178500">
      <ele>2659.000</ele>
    </trkpt>
    <trkpt lat="46.66596300" lon="8.15178400">
      <ele>2659.000</ele>
    </trkpt>
    <trkpt lat="46.66595900" lon="8.15178300">
      <ele>2659.000</ele>
    </trkpt>
    <trkpt lat="46.66596800" lon="8.15178500">
      <ele>2659.000</ele>
    </trkpt>
    <trkpt lat="46.66596800" lon="8.15178500">
      <ele>2659.000</ele>
    </trkpt>
    <trkpt lat="46.66595700" lon="8.15178700">
      <ele>2659.000</ele>
    </trkpt>
    <trkpt lat="46.66594900" lon="8.15179100">
      <ele>2659.000</ele>
    </trkpt>
    <trkpt lat="46.66594400" lon="8.15178900">
      <ele>2659.000</ele>
    </trkpt>
    <trkpt lat="46.66593600" lon="8.15178600">
      <ele>2659.000</ele>
    </trkpt>
    <trkpt lat="46.66593000" lon="8.15178500">
      <ele>2659.000</ele>
    </trkpt>
    <trkpt lat="46.66593000" lon="8.15178500">
      <ele>2659.000</ele>
    </trkpt>
    <trkpt lat="46.66593000" lon="8.15178500">
      <ele>2659.000</ele>
    </trkpt>
    <trkpt lat="46.66593000" lon="8.15178500">
      <ele>2659.000</ele>
    </trkpt>
    <trkpt lat="46.66592100" lon="8.15177600">
      <ele>2659.000</ele>
    </trkpt>
    <trkpt lat="46.66593000" lon="8.15178500">
      <ele>2659.000</ele>
    </trkpt>
    <trkpt lat="46.66592000" lon="8.15177600">
      <ele>2659.000</ele>
    </trkpt>
    <trkpt lat="46.66591800" lon="8.15176900">
      <ele>2659.000</ele>
    </trkpt>
    <trkpt lat="46.66591800" lon="8.15176900">
      <ele>2659.000</ele>
    </trkpt>
    <trkpt lat="46.66591800" lon="8.15176900">
      <ele>2659.000</ele>
    </trkpt>
    <trkpt lat="46.66591400" lon="8.15175900">
      <ele>2659.000</ele>
    </trkpt>
    <trkpt lat="46.66591800" lon="8.15176900">
      <ele>2659.000</ele>
    </trkpt>
    <trkpt lat="46.66591800" lon="8.15176900">
      <ele>2659.000</ele>
    </trkpt>
    <trkpt lat="46.66589600" lon="8.15175100">
      <ele>2659.000</ele>
    </trkpt>
    <trkpt lat="46.66589300" lon="8.15174500">
      <ele>2659.000</ele>
    </trkpt>
    <trkpt lat="46.66589200" lon="8.15174300">
      <ele>2659.000</ele>
    </trkpt>
    <trkpt lat="46.66589200" lon="8.15174300">
      <ele>2659.000</ele>
    </trkpt>
    <trkpt lat="46.66589200" lon="8.15174300">
      <ele>2659.000</ele>
    </trkpt>
    <trkpt lat="46.66589200" lon="8.15174300">
      <ele>2659.000</ele>
    </trkpt>
    <trkpt lat="46.66589200" lon="8.15174300">
      <ele>2659.000</ele>
    </trkpt>
    <trkpt lat="46.66587700" lon="8.15172600">
      <ele>2659.000</ele>
    </trkpt>
    <trkpt lat="46.66587400" lon="8.15172100">
      <ele>2659.000</ele>
    </trkpt>
    <trkpt lat="46.66587400" lon="8.15172100">
      <ele>2659.000</ele>
    </trkpt>
    <trkpt lat="46.66586900" lon="8.15170300">
      <ele>2659.000</ele>
    </trkpt>
    <trkpt lat="46.66586900" lon="8.15170300">
      <ele>2659.000</ele>
    </trkpt>
    <trkpt lat="46.66586900" lon="8.15170300">
      <ele>2659.000</ele>
    </trkpt>
    <trkpt lat="46.66586300" lon="8.15168800">
      <ele>2659.000</ele>
    </trkpt>
    <trkpt lat="46.66585900" lon="8.15168700">
      <ele>2659.000</ele>
    </trkpt>
    <trkpt lat="46.66585900" lon="8.15168700">
      <ele>2659.000</ele>
    </trkpt>
    <trkpt lat="46.66585900" lon="8.15168700">
      <ele>2659.000</ele>
    </trkpt>
    <trkpt lat="46.66585900" lon="8.15168700">
      <ele>2659.000</ele>
    </trkpt>
    <trkpt lat="46.66585900" lon="8.15168700">
      <ele>2659.000</ele>
    </trkpt>
    <trkpt lat="46.66585900" lon="8.15168700">
      <ele>2659.000</ele>
    </trkpt>
    <trkpt lat="46.66585500" lon="8.15167900">
      <ele>2659.000</ele>
    </trkpt>
    <trkpt lat="46.66584700" lon="8.15166400">
      <ele>2659.000</ele>
    </trkpt>
    <trkpt lat="46.66584700" lon="8.15166400">
      <ele>2659.000</ele>
    </trkpt>
    <trkpt lat="46.66583500" lon="8.15165700">
      <ele>2659.000</ele>
    </trkpt>
    <trkpt lat="46.66583400" lon="8.15165500">
      <ele>2659.000</ele>
    </trkpt>
    <trkpt lat="46.66583400" lon="8.15165500">
      <ele>2659.000</ele>
    </trkpt>
    <trkpt lat="46.66583400" lon="8.15165500">
      <ele>2659.000</ele>
    </trkpt>
    <trkpt lat="46.66583400" lon="8.15165500">
      <ele>2659.000</ele>
    </trkpt>
    <trkpt lat="46.66583400" lon="8.15165500">
      <ele>2659.000</ele>
    </trkpt>
    <trkpt lat="46.66583400" lon="8.15165500">
      <ele>2659.000</ele>
    </trkpt>
    <trkpt lat="46.66583400" lon="8.15165500">
      <ele>2659.000</ele>
    </trkpt>
    <trkpt lat="46.66583100" lon="8.15163200">
      <ele>2659.000</ele>
    </trkpt>
    <trkpt lat="46.66582900" lon="8.15163000">
      <ele>2659.000</ele>
    </trkpt>
    <trkpt lat="46.66582200" lon="8.15163200">
      <ele>2659.000</ele>
    </trkpt>
    <trkpt lat="46.66582900" lon="8.15162900">
      <ele>2659.000</ele>
    </trkpt>
    <trkpt lat="46.66582900" lon="8.15162900">
      <ele>2659.000</ele>
    </trkpt>
    <trkpt lat="46.66581800" lon="8.15162700">
      <ele>2659.000</ele>
    </trkpt>
    <trkpt lat="46.66581500" lon="8.15160900">
      <ele>2659.000</ele>
    </trkpt>
    <trkpt lat="46.66581500" lon="8.15160900">
      <ele>2659.000</ele>
    </trkpt>
    <trkpt lat="46.66581500" lon="8.15160900">
      <ele>2659.000</ele>
    </trkpt>
    <trkpt lat="46.66581100" lon="8.15160200">
      <ele>2659.000</ele>
    </trkpt>
    <trkpt lat="46.66581500" lon="8.15160900">
      <ele>2659.000</ele>
    </trkpt>
    <trkpt lat="46.66581100" lon="8.15160100">
      <ele>2659.000</ele>
    </trkpt>
    <trkpt lat="46.66581500" lon="8.15160900">
      <ele>2659.000</ele>
    </trkpt>
    <trkpt lat="46.66581500" lon="8.15160900">
      <ele>2659.000</ele>
    </trkpt>
    <trkpt lat="46.66581500" lon="8.15160900">
      <ele>2659.000</ele>
    </trkpt>
    <trkpt lat="46.66581500" lon="8.15160900">
      <ele>2659.000</ele>
    </trkpt>
    <trkpt lat="46.66581500" lon="8.15160900">
      <ele>2659.000</ele>
    </trkpt>
    <trkpt lat="46.66581500" lon="8.15160900">
      <ele>2659.000</ele>
    </trkpt>
    <trkpt lat="46.66579700" lon="8.15157600">
      <ele>2659.000</ele>
    </trkpt>
    <trkpt lat="46.66579700" lon="8.15157600">
      <ele>2659.000</ele>
    </trkpt>
    <trkpt lat="46.66579000" lon="8.15157200">
      <ele>2659.000</ele>
    </trkpt>
    <trkpt lat="46.66578500" lon="8.15156200">
      <ele>2659.000</ele>
    </trkpt>
    <trkpt lat="46.66578500" lon="8.15156200">
      <ele>2659.000</ele>
    </trkpt>
    <trkpt lat="46.66578500" lon="8.15156200">
      <ele>2659.000</ele>
    </trkpt>
    <trkpt lat="46.66579700" lon="8.15155100">
      <ele>2659.000</ele>
    </trkpt>
    <trkpt lat="46.66580900" lon="8.15155200">
      <ele>2659.000</ele>
    </trkpt>
    <trkpt lat="46.66581000" lon="8.15155100">
      <ele>2659.000</ele>
    </trkpt>
    <trkpt lat="46.66581000" lon="8.15155100">
      <ele>2659.000</ele>
    </trkpt>
    <trkpt lat="46.66580900" lon="8.15154700">
      <ele>2659.000</ele>
    </trkpt>
    <trkpt lat="46.66580400" lon="8.15153900">
      <ele>2659.000</ele>
    </trkpt>
    <trkpt lat="46.66581000" lon="8.15155100">
      <ele>2659.000</ele>
    </trkpt>
    <trkpt lat="46.66581000" lon="8.15155100">
      <ele>2659.000</ele>
    </trkpt>
    <trkpt lat="46.66582700" lon="8.15155000">
      <ele>2659.000</ele>
    </trkpt>
    <trkpt lat="46.66582900" lon="8.15153500">
      <ele>2659.000</ele>
    </trkpt>
    <trkpt lat="46.66583200" lon="8.15154200">
      <ele>2659.000</ele>
    </trkpt>
    <trkpt lat="46.66582800" lon="8.15153300">
      <ele>2659.000</ele>
    </trkpt>
    <trkpt lat="46.66583000" lon="8.15153200">
      <ele>2659.000</ele>
    </trkpt>
    <trkpt lat="46.66583000" lon="8.15153200">
      <ele>2659.000</ele>
    </trkpt>
    <trkpt lat="46.66583000" lon="8.15153200">
      <ele>2659.000</ele>
    </trkpt>
    <trkpt lat="46.66583100" lon="8.15150300">
      <ele>2680.000</ele>
    </trkpt>
    <trkpt lat="46.66583100" lon="8.15150300">
      <ele>2680.000</ele>
    </trkpt>
    <trkpt lat="46.66583100" lon="8.15150300">
      <ele>2680.000</ele>
    </trkpt>
    <trkpt lat="46.66583100" lon="8.15150300">
      <ele>2680.000</ele>
    </trkpt>
    <trkpt lat="46.66583100" lon="8.15150300">
      <ele>2680.000</ele>
    </trkpt>
    <trkpt lat="46.66581900" lon="8.15149800">
      <ele>2680.000</ele>
    </trkpt>
    <trkpt lat="46.66581500" lon="8.15146400">
      <ele>2680.000</ele>
    </trkpt>
    <trkpt lat="46.66581900" lon="8.15145100">
      <ele>2680.000</ele>
    </trkpt>
    <trkpt lat="46.66583000" lon="8.15144600">
      <ele>2680.000</ele>
    </trkpt>
    <trkpt lat="46.66583200" lon="8.15144800">
      <ele>2680.000</ele>
    </trkpt>
    <trkpt lat="46.66583200" lon="8.15144800">
      <ele>2680.000</ele>
    </trkpt>
    <trkpt lat="46.66583200" lon="8.15144800">
      <ele>2680.000</ele>
    </trkpt>
    <trkpt lat="46.66583200" lon="8.15144800">
      <ele>2680.000</ele>
    </trkpt>
    <trkpt lat="46.66583200" lon="8.15144800">
      <ele>2680.000</ele>
    </trkpt>
    <trkpt lat="46.66583200" lon="8.15144800">
      <ele>2680.000</ele>
    </trkpt>
    <trkpt lat="46.66583200" lon="8.15144800">
      <ele>2680.000</ele>
    </trkpt>
    <trkpt lat="46.66583200" lon="8.15144800">
      <ele>2680.000</ele>
    </trkpt>
    <trkpt lat="46.66583200" lon="8.15144800">
      <ele>2680.000</ele>
    </trkpt>
    <trkpt lat="46.66582700" lon="8.15140000">
      <ele>2680.000</ele>
    </trkpt>
    <trkpt lat="46.66582900" lon="8.15139700">
      <ele>2680.000</ele>
    </trkpt>
    <trkpt lat="46.66583300" lon="8.15139100">
      <ele>2680.000</ele>
    </trkpt>
    <trkpt lat="46.66583300" lon="8.15139100">
      <ele>2680.000</ele>
    </trkpt>
    <trkpt lat="46.66584100" lon="8.15137200">
      <ele>2680.000</ele>
    </trkpt>
    <trkpt lat="46.66584000" lon="8.15136900">
      <ele>2680.000</ele>
    </trkpt>
    <trkpt lat="46.66584000" lon="8.15136900">
      <ele>2680.000</ele>
    </trkpt>
    <trkpt lat="46.66584000" lon="8.15136900">
      <ele>2680.000</ele>
    </trkpt>
    <trkpt lat="46.66584000" lon="8.15136700">
      <ele>2680.000</ele>
    </trkpt>
    <trkpt lat="46.66583800" lon="8.15134500">
      <ele>2680.000</ele>
    </trkpt>
    <trkpt lat="46.66583800" lon="8.15134500">
      <ele>2680.000</ele>
    </trkpt>
    <trkpt lat="46.66583600" lon="8.15132500">
      <ele>2680.000</ele>
    </trkpt>
    <trkpt lat="46.66583800" lon="8.15130300">
      <ele>2680.000</ele>
    </trkpt>
    <trkpt lat="46.66585300" lon="8.15128200">
      <ele>2680.000</ele>
    </trkpt>
    <trkpt lat="46.66585200" lon="8.15128100">
      <ele>2680.000</ele>
    </trkpt>
    <trkpt lat="46.66584900" lon="8.15128600">
      <ele>2680.000</ele>
    </trkpt>
    <trkpt lat="46.66584900" lon="8.15128600">
      <ele>2680.000</ele>
    </trkpt>
    <trkpt lat="46.66585700" lon="8.15127000">
      <ele>2680.000</ele>
    </trkpt>
    <trkpt lat="46.66586100" lon="8.15126200">
      <ele>2680.000</ele>
    </trkpt>
    <trkpt lat="46.66586100" lon="8.15125000">
      <ele>2682.000</ele>
    </trkpt>
    <trkpt lat="46.66586100" lon="8.15125000">
      <ele>2682.000</ele>
    </trkpt>
    <trkpt lat="46.66586100" lon="8.15125000">
      <ele>2682.000</ele>
    </trkpt>
    <trkpt lat="46.66586300" lon="8.15122200">
      <ele>2682.000</ele>
    </trkpt>
    <trkpt lat="46.66587000" lon="8.15120800">
      <ele>2682.000</ele>
    </trkpt>
    <trkpt lat="46.66587500" lon="8.15121400">
      <ele>2682.000</ele>
    </trkpt>
    <trkpt lat="46.66587400" lon="8.15121700">
      <ele>2682.000</ele>
    </trkpt>
    <trkpt lat="46.66587000" lon="8.15120800">
      <ele>2682.000</ele>
    </trkpt>
    <trkpt lat="46.66587000" lon="8.15120800">
      <ele>2682.000</ele>
    </trkpt>
    <trkpt lat="46.66587900" lon="8.15124300">
      <ele>2682.000</ele>
    </trkpt>
    <trkpt lat="46.66588000" lon="8.15124900">
      <ele>2682.000</ele>
    </trkpt>
    <trkpt lat="46.66588000" lon="8.15124900">
      <ele>2682.000</ele>
    </trkpt>
    <trkpt lat="46.66588000" lon="8.15124900">
      <ele>2682.000</ele>
    </trkpt>
    <trkpt lat="46.66588000" lon="8.15124900">
      <ele>2682.000</ele>
    </trkpt>
    <trkpt lat="46.66587700" lon="8.15123400">
      <ele>2682.000</ele>
    </trkpt>
    <trkpt lat="46.66588000" lon="8.15124900">
      <ele>2682.000</ele>
    </trkpt>
    <trkpt lat="46.66588000" lon="8.15124900">
      <ele>2682.000</ele>
    </trkpt>
    <trkpt lat="46.66588000" lon="8.15124900">
      <ele>2682.000</ele>
    </trkpt>
    <trkpt lat="46.66588000" lon="8.15124900">
      <ele>2682.000</ele>
    </trkpt>
    <trkpt lat="46.66588000" lon="8.15124900">
      <ele>2682.000</ele>
    </trkpt>
    <trkpt lat="46.66588000" lon="8.15124900">
      <ele>2682.000</ele>
    </trkpt>
    <trkpt lat="46.66587500" lon="8.15125300">
      <ele>2680.000</ele>
    </trkpt>
    <trkpt lat="46.66588000" lon="8.15124900">
      <ele>2682.000</ele>
    </trkpt>
    <trkpt lat="46.66588200" lon="8.15123000">
      <ele>2682.000</ele>
    </trkpt>
    <trkpt lat="46.66588100" lon="8.15121800">
      <ele>2682.000</ele>
    </trkpt>
    <trkpt lat="46.66588300" lon="8.15121600">
      <ele>2682.000</ele>
    </trkpt>
    <trkpt lat="46.66588400" lon="8.15121500">
      <ele>2682.000</ele>
    </trkpt>
    <trkpt lat="46.66588300" lon="8.15121600">
      <ele>2682.000</ele>
    </trkpt>
    <trkpt lat="46.66587500" lon="8.15121200">
      <ele>2682.000</ele>
    </trkpt>
    <trkpt lat="46.66586500" lon="8.15120200">
      <ele>2682.000</ele>
    </trkpt>
    <trkpt lat="46.66588300" lon="8.15121600">
      <ele>2682.000</ele>
    </trkpt>
    <trkpt lat="46.66588300" lon="8.15121600">
      <ele>2682.000</ele>
    </trkpt>
    <trkpt lat="46.66588300" lon="8.15121600">
      <ele>2682.000</ele>
    </trkpt>
    <trkpt lat="46.66588300" lon="8.15121600">
      <ele>2682.000</ele>
    </trkpt>
    <trkpt lat="46.66588300" lon="8.15121600">
      <ele>2682.000</ele>
    </trkpt>
    <trkpt lat="46.66588300" lon="8.15121600">
      <ele>2682.000</ele>
    </trkpt>
    <trkpt lat="46.66588300" lon="8.15121600">
      <ele>2682.000</ele>
    </trkpt>
    <trkpt lat="46.66588300" lon="8.15121600">
      <ele>2682.000</ele>
    </trkpt>
    <trkpt lat="46.66588300" lon="8.15121600">
      <ele>2682.000</ele>
    </trkpt>
    <trkpt lat="46.66588300" lon="8.15121600">
      <ele>2682.000</ele>
    </trkpt>
    <trkpt lat="46.66588300" lon="8.15121600">
      <ele>2682.000</ele>
    </trkpt>
    <trkpt lat="46.66586900" lon="8.15120200">
      <ele>2682.000</ele>
    </trkpt>
    <trkpt lat="46.66586500" lon="8.15121700">
      <ele>2682.000</ele>
    </trkpt>
    <trkpt lat="46.66586400" lon="8.15121500">
      <ele>2682.000</ele>
    </trkpt>
    <trkpt lat="46.66586400" lon="8.15121500">
      <ele>2682.000</ele>
    </trkpt>
    <trkpt lat="46.66586400" lon="8.15121500">
      <ele>2682.000</ele>
    </trkpt>
    <trkpt lat="46.66586400" lon="8.15121500">
      <ele>2682.000</ele>
    </trkpt>
    <trkpt lat="46.66586400" lon="8.15121700">
      <ele>2682.000</ele>
    </trkpt>
    <trkpt lat="46.66585900" lon="8.15120600">
      <ele>2682.000</ele>
    </trkpt>
    <trkpt lat="46.66586400" lon="8.15121500">
      <ele>2682.000</ele>
    </trkpt>
    <trkpt lat="46.66586400" lon="8.15121500">
      <ele>2682.000</ele>
    </trkpt>
    <trkpt lat="46.66586400" lon="8.15121500">
      <ele>2682.000</ele>
    </trkpt>
    <trkpt lat="46.66586100" lon="8.15119500">
      <ele>2682.000</ele>
    </trkpt>
    <trkpt lat="46.66586500" lon="8.15119300">
      <ele>2682.000</ele>
    </trkpt>
    <trkpt lat="46.66586500" lon="8.15119300">
      <ele>2682.000</ele>
    </trkpt>
    <trkpt lat="46.66586500" lon="8.15119300">
      <ele>2682.000</ele>
    </trkpt>
    <trkpt lat="46.66586500" lon="8.15119300">
      <ele>2682.000</ele>
    </trkpt>
    <trkpt lat="46.66586800" lon="8.15120100">
      <ele>2682.000</ele>
    </trkpt>
    <trkpt lat="46.66586500" lon="8.15119300">
      <ele>2682.000</ele>
    </trkpt>
    <trkpt lat="46.66586700" lon="8.15119800">
      <ele>2682.000</ele>
    </trkpt>
    <trkpt lat="46.66586500" lon="8.15119300">
      <ele>2682.000</ele>
    </trkpt>
    <trkpt lat="46.66586500" lon="8.15119300">
      <ele>2682.000</ele>
    </trkpt>
    <trkpt lat="46.66586500" lon="8.15119300">
      <ele>2682.000</ele>
    </trkpt>
    <trkpt lat="46.66586500" lon="8.15119300">
      <ele>2682.000</ele>
    </trkpt>
    <trkpt lat="46.66587200" lon="8.15120300">
      <ele>2682.000</ele>
    </trkpt>
    <trkpt lat="46.66586500" lon="8.15119300">
      <ele>2682.000</ele>
    </trkpt>
    <trkpt lat="46.66586500" lon="8.15119300">
      <ele>2682.000</ele>
    </trkpt>
    <trkpt lat="46.66586500" lon="8.15119300">
      <ele>2682.000</ele>
    </trkpt>
    <trkpt lat="46.66586500" lon="8.15119300">
      <ele>2682.000</ele>
    </trkpt>
    <trkpt lat="46.66586500" lon="8.15119300">
      <ele>2682.000</ele>
    </trkpt>
    <trkpt lat="46.66586500" lon="8.15119300">
      <ele>2682.000</ele>
    </trkpt>
    <trkpt lat="46.66586500" lon="8.15119300">
      <ele>2682.000</ele>
    </trkpt>
    <trkpt lat="46.66586500" lon="8.15119300">
      <ele>2682.000</ele>
    </trkpt>
    <trkpt lat="46.66586500" lon="8.15119300">
      <ele>2682.000</ele>
    </trkpt>
    <trkpt lat="46.66586500" lon="8.15119300">
      <ele>2682.000</ele>
    </trkpt>
    <trkpt lat="46.66586500" lon="8.15119300">
      <ele>2682.000</ele>
    </trkpt>
    <trkpt lat="46.66586300" lon="8.15120700">
      <ele>2682.000</ele>
    </trkpt>
    <trkpt lat="46.66586200" lon="8.15121200">
      <ele>2682.000</ele>
    </trkpt>
    <trkpt lat="46.66586200" lon="8.15121200">
      <ele>2682.000</ele>
    </trkpt>
    <trkpt lat="46.66586200" lon="8.15121200">
      <ele>2682.000</ele>
    </trkpt>
    <trkpt lat="46.66586200" lon="8.15121200">
      <ele>2682.000</ele>
    </trkpt>
    <trkpt lat="46.66586100" lon="8.15121000">
      <ele>2682.000</ele>
    </trkpt>
    <trkpt lat="46.66586200" lon="8.15121200">
      <ele>2682.000</ele>
    </trkpt>
    <trkpt lat="46.66586200" lon="8.15121200">
      <ele>2682.000</ele>
    </trkpt>
    <trkpt lat="46.66586200" lon="8.15121200">
      <ele>2682.000</ele>
    </trkpt>
    <trkpt lat="46.66586200" lon="8.15121200">
      <ele>2682.000</ele>
    </trkpt>
    <trkpt lat="46.66586200" lon="8.15121200">
      <ele>2682.000</ele>
    </trkpt>
    <trkpt lat="46.66586200" lon="8.15121200">
      <ele>2682.000</ele>
    </trkpt>
    <trkpt lat="46.66586200" lon="8.15121200">
      <ele>2682.000</ele>
    </trkpt>
    <trkpt lat="46.66586200" lon="8.15121200">
      <ele>2682.000</ele>
    </trkpt>
    <trkpt lat="46.66586300" lon="8.15121100">
      <ele>2682.000</ele>
    </trkpt>
    <trkpt lat="46.66586200" lon="8.15121200">
      <ele>2682.000</ele>
    </trkpt>
    <trkpt lat="46.66586200" lon="8.15121200">
      <ele>2682.000</ele>
    </trkpt>
    <trkpt lat="46.66586200" lon="8.15121200">
      <ele>2682.000</ele>
    </trkpt>
    <trkpt lat="46.66586200" lon="8.15121200">
      <ele>2682.000</ele>
    </trkpt>
    <trkpt lat="46.66586200" lon="8.15121200">
      <ele>2682.000</ele>
    </trkpt>
    <trkpt lat="46.66586200" lon="8.15121200">
      <ele>2682.000</ele>
    </trkpt>
    <trkpt lat="46.66586200" lon="8.15121200">
      <ele>2682.000</ele>
    </trkpt>
    <trkpt lat="46.66586200" lon="8.15121200">
      <ele>2682.000</ele>
    </trkpt>
    <trkpt lat="46.66586200" lon="8.15121200">
      <ele>2682.000</ele>
    </trkpt>
    <trkpt lat="46.66586200" lon="8.15121200">
      <ele>2682.000</ele>
    </trkpt>
    <trkpt lat="46.66586200" lon="8.15121200">
      <ele>2682.000</ele>
    </trkpt>
    <trkpt lat="46.66586200" lon="8.15121200">
      <ele>2682.000</ele>
    </trkpt>
    <trkpt lat="46.66586200" lon="8.15121200">
      <ele>2682.000</ele>
    </trkpt>
    <trkpt lat="46.66586200" lon="8.15121200">
      <ele>2682.000</ele>
    </trkpt>
    <trkpt lat="46.66586200" lon="8.15121200">
      <ele>2682.000</ele>
    </trkpt>
    <trkpt lat="46.66586200" lon="8.15121200">
      <ele>2682.000</ele>
    </trkpt>
    <trkpt lat="46.66586200" lon="8.15121200">
      <ele>2682.000</ele>
    </trkpt>
    <trkpt lat="46.66586200" lon="8.15121200">
      <ele>2682.000</ele>
    </trkpt>
    <trkpt lat="46.66586500" lon="8.15121900">
      <ele>2682.000</ele>
    </trkpt>
    <trkpt lat="46.66586200" lon="8.15121200">
      <ele>2682.000</ele>
    </trkpt>
    <trkpt lat="46.66586200" lon="8.15121200">
      <ele>2682.000</ele>
    </trkpt>
    <trkpt lat="46.66586200" lon="8.15121200">
      <ele>2682.000</ele>
    </trkpt>
    <trkpt lat="46.66586200" lon="8.15121200">
      <ele>2682.000</ele>
    </trkpt>
    <trkpt lat="46.66586200" lon="8.15121200">
      <ele>2682.000</ele>
    </trkpt>
    <trkpt lat="46.66586200" lon="8.15121200">
      <ele>2682.000</ele>
    </trkpt>
    <trkpt lat="46.66586200" lon="8.15121200">
      <ele>2682.000</ele>
    </trkpt>
    <trkpt lat="46.66586200" lon="8.15121200">
      <ele>2682.000</ele>
    </trkpt>
    <trkpt lat="46.66586200" lon="8.15121200">
      <ele>2682.000</ele>
    </trkpt>
    <trkpt lat="46.66586200" lon="8.15121200">
      <ele>2682.000</ele>
    </trkpt>
    <trkpt lat="46.66586200" lon="8.15121200">
      <ele>2682.000</ele>
    </trkpt>
    <trkpt lat="46.66586200" lon="8.15121200">
      <ele>2682.000</ele>
    </trkpt>
    <trkpt lat="46.66586200" lon="8.15121200">
      <ele>2682.000</ele>
    </trkpt>
    <trkpt lat="46.66586200" lon="8.15121200">
      <ele>2682.000</ele>
    </trkpt>
    <trkpt lat="46.66586200" lon="8.15121200">
      <ele>2682.000</ele>
    </trkpt>
    <trkpt lat="46.66586200" lon="8.15121200">
      <ele>2682.000</ele>
    </trkpt>
    <trkpt lat="46.66586200" lon="8.15121200">
      <ele>2682.000</ele>
    </trkpt>
    <trkpt lat="46.66587500" lon="8.15121700">
      <ele>2682.000</ele>
    </trkpt>
    <trkpt lat="46.66587500" lon="8.15121700">
      <ele>2682.000</ele>
    </trkpt>
    <trkpt lat="46.66587500" lon="8.15121700">
      <ele>2682.000</ele>
    </trkpt>
    <trkpt lat="46.66587500" lon="8.15121700">
      <ele>2682.000</ele>
    </trkpt>
    <trkpt lat="46.66587500" lon="8.15121700">
      <ele>2682.000</ele>
    </trkpt>
    <trkpt lat="46.66587500" lon="8.15121700">
      <ele>2682.000</ele>
    </trkpt>
    <trkpt lat="46.66587500" lon="8.15121700">
      <ele>2682.000</ele>
    </trkpt>
    <trkpt lat="46.66587500" lon="8.15121700">
      <ele>2682.000</ele>
    </trkpt>
    <trkpt lat="46.66587500" lon="8.15121700">
      <ele>2682.000</ele>
    </trkpt>
    <trkpt lat="46.66587500" lon="8.15121700">
      <ele>2682.000</ele>
    </trkpt>
    <trkpt lat="46.66587500" lon="8.15121700">
      <ele>2682.000</ele>
    </trkpt>
    <trkpt lat="46.66587500" lon="8.15121700">
      <ele>2682.000</ele>
    </trkpt>
    <trkpt lat="46.66587500" lon="8.15121700">
      <ele>2682.000</ele>
    </trkpt>
    <trkpt lat="46.66587500" lon="8.15121700">
      <ele>2682.000</ele>
    </trkpt>
    <trkpt lat="46.66587500" lon="8.15121700">
      <ele>2682.000</ele>
    </trkpt>
    <trkpt lat="46.66587500" lon="8.15121700">
      <ele>2682.000</ele>
    </trkpt>
    <trkpt lat="46.66587500" lon="8.15121700">
      <ele>2682.000</ele>
    </trkpt>
    <trkpt lat="46.66587500" lon="8.15121700">
      <ele>2682.000</ele>
    </trkpt>
    <trkpt lat="46.66587500" lon="8.15121700">
      <ele>2682.000</ele>
    </trkpt>
    <trkpt lat="46.66587500" lon="8.15121700">
      <ele>2682.000</ele>
    </trkpt>
    <trkpt lat="46.66587500" lon="8.15121700">
      <ele>2682.000</ele>
    </trkpt>
    <trkpt lat="46.66587500" lon="8.15121700">
      <ele>2682.000</ele>
    </trkpt>
    <trkpt lat="46.66587500" lon="8.15121700">
      <ele>2682.000</ele>
    </trkpt>
    <trkpt lat="46.66587500" lon="8.15121700">
      <ele>2682.000</ele>
    </trkpt>
    <trkpt lat="46.66587500" lon="8.15121700">
      <ele>2682.000</ele>
    </trkpt>
    <trkpt lat="46.66587500" lon="8.15121700">
      <ele>2682.000</ele>
    </trkpt>
    <trkpt lat="46.66587500" lon="8.15121700">
      <ele>2682.000</ele>
    </trkpt>
    <trkpt lat="46.66587500" lon="8.15121700">
      <ele>2682.000</ele>
    </trkpt>
    <trkpt lat="46.66587500" lon="8.15121700">
      <ele>2682.000</ele>
    </trkpt>
    <trkpt lat="46.66587500" lon="8.15121700">
      <ele>2682.000</ele>
    </trkpt>
    <trkpt lat="46.66587500" lon="8.15121700">
      <ele>2682.000</ele>
    </trkpt>
    <trkpt lat="46.66587500" lon="8.15121700">
      <ele>2682.000</ele>
    </trkpt>
    <trkpt lat="46.66587500" lon="8.15121700">
      <ele>2682.000</ele>
    </trkpt>
    <trkpt lat="46.66587500" lon="8.15121700">
      <ele>2682.000</ele>
    </trkpt>
    <trkpt lat="46.66587500" lon="8.15121700">
      <ele>2682.000</ele>
    </trkpt>
    <trkpt lat="46.66587500" lon="8.15121700">
      <ele>2682.000</ele>
    </trkpt>
    <trkpt lat="46.66587500" lon="8.15121700">
      <ele>2682.000</ele>
    </trkpt>
    <trkpt lat="46.66587300" lon="8.15121700">
      <ele>2682.000</ele>
    </trkpt>
    <trkpt lat="46.66587400" lon="8.15121400">
      <ele>2682.000</ele>
    </trkpt>
    <trkpt lat="46.66587500" lon="8.15121700">
      <ele>2682.000</ele>
    </trkpt>
    <trkpt lat="46.66587500" lon="8.15121700">
      <ele>2682.000</ele>
    </trkpt>
    <trkpt lat="46.66587500" lon="8.15121700">
      <ele>2682.000</ele>
    </trkpt>
    <trkpt lat="46.66587500" lon="8.15121700">
      <ele>2682.000</ele>
    </trkpt>
    <trkpt lat="46.66587500" lon="8.15121700">
      <ele>2682.000</ele>
    </trkpt>
    <trkpt lat="46.66587500" lon="8.15121700">
      <ele>2682.000</ele>
    </trkpt>
    <trkpt lat="46.66587500" lon="8.15121700">
      <ele>2682.000</ele>
    </trkpt>
    <trkpt lat="46.66587500" lon="8.15121700">
      <ele>2682.000</ele>
    </trkpt>
    <trkpt lat="46.66587500" lon="8.15121700">
      <ele>2682.000</ele>
    </trkpt>
    <trkpt lat="46.66587500" lon="8.15121700">
      <ele>2682.000</ele>
    </trkpt>
    <trkpt lat="46.66587500" lon="8.15121300">
      <ele>2682.000</ele>
    </trkpt>
    <trkpt lat="46.66587000" lon="8.15121400">
      <ele>2682.000</ele>
    </trkpt>
    <trkpt lat="46.66586900" lon="8.15121100">
      <ele>2682.000</ele>
    </trkpt>
    <trkpt lat="46.66587500" lon="8.15121700">
      <ele>2682.000</ele>
    </trkpt>
    <trkpt lat="46.66587500" lon="8.15121700">
      <ele>2682.000</ele>
    </trkpt>
    <trkpt lat="46.66587500" lon="8.15121700">
      <ele>2682.000</ele>
    </trkpt>
    <trkpt lat="46.66587500" lon="8.15121700">
      <ele>2682.000</ele>
    </trkpt>
    <trkpt lat="46.66586100" lon="8.15121200">
      <ele>2682.000</ele>
    </trkpt>
    <trkpt lat="46.66586100" lon="8.15121200">
      <ele>2682.000</ele>
    </trkpt>
    <trkpt lat="46.66586100" lon="8.15121200">
      <ele>2682.000</ele>
    </trkpt>
    <trkpt lat="46.66586100" lon="8.15121200">
      <ele>2682.000</ele>
    </trkpt>
    <trkpt lat="46.66586100" lon="8.15121200">
      <ele>2682.000</ele>
    </trkpt>
    <trkpt lat="46.66586100" lon="8.15121200">
      <ele>2682.000</ele>
    </trkpt>
    <trkpt lat="46.66586500" lon="8.15122200">
      <ele>2682.000</ele>
    </trkpt>
    <trkpt lat="46.66585400" lon="8.15121000">
      <ele>2682.000</ele>
    </trkpt>
    <trkpt lat="46.66584900" lon="8.15122100">
      <ele>2682.000</ele>
    </trkpt>
    <trkpt lat="46.66585700" lon="8.15121600">
      <ele>2682.000</ele>
    </trkpt>
    <trkpt lat="46.66585400" lon="8.15121400">
      <ele>2682.000</ele>
    </trkpt>
    <trkpt lat="46.66585800" lon="8.15121500">
      <ele>2682.000</ele>
    </trkpt>
    <trkpt lat="46.66585800" lon="8.15122400">
      <ele>2682.000</ele>
    </trkpt>
    <trkpt lat="46.66586100" lon="8.15121200">
      <ele>2682.000</ele>
    </trkpt>
    <trkpt lat="46.66585700" lon="8.15121900">
      <ele>2682.000</ele>
    </trkpt>
    <trkpt lat="46.66585700" lon="8.15123200">
      <ele>2682.000</ele>
    </trkpt>
    <trkpt lat="46.66585700" lon="8.15123200">
      <ele>2682.000</ele>
    </trkpt>
    <trkpt lat="46.66585700" lon="8.15123200">
      <ele>2682.000</ele>
    </trkpt>
    <trkpt lat="46.66585700" lon="8.15123200">
      <ele>2682.000</ele>
    </trkpt>
    <trkpt lat="46.66585700" lon="8.15123200">
      <ele>2682.000</ele>
    </trkpt>
    <trkpt lat="46.66585700" lon="8.15121900">
      <ele>2682.000</ele>
    </trkpt>
    <trkpt lat="46.66585700" lon="8.15123200">
      <ele>2682.000</ele>
    </trkpt>
    <trkpt lat="46.66585700" lon="8.15123200">
      <ele>2682.000</ele>
    </trkpt>
    <trkpt lat="46.66585900" lon="8.15121200">
      <ele>2682.000</ele>
    </trkpt>
    <trkpt lat="46.66585900" lon="8.15121200">
      <ele>2682.000</ele>
    </trkpt>
    <trkpt lat="46.66585900" lon="8.15121200">
      <ele>2682.000</ele>
    </trkpt>
    <trkpt lat="46.66586400" lon="8.15121500">
      <ele>2682.000</ele>
    </trkpt>
    <trkpt lat="46.66586700" lon="8.15122300">
      <ele>2682.000</ele>
    </trkpt>
    <trkpt lat="46.66587000" lon="8.15121900">
      <ele>2682.000</ele>
    </trkpt>
    <trkpt lat="46.66585900" lon="8.15121200">
      <ele>2682.000</ele>
    </trkpt>
    <trkpt lat="46.66587200" lon="8.15122100">
      <ele>2682.000</ele>
    </trkpt>
    <trkpt lat="46.66585900" lon="8.15121200">
      <ele>2682.000</ele>
    </trkpt>
    <trkpt lat="46.66585900" lon="8.15121200">
      <ele>2682.000</ele>
    </trkpt>
    <trkpt lat="46.66585900" lon="8.15121200">
      <ele>2682.000</ele>
    </trkpt>
    <trkpt lat="46.66585900" lon="8.15121200">
      <ele>2682.000</ele>
    </trkpt>
    <trkpt lat="46.66585900" lon="8.15121200">
      <ele>2682.000</ele>
    </trkpt>
    <trkpt lat="46.66585900" lon="8.15121200">
      <ele>2682.000</ele>
    </trkpt>
    <trkpt lat="46.66585900" lon="8.15121200">
      <ele>2682.000</ele>
    </trkpt>
    <trkpt lat="46.66585900" lon="8.15121200">
      <ele>2682.000</ele>
    </trkpt>
    <trkpt lat="46.66585900" lon="8.15121200">
      <ele>2682.000</ele>
    </trkpt>
    <trkpt lat="46.66585900" lon="8.15121200">
      <ele>2682.000</ele>
    </trkpt>
    <trkpt lat="46.66585900" lon="8.15121200">
      <ele>2682.000</ele>
    </trkpt>
    <trkpt lat="46.66585900" lon="8.15121200">
      <ele>2682.000</ele>
    </trkpt>
    <trkpt lat="46.66585900" lon="8.15121200">
      <ele>2682.000</ele>
    </trkpt>
    <trkpt lat="46.66585900" lon="8.15121200">
      <ele>2682.000</ele>
    </trkpt>
    <trkpt lat="46.66585900" lon="8.15121200">
      <ele>2682.000</ele>
    </trkpt>
    <trkpt lat="46.66585900" lon="8.15121200">
      <ele>2682.000</ele>
    </trkpt>
    <trkpt lat="46.66585900" lon="8.15121200">
      <ele>2682.000</ele>
    </trkpt>
    <trkpt lat="46.66585900" lon="8.15121200">
      <ele>2682.000</ele>
    </trkpt>
    <trkpt lat="46.66585900" lon="8.15121200">
      <ele>2682.000</ele>
    </trkpt>
    <trkpt lat="46.66587300" lon="8.15121700">
      <ele>2682.000</ele>
    </trkpt>
    <trkpt lat="46.66587300" lon="8.15121700">
      <ele>2682.000</ele>
    </trkpt>
    <trkpt lat="46.66587500" lon="8.15122000">
      <ele>2682.000</ele>
    </trkpt>
    <trkpt lat="46.66587300" lon="8.15121700">
      <ele>2682.000</ele>
    </trkpt>
    <trkpt lat="46.66587300" lon="8.15121700">
      <ele>2682.000</ele>
    </trkpt>
    <trkpt lat="46.66587300" lon="8.15121700">
      <ele>2682.000</ele>
    </trkpt>
    <trkpt lat="46.66587300" lon="8.15121700">
      <ele>2682.000</ele>
    </trkpt>
    <trkpt lat="46.66587000" lon="8.15122200">
      <ele>2682.000</ele>
    </trkpt>
    <trkpt lat="46.66587300" lon="8.15121700">
      <ele>2682.000</ele>
    </trkpt>
    <trkpt lat="46.66587300" lon="8.15121700">
      <ele>2682.000</ele>
    </trkpt>
    <trkpt lat="46.66586600" lon="8.15122400">
      <ele>2682.000</ele>
    </trkpt>
    <trkpt lat="46.66587300" lon="8.15121700">
      <ele>2682.000</ele>
    </trkpt>
    <trkpt lat="46.66587300" lon="8.15121700">
      <ele>2682.000</ele>
    </trkpt>
    <trkpt lat="46.66587300" lon="8.15121700">
      <ele>2682.000</ele>
    </trkpt>
    <trkpt lat="46.66587300" lon="8.15121700">
      <ele>2682.000</ele>
    </trkpt>
    <trkpt lat="46.66587300" lon="8.15121700">
      <ele>2682.000</ele>
    </trkpt>
    <trkpt lat="46.66587300" lon="8.15121700">
      <ele>2682.000</ele>
    </trkpt>
    <trkpt lat="46.66587300" lon="8.15121700">
      <ele>2682.000</ele>
    </trkpt>
    <trkpt lat="46.66587300" lon="8.15121700">
      <ele>2682.000</ele>
    </trkpt>
    <trkpt lat="46.66587300" lon="8.15121700">
      <ele>2682.000</ele>
    </trkpt>
    <trkpt lat="46.66587300" lon="8.15121700">
      <ele>2682.000</ele>
    </trkpt>
    <trkpt lat="46.66587300" lon="8.15121700">
      <ele>2682.000</ele>
    </trkpt>
    <trkpt lat="46.66587300" lon="8.15121700">
      <ele>2682.000</ele>
    </trkpt>
    <trkpt lat="46.66587300" lon="8.15121700">
      <ele>2682.000</ele>
    </trkpt>
    <trkpt lat="46.66587300" lon="8.15121700">
      <ele>2682.000</ele>
    </trkpt>
    <trkpt lat="46.66587300" lon="8.15121700">
      <ele>2682.000</ele>
    </trkpt>
    <trkpt lat="46.66587300" lon="8.15121700">
      <ele>2682.000</ele>
    </trkpt>
    <trkpt lat="46.66587300" lon="8.15121700">
      <ele>2682.000</ele>
    </trkpt>
    <trkpt lat="46.66587300" lon="8.15121700">
      <ele>2682.000</ele>
    </trkpt>
    <trkpt lat="46.66587300" lon="8.15121700">
      <ele>2682.000</ele>
    </trkpt>
    <trkpt lat="46.66587300" lon="8.15121700">
      <ele>2682.000</ele>
    </trkpt>
    <trkpt lat="46.66587300" lon="8.15121700">
      <ele>2682.000</ele>
    </trkpt>
    <trkpt lat="46.66587300" lon="8.15121700">
      <ele>2682.000</ele>
    </trkpt>
    <trkpt lat="46.66587300" lon="8.15121700">
      <ele>2682.000</ele>
    </trkpt>
    <trkpt lat="46.66587300" lon="8.15121700">
      <ele>2682.000</ele>
    </trkpt>
    <trkpt lat="46.66586000" lon="8.15121000">
      <ele>2682.000</ele>
    </trkpt>
    <trkpt lat="46.66586100" lon="8.15119700">
      <ele>2682.000</ele>
    </trkpt>
    <trkpt lat="46.66585800" lon="8.15120200">
      <ele>2682.000</ele>
    </trkpt>
    <trkpt lat="46.66585800" lon="8.15120200">
      <ele>2682.000</ele>
    </trkpt>
    <trkpt lat="46.66585800" lon="8.15120200">
      <ele>2682.000</ele>
    </trkpt>
    <trkpt lat="46.66585800" lon="8.15120200">
      <ele>2682.000</ele>
    </trkpt>
    <trkpt lat="46.66585800" lon="8.15120200">
      <ele>2682.000</ele>
    </trkpt>
    <trkpt lat="46.66585500" lon="8.15120300">
      <ele>2682.000</ele>
    </trkpt>
    <trkpt lat="46.66582600" lon="8.15119400">
      <ele>2682.000</ele>
    </trkpt>
    <trkpt lat="46.66583000" lon="8.15119200">
      <ele>2682.000</ele>
    </trkpt>
    <trkpt lat="46.66584600" lon="8.15115600">
      <ele>2682.000</ele>
    </trkpt>
    <trkpt lat="46.66584000" lon="8.15115100">
      <ele>2682.000</ele>
    </trkpt>
    <trkpt lat="46.66584000" lon="8.15113900">
      <ele>2682.000</ele>
    </trkpt>
    <trkpt lat="46.66584000" lon="8.15113900">
      <ele>2682.000</ele>
    </trkpt>
    <trkpt lat="46.66584000" lon="8.15113600">
      <ele>2682.000</ele>
    </trkpt>
    <trkpt lat="46.66584200" lon="8.15111600">
      <ele>2682.000</ele>
    </trkpt>
    <trkpt lat="46.66584700" lon="8.15110000">
      <ele>2682.000</ele>
    </trkpt>
    <trkpt lat="46.66584500" lon="8.15108100">
      <ele>2682.000</ele>
    </trkpt>
    <trkpt lat="46.66584500" lon="8.15106800">
      <ele>2682.000</ele>
    </trkpt>
    <trkpt lat="46.66584400" lon="8.15106100">
      <ele>2682.000</ele>
    </trkpt>
    <trkpt lat="46.66584600" lon="8.15105200">
      <ele>2682.000</ele>
    </trkpt>
    <trkpt lat="46.66584600" lon="8.15104300">
      <ele>2682.000</ele>
    </trkpt>
    <trkpt lat="46.66584300" lon="8.15103700">
      <ele>2682.000</ele>
    </trkpt>
    <trkpt lat="46.66584300" lon="8.15101100">
      <ele>2682.000</ele>
    </trkpt>
    <trkpt lat="46.66584200" lon="8.15098000">
      <ele>2682.000</ele>
    </trkpt>
    <trkpt lat="46.66584500" lon="8.15094600">
      <ele>2673.000</ele>
    </trkpt>
    <trkpt lat="46.66584600" lon="8.15093900">
      <ele>2673.000</ele>
    </trkpt>
    <trkpt lat="46.66584200" lon="8.15092900">
      <ele>2673.000</ele>
    </trkpt>
    <trkpt lat="46.66584300" lon="8.15094100">
      <ele>2673.000</ele>
    </trkpt>
    <trkpt lat="46.66583800" lon="8.15097000">
      <ele>2673.000</ele>
    </trkpt>
    <trkpt lat="46.66582700" lon="8.15096900">
      <ele>2673.000</ele>
    </trkpt>
    <trkpt lat="46.66581700" lon="8.15095200">
      <ele>2673.000</ele>
    </trkpt>
    <trkpt lat="46.66581400" lon="8.15095700">
      <ele>2673.000</ele>
    </trkpt>
    <trkpt lat="46.66581000" lon="8.15095500">
      <ele>2673.000</ele>
    </trkpt>
    <trkpt lat="46.66580500" lon="8.15096800">
      <ele>2673.000</ele>
    </trkpt>
    <trkpt lat="46.66579700" lon="8.15097300">
      <ele>2682.000</ele>
    </trkpt>
    <trkpt lat="46.66579400" lon="8.15097500">
      <ele>2682.000</ele>
    </trkpt>
    <trkpt lat="46.66579400" lon="8.15097500">
      <ele>2682.000</ele>
    </trkpt>
    <trkpt lat="46.66579400" lon="8.15097500">
      <ele>2682.000</ele>
    </trkpt>
    <trkpt lat="46.66579400" lon="8.15097500">
      <ele>2682.000</ele>
    </trkpt>
    <trkpt lat="46.66579400" lon="8.15097500">
      <ele>2682.000</ele>
    </trkpt>
    <trkpt lat="46.66580100" lon="8.15097200">
      <ele>2682.000</ele>
    </trkpt>
    <trkpt lat="46.66580100" lon="8.15095900">
      <ele>2673.000</ele>
    </trkpt>
    <trkpt lat="46.66579800" lon="8.15095600">
      <ele>2673.000</ele>
    </trkpt>
    <trkpt lat="46.66579400" lon="8.15097500">
      <ele>2682.000</ele>
    </trkpt>
    <trkpt lat="46.66579400" lon="8.15097500">
      <ele>2682.000</ele>
    </trkpt>
    <trkpt lat="46.66579400" lon="8.15097500">
      <ele>2682.000</ele>
    </trkpt>
    <trkpt lat="46.66578500" lon="8.15097000">
      <ele>2673.000</ele>
    </trkpt>
    <trkpt lat="46.66578000" lon="8.15096000">
      <ele>2673.000</ele>
    </trkpt>
    <trkpt lat="46.66577400" lon="8.15095100">
      <ele>2673.000</ele>
    </trkpt>
    <trkpt lat="46.66575600" lon="8.15096200">
      <ele>2673.000</ele>
    </trkpt>
    <trkpt lat="46.66575100" lon="8.15095800">
      <ele>2673.000</ele>
    </trkpt>
    <trkpt lat="46.66574200" lon="8.15095000">
      <ele>2673.000</ele>
    </trkpt>
    <trkpt lat="46.66574100" lon="8.15094600">
      <ele>2673.000</ele>
    </trkpt>
    <trkpt lat="46.66574100" lon="8.15094500">
      <ele>2673.000</ele>
    </trkpt>
    <trkpt lat="46.66573800" lon="8.15094300">
      <ele>2673.000</ele>
    </trkpt>
    <trkpt lat="46.66573200" lon="8.15093300">
      <ele>2673.000</ele>
    </trkpt>
    <trkpt lat="46.66573200" lon="8.15093300">
      <ele>2673.000</ele>
    </trkpt>
    <trkpt lat="46.66570500" lon="8.15092500">
      <ele>2673.000</ele>
    </trkpt>
    <trkpt lat="46.66570600" lon="8.15092400">
      <ele>2673.000</ele>
    </trkpt>
    <trkpt lat="46.66570500" lon="8.15092500">
      <ele>2673.000</ele>
    </trkpt>
    <trkpt lat="46.66570400" lon="8.15091200">
      <ele>2673.000</ele>
    </trkpt>
    <trkpt lat="46.66568700" lon="8.15089600">
      <ele>2658.000</ele>
    </trkpt>
    <trkpt lat="46.66568700" lon="8.15089700">
      <ele>2658.000</ele>
    </trkpt>
    <trkpt lat="46.66568700" lon="8.15089700">
      <ele>2658.000</ele>
    </trkpt>
    <trkpt lat="46.66568200" lon="8.15088300">
      <ele>2658.000</ele>
    </trkpt>
    <trkpt lat="46.66567100" lon="8.15086800">
      <ele>2658.000</ele>
    </trkpt>
    <trkpt lat="46.66567300" lon="8.15086900">
      <ele>2658.000</ele>
    </trkpt>
    <trkpt lat="46.66566200" lon="8.15085400">
      <ele>2658.000</ele>
    </trkpt>
    <trkpt lat="46.66566300" lon="8.15085800">
      <ele>2658.000</ele>
    </trkpt>
    <trkpt lat="46.66567400" lon="8.15085500">
      <ele>2658.000</ele>
    </trkpt>
    <trkpt lat="46.66567400" lon="8.15085500">
      <ele>2658.000</ele>
    </trkpt>
    <trkpt lat="46.66567400" lon="8.15085500">
      <ele>2658.000</ele>
    </trkpt>
    <trkpt lat="46.66567400" lon="8.15085500">
      <ele>2658.000</ele>
    </trkpt>
    <trkpt lat="46.66567400" lon="8.15085500">
      <ele>2658.000</ele>
    </trkpt>
    <trkpt lat="46.66567400" lon="8.15085500">
      <ele>2658.000</ele>
    </trkpt>
    <trkpt lat="46.66567400" lon="8.15085500">
      <ele>2658.000</ele>
    </trkpt>
    <trkpt lat="46.66567400" lon="8.15085500">
      <ele>2658.000</ele>
    </trkpt>
    <trkpt lat="46.66567400" lon="8.15085500">
      <ele>2658.000</ele>
    </trkpt>
    <trkpt lat="46.66565600" lon="8.15085300">
      <ele>2658.000</ele>
    </trkpt>
    <trkpt lat="46.66565100" lon="8.15084400">
      <ele>2658.000</ele>
    </trkpt>
    <trkpt lat="46.66563700" lon="8.15082600">
      <ele>2658.000</ele>
    </trkpt>
    <trkpt lat="46.66563700" lon="8.15082600">
      <ele>2658.000</ele>
    </trkpt>
    <trkpt lat="46.66563700" lon="8.15082600">
      <ele>2658.000</ele>
    </trkpt>
    <trkpt lat="46.66563700" lon="8.15082600">
      <ele>2658.000</ele>
    </trkpt>
    <trkpt lat="46.66563700" lon="8.15082600">
      <ele>2658.000</ele>
    </trkpt>
    <trkpt lat="46.66562300" lon="8.15082500">
      <ele>2658.000</ele>
    </trkpt>
    <trkpt lat="46.66561800" lon="8.15082800">
      <ele>2658.000</ele>
    </trkpt>
    <trkpt lat="46.66561800" lon="8.15082800">
      <ele>2658.000</ele>
    </trkpt>
    <trkpt lat="46.66561800" lon="8.15082800">
      <ele>2658.000</ele>
    </trkpt>
    <trkpt lat="46.66561100" lon="8.15083600">
      <ele>2658.000</ele>
    </trkpt>
    <trkpt lat="46.66560500" lon="8.15084000">
      <ele>2658.000</ele>
    </trkpt>
    <trkpt lat="46.66560500" lon="8.15084000">
      <ele>2658.000</ele>
    </trkpt>
    <trkpt lat="46.66558300" lon="8.15083800">
      <ele>2658.000</ele>
    </trkpt>
    <trkpt lat="46.66557000" lon="8.15083700">
      <ele>2658.000</ele>
    </trkpt>
    <trkpt lat="46.66556700" lon="8.15082900">
      <ele>2658.000</ele>
    </trkpt>
    <trkpt lat="46.66556700" lon="8.15082600">
      <ele>2658.000</ele>
    </trkpt>
    <trkpt lat="46.66556400" lon="8.15082200">
      <ele>2658.000</ele>
    </trkpt>
    <trkpt lat="46.66556400" lon="8.15082200">
      <ele>2658.000</ele>
    </trkpt>
    <trkpt lat="46.66556400" lon="8.15082200">
      <ele>2658.000</ele>
    </trkpt>
    <trkpt lat="46.66556400" lon="8.15082200">
      <ele>2658.000</ele>
    </trkpt>
    <trkpt lat="46.66556400" lon="8.15082200">
      <ele>2658.000</ele>
    </trkpt>
    <trkpt lat="46.66556400" lon="8.15082200">
      <ele>2658.000</ele>
    </trkpt>
    <trkpt lat="46.66556400" lon="8.15082300">
      <ele>2658.000</ele>
    </trkpt>
    <trkpt lat="46.66556400" lon="8.15082200">
      <ele>2658.000</ele>
    </trkpt>
    <trkpt lat="46.66556400" lon="8.15082200">
      <ele>2658.000</ele>
    </trkpt>
    <trkpt lat="46.66556400" lon="8.15082200">
      <ele>2658.000</ele>
    </trkpt>
    <trkpt lat="46.66556400" lon="8.15082200">
      <ele>2658.000</ele>
    </trkpt>
    <trkpt lat="46.66556400" lon="8.15082200">
      <ele>2658.000</ele>
    </trkpt>
    <trkpt lat="46.66556400" lon="8.15082200">
      <ele>2658.000</ele>
    </trkpt>
    <trkpt lat="46.66556400" lon="8.15082200">
      <ele>2658.000</ele>
    </trkpt>
    <trkpt lat="46.66556400" lon="8.15082200">
      <ele>2658.000</ele>
    </trkpt>
    <trkpt lat="46.66556400" lon="8.15082200">
      <ele>2658.000</ele>
    </trkpt>
    <trkpt lat="46.66555900" lon="8.15082300">
      <ele>2658.000</ele>
    </trkpt>
    <trkpt lat="46.66556400" lon="8.15082200">
      <ele>2658.000</ele>
    </trkpt>
    <trkpt lat="46.66556400" lon="8.15082200">
      <ele>2658.000</ele>
    </trkpt>
    <trkpt lat="46.66556400" lon="8.15082200">
      <ele>2658.000</ele>
    </trkpt>
    <trkpt lat="46.66554600" lon="8.15081900">
      <ele>2658.000</ele>
    </trkpt>
    <trkpt lat="46.66554800" lon="8.15081900">
      <ele>2658.000</ele>
    </trkpt>
    <trkpt lat="46.66554800" lon="8.15081900">
      <ele>2658.000</ele>
    </trkpt>
    <trkpt lat="46.66553500" lon="8.15082800">
      <ele>2658.000</ele>
    </trkpt>
    <trkpt lat="46.66552200" lon="8.15082900">
      <ele>2658.000</ele>
    </trkpt>
    <trkpt lat="46.66552200" lon="8.15082700">
      <ele>2658.000</ele>
    </trkpt>
    <trkpt lat="46.66552000" lon="8.15081200">
      <ele>2658.000</ele>
    </trkpt>
    <trkpt lat="46.66552000" lon="8.15081200">
      <ele>2658.000</ele>
    </trkpt>
    <trkpt lat="46.66552000" lon="8.15081200">
      <ele>2658.000</ele>
    </trkpt>
    <trkpt lat="46.66552000" lon="8.15081000">
      <ele>2658.000</ele>
    </trkpt>
    <trkpt lat="46.66551700" lon="8.15080000">
      <ele>2658.000</ele>
    </trkpt>
    <trkpt lat="46.66550700" lon="8.15080300">
      <ele>2658.000</ele>
    </trkpt>
    <trkpt lat="46.66550800" lon="8.15080100">
      <ele>2658.000</ele>
    </trkpt>
    <trkpt lat="46.66550800" lon="8.15080100">
      <ele>2658.000</ele>
    </trkpt>
    <trkpt lat="46.66550800" lon="8.15080100">
      <ele>2658.000</ele>
    </trkpt>
    <trkpt lat="46.66550500" lon="8.15079000">
      <ele>2658.000</ele>
    </trkpt>
    <trkpt lat="46.66550800" lon="8.15078600">
      <ele>2658.000</ele>
    </trkpt>
    <trkpt lat="46.66550900" lon="8.15078700">
      <ele>2658.000</ele>
    </trkpt>
    <trkpt lat="46.66550000" lon="8.15078100">
      <ele>2658.000</ele>
    </trkpt>
    <trkpt lat="46.66550800" lon="8.15080100">
      <ele>2658.000</ele>
    </trkpt>
    <trkpt lat="46.66550800" lon="8.15080100">
      <ele>2658.000</ele>
    </trkpt>
    <trkpt lat="46.66550500" lon="8.15079900">
      <ele>2658.000</ele>
    </trkpt>
    <trkpt lat="46.66550800" lon="8.15080100">
      <ele>2658.000</ele>
    </trkpt>
    <trkpt lat="46.66550800" lon="8.15080100">
      <ele>2658.000</ele>
    </trkpt>
    <trkpt lat="46.66550800" lon="8.15080100">
      <ele>2658.000</ele>
    </trkpt>
    <trkpt lat="46.66550800" lon="8.15080100">
      <ele>2658.000</ele>
    </trkpt>
    <trkpt lat="46.66550800" lon="8.15080100">
      <ele>2658.000</ele>
    </trkpt>
    <trkpt lat="46.66551100" lon="8.15079800">
      <ele>2658.000</ele>
    </trkpt>
    <trkpt lat="46.66550800" lon="8.15080100">
      <ele>2658.000</ele>
    </trkpt>
    <trkpt lat="46.66550800" lon="8.15080100">
      <ele>2658.000</ele>
    </trkpt>
    <trkpt lat="46.66550800" lon="8.15080100">
      <ele>2658.000</ele>
    </trkpt>
    <trkpt lat="46.66550800" lon="8.15080100">
      <ele>2658.000</ele>
    </trkpt>
    <trkpt lat="46.66550800" lon="8.15080100">
      <ele>2658.000</ele>
    </trkpt>
    <trkpt lat="46.66550800" lon="8.15080100">
      <ele>2658.000</ele>
    </trkpt>
    <trkpt lat="46.66551100" lon="8.15078900">
      <ele>2658.000</ele>
    </trkpt>
    <trkpt lat="46.66550700" lon="8.15079500">
      <ele>2658.000</ele>
    </trkpt>
    <trkpt lat="46.66550600" lon="8.15078700">
      <ele>2658.000</ele>
    </trkpt>
    <trkpt lat="46.66550500" lon="8.15079200">
      <ele>2658.000</ele>
    </trkpt>
    <trkpt lat="46.66550800" lon="8.15080100">
      <ele>2658.000</ele>
    </trkpt>
    <trkpt lat="46.66550800" lon="8.15080100">
      <ele>2658.000</ele>
    </trkpt>
    <trkpt lat="46.66550800" lon="8.15080100">
      <ele>2658.000</ele>
    </trkpt>
    <trkpt lat="46.66550800" lon="8.15080100">
      <ele>2658.000</ele>
    </trkpt>
    <trkpt lat="46.66550800" lon="8.15080100">
      <ele>2658.000</ele>
    </trkpt>
    <trkpt lat="46.66550800" lon="8.15080100">
      <ele>2658.000</ele>
    </trkpt>
    <trkpt lat="46.66550800" lon="8.15080100">
      <ele>2658.000</ele>
    </trkpt>
    <trkpt lat="46.66550800" lon="8.15080100">
      <ele>2658.000</ele>
    </trkpt>
    <trkpt lat="46.66550800" lon="8.15080100">
      <ele>2658.000</ele>
    </trkpt>
    <trkpt lat="46.66550600" lon="8.15078400">
      <ele>2658.000</ele>
    </trkpt>
    <trkpt lat="46.66550200" lon="8.15079100">
      <ele>2658.000</ele>
    </trkpt>
    <trkpt lat="46.66550800" lon="8.15080100">
      <ele>2658.000</ele>
    </trkpt>
    <trkpt lat="46.66550800" lon="8.15080100">
      <ele>2658.000</ele>
    </trkpt>
    <trkpt lat="46.66550200" lon="8.15079600">
      <ele>2658.000</ele>
    </trkpt>
    <trkpt lat="46.66550800" lon="8.15080100">
      <ele>2658.000</ele>
    </trkpt>
    <trkpt lat="46.66550800" lon="8.15080100">
      <ele>2658.000</ele>
    </trkpt>
    <trkpt lat="46.66550800" lon="8.15080100">
      <ele>2658.000</ele>
    </trkpt>
    <trkpt lat="46.66550800" lon="8.15080100">
      <ele>2658.000</ele>
    </trkpt>
    <trkpt lat="46.66550800" lon="8.15080100">
      <ele>2658.000</ele>
    </trkpt>
    <trkpt lat="46.66550800" lon="8.15080100">
      <ele>2658.000</ele>
    </trkpt>
    <trkpt lat="46.66550800" lon="8.15080100">
      <ele>2658.000</ele>
    </trkpt>
    <trkpt lat="46.66550800" lon="8.15080100">
      <ele>2658.000</ele>
    </trkpt>
    <trkpt lat="46.66550600" lon="8.15080400">
      <ele>2658.000</ele>
    </trkpt>
    <trkpt lat="46.66550800" lon="8.15080100">
      <ele>2658.000</ele>
    </trkpt>
    <trkpt lat="46.66550800" lon="8.15080100">
      <ele>2658.000</ele>
    </trkpt>
    <trkpt lat="46.66550800" lon="8.15080100">
      <ele>2658.000</ele>
    </trkpt>
    <trkpt lat="46.66550800" lon="8.15080100">
      <ele>2658.000</ele>
    </trkpt>
    <trkpt lat="46.66550800" lon="8.15080100">
      <ele>2658.000</ele>
    </trkpt>
    <trkpt lat="46.66550800" lon="8.15080100">
      <ele>2658.000</ele>
    </trkpt>
    <trkpt lat="46.66550800" lon="8.15080100">
      <ele>2658.000</ele>
    </trkpt>
    <trkpt lat="46.66550800" lon="8.15080700">
      <ele>2658.000</ele>
    </trkpt>
    <trkpt lat="46.66550700" lon="8.15081300">
      <ele>2658.000</ele>
    </trkpt>
    <trkpt lat="46.66550800" lon="8.15080100">
      <ele>2658.000</ele>
    </trkpt>
    <trkpt lat="46.66550800" lon="8.15080100">
      <ele>2658.000</ele>
    </trkpt>
    <trkpt lat="46.66550800" lon="8.15080100">
      <ele>2658.000</ele>
    </trkpt>
    <trkpt lat="46.66550800" lon="8.15080100">
      <ele>2658.000</ele>
    </trkpt>
    <trkpt lat="46.66550800" lon="8.15080100">
      <ele>2658.000</ele>
    </trkpt>
    <trkpt lat="46.66550800" lon="8.15080100">
      <ele>2658.000</ele>
    </trkpt>
    <trkpt lat="46.66550800" lon="8.15080100">
      <ele>2658.000</ele>
    </trkpt>
    <trkpt lat="46.66550800" lon="8.15080100">
      <ele>2658.000</ele>
    </trkpt>
    <trkpt lat="46.66550800" lon="8.15080100">
      <ele>2658.000</ele>
    </trkpt>
    <trkpt lat="46.66550800" lon="8.15080100">
      <ele>2658.000</ele>
    </trkpt>
    <trkpt lat="46.66550800" lon="8.15080100">
      <ele>2658.000</ele>
    </trkpt>
    <trkpt lat="46.66550800" lon="8.15080100">
      <ele>2658.000</ele>
    </trkpt>
    <trkpt lat="46.66550800" lon="8.15080100">
      <ele>2658.000</ele>
    </trkpt>
    <trkpt lat="46.66550800" lon="8.15080100">
      <ele>2658.000</ele>
    </trkpt>
    <trkpt lat="46.66550800" lon="8.15080100">
      <ele>2658.000</ele>
    </trkpt>
    <trkpt lat="46.66550800" lon="8.15080100">
      <ele>2658.000</ele>
    </trkpt>
    <trkpt lat="46.66550800" lon="8.15080100">
      <ele>2658.000</ele>
    </trkpt>
    <trkpt lat="46.66550800" lon="8.15080100">
      <ele>2658.000</ele>
    </trkpt>
    <trkpt lat="46.66550800" lon="8.15080100">
      <ele>2658.000</ele>
    </trkpt>
    <trkpt lat="46.66550800" lon="8.15080100">
      <ele>2658.000</ele>
    </trkpt>
    <trkpt lat="46.66550800" lon="8.15080100">
      <ele>2658.000</ele>
    </trkpt>
    <trkpt lat="46.66550800" lon="8.15080100">
      <ele>2658.000</ele>
    </trkpt>
    <trkpt lat="46.66550800" lon="8.15080100">
      <ele>2658.000</ele>
    </trkpt>
    <trkpt lat="46.66550800" lon="8.15080100">
      <ele>2658.000</ele>
    </trkpt>
    <trkpt lat="46.66550800" lon="8.15080100">
      <ele>2658.000</ele>
    </trkpt>
    <trkpt lat="46.66550800" lon="8.15080100">
      <ele>2658.000</ele>
    </trkpt>
    <trkpt lat="46.66550800" lon="8.15080100">
      <ele>2658.000</ele>
    </trkpt>
    <trkpt lat="46.66550800" lon="8.15080100">
      <ele>2658.000</ele>
    </trkpt>
    <trkpt lat="46.66550800" lon="8.15080100">
      <ele>2658.000</ele>
    </trkpt>
    <trkpt lat="46.66550800" lon="8.15080100">
      <ele>2658.000</ele>
    </trkpt>
    <trkpt lat="46.66550800" lon="8.15080100">
      <ele>2658.000</ele>
    </trkpt>
    <trkpt lat="46.66550800" lon="8.15080100">
      <ele>2658.000</ele>
    </trkpt>
    <trkpt lat="46.66550800" lon="8.15080100">
      <ele>2658.000</ele>
    </trkpt>
    <trkpt lat="46.66550800" lon="8.15080100">
      <ele>2658.000</ele>
    </trkpt>
    <trkpt lat="46.66550800" lon="8.15080100">
      <ele>2658.000</ele>
    </trkpt>
    <trkpt lat="46.66550800" lon="8.15080100">
      <ele>2658.000</ele>
    </trkpt>
    <trkpt lat="46.66550800" lon="8.15080100">
      <ele>2658.000</ele>
    </trkpt>
    <trkpt lat="46.66550800" lon="8.15080100">
      <ele>2658.000</ele>
    </trkpt>
    <trkpt lat="46.66550800" lon="8.15080100">
      <ele>2658.000</ele>
    </trkpt>
    <trkpt lat="46.66550800" lon="8.15080100">
      <ele>2658.000</ele>
    </trkpt>
    <trkpt lat="46.66550800" lon="8.15080100">
      <ele>2658.000</ele>
    </trkpt>
    <trkpt lat="46.66550800" lon="8.15080100">
      <ele>2658.000</ele>
    </trkpt>
    <trkpt lat="46.66550800" lon="8.15080100">
      <ele>2658.000</ele>
    </trkpt>
    <trkpt lat="46.66550800" lon="8.15080100">
      <ele>2658.000</ele>
    </trkpt>
    <trkpt lat="46.66550800" lon="8.15080100">
      <ele>2658.000</ele>
    </trkpt>
    <trkpt lat="46.66550800" lon="8.15080100">
      <ele>2658.000</ele>
    </trkpt>
    <trkpt lat="46.66550800" lon="8.15080100">
      <ele>2658.000</ele>
    </trkpt>
    <trkpt lat="46.66550800" lon="8.15080100">
      <ele>2658.000</ele>
    </trkpt>
    <trkpt lat="46.66550800" lon="8.15080100">
      <ele>2658.000</ele>
    </trkpt>
    <trkpt lat="46.66550800" lon="8.15080100">
      <ele>2658.000</ele>
    </trkpt>
    <trkpt lat="46.66550800" lon="8.15080100">
      <ele>2658.000</ele>
    </trkpt>
    <trkpt lat="46.66550800" lon="8.15080100">
      <ele>2658.000</ele>
    </trkpt>
    <trkpt lat="46.66550800" lon="8.15080100">
      <ele>2658.000</ele>
    </trkpt>
    <trkpt lat="46.66550800" lon="8.15080100">
      <ele>2658.000</ele>
    </trkpt>
    <trkpt lat="46.66550800" lon="8.15080100">
      <ele>2658.000</ele>
    </trkpt>
    <trkpt lat="46.66550800" lon="8.15080100">
      <ele>2658.000</ele>
    </trkpt>
    <trkpt lat="46.66550800" lon="8.15080100">
      <ele>2658.000</ele>
    </trkpt>
    <trkpt lat="46.66550800" lon="8.15080100">
      <ele>2658.000</ele>
    </trkpt>
    <trkpt lat="46.66550800" lon="8.15080100">
      <ele>2658.000</ele>
    </trkpt>
    <trkpt lat="46.66550800" lon="8.15080100">
      <ele>2658.000</ele>
    </trkpt>
    <trkpt lat="46.66550800" lon="8.15080100">
      <ele>2658.000</ele>
    </trkpt>
    <trkpt lat="46.66550800" lon="8.15080100">
      <ele>2658.000</ele>
    </trkpt>
    <trkpt lat="46.66550800" lon="8.15080100">
      <ele>2658.000</ele>
    </trkpt>
    <trkpt lat="46.66550800" lon="8.15080100">
      <ele>2658.000</ele>
    </trkpt>
    <trkpt lat="46.66550800" lon="8.15080100">
      <ele>2658.000</ele>
    </trkpt>
    <trkpt lat="46.66550800" lon="8.15080100">
      <ele>2658.000</ele>
    </trkpt>
    <trkpt lat="46.66550800" lon="8.15080100">
      <ele>2658.000</ele>
    </trkpt>
    <trkpt lat="46.66550800" lon="8.15080100">
      <ele>2658.000</ele>
    </trkpt>
    <trkpt lat="46.66551800" lon="8.15079700">
      <ele>2658.000</ele>
    </trkpt>
    <trkpt lat="46.66550800" lon="8.15080100">
      <ele>2658.000</ele>
    </trkpt>
    <trkpt lat="46.66550800" lon="8.15080100">
      <ele>2658.000</ele>
    </trkpt>
    <trkpt lat="46.66550800" lon="8.15080100">
      <ele>2658.000</ele>
    </trkpt>
    <trkpt lat="46.66550800" lon="8.15080100">
      <ele>2658.000</ele>
    </trkpt>
    <trkpt lat="46.66552100" lon="8.15080200">
      <ele>2658.000</ele>
    </trkpt>
    <trkpt lat="46.66550800" lon="8.15080100">
      <ele>2658.000</ele>
    </trkpt>
    <trkpt lat="46.66551300" lon="8.15080800">
      <ele>2658.000</ele>
    </trkpt>
    <trkpt lat="46.66551000" lon="8.15081500">
      <ele>2658.000</ele>
    </trkpt>
    <trkpt lat="46.66549500" lon="8.15080000">
      <ele>2658.000</ele>
    </trkpt>
    <trkpt lat="46.66549200" lon="8.15080100">
      <ele>2658.000</ele>
    </trkpt>
    <trkpt lat="46.66549200" lon="8.15080100">
      <ele>2658.000</ele>
    </trkpt>
    <trkpt lat="46.66549300" lon="8.15080100">
      <ele>2658.000</ele>
    </trkpt>
    <trkpt lat="46.66547400" lon="8.15079600">
      <ele>2658.000</ele>
    </trkpt>
    <trkpt lat="46.66546900" lon="8.15078900">
      <ele>2658.000</ele>
    </trkpt>
    <trkpt lat="46.66546900" lon="8.15078900">
      <ele>2658.000</ele>
    </trkpt>
    <trkpt lat="46.66546600" lon="8.15077200">
      <ele>2658.000</ele>
    </trkpt>
    <trkpt lat="46.66546600" lon="8.15076800">
      <ele>2658.000</ele>
    </trkpt>
    <trkpt lat="46.66546600" lon="8.15076800">
      <ele>2658.000</ele>
    </trkpt>
    <trkpt lat="46.66546600" lon="8.15076800">
      <ele>2658.000</ele>
    </trkpt>
    <trkpt lat="46.66546600" lon="8.15076800">
      <ele>2658.000</ele>
    </trkpt>
    <trkpt lat="46.66545600" lon="8.15076900">
      <ele>2658.000</ele>
    </trkpt>
    <trkpt lat="46.66545400" lon="8.15074700">
      <ele>2658.000</ele>
    </trkpt>
    <trkpt lat="46.66545700" lon="8.15074700">
      <ele>2658.000</ele>
    </trkpt>
    <trkpt lat="46.66545800" lon="8.15074600">
      <ele>2658.000</ele>
    </trkpt>
    <trkpt lat="46.66545700" lon="8.15074700">
      <ele>2658.000</ele>
    </trkpt>
    <trkpt lat="46.66545800" lon="8.15074600">
      <ele>2658.000</ele>
    </trkpt>
    <trkpt lat="46.66545800" lon="8.15074600">
      <ele>2658.000</ele>
    </trkpt>
    <trkpt lat="46.66545000" lon="8.15073300">
      <ele>2658.000</ele>
    </trkpt>
    <trkpt lat="46.66544200" lon="8.15073500">
      <ele>2658.000</ele>
    </trkpt>
    <trkpt lat="46.66544100" lon="8.15073300">
      <ele>2658.000</ele>
    </trkpt>
    <trkpt lat="46.66543700" lon="8.15073100">
      <ele>2658.000</ele>
    </trkpt>
    <trkpt lat="46.66543800" lon="8.15073300">
      <ele>2658.000</ele>
    </trkpt>
    <trkpt lat="46.66543900" lon="8.15073200">
      <ele>2658.000</ele>
    </trkpt>
    <trkpt lat="46.66543900" lon="8.15073200">
      <ele>2658.000</ele>
    </trkpt>
    <trkpt lat="46.66543900" lon="8.15073200">
      <ele>2658.000</ele>
    </trkpt>
    <trkpt lat="46.66543900" lon="8.15073200">
      <ele>2658.000</ele>
    </trkpt>
    <trkpt lat="46.66543900" lon="8.15073200">
      <ele>2658.000</ele>
    </trkpt>
    <trkpt lat="46.66543900" lon="8.15073200">
      <ele>2658.000</ele>
    </trkpt>
    <trkpt lat="46.66543900" lon="8.15073200">
      <ele>2658.000</ele>
    </trkpt>
    <trkpt lat="46.66543900" lon="8.15073200">
      <ele>2658.000</ele>
    </trkpt>
    <trkpt lat="46.66543900" lon="8.15073200">
      <ele>2658.000</ele>
    </trkpt>
    <trkpt lat="46.66543900" lon="8.15073200">
      <ele>2658.000</ele>
    </trkpt>
    <trkpt lat="46.66543900" lon="8.15073200">
      <ele>2658.000</ele>
    </trkpt>
    <trkpt lat="46.66543900" lon="8.15073200">
      <ele>2658.000</ele>
    </trkpt>
    <trkpt lat="46.66543900" lon="8.15073200">
      <ele>2658.000</ele>
    </trkpt>
    <trkpt lat="46.66543900" lon="8.15073200">
      <ele>2658.000</ele>
    </trkpt>
    <trkpt lat="46.66542700" lon="8.15071100">
      <ele>2658.000</ele>
    </trkpt>
    <trkpt lat="46.66543000" lon="8.15071000">
      <ele>2658.000</ele>
    </trkpt>
    <trkpt lat="46.66543000" lon="8.15071000">
      <ele>2658.000</ele>
    </trkpt>
    <trkpt lat="46.66543000" lon="8.15071000">
      <ele>2658.000</ele>
    </trkpt>
    <trkpt lat="46.66543000" lon="8.15071000">
      <ele>2658.000</ele>
    </trkpt>
    <trkpt lat="46.66542900" lon="8.15071300">
      <ele>2658.000</ele>
    </trkpt>
    <trkpt lat="46.66543000" lon="8.15071000">
      <ele>2658.000</ele>
    </trkpt>
    <trkpt lat="46.66543000" lon="8.15071000">
      <ele>2658.000</ele>
    </trkpt>
    <trkpt lat="46.66542700" lon="8.15071700">
      <ele>2658.000</ele>
    </trkpt>
    <trkpt lat="46.66541700" lon="8.15070900">
      <ele>2658.000</ele>
    </trkpt>
    <trkpt lat="46.66541400" lon="8.15070000">
      <ele>2613.000</ele>
    </trkpt>
    <trkpt lat="46.66540500" lon="8.15068800">
      <ele>2669.000</ele>
    </trkpt>
    <trkpt lat="46.66540900" lon="8.15070600">
      <ele>2613.000</ele>
    </trkpt>
    <trkpt lat="46.66540100" lon="8.15069400">
      <ele>2669.000</ele>
    </trkpt>
    <trkpt lat="46.66540200" lon="8.15069300">
      <ele>2669.000</ele>
    </trkpt>
    <trkpt lat="46.66540200" lon="8.15069300">
      <ele>2669.000</ele>
    </trkpt>
    <trkpt lat="46.66539800" lon="8.15067400">
      <ele>2669.000</ele>
    </trkpt>
    <trkpt lat="46.66539400" lon="8.15067200">
      <ele>2669.000</ele>
    </trkpt>
    <trkpt lat="46.66538400" lon="8.15068200">
      <ele>2669.000</ele>
    </trkpt>
    <trkpt lat="46.66538100" lon="8.15069000">
      <ele>2669.000</ele>
    </trkpt>
    <trkpt lat="46.66538400" lon="8.15069400">
      <ele>2669.000</ele>
    </trkpt>
    <trkpt lat="46.66538400" lon="8.15068200">
      <ele>2669.000</ele>
    </trkpt>
    <trkpt lat="46.66538400" lon="8.15068200">
      <ele>2669.000</ele>
    </trkpt>
    <trkpt lat="46.66537700" lon="8.15070600">
      <ele>2613.000</ele>
    </trkpt>
    <trkpt lat="46.66535800" lon="8.15071100">
      <ele>2613.000</ele>
    </trkpt>
    <trkpt lat="46.66535500" lon="8.15070900">
      <ele>2613.000</ele>
    </trkpt>
    <trkpt lat="46.66535500" lon="8.15070900">
      <ele>2613.000</ele>
    </trkpt>
    <trkpt lat="46.66535500" lon="8.15070900">
      <ele>2613.000</ele>
    </trkpt>
    <trkpt lat="46.66535500" lon="8.15070900">
      <ele>2613.000</ele>
    </trkpt>
    <trkpt lat="46.66535500" lon="8.15070900">
      <ele>2613.000</ele>
    </trkpt>
    <trkpt lat="46.66535500" lon="8.15070900">
      <ele>2613.000</ele>
    </trkpt>
    <trkpt lat="46.66535500" lon="8.15070900">
      <ele>2613.000</ele>
    </trkpt>
    <trkpt lat="46.66536900" lon="8.15072000">
      <ele>2613.000</ele>
    </trkpt>
    <trkpt lat="46.66536900" lon="8.15073000">
      <ele>2613.000</ele>
    </trkpt>
    <trkpt lat="46.66536200" lon="8.15072500">
      <ele>2613.000</ele>
    </trkpt>
    <trkpt lat="46.66536900" lon="8.15073000">
      <ele>2613.000</ele>
    </trkpt>
    <trkpt lat="46.66536900" lon="8.15073000">
      <ele>2613.000</ele>
    </trkpt>
    <trkpt lat="46.66536900" lon="8.15073000">
      <ele>2613.000</ele>
    </trkpt>
    <trkpt lat="46.66535600" lon="8.15072600">
      <ele>2613.000</ele>
    </trkpt>
    <trkpt lat="46.66534900" lon="8.15072400">
      <ele>2613.000</ele>
    </trkpt>
    <trkpt lat="46.66534200" lon="8.15072000">
      <ele>2613.000</ele>
    </trkpt>
    <trkpt lat="46.66534200" lon="8.15072000">
      <ele>2613.000</ele>
    </trkpt>
    <trkpt lat="46.66534200" lon="8.15072000">
      <ele>2613.000</ele>
    </trkpt>
    <trkpt lat="46.66533000" lon="8.15069200">
      <ele>2669.000</ele>
    </trkpt>
    <trkpt lat="46.66532900" lon="8.15069100">
      <ele>2669.000</ele>
    </trkpt>
    <trkpt lat="46.66532900" lon="8.15069100">
      <ele>2669.000</ele>
    </trkpt>
    <trkpt lat="46.66532900" lon="8.15069100">
      <ele>2669.000</ele>
    </trkpt>
    <trkpt lat="46.66532900" lon="8.15069100">
      <ele>2669.000</ele>
    </trkpt>
    <trkpt lat="46.66532900" lon="8.15069100">
      <ele>2669.000</ele>
    </trkpt>
    <trkpt lat="46.66532900" lon="8.15069100">
      <ele>2669.000</ele>
    </trkpt>
    <trkpt lat="46.66532900" lon="8.15069100">
      <ele>2669.000</ele>
    </trkpt>
    <trkpt lat="46.66533200" lon="8.15068500">
      <ele>2669.000</ele>
    </trkpt>
    <trkpt lat="46.66532900" lon="8.15069100">
      <ele>2669.000</ele>
    </trkpt>
    <trkpt lat="46.66532700" lon="8.15069100">
      <ele>2669.000</ele>
    </trkpt>
    <trkpt lat="46.66532300" lon="8.15069100">
      <ele>2669.000</ele>
    </trkpt>
    <trkpt lat="46.66532900" lon="8.15069100">
      <ele>2669.000</ele>
    </trkpt>
    <trkpt lat="46.66532200" lon="8.15067600">
      <ele>2669.000</ele>
    </trkpt>
    <trkpt lat="46.66531600" lon="8.15067200">
      <ele>2669.000</ele>
    </trkpt>
    <trkpt lat="46.66531600" lon="8.15067100">
      <ele>2669.000</ele>
    </trkpt>
    <trkpt lat="46.66531600" lon="8.15067100">
      <ele>2669.000</ele>
    </trkpt>
    <trkpt lat="46.66531600" lon="8.15067100">
      <ele>2669.000</ele>
    </trkpt>
    <trkpt lat="46.66531600" lon="8.15067100">
      <ele>2669.000</ele>
    </trkpt>
    <trkpt lat="46.66530100" lon="8.15065900">
      <ele>2669.000</ele>
    </trkpt>
    <trkpt lat="46.66530200" lon="8.15066200">
      <ele>2669.000</ele>
    </trkpt>
    <trkpt lat="46.66530500" lon="8.15066200">
      <ele>2669.000</ele>
    </trkpt>
    <trkpt lat="46.66530600" lon="8.15066400">
      <ele>2669.000</ele>
    </trkpt>
    <trkpt lat="46.66530100" lon="8.15065900">
      <ele>2669.000</ele>
    </trkpt>
    <trkpt lat="46.66530100" lon="8.15065900">
      <ele>2669.000</ele>
    </trkpt>
    <trkpt lat="46.66530100" lon="8.15065900">
      <ele>2669.000</ele>
    </trkpt>
    <trkpt lat="46.66530100" lon="8.15065900">
      <ele>2669.000</ele>
    </trkpt>
    <trkpt lat="46.66530100" lon="8.15065900">
      <ele>2669.000</ele>
    </trkpt>
    <trkpt lat="46.66530100" lon="8.15065900">
      <ele>2669.000</ele>
    </trkpt>
    <trkpt lat="46.66530100" lon="8.15065900">
      <ele>2669.000</ele>
    </trkpt>
    <trkpt lat="46.66530400" lon="8.15065700">
      <ele>2669.000</ele>
    </trkpt>
    <trkpt lat="46.66530100" lon="8.15065900">
      <ele>2669.000</ele>
    </trkpt>
    <trkpt lat="46.66530100" lon="8.15065900">
      <ele>2669.000</ele>
    </trkpt>
    <trkpt lat="46.66530100" lon="8.15065900">
      <ele>2669.000</ele>
    </trkpt>
    <trkpt lat="46.66530100" lon="8.15065900">
      <ele>2669.000</ele>
    </trkpt>
    <trkpt lat="46.66530100" lon="8.15065900">
      <ele>2669.000</ele>
    </trkpt>
    <trkpt lat="46.66530100" lon="8.15065900">
      <ele>2669.000</ele>
    </trkpt>
    <trkpt lat="46.66530100" lon="8.15065900">
      <ele>2669.000</ele>
    </trkpt>
    <trkpt lat="46.66530100" lon="8.15065900">
      <ele>2669.000</ele>
    </trkpt>
    <trkpt lat="46.66530100" lon="8.15065900">
      <ele>2669.000</ele>
    </trkpt>
    <trkpt lat="46.66530100" lon="8.15065900">
      <ele>2669.000</ele>
    </trkpt>
    <trkpt lat="46.66530100" lon="8.15065900">
      <ele>2669.000</ele>
    </trkpt>
    <trkpt lat="46.66530300" lon="8.15065200">
      <ele>2669.000</ele>
    </trkpt>
    <trkpt lat="46.66530100" lon="8.15065900">
      <ele>2669.000</ele>
    </trkpt>
    <trkpt lat="46.66530100" lon="8.15065900">
      <ele>2669.000</ele>
    </trkpt>
    <trkpt lat="46.66530700" lon="8.15065100">
      <ele>2669.000</ele>
    </trkpt>
    <trkpt lat="46.66530500" lon="8.15065200">
      <ele>2669.000</ele>
    </trkpt>
    <trkpt lat="46.66530100" lon="8.15065900">
      <ele>2669.000</ele>
    </trkpt>
    <trkpt lat="46.66530100" lon="8.15065900">
      <ele>2669.000</ele>
    </trkpt>
    <trkpt lat="46.66530100" lon="8.15065900">
      <ele>2669.000</ele>
    </trkpt>
    <trkpt lat="46.66530100" lon="8.15065900">
      <ele>2669.000</ele>
    </trkpt>
    <trkpt lat="46.66530100" lon="8.15065900">
      <ele>2669.000</ele>
    </trkpt>
    <trkpt lat="46.66530100" lon="8.15065900">
      <ele>2669.000</ele>
    </trkpt>
    <trkpt lat="46.66530100" lon="8.15065900">
      <ele>2669.000</ele>
    </trkpt>
    <trkpt lat="46.66530100" lon="8.15065900">
      <ele>2669.000</ele>
    </trkpt>
    <trkpt lat="46.66530100" lon="8.15065900">
      <ele>2669.000</ele>
    </trkpt>
    <trkpt lat="46.66530100" lon="8.15065900">
      <ele>2669.000</ele>
    </trkpt>
    <trkpt lat="46.66530100" lon="8.15065900">
      <ele>2669.000</ele>
    </trkpt>
    <trkpt lat="46.66530100" lon="8.15065900">
      <ele>2669.000</ele>
    </trkpt>
    <trkpt lat="46.66530100" lon="8.15065900">
      <ele>2669.000</ele>
    </trkpt>
    <trkpt lat="46.66530100" lon="8.15065900">
      <ele>2669.000</ele>
    </trkpt>
    <trkpt lat="46.66530100" lon="8.15065900">
      <ele>2669.000</ele>
    </trkpt>
    <trkpt lat="46.66530100" lon="8.15065900">
      <ele>2669.000</ele>
    </trkpt>
    <trkpt lat="46.66530100" lon="8.15065900">
      <ele>2669.000</ele>
    </trkpt>
    <trkpt lat="46.66530100" lon="8.15065900">
      <ele>2669.000</ele>
    </trkpt>
    <trkpt lat="46.66530100" lon="8.15065900">
      <ele>2669.000</ele>
    </trkpt>
    <trkpt lat="46.66530100" lon="8.15065900">
      <ele>2669.000</ele>
    </trkpt>
    <trkpt lat="46.66530100" lon="8.15065900">
      <ele>2669.000</ele>
    </trkpt>
    <trkpt lat="46.66530100" lon="8.15065900">
      <ele>2669.000</ele>
    </trkpt>
    <trkpt lat="46.66530100" lon="8.15065900">
      <ele>2669.000</ele>
    </trkpt>
    <trkpt lat="46.66530100" lon="8.15065900">
      <ele>2669.000</ele>
    </trkpt>
    <trkpt lat="46.66530100" lon="8.15065900">
      <ele>2669.000</ele>
    </trkpt>
    <trkpt lat="46.66530100" lon="8.15065900">
      <ele>2669.000</ele>
    </trkpt>
    <trkpt lat="46.66530100" lon="8.15065900">
      <ele>2669.000</ele>
    </trkpt>
    <trkpt lat="46.66530100" lon="8.15065900">
      <ele>2669.000</ele>
    </trkpt>
    <trkpt lat="46.66530100" lon="8.15065900">
      <ele>2669.000</ele>
    </trkpt>
    <trkpt lat="46.66530100" lon="8.15065900">
      <ele>2669.000</ele>
    </trkpt>
    <trkpt lat="46.66530100" lon="8.15065900">
      <ele>2669.000</ele>
    </trkpt>
    <trkpt lat="46.66530100" lon="8.15065900">
      <ele>2669.000</ele>
    </trkpt>
    <trkpt lat="46.66530100" lon="8.15065900">
      <ele>2669.000</ele>
    </trkpt>
    <trkpt lat="46.66529200" lon="8.15067100">
      <ele>2669.000</ele>
    </trkpt>
    <trkpt lat="46.66529000" lon="8.15067100">
      <ele>2669.000</ele>
    </trkpt>
    <trkpt lat="46.66528700" lon="8.15067100">
      <ele>2669.000</ele>
    </trkpt>
    <trkpt lat="46.66528700" lon="8.15067100">
      <ele>2669.000</ele>
    </trkpt>
    <trkpt lat="46.66528700" lon="8.15067100">
      <ele>2669.000</ele>
    </trkpt>
    <trkpt lat="46.66528700" lon="8.15067100">
      <ele>2669.000</ele>
    </trkpt>
    <trkpt lat="46.66529900" lon="8.15067400">
      <ele>2669.000</ele>
    </trkpt>
    <trkpt lat="46.66530700" lon="8.15067400">
      <ele>2669.000</ele>
    </trkpt>
    <trkpt lat="46.66530700" lon="8.15067600">
      <ele>2669.000</ele>
    </trkpt>
    <trkpt lat="46.66530700" lon="8.15067100">
      <ele>2669.000</ele>
    </trkpt>
    <trkpt lat="46.66530300" lon="8.15065900">
      <ele>2669.000</ele>
    </trkpt>
    <trkpt lat="46.66530300" lon="8.15065900">
      <ele>2669.000</ele>
    </trkpt>
    <trkpt lat="46.66530300" lon="8.15065900">
      <ele>2669.000</ele>
    </trkpt>
    <trkpt lat="46.66530300" lon="8.15065900">
      <ele>2669.000</ele>
    </trkpt>
    <trkpt lat="46.66530300" lon="8.15065900">
      <ele>2669.000</ele>
    </trkpt>
    <trkpt lat="46.66530300" lon="8.15065900">
      <ele>2669.000</ele>
    </trkpt>
    <trkpt lat="46.66530300" lon="8.15065900">
      <ele>2669.000</ele>
    </trkpt>
    <trkpt lat="46.66530300" lon="8.15065900">
      <ele>2669.000</ele>
    </trkpt>
    <trkpt lat="46.66530300" lon="8.15065900">
      <ele>2669.000</ele>
    </trkpt>
    <trkpt lat="46.66530300" lon="8.15065900">
      <ele>2669.000</ele>
    </trkpt>
    <trkpt lat="46.66530300" lon="8.15065900">
      <ele>2669.000</ele>
    </trkpt>
    <trkpt lat="46.66530300" lon="8.15065900">
      <ele>2669.000</ele>
    </trkpt>
    <trkpt lat="46.66530300" lon="8.15065900">
      <ele>2669.000</ele>
    </trkpt>
    <trkpt lat="46.66530300" lon="8.15065900">
      <ele>2669.000</ele>
    </trkpt>
    <trkpt lat="46.66530300" lon="8.15065900">
      <ele>2669.000</ele>
    </trkpt>
    <trkpt lat="46.66530300" lon="8.15065900">
      <ele>2669.000</ele>
    </trkpt>
    <trkpt lat="46.66530300" lon="8.15065900">
      <ele>2669.000</ele>
    </trkpt>
    <trkpt lat="46.66530400" lon="8.15066500">
      <ele>2669.000</ele>
    </trkpt>
    <trkpt lat="46.66530300" lon="8.15065900">
      <ele>2669.000</ele>
    </trkpt>
    <trkpt lat="46.66530300" lon="8.15065900">
      <ele>2669.000</ele>
    </trkpt>
    <trkpt lat="46.66530300" lon="8.15066300">
      <ele>2669.000</ele>
    </trkpt>
    <trkpt lat="46.66530300" lon="8.15065900">
      <ele>2669.000</ele>
    </trkpt>
    <trkpt lat="46.66530300" lon="8.15065900">
      <ele>2669.000</ele>
    </trkpt>
    <trkpt lat="46.66530300" lon="8.15065900">
      <ele>2669.000</ele>
    </trkpt>
    <trkpt lat="46.66530300" lon="8.15065900">
      <ele>2669.000</ele>
    </trkpt>
    <trkpt lat="46.66530300" lon="8.15065900">
      <ele>2669.000</ele>
    </trkpt>
    <trkpt lat="46.66530300" lon="8.15065900">
      <ele>2669.000</ele>
    </trkpt>
    <trkpt lat="46.66530300" lon="8.15065900">
      <ele>2669.000</ele>
    </trkpt>
    <trkpt lat="46.66530300" lon="8.15065900">
      <ele>2669.000</ele>
    </trkpt>
    <trkpt lat="46.66530300" lon="8.15065900">
      <ele>2669.000</ele>
    </trkpt>
    <trkpt lat="46.66530300" lon="8.15065900">
      <ele>2669.000</ele>
    </trkpt>
    <trkpt lat="46.66530300" lon="8.15065900">
      <ele>2669.000</ele>
    </trkpt>
    <trkpt lat="46.66530300" lon="8.15065900">
      <ele>2669.000</ele>
    </trkpt>
    <trkpt lat="46.66530300" lon="8.15065900">
      <ele>2669.000</ele>
    </trkpt>
    <trkpt lat="46.66530300" lon="8.15065900">
      <ele>2669.000</ele>
    </trkpt>
    <trkpt lat="46.66530500" lon="8.15066100">
      <ele>2669.000</ele>
    </trkpt>
    <trkpt lat="46.66530500" lon="8.15066800">
      <ele>2669.000</ele>
    </trkpt>
    <trkpt lat="46.66530300" lon="8.15065900">
      <ele>2669.000</ele>
    </trkpt>
    <trkpt lat="46.66529300" lon="8.15066900">
      <ele>2669.000</ele>
    </trkpt>
    <trkpt lat="46.66528500" lon="8.15066900">
      <ele>2669.000</ele>
    </trkpt>
    <trkpt lat="46.66528200" lon="8.15065800">
      <ele>2669.000</ele>
    </trkpt>
    <trkpt lat="46.66527700" lon="8.15065000">
      <ele>2669.000</ele>
    </trkpt>
    <trkpt lat="46.66526300" lon="8.15063700">
      <ele>2669.000</ele>
    </trkpt>
    <trkpt lat="46.66526400" lon="8.15063700">
      <ele>2669.000</ele>
    </trkpt>
    <trkpt lat="46.66525400" lon="8.15063000">
      <ele>2669.000</ele>
    </trkpt>
    <trkpt lat="46.66525100" lon="8.15062900">
      <ele>2669.000</ele>
    </trkpt>
    <trkpt lat="46.66525400" lon="8.15063000">
      <ele>2669.000</ele>
    </trkpt>
    <trkpt lat="46.66525400" lon="8.15063000">
      <ele>2669.000</ele>
    </trkpt>
    <trkpt lat="46.66523100" lon="8.15061100">
      <ele>2669.000</ele>
    </trkpt>
    <trkpt lat="46.66523400" lon="8.15061200">
      <ele>2669.000</ele>
    </trkpt>
    <trkpt lat="46.66521800" lon="8.15060400">
      <ele>2669.000</ele>
    </trkpt>
    <trkpt lat="46.66521600" lon="8.15060100">
      <ele>2669.000</ele>
    </trkpt>
    <trkpt lat="46.66521700" lon="8.15058700">
      <ele>2669.000</ele>
    </trkpt>
    <trkpt lat="46.66521800" lon="8.15058500">
      <ele>2669.000</ele>
    </trkpt>
    <trkpt lat="46.66521800" lon="8.15058500">
      <ele>2669.000</ele>
    </trkpt>
    <trkpt lat="46.66521800" lon="8.15058500">
      <ele>2669.000</ele>
    </trkpt>
    <trkpt lat="46.66521800" lon="8.15058500">
      <ele>2669.000</ele>
    </trkpt>
    <trkpt lat="46.66523100" lon="8.15057700">
      <ele>2669.000</ele>
    </trkpt>
    <trkpt lat="46.66522700" lon="8.15057800">
      <ele>2669.000</ele>
    </trkpt>
    <trkpt lat="46.66522000" lon="8.15058600">
      <ele>2669.000</ele>
    </trkpt>
    <trkpt lat="46.66521100" lon="8.15059100">
      <ele>2669.000</ele>
    </trkpt>
    <trkpt lat="46.66521800" lon="8.15058500">
      <ele>2669.000</ele>
    </trkpt>
    <trkpt lat="46.66521800" lon="8.15058500">
      <ele>2669.000</ele>
    </trkpt>
    <trkpt lat="46.66521100" lon="8.15059700">
      <ele>2669.000</ele>
    </trkpt>
    <trkpt lat="46.66520700" lon="8.15059900">
      <ele>2669.000</ele>
    </trkpt>
    <trkpt lat="46.66520300" lon="8.15059500">
      <ele>2669.000</ele>
    </trkpt>
    <trkpt lat="46.66518400" lon="8.15058100">
      <ele>2669.000</ele>
    </trkpt>
    <trkpt lat="46.66518400" lon="8.15056700">
      <ele>2669.000</ele>
    </trkpt>
    <trkpt lat="46.66517000" lon="8.15057300">
      <ele>2669.000</ele>
    </trkpt>
    <trkpt lat="46.66516500" lon="8.15057700">
      <ele>2669.000</ele>
    </trkpt>
    <trkpt lat="46.66516500" lon="8.15056300">
      <ele>2669.000</ele>
    </trkpt>
    <trkpt lat="46.66516500" lon="8.15054700">
      <ele>2669.000</ele>
    </trkpt>
    <trkpt lat="46.66516600" lon="8.15054500">
      <ele>2669.000</ele>
    </trkpt>
    <trkpt lat="46.66515400" lon="8.15053800">
      <ele>2669.000</ele>
    </trkpt>
    <trkpt lat="46.66515200" lon="8.15053300">
      <ele>2669.000</ele>
    </trkpt>
    <trkpt lat="46.66515100" lon="8.15052900">
      <ele>2669.000</ele>
    </trkpt>
    <trkpt lat="46.66515100" lon="8.15052100">
      <ele>2669.000</ele>
    </trkpt>
    <trkpt lat="46.66514200" lon="8.15050700">
      <ele>2669.000</ele>
    </trkpt>
    <trkpt lat="46.66514100" lon="8.15050800">
      <ele>2669.000</ele>
    </trkpt>
    <trkpt lat="46.66512900" lon="8.15050400">
      <ele>2619.000</ele>
    </trkpt>
    <trkpt lat="46.66512600" lon="8.15048900">
      <ele>2619.000</ele>
    </trkpt>
    <trkpt lat="46.66512700" lon="8.15048900">
      <ele>2619.000</ele>
    </trkpt>
    <trkpt lat="46.66512800" lon="8.15048400">
      <ele>2619.000</ele>
    </trkpt>
    <trkpt lat="46.66512700" lon="8.15048900">
      <ele>2619.000</ele>
    </trkpt>
    <trkpt lat="46.66512700" lon="8.15048900">
      <ele>2619.000</ele>
    </trkpt>
    <trkpt lat="46.66512400" lon="8.15047000">
      <ele>2619.000</ele>
    </trkpt>
    <trkpt lat="46.66512300" lon="8.15046900">
      <ele>2619.000</ele>
    </trkpt>
    <trkpt lat="46.66512400" lon="8.15047000">
      <ele>2619.000</ele>
    </trkpt>
    <trkpt lat="46.66512400" lon="8.15047000">
      <ele>2619.000</ele>
    </trkpt>
    <trkpt lat="46.66512400" lon="8.15047000">
      <ele>2619.000</ele>
    </trkpt>
    <trkpt lat="46.66511000" lon="8.15043700">
      <ele>2619.000</ele>
    </trkpt>
    <trkpt lat="46.66510300" lon="8.15042500">
      <ele>2619.000</ele>
    </trkpt>
    <trkpt lat="46.66510000" lon="8.15042600">
      <ele>2619.000</ele>
    </trkpt>
    <trkpt lat="46.66510000" lon="8.15042600">
      <ele>2619.000</ele>
    </trkpt>
    <trkpt lat="46.66509900" lon="8.15042600">
      <ele>2619.000</ele>
    </trkpt>
    <trkpt lat="46.66510300" lon="8.15041500">
      <ele>2682.000</ele>
    </trkpt>
    <trkpt lat="46.66510100" lon="8.15039800">
      <ele>2682.000</ele>
    </trkpt>
    <trkpt lat="46.66509700" lon="8.15038800">
      <ele>2682.000</ele>
    </trkpt>
    <trkpt lat="46.66509800" lon="8.15038700">
      <ele>2682.000</ele>
    </trkpt>
    <trkpt lat="46.66509700" lon="8.15038800">
      <ele>2682.000</ele>
    </trkpt>
    <trkpt lat="46.66509700" lon="8.15038800">
      <ele>2682.000</ele>
    </trkpt>
    <trkpt lat="46.66509700" lon="8.15038800">
      <ele>2682.000</ele>
    </trkpt>
    <trkpt lat="46.66509400" lon="8.15038300">
      <ele>2682.000</ele>
    </trkpt>
    <trkpt lat="46.66510000" lon="8.15037500">
      <ele>2682.000</ele>
    </trkpt>
    <trkpt lat="46.66510000" lon="8.15034900">
      <ele>2682.000</ele>
    </trkpt>
    <trkpt lat="46.66510300" lon="8.15034400">
      <ele>2682.000</ele>
    </trkpt>
    <trkpt lat="46.66510600" lon="8.15033600">
      <ele>2682.000</ele>
    </trkpt>
    <trkpt lat="46.66510600" lon="8.15033600">
      <ele>2682.000</ele>
    </trkpt>
    <trkpt lat="46.66512200" lon="8.15034400">
      <ele>2682.000</ele>
    </trkpt>
    <trkpt lat="46.66512500" lon="8.15034600">
      <ele>2682.000</ele>
    </trkpt>
    <trkpt lat="46.66512300" lon="8.15033800">
      <ele>2682.000</ele>
    </trkpt>
    <trkpt lat="46.66512300" lon="8.15033800">
      <ele>2682.000</ele>
    </trkpt>
    <trkpt lat="46.66511100" lon="8.15031400">
      <ele>2682.000</ele>
    </trkpt>
    <trkpt lat="46.66511000" lon="8.15029400">
      <ele>2682.000</ele>
    </trkpt>
    <trkpt lat="46.66511200" lon="8.15028900">
      <ele>2682.000</ele>
    </trkpt>
    <trkpt lat="46.66511300" lon="8.15027900">
      <ele>2682.000</ele>
    </trkpt>
    <trkpt lat="46.66511200" lon="8.15026800">
      <ele>2682.000</ele>
    </trkpt>
    <trkpt lat="46.66511100" lon="8.15026600">
      <ele>2682.000</ele>
    </trkpt>
    <trkpt lat="46.66511100" lon="8.15026600">
      <ele>2682.000</ele>
    </trkpt>
    <trkpt lat="46.66511100" lon="8.15026600">
      <ele>2682.000</ele>
    </trkpt>
    <trkpt lat="46.66511100" lon="8.15026600">
      <ele>2682.000</ele>
    </trkpt>
    <trkpt lat="46.66511100" lon="8.15026600">
      <ele>2682.000</ele>
    </trkpt>
    <trkpt lat="46.66511100" lon="8.15026600">
      <ele>2682.000</ele>
    </trkpt>
    <trkpt lat="46.66511100" lon="8.15026600">
      <ele>2682.000</ele>
    </trkpt>
    <trkpt lat="46.66511100" lon="8.15026600">
      <ele>2682.000</ele>
    </trkpt>
    <trkpt lat="46.66511300" lon="8.15025000">
      <ele>2682.000</ele>
    </trkpt>
    <trkpt lat="46.66512300" lon="8.15024800">
      <ele>2682.000</ele>
    </trkpt>
    <trkpt lat="46.66512400" lon="8.15024600">
      <ele>2682.000</ele>
    </trkpt>
    <trkpt lat="46.66512500" lon="8.15023800">
      <ele>2682.000</ele>
    </trkpt>
    <trkpt lat="46.66512400" lon="8.15023400">
      <ele>2682.000</ele>
    </trkpt>
    <trkpt lat="46.66512300" lon="8.15023400">
      <ele>2682.000</ele>
    </trkpt>
    <trkpt lat="46.66511900" lon="8.15023200">
      <ele>2682.000</ele>
    </trkpt>
    <trkpt lat="46.66512300" lon="8.15023400">
      <ele>2682.000</ele>
    </trkpt>
    <trkpt lat="46.66512300" lon="8.15023400">
      <ele>2682.000</ele>
    </trkpt>
    <trkpt lat="46.66511700" lon="8.15022300">
      <ele>2682.000</ele>
    </trkpt>
    <trkpt lat="46.66512300" lon="8.15023400">
      <ele>2682.000</ele>
    </trkpt>
    <trkpt lat="46.66511800" lon="8.15021500">
      <ele>2682.000</ele>
    </trkpt>
    <trkpt lat="46.66511400" lon="8.15021700">
      <ele>2682.000</ele>
    </trkpt>
    <trkpt lat="46.66511200" lon="8.15021400">
      <ele>2682.000</ele>
    </trkpt>
    <trkpt lat="46.66511800" lon="8.15021500">
      <ele>2682.000</ele>
    </trkpt>
    <trkpt lat="46.66511800" lon="8.15021500">
      <ele>2682.000</ele>
    </trkpt>
    <trkpt lat="46.66511800" lon="8.15021500">
      <ele>2682.000</ele>
    </trkpt>
    <trkpt lat="46.66510600" lon="8.15023100">
      <ele>2682.000</ele>
    </trkpt>
    <trkpt lat="46.66510500" lon="8.15022700">
      <ele>2682.000</ele>
    </trkpt>
    <trkpt lat="46.66510500" lon="8.15022500">
      <ele>2682.000</ele>
    </trkpt>
    <trkpt lat="46.66510500" lon="8.15022600">
      <ele>2682.000</ele>
    </trkpt>
    <trkpt lat="46.66510500" lon="8.15022600">
      <ele>2682.000</ele>
    </trkpt>
    <trkpt lat="46.66509900" lon="8.15018500">
      <ele>2682.000</ele>
    </trkpt>
    <trkpt lat="46.66509800" lon="8.15017500">
      <ele>2682.000</ele>
    </trkpt>
    <trkpt lat="46.66509200" lon="8.15015700">
      <ele>2682.000</ele>
    </trkpt>
    <trkpt lat="46.66509000" lon="8.15015300">
      <ele>2682.000</ele>
    </trkpt>
    <trkpt lat="46.66509200" lon="8.15015900">
      <ele>2682.000</ele>
    </trkpt>
    <trkpt lat="46.66509900" lon="8.15017000">
      <ele>2682.000</ele>
    </trkpt>
    <trkpt lat="46.66509000" lon="8.15015300">
      <ele>2682.000</ele>
    </trkpt>
    <trkpt lat="46.66509000" lon="8.15015300">
      <ele>2682.000</ele>
    </trkpt>
    <trkpt lat="46.66509000" lon="8.15015300">
      <ele>2682.000</ele>
    </trkpt>
    <trkpt lat="46.66509000" lon="8.15015300">
      <ele>2682.000</ele>
    </trkpt>
    <trkpt lat="46.66509800" lon="8.15016300">
      <ele>2682.000</ele>
    </trkpt>
    <trkpt lat="46.66509000" lon="8.15015300">
      <ele>2682.000</ele>
    </trkpt>
    <trkpt lat="46.66509000" lon="8.15015300">
      <ele>2682.000</ele>
    </trkpt>
    <trkpt lat="46.66509700" lon="8.15016200">
      <ele>2682.000</ele>
    </trkpt>
    <trkpt lat="46.66509000" lon="8.15015300">
      <ele>2682.000</ele>
    </trkpt>
    <trkpt lat="46.66509000" lon="8.15015300">
      <ele>2682.000</ele>
    </trkpt>
    <trkpt lat="46.66509000" lon="8.15015300">
      <ele>2682.000</ele>
    </trkpt>
    <trkpt lat="46.66509000" lon="8.15015300">
      <ele>2682.000</ele>
    </trkpt>
    <trkpt lat="46.66509000" lon="8.15015300">
      <ele>2682.000</ele>
    </trkpt>
    <trkpt lat="46.66509000" lon="8.15015300">
      <ele>2682.000</ele>
    </trkpt>
    <trkpt lat="46.66509500" lon="8.15016000">
      <ele>2682.000</ele>
    </trkpt>
    <trkpt lat="46.66509600" lon="8.15016700">
      <ele>2682.000</ele>
    </trkpt>
    <trkpt lat="46.66509000" lon="8.15015300">
      <ele>2682.000</ele>
    </trkpt>
    <trkpt lat="46.66509000" lon="8.15015300">
      <ele>2682.000</ele>
    </trkpt>
    <trkpt lat="46.66509000" lon="8.15015300">
      <ele>2682.000</ele>
    </trkpt>
    <trkpt lat="46.66509000" lon="8.15015300">
      <ele>2682.000</ele>
    </trkpt>
    <trkpt lat="46.66509000" lon="8.15015300">
      <ele>2682.000</ele>
    </trkpt>
    <trkpt lat="46.66510000" lon="8.15015600">
      <ele>2682.000</ele>
    </trkpt>
    <trkpt lat="46.66510300" lon="8.15015500">
      <ele>2682.000</ele>
    </trkpt>
    <trkpt lat="46.66511300" lon="8.15015600">
      <ele>2682.000</ele>
    </trkpt>
    <trkpt lat="46.66512400" lon="8.15014500">
      <ele>2682.000</ele>
    </trkpt>
    <trkpt lat="46.66512400" lon="8.15014500">
      <ele>2682.000</ele>
    </trkpt>
    <trkpt lat="46.66512400" lon="8.15014500">
      <ele>2682.000</ele>
    </trkpt>
    <trkpt lat="46.66512400" lon="8.15014500">
      <ele>2682.000</ele>
    </trkpt>
    <trkpt lat="46.66512400" lon="8.15014500">
      <ele>2682.000</ele>
    </trkpt>
    <trkpt lat="46.66513000" lon="8.15014200">
      <ele>2682.000</ele>
    </trkpt>
    <trkpt lat="46.66512400" lon="8.15014500">
      <ele>2682.000</ele>
    </trkpt>
    <trkpt lat="46.66512400" lon="8.15014500">
      <ele>2682.000</ele>
    </trkpt>
    <trkpt lat="46.66512400" lon="8.15014500">
      <ele>2682.000</ele>
    </trkpt>
    <trkpt lat="46.66512400" lon="8.15014500">
      <ele>2682.000</ele>
    </trkpt>
    <trkpt lat="46.66512400" lon="8.15014500">
      <ele>2682.000</ele>
    </trkpt>
    <trkpt lat="46.66512400" lon="8.15014500">
      <ele>2682.000</ele>
    </trkpt>
    <trkpt lat="46.66513300" lon="8.15015100">
      <ele>2682.000</ele>
    </trkpt>
    <trkpt lat="46.66513200" lon="8.15015300">
      <ele>2682.000</ele>
    </trkpt>
    <trkpt lat="46.66512500" lon="8.15013300">
      <ele>2687.000</ele>
    </trkpt>
    <trkpt lat="46.66512500" lon="8.15015200">
      <ele>2682.000</ele>
    </trkpt>
    <trkpt lat="46.66512400" lon="8.15014500">
      <ele>2682.000</ele>
    </trkpt>
    <trkpt lat="46.66512400" lon="8.15014500">
      <ele>2682.000</ele>
    </trkpt>
    <trkpt lat="46.66513000" lon="8.15015200">
      <ele>2682.000</ele>
    </trkpt>
    <trkpt lat="46.66512900" lon="8.15016300">
      <ele>2682.000</ele>
    </trkpt>
    <trkpt lat="46.66512500" lon="8.15017800">
      <ele>2682.000</ele>
    </trkpt>
    <trkpt lat="46.66512500" lon="8.15017800">
      <ele>2682.000</ele>
    </trkpt>
    <trkpt lat="46.66512500" lon="8.15017800">
      <ele>2682.000</ele>
    </trkpt>
    <trkpt lat="46.66512500" lon="8.15017800">
      <ele>2682.000</ele>
    </trkpt>
    <trkpt lat="46.66512500" lon="8.15017800">
      <ele>2682.000</ele>
    </trkpt>
    <trkpt lat="46.66512500" lon="8.15017800">
      <ele>2682.000</ele>
    </trkpt>
    <trkpt lat="46.66512500" lon="8.15017800">
      <ele>2682.000</ele>
    </trkpt>
    <trkpt lat="46.66513100" lon="8.15015400">
      <ele>2682.000</ele>
    </trkpt>
    <trkpt lat="46.66513400" lon="8.15016400">
      <ele>2682.000</ele>
    </trkpt>
    <trkpt lat="46.66513200" lon="8.15015200">
      <ele>2682.000</ele>
    </trkpt>
    <trkpt lat="46.66513200" lon="8.15015100">
      <ele>2682.000</ele>
    </trkpt>
    <trkpt lat="46.66513200" lon="8.15015100">
      <ele>2682.000</ele>
    </trkpt>
    <trkpt lat="46.66513200" lon="8.15015100">
      <ele>2682.000</ele>
    </trkpt>
    <trkpt lat="46.66513200" lon="8.15015100">
      <ele>2682.000</ele>
    </trkpt>
    <trkpt lat="46.66513200" lon="8.15015100">
      <ele>2682.000</ele>
    </trkpt>
    <trkpt lat="46.66513200" lon="8.15015100">
      <ele>2682.000</ele>
    </trkpt>
    <trkpt lat="46.66513200" lon="8.15015100">
      <ele>2682.000</ele>
    </trkpt>
    <trkpt lat="46.66513200" lon="8.15015100">
      <ele>2682.000</ele>
    </trkpt>
    <trkpt lat="46.66513200" lon="8.15015100">
      <ele>2682.000</ele>
    </trkpt>
    <trkpt lat="46.66513200" lon="8.15015100">
      <ele>2682.000</ele>
    </trkpt>
    <trkpt lat="46.66513200" lon="8.15015100">
      <ele>2682.000</ele>
    </trkpt>
    <trkpt lat="46.66513900" lon="8.15016900">
      <ele>2685.000</ele>
    </trkpt>
    <trkpt lat="46.66514000" lon="8.15019200">
      <ele>2685.000</ele>
    </trkpt>
    <trkpt lat="46.66514000" lon="8.15018800">
      <ele>2685.000</ele>
    </trkpt>
    <trkpt lat="46.66514000" lon="8.15018800">
      <ele>2685.000</ele>
    </trkpt>
    <trkpt lat="46.66514000" lon="8.15018800">
      <ele>2685.000</ele>
    </trkpt>
    <trkpt lat="46.66514000" lon="8.15018800">
      <ele>2685.000</ele>
    </trkpt>
    <trkpt lat="46.66514000" lon="8.15018800">
      <ele>2685.000</ele>
    </trkpt>
    <trkpt lat="46.66514000" lon="8.15018800">
      <ele>2685.000</ele>
    </trkpt>
    <trkpt lat="46.66514000" lon="8.15018800">
      <ele>2685.000</ele>
    </trkpt>
    <trkpt lat="46.66514000" lon="8.15018800">
      <ele>2685.000</ele>
    </trkpt>
    <trkpt lat="46.66513600" lon="8.15016800">
      <ele>2682.000</ele>
    </trkpt>
    <trkpt lat="46.66513600" lon="8.15016000">
      <ele>2682.000</ele>
    </trkpt>
    <trkpt lat="46.66513400" lon="8.15015100">
      <ele>2682.000</ele>
    </trkpt>
    <trkpt lat="46.66513400" lon="8.15015000">
      <ele>2682.000</ele>
    </trkpt>
    <trkpt lat="46.66514100" lon="8.15014500">
      <ele>2685.000</ele>
    </trkpt>
    <trkpt lat="46.66514100" lon="8.15014500">
      <ele>2685.000</ele>
    </trkpt>
    <trkpt lat="46.66514100" lon="8.15014500">
      <ele>2685.000</ele>
    </trkpt>
    <trkpt lat="46.66514100" lon="8.15014500">
      <ele>2685.000</ele>
    </trkpt>
    <trkpt lat="46.66514100" lon="8.15014500">
      <ele>2685.000</ele>
    </trkpt>
    <trkpt lat="46.66514100" lon="8.15014500">
      <ele>2685.000</ele>
    </trkpt>
    <trkpt lat="46.66514100" lon="8.15014500">
      <ele>2685.000</ele>
    </trkpt>
    <trkpt lat="46.66514100" lon="8.15014500">
      <ele>2685.000</ele>
    </trkpt>
    <trkpt lat="46.66513900" lon="8.15014100">
      <ele>2682.000</ele>
    </trkpt>
    <trkpt lat="46.66513500" lon="8.15014700">
      <ele>2682.000</ele>
    </trkpt>
    <trkpt lat="46.66513300" lon="8.15015000">
      <ele>2682.000</ele>
    </trkpt>
    <trkpt lat="46.66513500" lon="8.15014500">
      <ele>2682.000</ele>
    </trkpt>
    <trkpt lat="46.66513300" lon="8.15014400">
      <ele>2682.000</ele>
    </trkpt>
    <trkpt lat="46.66513000" lon="8.15015100">
      <ele>2682.000</ele>
    </trkpt>
    <trkpt lat="46.66512900" lon="8.15014900">
      <ele>2682.000</ele>
    </trkpt>
    <trkpt lat="46.66514100" lon="8.15014500">
      <ele>2685.000</ele>
    </trkpt>
    <trkpt lat="46.66514100" lon="8.15014500">
      <ele>2685.000</ele>
    </trkpt>
    <trkpt lat="46.66514100" lon="8.15014500">
      <ele>2685.000</ele>
    </trkpt>
    <trkpt lat="46.66514100" lon="8.15014500">
      <ele>2685.000</ele>
    </trkpt>
    <trkpt lat="46.66514100" lon="8.15014500">
      <ele>2685.000</ele>
    </trkpt>
    <trkpt lat="46.66514100" lon="8.15014500">
      <ele>2685.000</ele>
    </trkpt>
    <trkpt lat="46.66514100" lon="8.15014500">
      <ele>2685.000</ele>
    </trkpt>
    <trkpt lat="46.66514100" lon="8.15014500">
      <ele>2685.000</ele>
    </trkpt>
    <trkpt lat="46.66514100" lon="8.15014500">
      <ele>2685.000</ele>
    </trkpt>
    <trkpt lat="46.66514100" lon="8.15014500">
      <ele>2685.000</ele>
    </trkpt>
    <trkpt lat="46.66514100" lon="8.15014500">
      <ele>2685.000</ele>
    </trkpt>
    <trkpt lat="46.66514100" lon="8.15014500">
      <ele>2685.000</ele>
    </trkpt>
    <trkpt lat="46.66514100" lon="8.15014500">
      <ele>2685.000</ele>
    </trkpt>
    <trkpt lat="46.66514100" lon="8.15014500">
      <ele>2685.000</ele>
    </trkpt>
    <trkpt lat="46.66514100" lon="8.15014500">
      <ele>2685.000</ele>
    </trkpt>
    <trkpt lat="46.66514100" lon="8.15014500">
      <ele>2685.000</ele>
    </trkpt>
    <trkpt lat="46.66514100" lon="8.15014500">
      <ele>2685.000</ele>
    </trkpt>
    <trkpt lat="46.66513400" lon="8.15015000">
      <ele>2682.000</ele>
    </trkpt>
    <trkpt lat="46.66513100" lon="8.15015900">
      <ele>2682.000</ele>
    </trkpt>
    <trkpt lat="46.66513200" lon="8.15016200">
      <ele>2682.000</ele>
    </trkpt>
    <trkpt lat="46.66513000" lon="8.15016200">
      <ele>2682.000</ele>
    </trkpt>
    <trkpt lat="46.66512400" lon="8.15015600">
      <ele>2682.000</ele>
    </trkpt>
    <trkpt lat="46.66510900" lon="8.15015900">
      <ele>2682.000</ele>
    </trkpt>
    <trkpt lat="46.66511000" lon="8.15016100">
      <ele>2682.000</ele>
    </trkpt>
    <trkpt lat="46.66511400" lon="8.15015600">
      <ele>2682.000</ele>
    </trkpt>
    <trkpt lat="46.66511600" lon="8.15016500">
      <ele>2682.000</ele>
    </trkpt>
    <trkpt lat="46.66511600" lon="8.15016400">
      <ele>2682.000</ele>
    </trkpt>
    <trkpt lat="46.66511400" lon="8.15017400">
      <ele>2682.000</ele>
    </trkpt>
    <trkpt lat="46.66510000" lon="8.15018100">
      <ele>2682.000</ele>
    </trkpt>
    <trkpt lat="46.66510200" lon="8.15018300">
      <ele>2682.000</ele>
    </trkpt>
    <trkpt lat="46.66510400" lon="8.15017700">
      <ele>2682.000</ele>
    </trkpt>
    <trkpt lat="46.66510500" lon="8.15017400">
      <ele>2682.000</ele>
    </trkpt>
    <trkpt lat="46.66510100" lon="8.15017400">
      <ele>2682.000</ele>
    </trkpt>
    <trkpt lat="46.66509700" lon="8.15017700">
      <ele>2682.000</ele>
    </trkpt>
    <trkpt lat="46.66508700" lon="8.15017500">
      <ele>2682.000</ele>
    </trkpt>
    <trkpt lat="46.66508900" lon="8.15017400">
      <ele>2682.000</ele>
    </trkpt>
    <trkpt lat="46.66508900" lon="8.15017700">
      <ele>2682.000</ele>
    </trkpt>
    <trkpt lat="46.66508800" lon="8.15018100">
      <ele>2682.000</ele>
    </trkpt>
    <trkpt lat="46.66509200" lon="8.15019600">
      <ele>2682.000</ele>
    </trkpt>
    <trkpt lat="46.66509600" lon="8.15022900">
      <ele>2682.000</ele>
    </trkpt>
    <trkpt lat="46.66510100" lon="8.15023000">
      <ele>2682.000</ele>
    </trkpt>
    <trkpt lat="46.66510500" lon="8.15021400">
      <ele>2682.000</ele>
    </trkpt>
    <trkpt lat="46.66510300" lon="8.15022000">
      <ele>2682.000</ele>
    </trkpt>
    <trkpt lat="46.66510300" lon="8.15022000">
      <ele>2682.000</ele>
    </trkpt>
    <trkpt lat="46.66510300" lon="8.15022000">
      <ele>2682.000</ele>
    </trkpt>
    <trkpt lat="46.66510300" lon="8.15021300">
      <ele>2682.000</ele>
    </trkpt>
    <trkpt lat="46.66510300" lon="8.15022000">
      <ele>2682.000</ele>
    </trkpt>
    <trkpt lat="46.66510300" lon="8.15022000">
      <ele>2682.000</ele>
    </trkpt>
    <trkpt lat="46.66510300" lon="8.15022000">
      <ele>2682.000</ele>
    </trkpt>
    <trkpt lat="46.66510300" lon="8.15022000">
      <ele>2682.000</ele>
    </trkpt>
    <trkpt lat="46.66510300" lon="8.15022000">
      <ele>2682.000</ele>
    </trkpt>
    <trkpt lat="46.66510300" lon="8.15022000">
      <ele>2682.000</ele>
    </trkpt>
    <trkpt lat="46.66510300" lon="8.15022000">
      <ele>2682.000</ele>
    </trkpt>
    <trkpt lat="46.66510300" lon="8.15022000">
      <ele>2682.000</ele>
    </trkpt>
    <trkpt lat="46.66510300" lon="8.15022000">
      <ele>2682.000</ele>
    </trkpt>
    <trkpt lat="46.66510300" lon="8.15022000">
      <ele>2682.000</ele>
    </trkpt>
    <trkpt lat="46.66510300" lon="8.15022000">
      <ele>2682.000</ele>
    </trkpt>
    <trkpt lat="46.66509900" lon="8.15022800">
      <ele>2682.000</ele>
    </trkpt>
    <trkpt lat="46.66510200" lon="8.15022700">
      <ele>2682.000</ele>
    </trkpt>
    <trkpt lat="46.66510200" lon="8.15022000">
      <ele>2682.000</ele>
    </trkpt>
    <trkpt lat="46.66510100" lon="8.15021400">
      <ele>2682.000</ele>
    </trkpt>
    <trkpt lat="46.66510300" lon="8.15022000">
      <ele>2682.000</ele>
    </trkpt>
    <trkpt lat="46.66510300" lon="8.15022000">
      <ele>2682.000</ele>
    </trkpt>
    <trkpt lat="46.66510300" lon="8.15022000">
      <ele>2682.000</ele>
    </trkpt>
    <trkpt lat="46.66510300" lon="8.15020800">
      <ele>2682.000</ele>
    </trkpt>
    <trkpt lat="46.66510300" lon="8.15022000">
      <ele>2682.000</ele>
    </trkpt>
    <trkpt lat="46.66510300" lon="8.15022000">
      <ele>2682.000</ele>
    </trkpt>
    <trkpt lat="46.66510300" lon="8.15022000">
      <ele>2682.000</ele>
    </trkpt>
    <trkpt lat="46.66510300" lon="8.15022000">
      <ele>2682.000</ele>
    </trkpt>
    <trkpt lat="46.66510300" lon="8.15022000">
      <ele>2682.000</ele>
    </trkpt>
    <trkpt lat="46.66510300" lon="8.15022000">
      <ele>2682.000</ele>
    </trkpt>
    <trkpt lat="46.66510000" lon="8.15021300">
      <ele>2682.000</ele>
    </trkpt>
    <trkpt lat="46.66510300" lon="8.15022000">
      <ele>2682.000</ele>
    </trkpt>
    <trkpt lat="46.66510300" lon="8.15022000">
      <ele>2682.000</ele>
    </trkpt>
    <trkpt lat="46.66510300" lon="8.15022000">
      <ele>2682.000</ele>
    </trkpt>
    <trkpt lat="46.66510300" lon="8.15022000">
      <ele>2682.000</ele>
    </trkpt>
    <trkpt lat="46.66510300" lon="8.15022000">
      <ele>2682.000</ele>
    </trkpt>
    <trkpt lat="46.66510300" lon="8.15022000">
      <ele>2682.000</ele>
    </trkpt>
    <trkpt lat="46.66510300" lon="8.15022000">
      <ele>2682.000</ele>
    </trkpt>
    <trkpt lat="46.66510300" lon="8.15022000">
      <ele>2682.000</ele>
    </trkpt>
    <trkpt lat="46.66510300" lon="8.15022000">
      <ele>2682.000</ele>
    </trkpt>
    <trkpt lat="46.66510300" lon="8.15022000">
      <ele>2682.000</ele>
    </trkpt>
    <trkpt lat="46.66510300" lon="8.15022000">
      <ele>2682.000</ele>
    </trkpt>
    <trkpt lat="46.66510300" lon="8.15022000">
      <ele>2682.000</ele>
    </trkpt>
    <trkpt lat="46.66510300" lon="8.15022000">
      <ele>2682.000</ele>
    </trkpt>
    <trkpt lat="46.66510300" lon="8.15022000">
      <ele>2682.000</ele>
    </trkpt>
    <trkpt lat="46.66510300" lon="8.15022000">
      <ele>2682.000</ele>
    </trkpt>
    <trkpt lat="46.66510300" lon="8.15022000">
      <ele>2682.000</ele>
    </trkpt>
    <trkpt lat="46.66510300" lon="8.15022000">
      <ele>2682.000</ele>
    </trkpt>
    <trkpt lat="46.66510300" lon="8.15022000">
      <ele>2682.000</ele>
    </trkpt>
    <trkpt lat="46.66510300" lon="8.15022000">
      <ele>2682.000</ele>
    </trkpt>
    <trkpt lat="46.66510300" lon="8.15022000">
      <ele>2682.000</ele>
    </trkpt>
    <trkpt lat="46.66510300" lon="8.15022000">
      <ele>2682.000</ele>
    </trkpt>
    <trkpt lat="46.66510300" lon="8.15022000">
      <ele>2682.000</ele>
    </trkpt>
    <trkpt lat="46.66510300" lon="8.15022000">
      <ele>2682.000</ele>
    </trkpt>
    <trkpt lat="46.66510300" lon="8.15022000">
      <ele>2682.000</ele>
    </trkpt>
    <trkpt lat="46.66510300" lon="8.15022000">
      <ele>2682.000</ele>
    </trkpt>
    <trkpt lat="46.66510300" lon="8.15022000">
      <ele>2682.000</ele>
    </trkpt>
    <trkpt lat="46.66510300" lon="8.15022000">
      <ele>2682.000</ele>
    </trkpt>
    <trkpt lat="46.66510300" lon="8.15022000">
      <ele>2682.000</ele>
    </trkpt>
    <trkpt lat="46.66510500" lon="8.15022100">
      <ele>2682.000</ele>
    </trkpt>
    <trkpt lat="46.66510300" lon="8.15022000">
      <ele>2682.000</ele>
    </trkpt>
    <trkpt lat="46.66510300" lon="8.15022000">
      <ele>2682.000</ele>
    </trkpt>
    <trkpt lat="46.66510300" lon="8.15022000">
      <ele>2682.000</ele>
    </trkpt>
    <trkpt lat="46.66510300" lon="8.15022000">
      <ele>2682.000</ele>
    </trkpt>
    <trkpt lat="46.66510300" lon="8.15022000">
      <ele>2682.000</ele>
    </trkpt>
    <trkpt lat="46.66510300" lon="8.15022000">
      <ele>2682.000</ele>
    </trkpt>
    <trkpt lat="46.66510300" lon="8.15022000">
      <ele>2682.000</ele>
    </trkpt>
    <trkpt lat="46.66510300" lon="8.15022000">
      <ele>2682.000</ele>
    </trkpt>
    <trkpt lat="46.66510500" lon="8.15024200">
      <ele>2682.000</ele>
    </trkpt>
    <trkpt lat="46.66509900" lon="8.15024700">
      <ele>2682.000</ele>
    </trkpt>
    <trkpt lat="46.66510100" lon="8.15025200">
      <ele>2682.000</ele>
    </trkpt>
    <trkpt lat="46.66510400" lon="8.15024400">
      <ele>2682.000</ele>
    </trkpt>
    <trkpt lat="46.66510000" lon="8.15023200">
      <ele>2682.000</ele>
    </trkpt>
    <trkpt lat="46.66509300" lon="8.15024600">
      <ele>2682.000</ele>
    </trkpt>
    <trkpt lat="46.66510500" lon="8.15023200">
      <ele>2682.000</ele>
    </trkpt>
    <trkpt lat="46.66510500" lon="8.15023700">
      <ele>2682.000</ele>
    </trkpt>
    <trkpt lat="46.66510300" lon="8.15024100">
      <ele>2682.000</ele>
    </trkpt>
    <trkpt lat="46.66510500" lon="8.15024200">
      <ele>2682.000</ele>
    </trkpt>
    <trkpt lat="46.66510600" lon="8.15024200">
      <ele>2682.000</ele>
    </trkpt>
    <trkpt lat="46.66510500" lon="8.15025700">
      <ele>2682.000</ele>
    </trkpt>
    <trkpt lat="46.66511100" lon="8.15025700">
      <ele>2682.000</ele>
    </trkpt>
    <trkpt lat="46.66511200" lon="8.15027000">
      <ele>2682.000</ele>
    </trkpt>
    <trkpt lat="46.66511900" lon="8.15026900">
      <ele>2682.000</ele>
    </trkpt>
    <trkpt lat="46.66511800" lon="8.15028200">
      <ele>2682.000</ele>
    </trkpt>
    <trkpt lat="46.66511300" lon="8.15028500">
      <ele>2682.000</ele>
    </trkpt>
    <trkpt lat="46.66511500" lon="8.15028800">
      <ele>2682.000</ele>
    </trkpt>
    <trkpt lat="46.66510900" lon="8.15030400">
      <ele>2682.000</ele>
    </trkpt>
    <trkpt lat="46.66510800" lon="8.15030600">
      <ele>2682.000</ele>
    </trkpt>
    <trkpt lat="46.66510900" lon="8.15031900">
      <ele>2682.000</ele>
    </trkpt>
    <trkpt lat="46.66511100" lon="8.15033000">
      <ele>2682.000</ele>
    </trkpt>
    <trkpt lat="46.66510700" lon="8.15035500">
      <ele>2682.000</ele>
    </trkpt>
    <trkpt lat="46.66510400" lon="8.15035000">
      <ele>2682.000</ele>
    </trkpt>
    <trkpt lat="46.66511500" lon="8.15034600">
      <ele>2682.000</ele>
    </trkpt>
    <trkpt lat="46.66511500" lon="8.15034600">
      <ele>2682.000</ele>
    </trkpt>
    <trkpt lat="46.66511500" lon="8.15034600">
      <ele>2682.000</ele>
    </trkpt>
    <trkpt lat="46.66511500" lon="8.15034600">
      <ele>2682.000</ele>
    </trkpt>
    <trkpt lat="46.66511800" lon="8.15034700">
      <ele>2682.000</ele>
    </trkpt>
    <trkpt lat="46.66511500" lon="8.15034600">
      <ele>2682.000</ele>
    </trkpt>
    <trkpt lat="46.66511500" lon="8.15034600">
      <ele>2682.000</ele>
    </trkpt>
    <trkpt lat="46.66512300" lon="8.15034500">
      <ele>2682.000</ele>
    </trkpt>
    <trkpt lat="46.66512900" lon="8.15034400">
      <ele>2682.000</ele>
    </trkpt>
    <trkpt lat="46.66512400" lon="8.15036500">
      <ele>2682.000</ele>
    </trkpt>
    <trkpt lat="46.66511800" lon="8.15037600">
      <ele>2682.000</ele>
    </trkpt>
    <trkpt lat="46.66511600" lon="8.15038100">
      <ele>2682.000</ele>
    </trkpt>
    <trkpt lat="46.66511600" lon="8.15038100">
      <ele>2682.000</ele>
    </trkpt>
    <trkpt lat="46.66511300" lon="8.15039000">
      <ele>2682.000</ele>
    </trkpt>
    <trkpt lat="46.66511000" lon="8.15039400">
      <ele>2682.000</ele>
    </trkpt>
    <trkpt lat="46.66510500" lon="8.15039200">
      <ele>2682.000</ele>
    </trkpt>
    <trkpt lat="46.66510600" lon="8.15039600">
      <ele>2682.000</ele>
    </trkpt>
    <trkpt lat="46.66510600" lon="8.15039600">
      <ele>2682.000</ele>
    </trkpt>
    <trkpt lat="46.66511400" lon="8.15040200">
      <ele>2682.000</ele>
    </trkpt>
    <trkpt lat="46.66510600" lon="8.15039600">
      <ele>2682.000</ele>
    </trkpt>
    <trkpt lat="46.66510600" lon="8.15039600">
      <ele>2682.000</ele>
    </trkpt>
    <trkpt lat="46.66510900" lon="8.15041700">
      <ele>2619.000</ele>
    </trkpt>
    <trkpt lat="46.66511700" lon="8.15042300">
      <ele>2619.000</ele>
    </trkpt>
    <trkpt lat="46.66511700" lon="8.15042300">
      <ele>2619.000</ele>
    </trkpt>
    <trkpt lat="46.66511700" lon="8.15042300">
      <ele>2619.000</ele>
    </trkpt>
    <trkpt lat="46.66511900" lon="8.15043500">
      <ele>2619.000</ele>
    </trkpt>
    <trkpt lat="46.66512300" lon="8.15044500">
      <ele>2619.000</ele>
    </trkpt>
    <trkpt lat="46.66512800" lon="8.15044700">
      <ele>2619.000</ele>
    </trkpt>
    <trkpt lat="46.66512600" lon="8.15044500">
      <ele>2619.000</ele>
    </trkpt>
    <trkpt lat="46.66512500" lon="8.15044200">
      <ele>2619.000</ele>
    </trkpt>
    <trkpt lat="46.66511300" lon="8.15042500">
      <ele>2619.000</ele>
    </trkpt>
    <trkpt lat="46.66510800" lon="8.15042200">
      <ele>2619.000</ele>
    </trkpt>
    <trkpt lat="46.66510800" lon="8.15042200">
      <ele>2619.000</ele>
    </trkpt>
    <trkpt lat="46.66510800" lon="8.15042200">
      <ele>2619.000</ele>
    </trkpt>
    <trkpt lat="46.66510800" lon="8.15042200">
      <ele>2619.000</ele>
    </trkpt>
    <trkpt lat="46.66510800" lon="8.15042200">
      <ele>2619.000</ele>
    </trkpt>
    <trkpt lat="46.66510800" lon="8.15042200">
      <ele>2619.000</ele>
    </trkpt>
    <trkpt lat="46.66510800" lon="8.15042200">
      <ele>2619.000</ele>
    </trkpt>
    <trkpt lat="46.66510800" lon="8.15042200">
      <ele>2619.000</ele>
    </trkpt>
    <trkpt lat="46.66511500" lon="8.15045100">
      <ele>2619.000</ele>
    </trkpt>
    <trkpt lat="46.66511600" lon="8.15045500">
      <ele>2619.000</ele>
    </trkpt>
    <trkpt lat="46.66511600" lon="8.15045500">
      <ele>2619.000</ele>
    </trkpt>
    <trkpt lat="46.66511600" lon="8.15046100">
      <ele>2619.000</ele>
    </trkpt>
    <trkpt lat="46.66511500" lon="8.15046400">
      <ele>2619.000</ele>
    </trkpt>
    <trkpt lat="46.66511400" lon="8.15046500">
      <ele>2619.000</ele>
    </trkpt>
    <trkpt lat="46.66511600" lon="8.15045500">
      <ele>2619.000</ele>
    </trkpt>
    <trkpt lat="46.66511600" lon="8.15045500">
      <ele>2619.000</ele>
    </trkpt>
    <trkpt lat="46.66511600" lon="8.15045500">
      <ele>2619.000</ele>
    </trkpt>
    <trkpt lat="46.66511600" lon="8.15045500">
      <ele>2619.000</ele>
    </trkpt>
    <trkpt lat="46.66511600" lon="8.15045500">
      <ele>2619.000</ele>
    </trkpt>
    <trkpt lat="46.66511600" lon="8.15045500">
      <ele>2619.000</ele>
    </trkpt>
    <trkpt lat="46.66511600" lon="8.15045500">
      <ele>2619.000</ele>
    </trkpt>
    <trkpt lat="46.66511600" lon="8.15045500">
      <ele>2619.000</ele>
    </trkpt>
    <trkpt lat="46.66511600" lon="8.15045500">
      <ele>2619.000</ele>
    </trkpt>
    <trkpt lat="46.66511600" lon="8.15045500">
      <ele>2619.000</ele>
    </trkpt>
    <trkpt lat="46.66511600" lon="8.15045500">
      <ele>2619.000</ele>
    </trkpt>
    <trkpt lat="46.66511600" lon="8.15045500">
      <ele>2619.000</ele>
    </trkpt>
    <trkpt lat="46.66511600" lon="8.15045500">
      <ele>2619.000</ele>
    </trkpt>
    <trkpt lat="46.66511600" lon="8.15045500">
      <ele>2619.000</ele>
    </trkpt>
    <trkpt lat="46.66511600" lon="8.15045500">
      <ele>2619.000</ele>
    </trkpt>
    <trkpt lat="46.66511600" lon="8.15045600">
      <ele>2619.000</ele>
    </trkpt>
    <trkpt lat="46.66511700" lon="8.15046600">
      <ele>2619.000</ele>
    </trkpt>
    <trkpt lat="46.66511600" lon="8.15045500">
      <ele>2619.000</ele>
    </trkpt>
    <trkpt lat="46.66511600" lon="8.15045500">
      <ele>2619.000</ele>
    </trkpt>
    <trkpt lat="46.66511600" lon="8.15045500">
      <ele>2619.000</ele>
    </trkpt>
    <trkpt lat="46.66511600" lon="8.15045500">
      <ele>2619.000</ele>
    </trkpt>
    <trkpt lat="46.66511600" lon="8.15045500">
      <ele>2619.000</ele>
    </trkpt>
    <trkpt lat="46.66511600" lon="8.15045500">
      <ele>2619.000</ele>
    </trkpt>
    <trkpt lat="46.66511600" lon="8.15045500">
      <ele>2619.000</ele>
    </trkpt>
    <trkpt lat="46.66511600" lon="8.15045500">
      <ele>2619.000</ele>
    </trkpt>
    <trkpt lat="46.66511600" lon="8.15045500">
      <ele>2619.000</ele>
    </trkpt>
    <trkpt lat="46.66511600" lon="8.15045500">
      <ele>2619.000</ele>
    </trkpt>
    <trkpt lat="46.66511600" lon="8.15045500">
      <ele>2619.000</ele>
    </trkpt>
    <trkpt lat="46.66513400" lon="8.15046500">
      <ele>2619.000</ele>
    </trkpt>
    <trkpt lat="46.66513400" lon="8.15046500">
      <ele>2619.000</ele>
    </trkpt>
    <trkpt lat="46.66514600" lon="8.15047100">
      <ele>2669.000</ele>
    </trkpt>
    <trkpt lat="46.66514600" lon="8.15047100">
      <ele>2669.000</ele>
    </trkpt>
    <trkpt lat="46.66514600" lon="8.15047100">
      <ele>2669.000</ele>
    </trkpt>
    <trkpt lat="46.66514600" lon="8.15047100">
      <ele>2669.000</ele>
    </trkpt>
    <trkpt lat="46.66515300" lon="8.15047600">
      <ele>2669.000</ele>
    </trkpt>
    <trkpt lat="46.66514600" lon="8.15047100">
      <ele>2669.000</ele>
    </trkpt>
    <trkpt lat="46.66514600" lon="8.15047100">
      <ele>2669.000</ele>
    </trkpt>
    <trkpt lat="46.66514600" lon="8.15047100">
      <ele>2669.000</ele>
    </trkpt>
    <trkpt lat="46.66517600" lon="8.15048100">
      <ele>2669.000</ele>
    </trkpt>
    <trkpt lat="46.66517900" lon="8.15047500">
      <ele>2669.000</ele>
    </trkpt>
    <trkpt lat="46.66517900" lon="8.15047500">
      <ele>2669.000</ele>
    </trkpt>
    <trkpt lat="46.66517900" lon="8.15047500">
      <ele>2669.000</ele>
    </trkpt>
    <trkpt lat="46.66517400" lon="8.15047500">
      <ele>2669.000</ele>
    </trkpt>
    <trkpt lat="46.66517400" lon="8.15047700">
      <ele>2669.000</ele>
    </trkpt>
    <trkpt lat="46.66517900" lon="8.15047500">
      <ele>2669.000</ele>
    </trkpt>
    <trkpt lat="46.66517900" lon="8.15047500">
      <ele>2669.000</ele>
    </trkpt>
    <trkpt lat="46.66517900" lon="8.15047500">
      <ele>2669.000</ele>
    </trkpt>
    <trkpt lat="46.66518300" lon="8.15048800">
      <ele>2669.000</ele>
    </trkpt>
    <trkpt lat="46.66518400" lon="8.15049400">
      <ele>2669.000</ele>
    </trkpt>
    <trkpt lat="46.66518800" lon="8.15049800">
      <ele>2669.000</ele>
    </trkpt>
    <trkpt lat="46.66518400" lon="8.15049400">
      <ele>2669.000</ele>
    </trkpt>
    <trkpt lat="46.66519100" lon="8.15050000">
      <ele>2669.000</ele>
    </trkpt>
    <trkpt lat="46.66519500" lon="8.15050500">
      <ele>2669.000</ele>
    </trkpt>
    <trkpt lat="46.66519900" lon="8.15051600">
      <ele>2669.000</ele>
    </trkpt>
    <trkpt lat="46.66520700" lon="8.15052200">
      <ele>2669.000</ele>
    </trkpt>
    <trkpt lat="46.66521400" lon="8.15053200">
      <ele>2669.000</ele>
    </trkpt>
    <trkpt lat="46.66521400" lon="8.15053200">
      <ele>2669.000</ele>
    </trkpt>
    <trkpt lat="46.66523000" lon="8.15056100">
      <ele>2669.000</ele>
    </trkpt>
    <trkpt lat="46.66523100" lon="8.15055900">
      <ele>2669.000</ele>
    </trkpt>
    <trkpt lat="46.66523700" lon="8.15057700">
      <ele>2669.000</ele>
    </trkpt>
    <trkpt lat="46.66524200" lon="8.15058300">
      <ele>2669.000</ele>
    </trkpt>
    <trkpt lat="46.66524500" lon="8.15058100">
      <ele>2669.000</ele>
    </trkpt>
    <trkpt lat="46.66525000" lon="8.15058900">
      <ele>2669.000</ele>
    </trkpt>
    <trkpt lat="46.66525900" lon="8.15058500">
      <ele>2669.000</ele>
    </trkpt>
    <trkpt lat="46.66526700" lon="8.15058900">
      <ele>2669.000</ele>
    </trkpt>
    <trkpt lat="46.66526700" lon="8.15059400">
      <ele>2669.000</ele>
    </trkpt>
    <trkpt lat="46.66527200" lon="8.15060000">
      <ele>2669.000</ele>
    </trkpt>
    <trkpt lat="46.66528200" lon="8.15061300">
      <ele>2669.000</ele>
    </trkpt>
    <trkpt lat="46.66528100" lon="8.15061500">
      <ele>2669.000</ele>
    </trkpt>
    <trkpt lat="46.66528400" lon="8.15061400">
      <ele>2669.000</ele>
    </trkpt>
    <trkpt lat="46.66528400" lon="8.15061400">
      <ele>2669.000</ele>
    </trkpt>
    <trkpt lat="46.66528400" lon="8.15061400">
      <ele>2669.000</ele>
    </trkpt>
    <trkpt lat="46.66528400" lon="8.15061400">
      <ele>2669.000</ele>
    </trkpt>
    <trkpt lat="46.66528400" lon="8.15061400">
      <ele>2669.000</ele>
    </trkpt>
    <trkpt lat="46.66529700" lon="8.15062700">
      <ele>2669.000</ele>
    </trkpt>
    <trkpt lat="46.66531000" lon="8.15063100">
      <ele>2669.000</ele>
    </trkpt>
    <trkpt lat="46.66531000" lon="8.15063100">
      <ele>2669.000</ele>
    </trkpt>
    <trkpt lat="46.66531800" lon="8.15065200">
      <ele>2669.000</ele>
    </trkpt>
    <trkpt lat="46.66531400" lon="8.15063200">
      <ele>2669.000</ele>
    </trkpt>
    <trkpt lat="46.66531000" lon="8.15063100">
      <ele>2669.000</ele>
    </trkpt>
    <trkpt lat="46.66531600" lon="8.15063200">
      <ele>2669.000</ele>
    </trkpt>
    <trkpt lat="46.66532000" lon="8.15063700">
      <ele>2669.000</ele>
    </trkpt>
    <trkpt lat="46.66532700" lon="8.15064100">
      <ele>2669.000</ele>
    </trkpt>
    <trkpt lat="46.66533400" lon="8.15065200">
      <ele>2669.000</ele>
    </trkpt>
    <trkpt lat="46.66533700" lon="8.15065600">
      <ele>2669.000</ele>
    </trkpt>
    <trkpt lat="46.66534200" lon="8.15066200">
      <ele>2669.000</ele>
    </trkpt>
    <trkpt lat="46.66534200" lon="8.15066200">
      <ele>2669.000</ele>
    </trkpt>
    <trkpt lat="46.66534300" lon="8.15066900">
      <ele>2669.000</ele>
    </trkpt>
    <trkpt lat="46.66534600" lon="8.15066900">
      <ele>2669.000</ele>
    </trkpt>
    <trkpt lat="46.66534600" lon="8.15066900">
      <ele>2669.000</ele>
    </trkpt>
    <trkpt lat="46.66534700" lon="8.15066500">
      <ele>2669.000</ele>
    </trkpt>
    <trkpt lat="46.66534200" lon="8.15066200">
      <ele>2669.000</ele>
    </trkpt>
    <trkpt lat="46.66535300" lon="8.15067500">
      <ele>2669.000</ele>
    </trkpt>
    <trkpt lat="46.66535300" lon="8.15067500">
      <ele>2669.000</ele>
    </trkpt>
    <trkpt lat="46.66535300" lon="8.15067500">
      <ele>2669.000</ele>
    </trkpt>
    <trkpt lat="46.66536700" lon="8.15067200">
      <ele>2669.000</ele>
    </trkpt>
    <trkpt lat="46.66538400" lon="8.15067600">
      <ele>2669.000</ele>
    </trkpt>
    <trkpt lat="46.66538600" lon="8.15067500">
      <ele>2669.000</ele>
    </trkpt>
    <trkpt lat="46.66538600" lon="8.15067500">
      <ele>2669.000</ele>
    </trkpt>
    <trkpt lat="46.66538700" lon="8.15067800">
      <ele>2669.000</ele>
    </trkpt>
    <trkpt lat="46.66538600" lon="8.15067500">
      <ele>2669.000</ele>
    </trkpt>
    <trkpt lat="46.66539000" lon="8.15067500">
      <ele>2669.000</ele>
    </trkpt>
    <trkpt lat="46.66539100" lon="8.15067900">
      <ele>2669.000</ele>
    </trkpt>
    <trkpt lat="46.66540400" lon="8.15068100">
      <ele>2669.000</ele>
    </trkpt>
    <trkpt lat="46.66540800" lon="8.15067400">
      <ele>2669.000</ele>
    </trkpt>
    <trkpt lat="46.66540600" lon="8.15067800">
      <ele>2669.000</ele>
    </trkpt>
    <trkpt lat="46.66540900" lon="8.15067200">
      <ele>2669.000</ele>
    </trkpt>
    <trkpt lat="46.66540600" lon="8.15067800">
      <ele>2669.000</ele>
    </trkpt>
    <trkpt lat="46.66541700" lon="8.15068300">
      <ele>2640.000</ele>
    </trkpt>
    <trkpt lat="46.66542200" lon="8.15068900">
      <ele>2640.000</ele>
    </trkpt>
    <trkpt lat="46.66542900" lon="8.15071100">
      <ele>2658.000</ele>
    </trkpt>
    <trkpt lat="46.66542500" lon="8.15071800">
      <ele>2658.000</ele>
    </trkpt>
    <trkpt lat="46.66542600" lon="8.15071800">
      <ele>2658.000</ele>
    </trkpt>
    <trkpt lat="46.66542700" lon="8.15071500">
      <ele>2658.000</ele>
    </trkpt>
    <trkpt lat="46.66542800" lon="8.15071700">
      <ele>2658.000</ele>
    </trkpt>
    <trkpt lat="46.66543100" lon="8.15071600">
      <ele>2658.000</ele>
    </trkpt>
    <trkpt lat="46.66542500" lon="8.15072000">
      <ele>2658.000</ele>
    </trkpt>
    <trkpt lat="46.66542600" lon="8.15071800">
      <ele>2658.000</ele>
    </trkpt>
    <trkpt lat="46.66542600" lon="8.15071800">
      <ele>2658.000</ele>
    </trkpt>
    <trkpt lat="46.66542600" lon="8.15071800">
      <ele>2658.000</ele>
    </trkpt>
    <trkpt lat="46.66542600" lon="8.15071800">
      <ele>2658.000</ele>
    </trkpt>
    <trkpt lat="46.66542600" lon="8.15071800">
      <ele>2658.000</ele>
    </trkpt>
    <trkpt lat="46.66543200" lon="8.15072700">
      <ele>2658.000</ele>
    </trkpt>
    <trkpt lat="46.66542600" lon="8.15071800">
      <ele>2658.000</ele>
    </trkpt>
    <trkpt lat="46.66542600" lon="8.15071800">
      <ele>2658.000</ele>
    </trkpt>
    <trkpt lat="46.66542600" lon="8.15071800">
      <ele>2658.000</ele>
    </trkpt>
    <trkpt lat="46.66542600" lon="8.15071800">
      <ele>2658.000</ele>
    </trkpt>
    <trkpt lat="46.66542600" lon="8.15071800">
      <ele>2658.000</ele>
    </trkpt>
    <trkpt lat="46.66542900" lon="8.15071500">
      <ele>2658.000</ele>
    </trkpt>
    <trkpt lat="46.66542600" lon="8.15071800">
      <ele>2658.000</ele>
    </trkpt>
    <trkpt lat="46.66542600" lon="8.15071800">
      <ele>2658.000</ele>
    </trkpt>
    <trkpt lat="46.66542600" lon="8.15071800">
      <ele>2658.000</ele>
    </trkpt>
    <trkpt lat="46.66542700" lon="8.15071300">
      <ele>2658.000</ele>
    </trkpt>
    <trkpt lat="46.66542800" lon="8.15072100">
      <ele>2658.000</ele>
    </trkpt>
    <trkpt lat="46.66543300" lon="8.15071600">
      <ele>2658.000</ele>
    </trkpt>
    <trkpt lat="46.66543500" lon="8.15072500">
      <ele>2658.000</ele>
    </trkpt>
    <trkpt lat="46.66542900" lon="8.15071800">
      <ele>2658.000</ele>
    </trkpt>
    <trkpt lat="46.66543000" lon="8.15072100">
      <ele>2658.000</ele>
    </trkpt>
    <trkpt lat="46.66542500" lon="8.15072100">
      <ele>2658.000</ele>
    </trkpt>
    <trkpt lat="46.66542600" lon="8.15071800">
      <ele>2658.000</ele>
    </trkpt>
    <trkpt lat="46.66543200" lon="8.15071600">
      <ele>2658.000</ele>
    </trkpt>
    <trkpt lat="46.66543300" lon="8.15071500">
      <ele>2658.000</ele>
    </trkpt>
    <trkpt lat="46.66542600" lon="8.15071800">
      <ele>2658.000</ele>
    </trkpt>
    <trkpt lat="46.66542600" lon="8.15071800">
      <ele>2658.000</ele>
    </trkpt>
    <trkpt lat="46.66543900" lon="8.15072000">
      <ele>2658.000</ele>
    </trkpt>
    <trkpt lat="46.66542600" lon="8.15071800">
      <ele>2658.000</ele>
    </trkpt>
    <trkpt lat="46.66542600" lon="8.15071800">
      <ele>2658.000</ele>
    </trkpt>
    <trkpt lat="46.66542600" lon="8.15071800">
      <ele>2658.000</ele>
    </trkpt>
    <trkpt lat="46.66542600" lon="8.15071800">
      <ele>2658.000</ele>
    </trkpt>
    <trkpt lat="46.66543200" lon="8.15072200">
      <ele>2658.000</ele>
    </trkpt>
    <trkpt lat="46.66543100" lon="8.15071700">
      <ele>2658.000</ele>
    </trkpt>
    <trkpt lat="46.66542600" lon="8.15071800">
      <ele>2658.000</ele>
    </trkpt>
    <trkpt lat="46.66543400" lon="8.15071700">
      <ele>2658.000</ele>
    </trkpt>
    <trkpt lat="46.66542400" lon="8.15072400">
      <ele>2658.000</ele>
    </trkpt>
    <trkpt lat="46.66542600" lon="8.15071800">
      <ele>2658.000</ele>
    </trkpt>
    <trkpt lat="46.66542600" lon="8.15071800">
      <ele>2658.000</ele>
    </trkpt>
    <trkpt lat="46.66542600" lon="8.15071800">
      <ele>2658.000</ele>
    </trkpt>
    <trkpt lat="46.66542600" lon="8.15071800">
      <ele>2658.000</ele>
    </trkpt>
    <trkpt lat="46.66542600" lon="8.15071800">
      <ele>2658.000</ele>
    </trkpt>
    <trkpt lat="46.66542600" lon="8.15071800">
      <ele>2658.000</ele>
    </trkpt>
    <trkpt lat="46.66542600" lon="8.15071800">
      <ele>2658.000</ele>
    </trkpt>
    <trkpt lat="46.66542600" lon="8.15071800">
      <ele>2658.000</ele>
    </trkpt>
    <trkpt lat="46.66542600" lon="8.15072700">
      <ele>2658.000</ele>
    </trkpt>
    <trkpt lat="46.66542800" lon="8.15072200">
      <ele>2658.000</ele>
    </trkpt>
    <trkpt lat="46.66542700" lon="8.15071500">
      <ele>2658.000</ele>
    </trkpt>
    <trkpt lat="46.66542600" lon="8.15071800">
      <ele>2658.000</ele>
    </trkpt>
    <trkpt lat="46.66542900" lon="8.15071200">
      <ele>2658.000</ele>
    </trkpt>
    <trkpt lat="46.66542200" lon="8.15072300">
      <ele>2658.000</ele>
    </trkpt>
    <trkpt lat="46.66542600" lon="8.15071800">
      <ele>2658.000</ele>
    </trkpt>
    <trkpt lat="46.66542600" lon="8.15071800">
      <ele>2658.000</ele>
    </trkpt>
    <trkpt lat="46.66542600" lon="8.15071800">
      <ele>2658.000</ele>
    </trkpt>
    <trkpt lat="46.66542600" lon="8.15071800">
      <ele>2658.000</ele>
    </trkpt>
    <trkpt lat="46.66542600" lon="8.15071800">
      <ele>2658.000</ele>
    </trkpt>
    <trkpt lat="46.66542600" lon="8.15071800">
      <ele>2658.000</ele>
    </trkpt>
    <trkpt lat="46.66542600" lon="8.15071800">
      <ele>2658.000</ele>
    </trkpt>
    <trkpt lat="46.66542900" lon="8.15072600">
      <ele>2658.000</ele>
    </trkpt>
    <trkpt lat="46.66542600" lon="8.15071800">
      <ele>2658.000</ele>
    </trkpt>
    <trkpt lat="46.66542600" lon="8.15071800">
      <ele>2658.000</ele>
    </trkpt>
    <trkpt lat="46.66542600" lon="8.15071800">
      <ele>2658.000</ele>
    </trkpt>
    <trkpt lat="46.66542600" lon="8.15071800">
      <ele>2658.000</ele>
    </trkpt>
    <trkpt lat="46.66543600" lon="8.15071400">
      <ele>2658.000</ele>
    </trkpt>
    <trkpt lat="46.66543600" lon="8.15071400">
      <ele>2658.000</ele>
    </trkpt>
    <trkpt lat="46.66543700" lon="8.15072100">
      <ele>2658.000</ele>
    </trkpt>
    <trkpt lat="46.66542700" lon="8.15072000">
      <ele>2658.000</ele>
    </trkpt>
    <trkpt lat="46.66542600" lon="8.15071800">
      <ele>2658.000</ele>
    </trkpt>
    <trkpt lat="46.66542600" lon="8.15071800">
      <ele>2658.000</ele>
    </trkpt>
    <trkpt lat="46.66542600" lon="8.15071800">
      <ele>2658.000</ele>
    </trkpt>
    <trkpt lat="46.66542600" lon="8.15071800">
      <ele>2658.000</ele>
    </trkpt>
    <trkpt lat="46.66542600" lon="8.15071800">
      <ele>2658.000</ele>
    </trkpt>
    <trkpt lat="46.66542600" lon="8.15071800">
      <ele>2658.000</ele>
    </trkpt>
    <trkpt lat="46.66542600" lon="8.15071800">
      <ele>2658.000</ele>
    </trkpt>
    <trkpt lat="46.66542600" lon="8.15071800">
      <ele>2658.000</ele>
    </trkpt>
    <trkpt lat="46.66543900" lon="8.15072400">
      <ele>2658.000</ele>
    </trkpt>
    <trkpt lat="46.66545500" lon="8.15075300">
      <ele>2658.000</ele>
    </trkpt>
    <trkpt lat="46.66546600" lon="8.15074600">
      <ele>2658.000</ele>
    </trkpt>
    <trkpt lat="46.66547000" lon="8.15076100">
      <ele>2658.000</ele>
    </trkpt>
    <trkpt lat="46.66546800" lon="8.15076000">
      <ele>2658.000</ele>
    </trkpt>
    <trkpt lat="46.66547900" lon="8.15078000">
      <ele>2658.000</ele>
    </trkpt>
    <trkpt lat="46.66548200" lon="8.15076500">
      <ele>2658.000</ele>
    </trkpt>
    <trkpt lat="46.66548600" lon="8.15078400">
      <ele>2658.000</ele>
    </trkpt>
    <trkpt lat="46.66549500" lon="8.15077900">
      <ele>2658.000</ele>
    </trkpt>
    <trkpt lat="46.66549800" lon="8.15078500">
      <ele>2658.000</ele>
    </trkpt>
    <trkpt lat="46.66551000" lon="8.15079700">
      <ele>2658.000</ele>
    </trkpt>
    <trkpt lat="46.66551700" lon="8.15079500">
      <ele>2658.000</ele>
    </trkpt>
    <trkpt lat="46.66551800" lon="8.15079000">
      <ele>2658.000</ele>
    </trkpt>
    <trkpt lat="46.66551400" lon="8.15079100">
      <ele>2658.000</ele>
    </trkpt>
    <trkpt lat="46.66554200" lon="8.15082900">
      <ele>2658.000</ele>
    </trkpt>
    <trkpt lat="46.66554300" lon="8.15083800">
      <ele>2658.000</ele>
    </trkpt>
    <trkpt lat="46.66555700" lon="8.15083800">
      <ele>2658.000</ele>
    </trkpt>
    <trkpt lat="46.66555300" lon="8.15081800">
      <ele>2658.000</ele>
    </trkpt>
    <trkpt lat="46.66555300" lon="8.15082200">
      <ele>2658.000</ele>
    </trkpt>
    <trkpt lat="46.66556400" lon="8.15082900">
      <ele>2658.000</ele>
    </trkpt>
    <trkpt lat="46.66556400" lon="8.15082800">
      <ele>2658.000</ele>
    </trkpt>
    <trkpt lat="46.66556200" lon="8.15083700">
      <ele>2658.000</ele>
    </trkpt>
    <trkpt lat="46.66556900" lon="8.15083200">
      <ele>2658.000</ele>
    </trkpt>
    <trkpt lat="46.66557100" lon="8.15082500">
      <ele>2658.000</ele>
    </trkpt>
    <trkpt lat="46.66557700" lon="8.15082400">
      <ele>2658.000</ele>
    </trkpt>
    <trkpt lat="46.66557100" lon="8.15082000">
      <ele>2658.000</ele>
    </trkpt>
    <trkpt lat="46.66557100" lon="8.15081900">
      <ele>2658.000</ele>
    </trkpt>
    <trkpt lat="46.66557400" lon="8.15081700">
      <ele>2658.000</ele>
    </trkpt>
    <trkpt lat="46.66557400" lon="8.15082100">
      <ele>2658.000</ele>
    </trkpt>
    <trkpt lat="46.66557100" lon="8.15082000">
      <ele>2658.000</ele>
    </trkpt>
    <trkpt lat="46.66558300" lon="8.15083400">
      <ele>2658.000</ele>
    </trkpt>
    <trkpt lat="46.66560400" lon="8.15085100">
      <ele>2658.000</ele>
    </trkpt>
    <trkpt lat="46.66561000" lon="8.15085600">
      <ele>2658.000</ele>
    </trkpt>
    <trkpt lat="46.66561000" lon="8.15085600">
      <ele>2658.000</ele>
    </trkpt>
    <trkpt lat="46.66561800" lon="8.15086600">
      <ele>2658.000</ele>
    </trkpt>
    <trkpt lat="46.66561000" lon="8.15085600">
      <ele>2658.000</ele>
    </trkpt>
    <trkpt lat="46.66561000" lon="8.15085600">
      <ele>2658.000</ele>
    </trkpt>
    <trkpt lat="46.66562000" lon="8.15085700">
      <ele>2658.000</ele>
    </trkpt>
    <trkpt lat="46.66562300" lon="8.15086300">
      <ele>2658.000</ele>
    </trkpt>
    <trkpt lat="46.66562200" lon="8.15087200">
      <ele>2658.000</ele>
    </trkpt>
    <trkpt lat="46.66561000" lon="8.15085600">
      <ele>2658.000</ele>
    </trkpt>
    <trkpt lat="46.66562200" lon="8.15086800">
      <ele>2658.000</ele>
    </trkpt>
    <trkpt lat="46.66562200" lon="8.15086800">
      <ele>2658.000</ele>
    </trkpt>
    <trkpt lat="46.66562200" lon="8.15086800">
      <ele>2658.000</ele>
    </trkpt>
    <trkpt lat="46.66562200" lon="8.15086800">
      <ele>2658.000</ele>
    </trkpt>
    <trkpt lat="46.66562600" lon="8.15087200">
      <ele>2658.000</ele>
    </trkpt>
    <trkpt lat="46.66562200" lon="8.15086800">
      <ele>2658.000</ele>
    </trkpt>
    <trkpt lat="46.66562200" lon="8.15086800">
      <ele>2658.000</ele>
    </trkpt>
    <trkpt lat="46.66562200" lon="8.15086800">
      <ele>2658.000</ele>
    </trkpt>
    <trkpt lat="46.66562200" lon="8.15086800">
      <ele>2658.000</ele>
    </trkpt>
    <trkpt lat="46.66562200" lon="8.15086800">
      <ele>2658.000</ele>
    </trkpt>
    <trkpt lat="46.66562200" lon="8.15086800">
      <ele>2658.000</ele>
    </trkpt>
    <trkpt lat="46.66562200" lon="8.15086800">
      <ele>2658.000</ele>
    </trkpt>
    <trkpt lat="46.66562200" lon="8.15086800">
      <ele>2658.000</ele>
    </trkpt>
    <trkpt lat="46.66562200" lon="8.15086800">
      <ele>2658.000</ele>
    </trkpt>
    <trkpt lat="46.66562200" lon="8.15086800">
      <ele>2658.000</ele>
    </trkpt>
    <trkpt lat="46.66562500" lon="8.15087500">
      <ele>2658.000</ele>
    </trkpt>
    <trkpt lat="46.66563000" lon="8.15088200">
      <ele>2658.000</ele>
    </trkpt>
    <trkpt lat="46.66563100" lon="8.15089100">
      <ele>2658.000</ele>
    </trkpt>
    <trkpt lat="46.66563400" lon="8.15089400">
      <ele>2658.000</ele>
    </trkpt>
    <trkpt lat="46.66563500" lon="8.15089400">
      <ele>2658.000</ele>
    </trkpt>
    <trkpt lat="46.66563500" lon="8.15089400">
      <ele>2658.000</ele>
    </trkpt>
    <trkpt lat="46.66563500" lon="8.15089400">
      <ele>2658.000</ele>
    </trkpt>
    <trkpt lat="46.66563500" lon="8.15089400">
      <ele>2658.000</ele>
    </trkpt>
    <trkpt lat="46.66563500" lon="8.15089400">
      <ele>2658.000</ele>
    </trkpt>
    <trkpt lat="46.66563500" lon="8.15089400">
      <ele>2658.000</ele>
    </trkpt>
    <trkpt lat="46.66563500" lon="8.15089400">
      <ele>2658.000</ele>
    </trkpt>
    <trkpt lat="46.66563500" lon="8.15089400">
      <ele>2658.000</ele>
    </trkpt>
    <trkpt lat="46.66563500" lon="8.15089400">
      <ele>2658.000</ele>
    </trkpt>
    <trkpt lat="46.66563500" lon="8.15089400">
      <ele>2658.000</ele>
    </trkpt>
    <trkpt lat="46.66563500" lon="8.15089400">
      <ele>2658.000</ele>
    </trkpt>
    <trkpt lat="46.66563500" lon="8.15089400">
      <ele>2658.000</ele>
    </trkpt>
    <trkpt lat="46.66563500" lon="8.15089400">
      <ele>2658.000</ele>
    </trkpt>
    <trkpt lat="46.66563500" lon="8.15089400">
      <ele>2658.000</ele>
    </trkpt>
    <trkpt lat="46.66563500" lon="8.15089400">
      <ele>2658.000</ele>
    </trkpt>
    <trkpt lat="46.66563500" lon="8.15089400">
      <ele>2658.000</ele>
    </trkpt>
    <trkpt lat="46.66564100" lon="8.15089900">
      <ele>2658.000</ele>
    </trkpt>
    <trkpt lat="46.66563500" lon="8.15089400">
      <ele>2658.000</ele>
    </trkpt>
    <trkpt lat="46.66563500" lon="8.15089400">
      <ele>2658.000</ele>
    </trkpt>
    <trkpt lat="46.66563500" lon="8.15089400">
      <ele>2658.000</ele>
    </trkpt>
    <trkpt lat="46.66563500" lon="8.15089400">
      <ele>2658.000</ele>
    </trkpt>
    <trkpt lat="46.66563500" lon="8.15089400">
      <ele>2658.000</ele>
    </trkpt>
    <trkpt lat="46.66563500" lon="8.15089400">
      <ele>2658.000</ele>
    </trkpt>
    <trkpt lat="46.66563400" lon="8.15089000">
      <ele>2658.000</ele>
    </trkpt>
    <trkpt lat="46.66564000" lon="8.15088800">
      <ele>2658.000</ele>
    </trkpt>
    <trkpt lat="46.66563500" lon="8.15089400">
      <ele>2658.000</ele>
    </trkpt>
    <trkpt lat="46.66563500" lon="8.15089400">
      <ele>2658.000</ele>
    </trkpt>
    <trkpt lat="46.66563500" lon="8.15089400">
      <ele>2658.000</ele>
    </trkpt>
    <trkpt lat="46.66563500" lon="8.15089400">
      <ele>2658.000</ele>
    </trkpt>
    <trkpt lat="46.66563500" lon="8.15089400">
      <ele>2658.000</ele>
    </trkpt>
    <trkpt lat="46.66563500" lon="8.15089400">
      <ele>2658.000</ele>
    </trkpt>
    <trkpt lat="46.66563600" lon="8.15088700">
      <ele>2658.000</ele>
    </trkpt>
    <trkpt lat="46.66563500" lon="8.15089400">
      <ele>2658.000</ele>
    </trkpt>
    <trkpt lat="46.66563500" lon="8.15089400">
      <ele>2658.000</ele>
    </trkpt>
    <trkpt lat="46.66563500" lon="8.15089400">
      <ele>2658.000</ele>
    </trkpt>
    <trkpt lat="46.66563500" lon="8.15089400">
      <ele>2658.000</ele>
    </trkpt>
    <trkpt lat="46.66563500" lon="8.15089400">
      <ele>2658.000</ele>
    </trkpt>
    <trkpt lat="46.66564700" lon="8.15089400">
      <ele>2658.000</ele>
    </trkpt>
    <trkpt lat="46.66564300" lon="8.15088700">
      <ele>2658.000</ele>
    </trkpt>
    <trkpt lat="46.66564900" lon="8.15089200">
      <ele>2658.000</ele>
    </trkpt>
    <trkpt lat="46.66565100" lon="8.15089200">
      <ele>2658.000</ele>
    </trkpt>
    <trkpt lat="46.66565100" lon="8.15089200">
      <ele>2658.000</ele>
    </trkpt>
    <trkpt lat="46.66565100" lon="8.15089200">
      <ele>2658.000</ele>
    </trkpt>
    <trkpt lat="46.66565100" lon="8.15089200">
      <ele>2658.000</ele>
    </trkpt>
    <trkpt lat="46.66565100" lon="8.15089200">
      <ele>2658.000</ele>
    </trkpt>
    <trkpt lat="46.66565100" lon="8.15089200">
      <ele>2658.000</ele>
    </trkpt>
    <trkpt lat="46.66565100" lon="8.15089200">
      <ele>2658.000</ele>
    </trkpt>
    <trkpt lat="46.66565100" lon="8.15089200">
      <ele>2658.000</ele>
    </trkpt>
    <trkpt lat="46.66565100" lon="8.15089200">
      <ele>2658.000</ele>
    </trkpt>
    <trkpt lat="46.66565100" lon="8.15089200">
      <ele>2658.000</ele>
    </trkpt>
    <trkpt lat="46.66565100" lon="8.15089200">
      <ele>2658.000</ele>
    </trkpt>
    <trkpt lat="46.66565100" lon="8.15089200">
      <ele>2658.000</ele>
    </trkpt>
    <trkpt lat="46.66565100" lon="8.15089200">
      <ele>2658.000</ele>
    </trkpt>
    <trkpt lat="46.66565100" lon="8.15089200">
      <ele>2658.000</ele>
    </trkpt>
    <trkpt lat="46.66565100" lon="8.15089200">
      <ele>2658.000</ele>
    </trkpt>
    <trkpt lat="46.66565100" lon="8.15089200">
      <ele>2658.000</ele>
    </trkpt>
    <trkpt lat="46.66565100" lon="8.15089200">
      <ele>2658.000</ele>
    </trkpt>
    <trkpt lat="46.66565100" lon="8.15089200">
      <ele>2658.000</ele>
    </trkpt>
    <trkpt lat="46.66565100" lon="8.15089200">
      <ele>2658.000</ele>
    </trkpt>
    <trkpt lat="46.66565100" lon="8.15089200">
      <ele>2658.000</ele>
    </trkpt>
    <trkpt lat="46.66565100" lon="8.15089200">
      <ele>2658.000</ele>
    </trkpt>
    <trkpt lat="46.66565100" lon="8.15089200">
      <ele>2658.000</ele>
    </trkpt>
    <trkpt lat="46.66564300" lon="8.15089200">
      <ele>2658.000</ele>
    </trkpt>
    <trkpt lat="46.66565100" lon="8.15089200">
      <ele>2658.000</ele>
    </trkpt>
    <trkpt lat="46.66565100" lon="8.15089200">
      <ele>2658.000</ele>
    </trkpt>
    <trkpt lat="46.66565100" lon="8.15089200">
      <ele>2658.000</ele>
    </trkpt>
    <trkpt lat="46.66565100" lon="8.15089200">
      <ele>2658.000</ele>
    </trkpt>
    <trkpt lat="46.66565100" lon="8.15089200">
      <ele>2658.000</ele>
    </trkpt>
    <trkpt lat="46.66565100" lon="8.15089200">
      <ele>2658.000</ele>
    </trkpt>
    <trkpt lat="46.66565100" lon="8.15089200">
      <ele>2658.000</ele>
    </trkpt>
    <trkpt lat="46.66565100" lon="8.15089200">
      <ele>2658.000</ele>
    </trkpt>
    <trkpt lat="46.66564200" lon="8.15089300">
      <ele>2658.000</ele>
    </trkpt>
    <trkpt lat="46.66565500" lon="8.15090400">
      <ele>2658.000</ele>
    </trkpt>
    <trkpt lat="46.66566200" lon="8.15091100">
      <ele>2658.000</ele>
    </trkpt>
    <trkpt lat="46.66567200" lon="8.15091700">
      <ele>2658.000</ele>
    </trkpt>
    <trkpt lat="46.66568100" lon="8.15092300">
      <ele>2658.000</ele>
    </trkpt>
    <trkpt lat="46.66568100" lon="8.15091500">
      <ele>2658.000</ele>
    </trkpt>
    <trkpt lat="46.66568000" lon="8.15091500">
      <ele>2658.000</ele>
    </trkpt>
    <trkpt lat="46.66567800" lon="8.15090600">
      <ele>2658.000</ele>
    </trkpt>
    <trkpt lat="46.66569100" lon="8.15091000">
      <ele>2658.000</ele>
    </trkpt>
    <trkpt lat="46.66570200" lon="8.15092300">
      <ele>2673.000</ele>
    </trkpt>
    <trkpt lat="46.66570100" lon="8.15091800">
      <ele>2673.000</ele>
    </trkpt>
    <trkpt lat="46.66570700" lon="8.15091900">
      <ele>2673.000</ele>
    </trkpt>
    <trkpt lat="46.66570200" lon="8.15092300">
      <ele>2673.000</ele>
    </trkpt>
    <trkpt lat="46.66570200" lon="8.15092300">
      <ele>2673.000</ele>
    </trkpt>
    <trkpt lat="46.66571500" lon="8.15091900">
      <ele>2673.000</ele>
    </trkpt>
    <trkpt lat="46.66571600" lon="8.15091800">
      <ele>2673.000</ele>
    </trkpt>
    <trkpt lat="46.66571600" lon="8.15091800">
      <ele>2673.000</ele>
    </trkpt>
    <trkpt lat="46.66571600" lon="8.15091800">
      <ele>2673.000</ele>
    </trkpt>
    <trkpt lat="46.66571900" lon="8.15091900">
      <ele>2673.000</ele>
    </trkpt>
    <trkpt lat="46.66573500" lon="8.15091700">
      <ele>2673.000</ele>
    </trkpt>
    <trkpt lat="46.66574900" lon="8.15091900">
      <ele>2673.000</ele>
    </trkpt>
    <trkpt lat="46.66575000" lon="8.15093900">
      <ele>2673.000</ele>
    </trkpt>
    <trkpt lat="46.66575500" lon="8.15093800">
      <ele>2673.000</ele>
    </trkpt>
    <trkpt lat="46.66574700" lon="8.15093900">
      <ele>2673.000</ele>
    </trkpt>
    <trkpt lat="46.66574700" lon="8.15093900">
      <ele>2673.000</ele>
    </trkpt>
    <trkpt lat="46.66576000" lon="8.15095100">
      <ele>2673.000</ele>
    </trkpt>
    <trkpt lat="46.66576500" lon="8.15095300">
      <ele>2673.000</ele>
    </trkpt>
    <trkpt lat="46.66578000" lon="8.15095000">
      <ele>2673.000</ele>
    </trkpt>
    <trkpt lat="46.66578100" lon="8.15094800">
      <ele>2673.000</ele>
    </trkpt>
    <trkpt lat="46.66579400" lon="8.15096000">
      <ele>2673.000</ele>
    </trkpt>
    <trkpt lat="46.66580600" lon="8.15095000">
      <ele>2673.000</ele>
    </trkpt>
    <trkpt lat="46.66581500" lon="8.15094700">
      <ele>2673.000</ele>
    </trkpt>
    <trkpt lat="46.66580900" lon="8.15096600">
      <ele>2673.000</ele>
    </trkpt>
    <trkpt lat="46.66582200" lon="8.15095600">
      <ele>2673.000</ele>
    </trkpt>
    <trkpt lat="46.66582700" lon="8.15095400">
      <ele>2673.000</ele>
    </trkpt>
    <trkpt lat="46.66584700" lon="8.15094800">
      <ele>2673.000</ele>
    </trkpt>
    <trkpt lat="46.66584700" lon="8.15095300">
      <ele>2673.000</ele>
    </trkpt>
    <trkpt lat="46.66583600" lon="8.15099000">
      <ele>2682.000</ele>
    </trkpt>
    <trkpt lat="46.66583700" lon="8.15102000">
      <ele>2682.000</ele>
    </trkpt>
    <trkpt lat="46.66583700" lon="8.15103200">
      <ele>2682.000</ele>
    </trkpt>
    <trkpt lat="46.66583100" lon="8.15102300">
      <ele>2682.000</ele>
    </trkpt>
    <trkpt lat="46.66582900" lon="8.15102700">
      <ele>2682.000</ele>
    </trkpt>
    <trkpt lat="46.66583100" lon="8.15103100">
      <ele>2682.000</ele>
    </trkpt>
    <trkpt lat="46.66583700" lon="8.15104200">
      <ele>2682.000</ele>
    </trkpt>
    <trkpt lat="46.66584200" lon="8.15103900">
      <ele>2682.000</ele>
    </trkpt>
    <trkpt lat="46.66583700" lon="8.15103200">
      <ele>2682.000</ele>
    </trkpt>
    <trkpt lat="46.66584300" lon="8.15104100">
      <ele>2682.000</ele>
    </trkpt>
    <trkpt lat="46.66584300" lon="8.15103700">
      <ele>2682.000</ele>
    </trkpt>
    <trkpt lat="46.66585300" lon="8.15105900">
      <ele>2682.000</ele>
    </trkpt>
    <trkpt lat="46.66585000" lon="8.15106100">
      <ele>2682.000</ele>
    </trkpt>
    <trkpt lat="46.66584500" lon="8.15106300">
      <ele>2682.000</ele>
    </trkpt>
    <trkpt lat="46.66584800" lon="8.15106800">
      <ele>2682.000</ele>
    </trkpt>
    <trkpt lat="46.66584800" lon="8.15106800">
      <ele>2682.000</ele>
    </trkpt>
    <trkpt lat="46.66584800" lon="8.15110300">
      <ele>2682.000</ele>
    </trkpt>
    <trkpt lat="46.66584700" lon="8.15110800">
      <ele>2682.000</ele>
    </trkpt>
    <trkpt lat="46.66584700" lon="8.15110800">
      <ele>2682.000</ele>
    </trkpt>
    <trkpt lat="46.66584600" lon="8.15110900">
      <ele>2682.000</ele>
    </trkpt>
    <trkpt lat="46.66584700" lon="8.15110800">
      <ele>2682.000</ele>
    </trkpt>
    <trkpt lat="46.66584700" lon="8.15110800">
      <ele>2682.000</ele>
    </trkpt>
    <trkpt lat="46.66584700" lon="8.15110800">
      <ele>2682.000</ele>
    </trkpt>
    <trkpt lat="46.66584400" lon="8.15113800">
      <ele>2682.000</ele>
    </trkpt>
    <trkpt lat="46.66584400" lon="8.15113800">
      <ele>2682.000</ele>
    </trkpt>
    <trkpt lat="46.66584400" lon="8.15113800">
      <ele>2682.000</ele>
    </trkpt>
    <trkpt lat="46.66584400" lon="8.15113800">
      <ele>2682.000</ele>
    </trkpt>
    <trkpt lat="46.66584400" lon="8.15113800">
      <ele>2682.000</ele>
    </trkpt>
    <trkpt lat="46.66584400" lon="8.15113800">
      <ele>2682.000</ele>
    </trkpt>
    <trkpt lat="46.66584600" lon="8.15116000">
      <ele>2682.000</ele>
    </trkpt>
    <trkpt lat="46.66585800" lon="8.15119900">
      <ele>2682.000</ele>
    </trkpt>
    <trkpt lat="46.66585900" lon="8.15120200">
      <ele>2682.000</ele>
    </trkpt>
    <trkpt lat="46.66585900" lon="8.15120200">
      <ele>2682.000</ele>
    </trkpt>
    <trkpt lat="46.66585900" lon="8.15120300">
      <ele>2682.000</ele>
    </trkpt>
    <trkpt lat="46.66585900" lon="8.15120200">
      <ele>2682.000</ele>
    </trkpt>
    <trkpt lat="46.66585900" lon="8.15120200">
      <ele>2682.000</ele>
    </trkpt>
    <trkpt lat="46.66585900" lon="8.15120200">
      <ele>2682.000</ele>
    </trkpt>
    <trkpt lat="46.66585900" lon="8.15120200">
      <ele>2682.000</ele>
    </trkpt>
    </trkseg>
  </trk>
</gpx>