<?xml version="1.0" encoding="UTF-8"?>
<gpx version="1.1" creator="White Risk"
    xmlns="http://www.topografix.com/GPX/1/1"
    xmlns:xsi="http://www.w3.org/2001/XMLSchema-instance" xsi:schemaLocation="http://www.topografix.com/GPX/1/1 http://www.topografix.com/GPX/1/1/gpx.xsd">
    <metadata>
        <name>Wellhorn Reiss .gpx - MAIN Route 22848680</name>
    </metadata>
    <trk>
        <name>Wellhorn Reiss .gpx - MAIN Route 22848680</name>
        <trkseg>
            <trkpt lat="46.665886" lon="8.154219">
                <ele>2063</ele>
            </trkpt>
            <trkpt lat="46.665893" lon="8.154240">
                <ele>2063</ele>
            </trkpt>
            <trkpt lat="46.665890" lon="8.154275">
                <ele>2063</ele>
            </trkpt>
            <trkpt lat="46.665887" lon="8.154273">
                <ele>2063</ele>
            </trkpt>
            <trkpt lat="46.665893" lon="8.154277">
                <ele>2063</ele>
            </trkpt>
            <trkpt lat="46.665895" lon="8.154285">
                <ele>2063</ele>
            </trkpt>
            <trkpt lat="46.665890" lon="8.154262">
                <ele>2063</ele>
            </trkpt>
            <trkpt lat="46.665891" lon="8.154245">
                <ele>2063</ele>
            </trkpt>
            <trkpt lat="46.665888" lon="8.154234">
                <ele>2063</ele>
            </trkpt>
            <trkpt lat="46.665882" lon="8.154255">
                <ele>2063</ele>
            </trkpt>
            <trkpt lat="46.665873" lon="8.154255">
                <ele>2063</ele>
            </trkpt>
            <trkpt lat="46.665870" lon="8.154258">
                <ele>2063</ele>
            </trkpt>
            <trkpt lat="46.665875" lon="8.154262">
                <ele>2063</ele>
            </trkpt>
            <trkpt lat="46.665870" lon="8.154259">
                <ele>2063</ele>
            </trkpt>
            <trkpt lat="46.665864" lon="8.154252">
                <ele>2063</ele>
            </trkpt>
            <trkpt lat="46.665871" lon="8.154257">
                <ele>2063</ele>
            </trkpt>
            <trkpt lat="46.665877" lon="8.154242">
                <ele>2063</ele>
            </trkpt>
            <trkpt lat="46.665874" lon="8.154239">
                <ele>2063</ele>
            </trkpt>
            <trkpt lat="46.665872" lon="8.154238">
                <ele>2063</ele>
            </trkpt>
            <trkpt lat="46.665869" lon="8.154231">
                <ele>2063</ele>
            </trkpt>
            <trkpt lat="46.665866" lon="8.154228">
                <ele>2063</ele>
            </trkpt>
            <trkpt lat="46.665861" lon="8.154234">
                <ele>2063</ele>
            </trkpt>
            <trkpt lat="46.665858" lon="8.154232">
                <ele>2063</ele>
            </trkpt>
            <trkpt lat="46.665858" lon="8.154237">
                <ele>2063</ele>
            </trkpt>
            <trkpt lat="46.665844" lon="8.154238">
                <ele>2063</ele>
            </trkpt>
            <trkpt lat="46.665838" lon="8.154240">
                <ele>2063</ele>
            </trkpt>
            <trkpt lat="46.665810" lon="8.154253">
                <ele>2063</ele>
            </trkpt>
            <trkpt lat="46.665823" lon="8.154255">
                <ele>2063</ele>
            </trkpt>
            <trkpt lat="46.665820" lon="8.154247">
                <ele>2063</ele>
            </trkpt>
            <trkpt lat="46.665813" lon="8.154238">
                <ele>2063</ele>
            </trkpt>
            <trkpt lat="46.665803" lon="8.154246">
                <ele>2063</ele>
            </trkpt>
            <trkpt lat="46.665795" lon="8.154243">
                <ele>2063</ele>
            </trkpt>
            <trkpt lat="46.665795" lon="8.154245">
                <ele>2063</ele>
            </trkpt>
            <trkpt lat="46.665791" lon="8.154240">
                <ele>2063</ele>
            </trkpt>
            <trkpt lat="46.665793" lon="8.154238">
                <ele>2063</ele>
            </trkpt>
            <trkpt lat="46.665797" lon="8.154241">
                <ele>2063</ele>
            </trkpt>
            <trkpt lat="46.665795" lon="8.154229">
                <ele>2063</ele>
            </trkpt>
            <trkpt lat="46.665799" lon="8.154232">
                <ele>2063</ele>
            </trkpt>
            <trkpt lat="46.665786" lon="8.154208">
                <ele>2063</ele>
            </trkpt>
            <trkpt lat="46.665789" lon="8.154183">
                <ele>2063</ele>
            </trkpt>
            <trkpt lat="46.665790" lon="8.154183">
                <ele>2063</ele>
            </trkpt>
            <trkpt lat="46.665790" lon="8.154195">
                <ele>2063</ele>
            </trkpt>
            <trkpt lat="46.665773" lon="8.154203">
                <ele>2063</ele>
            </trkpt>
            <trkpt lat="46.665763" lon="8.154185">
                <ele>2063</ele>
            </trkpt>
            <trkpt lat="46.665773" lon="8.154204">
                <ele>2063</ele>
            </trkpt>
            <trkpt lat="46.665763" lon="8.154233">
                <ele>2063</ele>
            </trkpt>
            <trkpt lat="46.665755" lon="8.154223">
                <ele>2063</ele>
            </trkpt>
            <trkpt lat="46.665739" lon="8.154220">
                <ele>2063</ele>
            </trkpt>
            <trkpt lat="46.665739" lon="8.154218">
                <ele>2063</ele>
            </trkpt>
            <trkpt lat="46.665735" lon="8.154205">
                <ele>2063</ele>
            </trkpt>
            <trkpt lat="46.665731" lon="8.154196">
                <ele>2063</ele>
            </trkpt>
            <trkpt lat="46.665733" lon="8.154195">
                <ele>2063</ele>
            </trkpt>
            <trkpt lat="46.665733" lon="8.154195">
                <ele>2063</ele>
            </trkpt>
            <trkpt lat="46.665733" lon="8.154195">
                <ele>2063</ele>
            </trkpt>
            <trkpt lat="46.665733" lon="8.154195">
                <ele>2063</ele>
            </trkpt>
            <trkpt lat="46.665733" lon="8.154195">
                <ele>2063</ele>
            </trkpt>
            <trkpt lat="46.665738" lon="8.154189">
                <ele>2063</ele>
            </trkpt>
            <trkpt lat="46.665733" lon="8.154195">
                <ele>2063</ele>
            </trkpt>
            <trkpt lat="46.665733" lon="8.154195">
                <ele>2063</ele>
            </trkpt>
            <trkpt lat="46.665745" lon="8.154177">
                <ele>2063</ele>
            </trkpt>
            <trkpt lat="46.665748" lon="8.154171">
                <ele>2063</ele>
            </trkpt>
            <trkpt lat="46.665767" lon="8.154151">
                <ele>2063</ele>
            </trkpt>
            <trkpt lat="46.665767" lon="8.154154">
                <ele>2063</ele>
            </trkpt>
            <trkpt lat="46.665767" lon="8.154151">
                <ele>2063</ele>
            </trkpt>
            <trkpt lat="46.665767" lon="8.154151">
                <ele>2063</ele>
            </trkpt>
            <trkpt lat="46.665767" lon="8.154151">
                <ele>2063</ele>
            </trkpt>
            <trkpt lat="46.665783" lon="8.154158">
                <ele>2063</ele>
            </trkpt>
            <trkpt lat="46.665801" lon="8.154155">
                <ele>2063</ele>
            </trkpt>
            <trkpt lat="46.665801" lon="8.154155">
                <ele>2063</ele>
            </trkpt>
            <trkpt lat="46.665801" lon="8.154155">
                <ele>2063</ele>
            </trkpt>
            <trkpt lat="46.665801" lon="8.154155">
                <ele>2063</ele>
            </trkpt>
            <trkpt lat="46.665801" lon="8.154155">
                <ele>2063</ele>
            </trkpt>
            <trkpt lat="46.665801" lon="8.154155">
                <ele>2063</ele>
            </trkpt>
            <trkpt lat="46.665801" lon="8.154155">
                <ele>2063</ele>
            </trkpt>
            <trkpt lat="46.665801" lon="8.154155">
                <ele>2063</ele>
            </trkpt>
            <trkpt lat="46.665801" lon="8.154155">
                <ele>2063</ele>
            </trkpt>
            <trkpt lat="46.665801" lon="8.154155">
                <ele>2063</ele>
            </trkpt>
            <trkpt lat="46.665801" lon="8.154155">
                <ele>2063</ele>
            </trkpt>
            <trkpt lat="46.665801" lon="8.154155">
                <ele>2063</ele>
            </trkpt>
            <trkpt lat="46.665801" lon="8.154155">
                <ele>2063</ele>
            </trkpt>
            <trkpt lat="46.665801" lon="8.154155">
                <ele>2063</ele>
            </trkpt>
            <trkpt lat="46.665801" lon="8.154155">
                <ele>2063</ele>
            </trkpt>
            <trkpt lat="46.665809" lon="8.154150">
                <ele>2063</ele>
            </trkpt>
            <trkpt lat="46.665801" lon="8.154155">
                <ele>2063</ele>
            </trkpt>
            <trkpt lat="46.665801" lon="8.154155">
                <ele>2063</ele>
            </trkpt>
            <trkpt lat="46.665810" lon="8.154135">
                <ele>2063</ele>
            </trkpt>
            <trkpt lat="46.665811" lon="8.154135">
                <ele>2063</ele>
            </trkpt>
            <trkpt lat="46.665811" lon="8.154135">
                <ele>2063</ele>
            </trkpt>
            <trkpt lat="46.665812" lon="8.154127">
                <ele>2063</ele>
            </trkpt>
            <trkpt lat="46.665811" lon="8.154135">
                <ele>2063</ele>
            </trkpt>
            <trkpt lat="46.665811" lon="8.154135">
                <ele>2063</ele>
            </trkpt>
            <trkpt lat="46.665817" lon="8.154115">
                <ele>2063</ele>
            </trkpt>
            <trkpt lat="46.665817" lon="8.154115">
                <ele>2063</ele>
            </trkpt>
            <trkpt lat="46.665817" lon="8.154115">
                <ele>2063</ele>
            </trkpt>
            <trkpt lat="46.665817" lon="8.154115">
                <ele>2063</ele>
            </trkpt>
            <trkpt lat="46.665817" lon="8.154115">
                <ele>2063</ele>
            </trkpt>
            <trkpt lat="46.665820" lon="8.154117">
                <ele>2063</ele>
            </trkpt>
            <trkpt lat="46.665817" lon="8.154115">
                <ele>2063</ele>
            </trkpt>
            <trkpt lat="46.665822" lon="8.154124">
                <ele>2063</ele>
            </trkpt>
            <trkpt lat="46.665817" lon="8.154115">
                <ele>2063</ele>
            </trkpt>
            <trkpt lat="46.665817" lon="8.154115">
                <ele>2063</ele>
            </trkpt>
            <trkpt lat="46.665817" lon="8.154115">
                <ele>2063</ele>
            </trkpt>
            <trkpt lat="46.665818" lon="8.154135">
                <ele>2063</ele>
            </trkpt>
            <trkpt lat="46.665818" lon="8.154135">
                <ele>2063</ele>
            </trkpt>
            <trkpt lat="46.665817" lon="8.154135">
                <ele>2063</ele>
            </trkpt>
            <trkpt lat="46.665821" lon="8.154119">
                <ele>2063</ele>
            </trkpt>
            <trkpt lat="46.665819" lon="8.154118">
                <ele>2063</ele>
            </trkpt>
            <trkpt lat="46.665821" lon="8.154116">
                <ele>2063</ele>
            </trkpt>
            <trkpt lat="46.665821" lon="8.154116">
                <ele>2063</ele>
            </trkpt>
            <trkpt lat="46.665821" lon="8.154116">
                <ele>2063</ele>
            </trkpt>
            <trkpt lat="46.665821" lon="8.154116">
                <ele>2063</ele>
            </trkpt>
            <trkpt lat="46.665821" lon="8.154116">
                <ele>2063</ele>
            </trkpt>
            <trkpt lat="46.665821" lon="8.154116">
                <ele>2063</ele>
            </trkpt>
            <trkpt lat="46.665821" lon="8.154116">
                <ele>2063</ele>
            </trkpt>
            <trkpt lat="46.665821" lon="8.154116">
                <ele>2063</ele>
            </trkpt>
            <trkpt lat="46.665832" lon="8.154132">
                <ele>2063</ele>
            </trkpt>
            <trkpt lat="46.665832" lon="8.154132">
                <ele>2063</ele>
            </trkpt>
            <trkpt lat="46.665833" lon="8.154132">
                <ele>2063</ele>
            </trkpt>
            <trkpt lat="46.665832" lon="8.154132">
                <ele>2063</ele>
            </trkpt>
            <trkpt lat="46.665832" lon="8.154132">
                <ele>2063</ele>
            </trkpt>
            <trkpt lat="46.665832" lon="8.154132">
                <ele>2063</ele>
            </trkpt>
            <trkpt lat="46.665832" lon="8.154132">
                <ele>2063</ele>
            </trkpt>
            <trkpt lat="46.665836" lon="8.154139">
                <ele>2063</ele>
            </trkpt>
            <trkpt lat="46.665846" lon="8.154129">
                <ele>2063</ele>
            </trkpt>
            <trkpt lat="46.665849" lon="8.154129">
                <ele>2063</ele>
            </trkpt>
            <trkpt lat="46.665849" lon="8.154129">
                <ele>2063</ele>
            </trkpt>
            <trkpt lat="46.665849" lon="8.154129">
                <ele>2063</ele>
            </trkpt>
            <trkpt lat="46.665849" lon="8.154129">
                <ele>2063</ele>
            </trkpt>
            <trkpt lat="46.665849" lon="8.154129">
                <ele>2063</ele>
            </trkpt>
            <trkpt lat="46.665849" lon="8.154129">
                <ele>2063</ele>
            </trkpt>
            <trkpt lat="46.665849" lon="8.154129">
                <ele>2063</ele>
            </trkpt>
            <trkpt lat="46.665849" lon="8.154129">
                <ele>2063</ele>
            </trkpt>
            <trkpt lat="46.665849" lon="8.154129">
                <ele>2063</ele>
            </trkpt>
            <trkpt lat="46.665849" lon="8.154129">
                <ele>2063</ele>
            </trkpt>
            <trkpt lat="46.665849" lon="8.154129">
                <ele>2063</ele>
            </trkpt>
            <trkpt lat="46.665849" lon="8.154129">
                <ele>2063</ele>
            </trkpt>
            <trkpt lat="46.665849" lon="8.154129">
                <ele>2063</ele>
            </trkpt>
            <trkpt lat="46.665849" lon="8.154129">
                <ele>2063</ele>
            </trkpt>
            <trkpt lat="46.665849" lon="8.154129">
                <ele>2063</ele>
            </trkpt>
            <trkpt lat="46.665849" lon="8.154129">
                <ele>2063</ele>
            </trkpt>
            <trkpt lat="46.665849" lon="8.154129">
                <ele>2063</ele>
            </trkpt>
            <trkpt lat="46.665849" lon="8.154129">
                <ele>2063</ele>
            </trkpt>
            <trkpt lat="46.665850" lon="8.154125">
                <ele>2063</ele>
            </trkpt>
            <trkpt lat="46.665850" lon="8.154122">
                <ele>2063</ele>
            </trkpt>
            <trkpt lat="46.665849" lon="8.154129">
                <ele>2063</ele>
            </trkpt>
            <trkpt lat="46.665849" lon="8.154129">
                <ele>2063</ele>
            </trkpt>
            <trkpt lat="46.665849" lon="8.154129">
                <ele>2063</ele>
            </trkpt>
            <trkpt lat="46.665849" lon="8.154129">
                <ele>2063</ele>
            </trkpt>
            <trkpt lat="46.665849" lon="8.154129">
                <ele>2063</ele>
            </trkpt>
            <trkpt lat="46.665849" lon="8.154129">
                <ele>2063</ele>
            </trkpt>
            <trkpt lat="46.665855" lon="8.154131">
                <ele>2063</ele>
            </trkpt>
            <trkpt lat="46.665870" lon="8.154103">
                <ele>2063</ele>
            </trkpt>
            <trkpt lat="46.665873" lon="8.154103">
                <ele>2063</ele>
            </trkpt>
            <trkpt lat="46.665873" lon="8.154103">
                <ele>2063</ele>
            </trkpt>
            <trkpt lat="46.665873" lon="8.154103">
                <ele>2063</ele>
            </trkpt>
            <trkpt lat="46.665873" lon="8.154103">
                <ele>2063</ele>
            </trkpt>
            <trkpt lat="46.665873" lon="8.154103">
                <ele>2063</ele>
            </trkpt>
            <trkpt lat="46.665873" lon="8.154103">
                <ele>2063</ele>
            </trkpt>
            <trkpt lat="46.665873" lon="8.154103">
                <ele>2063</ele>
            </trkpt>
            <trkpt lat="46.665873" lon="8.154103">
                <ele>2063</ele>
            </trkpt>
            <trkpt lat="46.665873" lon="8.154103">
                <ele>2063</ele>
            </trkpt>
            <trkpt lat="46.665873" lon="8.154103">
                <ele>2063</ele>
            </trkpt>
            <trkpt lat="46.665871" lon="8.154103">
                <ele>2063</ele>
            </trkpt>
            <trkpt lat="46.665872" lon="8.154109">
                <ele>2063</ele>
            </trkpt>
            <trkpt lat="46.665873" lon="8.154103">
                <ele>2063</ele>
            </trkpt>
            <trkpt lat="46.665873" lon="8.154103">
                <ele>2063</ele>
            </trkpt>
            <trkpt lat="46.665879" lon="8.154105">
                <ele>2063</ele>
            </trkpt>
            <trkpt lat="46.665873" lon="8.154103">
                <ele>2063</ele>
            </trkpt>
            <trkpt lat="46.665886" lon="8.154105">
                <ele>2063</ele>
            </trkpt>
            <trkpt lat="46.665873" lon="8.154103">
                <ele>2063</ele>
            </trkpt>
            <trkpt lat="46.665873" lon="8.154103">
                <ele>2063</ele>
            </trkpt>
            <trkpt lat="46.665873" lon="8.154103">
                <ele>2063</ele>
            </trkpt>
            <trkpt lat="46.665873" lon="8.154103">
                <ele>2063</ele>
            </trkpt>
            <trkpt lat="46.665877" lon="8.154119">
                <ele>2063</ele>
            </trkpt>
            <trkpt lat="46.665873" lon="8.154118">
                <ele>2063</ele>
            </trkpt>
            <trkpt lat="46.665873" lon="8.154103">
                <ele>2063</ele>
            </trkpt>
            <trkpt lat="46.665873" lon="8.154103">
                <ele>2063</ele>
            </trkpt>
            <trkpt lat="46.665873" lon="8.154103">
                <ele>2063</ele>
            </trkpt>
            <trkpt lat="46.665873" lon="8.154103">
                <ele>2063</ele>
            </trkpt>
            <trkpt lat="46.665873" lon="8.154103">
                <ele>2063</ele>
            </trkpt>
            <trkpt lat="46.665873" lon="8.154103">
                <ele>2063</ele>
            </trkpt>
            <trkpt lat="46.665873" lon="8.154103">
                <ele>2063</ele>
            </trkpt>
            <trkpt lat="46.665883" lon="8.154112">
                <ele>2063</ele>
            </trkpt>
            <trkpt lat="46.665874" lon="8.154109">
                <ele>2063</ele>
            </trkpt>
            <trkpt lat="46.665877" lon="8.154105">
                <ele>2063</ele>
            </trkpt>
            <trkpt lat="46.665885" lon="8.154102">
                <ele>2063</ele>
            </trkpt>
            <trkpt lat="46.665878" lon="8.154101">
                <ele>2063</ele>
            </trkpt>
            <trkpt lat="46.665873" lon="8.154103">
                <ele>2063</ele>
            </trkpt>
            <trkpt lat="46.665873" lon="8.154103">
                <ele>2063</ele>
            </trkpt>
            <trkpt lat="46.665873" lon="8.154103">
                <ele>2063</ele>
            </trkpt>
            <trkpt lat="46.665873" lon="8.154103">
                <ele>2063</ele>
            </trkpt>
            <trkpt lat="46.665877" lon="8.154106">
                <ele>2063</ele>
            </trkpt>
            <trkpt lat="46.665876" lon="8.154116">
                <ele>2063</ele>
            </trkpt>
            <trkpt lat="46.665871" lon="8.154108">
                <ele>2063</ele>
            </trkpt>
            <trkpt lat="46.665873" lon="8.154103">
                <ele>2063</ele>
            </trkpt>
            <trkpt lat="46.665873" lon="8.154103">
                <ele>2063</ele>
            </trkpt>
            <trkpt lat="46.665871" lon="8.154091">
                <ele>2063</ele>
            </trkpt>
            <trkpt lat="46.665873" lon="8.154103">
                <ele>2063</ele>
            </trkpt>
            <trkpt lat="46.665871" lon="8.154092">
                <ele>2063</ele>
            </trkpt>
            <trkpt lat="46.665866" lon="8.154096">
                <ele>2063</ele>
            </trkpt>
            <trkpt lat="46.665873" lon="8.154103">
                <ele>2063</ele>
            </trkpt>
            <trkpt lat="46.665864" lon="8.154097">
                <ele>2063</ele>
            </trkpt>
            <trkpt lat="46.665864" lon="8.154086">
                <ele>2063</ele>
            </trkpt>
            <trkpt lat="46.665866" lon="8.154084">
                <ele>2063</ele>
            </trkpt>
            <trkpt lat="46.665870" lon="8.154075">
                <ele>2063</ele>
            </trkpt>
            <trkpt lat="46.665870" lon="8.154075">
                <ele>2063</ele>
            </trkpt>
            <trkpt lat="46.665870" lon="8.154075">
                <ele>2063</ele>
            </trkpt>
            <trkpt lat="46.665870" lon="8.154075">
                <ele>2063</ele>
            </trkpt>
            <trkpt lat="46.665870" lon="8.154075">
                <ele>2063</ele>
            </trkpt>
            <trkpt lat="46.665870" lon="8.154075">
                <ele>2063</ele>
            </trkpt>
            <trkpt lat="46.665870" lon="8.154075">
                <ele>2063</ele>
            </trkpt>
            <trkpt lat="46.665870" lon="8.154075">
                <ele>2063</ele>
            </trkpt>
            <trkpt lat="46.665868" lon="8.154083">
                <ele>2063</ele>
            </trkpt>
            <trkpt lat="46.665870" lon="8.154075">
                <ele>2063</ele>
            </trkpt>
            <trkpt lat="46.665870" lon="8.154075">
                <ele>2063</ele>
            </trkpt>
            <trkpt lat="46.665870" lon="8.154075">
                <ele>2063</ele>
            </trkpt>
            <trkpt lat="46.665870" lon="8.154075">
                <ele>2063</ele>
            </trkpt>
            <trkpt lat="46.665871" lon="8.154095">
                <ele>2063</ele>
            </trkpt>
            <trkpt lat="46.665874" lon="8.154095">
                <ele>2063</ele>
            </trkpt>
            <trkpt lat="46.665870" lon="8.154075">
                <ele>2063</ele>
            </trkpt>
            <trkpt lat="46.665870" lon="8.154075">
                <ele>2063</ele>
            </trkpt>
            <trkpt lat="46.665870" lon="8.154075">
                <ele>2063</ele>
            </trkpt>
            <trkpt lat="46.665870" lon="8.154075">
                <ele>2063</ele>
            </trkpt>
            <trkpt lat="46.665870" lon="8.154075">
                <ele>2063</ele>
            </trkpt>
            <trkpt lat="46.665870" lon="8.154075">
                <ele>2063</ele>
            </trkpt>
            <trkpt lat="46.665870" lon="8.154075">
                <ele>2063</ele>
            </trkpt>
            <trkpt lat="46.665870" lon="8.154075">
                <ele>2063</ele>
            </trkpt>
            <trkpt lat="46.665870" lon="8.154075">
                <ele>2063</ele>
            </trkpt>
            <trkpt lat="46.665870" lon="8.154075">
                <ele>2063</ele>
            </trkpt>
            <trkpt lat="46.665870" lon="8.154075">
                <ele>2063</ele>
            </trkpt>
            <trkpt lat="46.665870" lon="8.154075">
                <ele>2063</ele>
            </trkpt>
            <trkpt lat="46.665870" lon="8.154075">
                <ele>2063</ele>
            </trkpt>
            <trkpt lat="46.665870" lon="8.154075">
                <ele>2063</ele>
            </trkpt>
            <trkpt lat="46.665870" lon="8.154075">
                <ele>2063</ele>
            </trkpt>
            <trkpt lat="46.665870" lon="8.154075">
                <ele>2063</ele>
            </trkpt>
            <trkpt lat="46.665870" lon="8.154075">
                <ele>2063</ele>
            </trkpt>
            <trkpt lat="46.665870" lon="8.154075">
                <ele>2063</ele>
            </trkpt>
            <trkpt lat="46.665870" lon="8.154075">
                <ele>2063</ele>
            </trkpt>
            <trkpt lat="46.665870" lon="8.154075">
                <ele>2063</ele>
            </trkpt>
            <trkpt lat="46.665870" lon="8.154075">
                <ele>2063</ele>
            </trkpt>
            <trkpt lat="46.665870" lon="8.154075">
                <ele>2063</ele>
            </trkpt>
            <trkpt lat="46.665870" lon="8.154075">
                <ele>2063</ele>
            </trkpt>
            <trkpt lat="46.665870" lon="8.154075">
                <ele>2063</ele>
            </trkpt>
            <trkpt lat="46.665870" lon="8.154075">
                <ele>2063</ele>
            </trkpt>
            <trkpt lat="46.665870" lon="8.154075">
                <ele>2063</ele>
            </trkpt>
            <trkpt lat="46.665870" lon="8.154075">
                <ele>2063</ele>
            </trkpt>
            <trkpt lat="46.665870" lon="8.154075">
                <ele>2063</ele>
            </trkpt>
            <trkpt lat="46.665870" lon="8.154075">
                <ele>2063</ele>
            </trkpt>
            <trkpt lat="46.665868" lon="8.154086">
                <ele>2063</ele>
            </trkpt>
            <trkpt lat="46.665870" lon="8.154075">
                <ele>2063</ele>
            </trkpt>
            <trkpt lat="46.665870" lon="8.154075">
                <ele>2063</ele>
            </trkpt>
            <trkpt lat="46.665870" lon="8.154075">
                <ele>2063</ele>
            </trkpt>
            <trkpt lat="46.665870" lon="8.154075">
                <ele>2063</ele>
            </trkpt>
            <trkpt lat="46.665870" lon="8.154075">
                <ele>2063</ele>
            </trkpt>
            <trkpt lat="46.665870" lon="8.154075">
                <ele>2063</ele>
            </trkpt>
            <trkpt lat="46.665870" lon="8.154075">
                <ele>2063</ele>
            </trkpt>
            <trkpt lat="46.665870" lon="8.154075">
                <ele>2063</ele>
            </trkpt>
            <trkpt lat="46.665870" lon="8.154075">
                <ele>2063</ele>
            </trkpt>
            <trkpt lat="46.665870" lon="8.154075">
                <ele>2063</ele>
            </trkpt>
            <trkpt lat="46.665870" lon="8.154075">
                <ele>2063</ele>
            </trkpt>
            <trkpt lat="46.665870" lon="8.154075">
                <ele>2063</ele>
            </trkpt>
            <trkpt lat="46.665870" lon="8.154075">
                <ele>2063</ele>
            </trkpt>
            <trkpt lat="46.665870" lon="8.154075">
                <ele>2063</ele>
            </trkpt>
            <trkpt lat="46.665870" lon="8.154075">
                <ele>2063</ele>
            </trkpt>
            <trkpt lat="46.665870" lon="8.154075">
                <ele>2063</ele>
            </trkpt>
            <trkpt lat="46.665870" lon="8.154075">
                <ele>2063</ele>
            </trkpt>
            <trkpt lat="46.665870" lon="8.154075">
                <ele>2063</ele>
            </trkpt>
            <trkpt lat="46.665870" lon="8.154075">
                <ele>2063</ele>
            </trkpt>
            <trkpt lat="46.665870" lon="8.154075">
                <ele>2063</ele>
            </trkpt>
            <trkpt lat="46.665870" lon="8.154075">
                <ele>2063</ele>
            </trkpt>
            <trkpt lat="46.665873" lon="8.154074">
                <ele>2063</ele>
            </trkpt>
            <trkpt lat="46.665874" lon="8.154077">
                <ele>2063</ele>
            </trkpt>
            <trkpt lat="46.665870" lon="8.154075">
                <ele>2063</ele>
            </trkpt>
            <trkpt lat="46.665870" lon="8.154075">
                <ele>2063</ele>
            </trkpt>
            <trkpt lat="46.665870" lon="8.154075">
                <ele>2063</ele>
            </trkpt>
            <trkpt lat="46.665870" lon="8.154075">
                <ele>2063</ele>
            </trkpt>
            <trkpt lat="46.665870" lon="8.154075">
                <ele>2063</ele>
            </trkpt>
            <trkpt lat="46.665873" lon="8.154090">
                <ele>2063</ele>
            </trkpt>
            <trkpt lat="46.665877" lon="8.154089">
                <ele>2063</ele>
            </trkpt>
            <trkpt lat="46.665872" lon="8.154094">
                <ele>2063</ele>
            </trkpt>
            <trkpt lat="46.665869" lon="8.154091">
                <ele>2063</ele>
            </trkpt>
            <trkpt lat="46.665872" lon="8.154096">
                <ele>2063</ele>
            </trkpt>
            <trkpt lat="46.665872" lon="8.154096">
                <ele>2063</ele>
            </trkpt>
            <trkpt lat="46.665872" lon="8.154096">
                <ele>2063</ele>
            </trkpt>
            <trkpt lat="46.665872" lon="8.154096">
                <ele>2063</ele>
            </trkpt>
            <trkpt lat="46.665874" lon="8.154090">
                <ele>2063</ele>
            </trkpt>
            <trkpt lat="46.665872" lon="8.154096">
                <ele>2063</ele>
            </trkpt>
            <trkpt lat="46.665872" lon="8.154096">
                <ele>2063</ele>
            </trkpt>
            <trkpt lat="46.665882" lon="8.154078">
                <ele>2063</ele>
            </trkpt>
            <trkpt lat="46.665887" lon="8.154077">
                <ele>2063</ele>
            </trkpt>
            <trkpt lat="46.665887" lon="8.154081">
                <ele>2063</ele>
            </trkpt>
            <trkpt lat="46.665888" lon="8.154080">
                <ele>2063</ele>
            </trkpt>
            <trkpt lat="46.665888" lon="8.154080">
                <ele>2063</ele>
            </trkpt>
            <trkpt lat="46.665888" lon="8.154080">
                <ele>2063</ele>
            </trkpt>
            <trkpt lat="46.665888" lon="8.154080">
                <ele>2063</ele>
            </trkpt>
            <trkpt lat="46.665888" lon="8.154080">
                <ele>2063</ele>
            </trkpt>
            <trkpt lat="46.665888" lon="8.154080">
                <ele>2063</ele>
            </trkpt>
            <trkpt lat="46.665888" lon="8.154080">
                <ele>2063</ele>
            </trkpt>
            <trkpt lat="46.665888" lon="8.154080">
                <ele>2063</ele>
            </trkpt>
            <trkpt lat="46.665888" lon="8.154080">
                <ele>2063</ele>
            </trkpt>
            <trkpt lat="46.665888" lon="8.154080">
                <ele>2063</ele>
            </trkpt>
            <trkpt lat="46.665888" lon="8.154080">
                <ele>2063</ele>
            </trkpt>
            <trkpt lat="46.665888" lon="8.154080">
                <ele>2063</ele>
            </trkpt>
            <trkpt lat="46.665888" lon="8.154080">
                <ele>2063</ele>
            </trkpt>
            <trkpt lat="46.665888" lon="8.154080">
                <ele>2063</ele>
            </trkpt>
            <trkpt lat="46.665888" lon="8.154080">
                <ele>2063</ele>
            </trkpt>
            <trkpt lat="46.665888" lon="8.154080">
                <ele>2063</ele>
            </trkpt>
            <trkpt lat="46.665888" lon="8.154080">
                <ele>2063</ele>
            </trkpt>
            <trkpt lat="46.665888" lon="8.154080">
                <ele>2063</ele>
            </trkpt>
            <trkpt lat="46.665881" lon="8.154084">
                <ele>2063</ele>
            </trkpt>
            <trkpt lat="46.665878" lon="8.154095">
                <ele>2063</ele>
            </trkpt>
            <trkpt lat="46.665888" lon="8.154080">
                <ele>2063</ele>
            </trkpt>
            <trkpt lat="46.665878" lon="8.154097">
                <ele>2063</ele>
            </trkpt>
            <trkpt lat="46.665879" lon="8.154097">
                <ele>2063</ele>
            </trkpt>
            <trkpt lat="46.665879" lon="8.154096">
                <ele>2063</ele>
            </trkpt>
            <trkpt lat="46.665879" lon="8.154096">
                <ele>2063</ele>
            </trkpt>
            <trkpt lat="46.665879" lon="8.154096">
                <ele>2063</ele>
            </trkpt>
            <trkpt lat="46.665879" lon="8.154096">
                <ele>2063</ele>
            </trkpt>
            <trkpt lat="46.665879" lon="8.154096">
                <ele>2063</ele>
            </trkpt>
            <trkpt lat="46.665879" lon="8.154096">
                <ele>2063</ele>
            </trkpt>
            <trkpt lat="46.665879" lon="8.154096">
                <ele>2063</ele>
            </trkpt>
            <trkpt lat="46.665879" lon="8.154096">
                <ele>2063</ele>
            </trkpt>
            <trkpt lat="46.665879" lon="8.154096">
                <ele>2063</ele>
            </trkpt>
            <trkpt lat="46.665872" lon="8.154100">
                <ele>2063</ele>
            </trkpt>
            <trkpt lat="46.665879" lon="8.154096">
                <ele>2063</ele>
            </trkpt>
            <trkpt lat="46.665873" lon="8.154091">
                <ele>2063</ele>
            </trkpt>
            <trkpt lat="46.665870" lon="8.154086">
                <ele>2063</ele>
            </trkpt>
            <trkpt lat="46.665879" lon="8.154096">
                <ele>2063</ele>
            </trkpt>
            <trkpt lat="46.665879" lon="8.154096">
                <ele>2063</ele>
            </trkpt>
            <trkpt lat="46.665879" lon="8.154096">
                <ele>2063</ele>
            </trkpt>
            <trkpt lat="46.665879" lon="8.154096">
                <ele>2063</ele>
            </trkpt>
            <trkpt lat="46.665879" lon="8.154096">
                <ele>2063</ele>
            </trkpt>
            <trkpt lat="46.665879" lon="8.154096">
                <ele>2063</ele>
            </trkpt>
            <trkpt lat="46.665879" lon="8.154096">
                <ele>2063</ele>
            </trkpt>
            <trkpt lat="46.665879" lon="8.154096">
                <ele>2063</ele>
            </trkpt>
            <trkpt lat="46.665879" lon="8.154096">
                <ele>2063</ele>
            </trkpt>
            <trkpt lat="46.665879" lon="8.154096">
                <ele>2063</ele>
            </trkpt>
            <trkpt lat="46.665879" lon="8.154096">
                <ele>2063</ele>
            </trkpt>
            <trkpt lat="46.665879" lon="8.154096">
                <ele>2063</ele>
            </trkpt>
            <trkpt lat="46.665879" lon="8.154096">
                <ele>2063</ele>
            </trkpt>
            <trkpt lat="46.665879" lon="8.154096">
                <ele>2063</ele>
            </trkpt>
            <trkpt lat="46.665879" lon="8.154096">
                <ele>2063</ele>
            </trkpt>
            <trkpt lat="46.665873" lon="8.154085">
                <ele>2063</ele>
            </trkpt>
            <trkpt lat="46.665879" lon="8.154096">
                <ele>2063</ele>
            </trkpt>
            <trkpt lat="46.665879" lon="8.154096">
                <ele>2063</ele>
            </trkpt>
            <trkpt lat="46.665879" lon="8.154096">
                <ele>2063</ele>
            </trkpt>
            <trkpt lat="46.665879" lon="8.154096">
                <ele>2063</ele>
            </trkpt>
            <trkpt lat="46.665879" lon="8.154096">
                <ele>2063</ele>
            </trkpt>
            <trkpt lat="46.665879" lon="8.154096">
                <ele>2063</ele>
            </trkpt>
            <trkpt lat="46.665879" lon="8.154096">
                <ele>2063</ele>
            </trkpt>
            <trkpt lat="46.665879" lon="8.154096">
                <ele>2063</ele>
            </trkpt>
            <trkpt lat="46.665879" lon="8.154096">
                <ele>2063</ele>
            </trkpt>
            <trkpt lat="46.665871" lon="8.154086">
                <ele>2063</ele>
            </trkpt>
            <trkpt lat="46.665876" lon="8.154084">
                <ele>2063</ele>
            </trkpt>
            <trkpt lat="46.665878" lon="8.154088">
                <ele>2063</ele>
            </trkpt>
            <trkpt lat="46.665877" lon="8.154093">
                <ele>2063</ele>
            </trkpt>
            <trkpt lat="46.665869" lon="8.154098">
                <ele>2063</ele>
            </trkpt>
            <trkpt lat="46.665867" lon="8.154108">
                <ele>2063</ele>
            </trkpt>
            <trkpt lat="46.665867" lon="8.154107">
                <ele>2063</ele>
            </trkpt>
            <trkpt lat="46.665867" lon="8.154107">
                <ele>2063</ele>
            </trkpt>
            <trkpt lat="46.665867" lon="8.154107">
                <ele>2063</ele>
            </trkpt>
            <trkpt lat="46.665867" lon="8.154107">
                <ele>2063</ele>
            </trkpt>
            <trkpt lat="46.665870" lon="8.154099">
                <ele>2063</ele>
            </trkpt>
            <trkpt lat="46.665871" lon="8.154103">
                <ele>2063</ele>
            </trkpt>
            <trkpt lat="46.665867" lon="8.154107">
                <ele>2063</ele>
            </trkpt>
            <trkpt lat="46.665867" lon="8.154107">
                <ele>2063</ele>
            </trkpt>
            <trkpt lat="46.665867" lon="8.154107">
                <ele>2063</ele>
            </trkpt>
            <trkpt lat="46.665867" lon="8.154107">
                <ele>2063</ele>
            </trkpt>
            <trkpt lat="46.665867" lon="8.154107">
                <ele>2063</ele>
            </trkpt>
            <trkpt lat="46.665867" lon="8.154107">
                <ele>2063</ele>
            </trkpt>
            <trkpt lat="46.665867" lon="8.154107">
                <ele>2063</ele>
            </trkpt>
            <trkpt lat="46.665867" lon="8.154107">
                <ele>2063</ele>
            </trkpt>
            <trkpt lat="46.665867" lon="8.154107">
                <ele>2063</ele>
            </trkpt>
            <trkpt lat="46.665870" lon="8.154099">
                <ele>2063</ele>
            </trkpt>
            <trkpt lat="46.665867" lon="8.154107">
                <ele>2063</ele>
            </trkpt>
            <trkpt lat="46.665881" lon="8.154069">
                <ele>2063</ele>
            </trkpt>
            <trkpt lat="46.665879" lon="8.154079">
                <ele>2063</ele>
            </trkpt>
            <trkpt lat="46.665880" lon="8.154086">
                <ele>2063</ele>
            </trkpt>
            <trkpt lat="46.665880" lon="8.154081">
                <ele>2063</ele>
            </trkpt>
            <trkpt lat="46.665877" lon="8.154086">
                <ele>2063</ele>
            </trkpt>
            <trkpt lat="46.665877" lon="8.154086">
                <ele>2063</ele>
            </trkpt>
            <trkpt lat="46.665881" lon="8.154090">
                <ele>2063</ele>
            </trkpt>
            <trkpt lat="46.665884" lon="8.154087">
                <ele>2063</ele>
            </trkpt>
            <trkpt lat="46.665877" lon="8.154086">
                <ele>2063</ele>
            </trkpt>
            <trkpt lat="46.665877" lon="8.154086">
                <ele>2063</ele>
            </trkpt>
            <trkpt lat="46.665877" lon="8.154086">
                <ele>2063</ele>
            </trkpt>
            <trkpt lat="46.665887" lon="8.154087">
                <ele>2063</ele>
            </trkpt>
            <trkpt lat="46.665877" lon="8.154086">
                <ele>2063</ele>
            </trkpt>
            <trkpt lat="46.665877" lon="8.154086">
                <ele>2063</ele>
            </trkpt>
            <trkpt lat="46.665877" lon="8.154086">
                <ele>2063</ele>
            </trkpt>
            <trkpt lat="46.665877" lon="8.154086">
                <ele>2063</ele>
            </trkpt>
            <trkpt lat="46.665877" lon="8.154086">
                <ele>2063</ele>
            </trkpt>
            <trkpt lat="46.665877" lon="8.154086">
                <ele>2063</ele>
            </trkpt>
            <trkpt lat="46.665877" lon="8.154086">
                <ele>2063</ele>
            </trkpt>
            <trkpt lat="46.665877" lon="8.154086">
                <ele>2063</ele>
            </trkpt>
            <trkpt lat="46.665877" lon="8.154086">
                <ele>2063</ele>
            </trkpt>
            <trkpt lat="46.665877" lon="8.154086">
                <ele>2063</ele>
            </trkpt>
            <trkpt lat="46.665877" lon="8.154086">
                <ele>2063</ele>
            </trkpt>
            <trkpt lat="46.665886" lon="8.154077">
                <ele>2063</ele>
            </trkpt>
            <trkpt lat="46.665887" lon="8.154072">
                <ele>2063</ele>
            </trkpt>
            <trkpt lat="46.665891" lon="8.154067">
                <ele>2063</ele>
            </trkpt>
            <trkpt lat="46.665891" lon="8.154067">
                <ele>2063</ele>
            </trkpt>
            <trkpt lat="46.665891" lon="8.154067">
                <ele>2063</ele>
            </trkpt>
            <trkpt lat="46.665891" lon="8.154067">
                <ele>2063</ele>
            </trkpt>
            <trkpt lat="46.665891" lon="8.154067">
                <ele>2063</ele>
            </trkpt>
            <trkpt lat="46.665891" lon="8.154067">
                <ele>2063</ele>
            </trkpt>
            <trkpt lat="46.665891" lon="8.154067">
                <ele>2063</ele>
            </trkpt>
            <trkpt lat="46.665891" lon="8.154067">
                <ele>2063</ele>
            </trkpt>
            <trkpt lat="46.665891" lon="8.154067">
                <ele>2063</ele>
            </trkpt>
            <trkpt lat="46.665891" lon="8.154067">
                <ele>2063</ele>
            </trkpt>
            <trkpt lat="46.665891" lon="8.154067">
                <ele>2063</ele>
            </trkpt>
            <trkpt lat="46.665891" lon="8.154067">
                <ele>2063</ele>
            </trkpt>
            <trkpt lat="46.665891" lon="8.154067">
                <ele>2063</ele>
            </trkpt>
            <trkpt lat="46.665883" lon="8.154085">
                <ele>2063</ele>
            </trkpt>
            <trkpt lat="46.665877" lon="8.154086">
                <ele>2063</ele>
            </trkpt>
            <trkpt lat="46.665874" lon="8.154081">
                <ele>2063</ele>
            </trkpt>
            <trkpt lat="46.665872" lon="8.154079">
                <ele>2063</ele>
            </trkpt>
            <trkpt lat="46.665872" lon="8.154079">
                <ele>2063</ele>
            </trkpt>
            <trkpt lat="46.665872" lon="8.154079">
                <ele>2063</ele>
            </trkpt>
            <trkpt lat="46.665872" lon="8.154079">
                <ele>2063</ele>
            </trkpt>
            <trkpt lat="46.665872" lon="8.154079">
                <ele>2063</ele>
            </trkpt>
            <trkpt lat="46.665872" lon="8.154079">
                <ele>2063</ele>
            </trkpt>
            <trkpt lat="46.665872" lon="8.154079">
                <ele>2063</ele>
            </trkpt>
            <trkpt lat="46.665872" lon="8.154079">
                <ele>2063</ele>
            </trkpt>
            <trkpt lat="46.665872" lon="8.154079">
                <ele>2063</ele>
            </trkpt>
            <trkpt lat="46.665872" lon="8.154079">
                <ele>2063</ele>
            </trkpt>
            <trkpt lat="46.665872" lon="8.154079">
                <ele>2063</ele>
            </trkpt>
            <trkpt lat="46.665872" lon="8.154079">
                <ele>2063</ele>
            </trkpt>
            <trkpt lat="46.665872" lon="8.154079">
                <ele>2063</ele>
            </trkpt>
            <trkpt lat="46.665872" lon="8.154079">
                <ele>2063</ele>
            </trkpt>
            <trkpt lat="46.665872" lon="8.154079">
                <ele>2063</ele>
            </trkpt>
            <trkpt lat="46.665872" lon="8.154079">
                <ele>2063</ele>
            </trkpt>
            <trkpt lat="46.665872" lon="8.154079">
                <ele>2063</ele>
            </trkpt>
            <trkpt lat="46.665870" lon="8.154091">
                <ele>2063</ele>
            </trkpt>
            <trkpt lat="46.665872" lon="8.154079">
                <ele>2063</ele>
            </trkpt>
            <trkpt lat="46.665874" lon="8.154094">
                <ele>2063</ele>
            </trkpt>
            <trkpt lat="46.665875" lon="8.154085">
                <ele>2063</ele>
            </trkpt>
            <trkpt lat="46.665870" lon="8.154086">
                <ele>2063</ele>
            </trkpt>
            <trkpt lat="46.665869" lon="8.154100">
                <ele>2063</ele>
            </trkpt>
            <trkpt lat="46.665869" lon="8.154107">
                <ele>2063</ele>
            </trkpt>
            <trkpt lat="46.665869" lon="8.154107">
                <ele>2063</ele>
            </trkpt>
            <trkpt lat="46.665869" lon="8.154107">
                <ele>2063</ele>
            </trkpt>
            <trkpt lat="46.665869" lon="8.154107">
                <ele>2063</ele>
            </trkpt>
            <trkpt lat="46.665869" lon="8.154107">
                <ele>2063</ele>
            </trkpt>
            <trkpt lat="46.665869" lon="8.154107">
                <ele>2063</ele>
            </trkpt>
            <trkpt lat="46.665869" lon="8.154107">
                <ele>2063</ele>
            </trkpt>
            <trkpt lat="46.665869" lon="8.154107">
                <ele>2063</ele>
            </trkpt>
            <trkpt lat="46.665869" lon="8.154107">
                <ele>2063</ele>
            </trkpt>
            <trkpt lat="46.665869" lon="8.154107">
                <ele>2063</ele>
            </trkpt>
            <trkpt lat="46.665869" lon="8.154103">
                <ele>2063</ele>
            </trkpt>
            <trkpt lat="46.665869" lon="8.154107">
                <ele>2063</ele>
            </trkpt>
            <trkpt lat="46.665869" lon="8.154107">
                <ele>2063</ele>
            </trkpt>
            <trkpt lat="46.665869" lon="8.154107">
                <ele>2063</ele>
            </trkpt>
            <trkpt lat="46.665869" lon="8.154107">
                <ele>2063</ele>
            </trkpt>
            <trkpt lat="46.665869" lon="8.154107">
                <ele>2063</ele>
            </trkpt>
            <trkpt lat="46.665869" lon="8.154107">
                <ele>2063</ele>
            </trkpt>
            <trkpt lat="46.665869" lon="8.154107">
                <ele>2063</ele>
            </trkpt>
            <trkpt lat="46.665869" lon="8.154107">
                <ele>2063</ele>
            </trkpt>
            <trkpt lat="46.665869" lon="8.154107">
                <ele>2063</ele>
            </trkpt>
            <trkpt lat="46.665871" lon="8.154096">
                <ele>2063</ele>
            </trkpt>
            <trkpt lat="46.665883" lon="8.154092">
                <ele>2063</ele>
            </trkpt>
            <trkpt lat="46.665882" lon="8.154089">
                <ele>2063</ele>
            </trkpt>
            <trkpt lat="46.665879" lon="8.154086">
                <ele>2063</ele>
            </trkpt>
            <trkpt lat="46.665877" lon="8.154085">
                <ele>2063</ele>
            </trkpt>
            <trkpt lat="46.665877" lon="8.154085">
                <ele>2063</ele>
            </trkpt>
            <trkpt lat="46.665877" lon="8.154085">
                <ele>2063</ele>
            </trkpt>
            <trkpt lat="46.665877" lon="8.154091">
                <ele>2063</ele>
            </trkpt>
            <trkpt lat="46.665877" lon="8.154085">
                <ele>2063</ele>
            </trkpt>
            <trkpt lat="46.665872" lon="8.154083">
                <ele>2063</ele>
            </trkpt>
            <trkpt lat="46.665877" lon="8.154085">
                <ele>2063</ele>
            </trkpt>
            <trkpt lat="46.665877" lon="8.154085">
                <ele>2063</ele>
            </trkpt>
            <trkpt lat="46.665877" lon="8.154085">
                <ele>2063</ele>
            </trkpt>
            <trkpt lat="46.665876" lon="8.154086">
                <ele>2063</ele>
            </trkpt>
            <trkpt lat="46.665877" lon="8.154085">
                <ele>2063</ele>
            </trkpt>
            <trkpt lat="46.665877" lon="8.154085">
                <ele>2063</ele>
            </trkpt>
            <trkpt lat="46.665877" lon="8.154085">
                <ele>2063</ele>
            </trkpt>
            <trkpt lat="46.665872" lon="8.154085">
                <ele>2063</ele>
            </trkpt>
            <trkpt lat="46.665870" lon="8.154076">
                <ele>2063</ele>
            </trkpt>
            <trkpt lat="46.665877" lon="8.154085">
                <ele>2063</ele>
            </trkpt>
            <trkpt lat="46.665877" lon="8.154085">
                <ele>2063</ele>
            </trkpt>
            <trkpt lat="46.665866" lon="8.154070">
                <ele>2063</ele>
            </trkpt>
            <trkpt lat="46.665866" lon="8.154070">
                <ele>2063</ele>
            </trkpt>
            <trkpt lat="46.665866" lon="8.154070">
                <ele>2063</ele>
            </trkpt>
            <trkpt lat="46.665866" lon="8.154070">
                <ele>2063</ele>
            </trkpt>
            <trkpt lat="46.665861" lon="8.154078">
                <ele>2063</ele>
            </trkpt>
            <trkpt lat="46.665857" lon="8.154074">
                <ele>2063</ele>
            </trkpt>
            <trkpt lat="46.665866" lon="8.154070">
                <ele>2063</ele>
            </trkpt>
            <trkpt lat="46.665866" lon="8.154070">
                <ele>2063</ele>
            </trkpt>
            <trkpt lat="46.665857" lon="8.154077">
                <ele>2063</ele>
            </trkpt>
            <trkpt lat="46.665854" lon="8.154072">
                <ele>2063</ele>
            </trkpt>
            <trkpt lat="46.665852" lon="8.154066">
                <ele>2063</ele>
            </trkpt>
            <trkpt lat="46.665852" lon="8.154065">
                <ele>2063</ele>
            </trkpt>
            <trkpt lat="46.665852" lon="8.154065">
                <ele>2063</ele>
            </trkpt>
            <trkpt lat="46.665852" lon="8.154065">
                <ele>2063</ele>
            </trkpt>
            <trkpt lat="46.665852" lon="8.154065">
                <ele>2063</ele>
            </trkpt>
            <trkpt lat="46.665852" lon="8.154065">
                <ele>2063</ele>
            </trkpt>
            <trkpt lat="46.665852" lon="8.154065">
                <ele>2063</ele>
            </trkpt>
            <trkpt lat="46.665852" lon="8.154065">
                <ele>2063</ele>
            </trkpt>
            <trkpt lat="46.665852" lon="8.154065">
                <ele>2063</ele>
            </trkpt>
            <trkpt lat="46.665852" lon="8.154065">
                <ele>2063</ele>
            </trkpt>
            <trkpt lat="46.665852" lon="8.154065">
                <ele>2063</ele>
            </trkpt>
            <trkpt lat="46.665852" lon="8.154065">
                <ele>2063</ele>
            </trkpt>
            <trkpt lat="46.665846" lon="8.154083">
                <ele>2063</ele>
            </trkpt>
            <trkpt lat="46.665846" lon="8.154084">
                <ele>2063</ele>
            </trkpt>
            <trkpt lat="46.665846" lon="8.154083">
                <ele>2063</ele>
            </trkpt>
            <trkpt lat="46.665846" lon="8.154083">
                <ele>2063</ele>
            </trkpt>
            <trkpt lat="46.665846" lon="8.154083">
                <ele>2063</ele>
            </trkpt>
            <trkpt lat="46.665846" lon="8.154083">
                <ele>2063</ele>
            </trkpt>
            <trkpt lat="46.665846" lon="8.154083">
                <ele>2063</ele>
            </trkpt>
            <trkpt lat="46.665826" lon="8.154093">
                <ele>2063</ele>
            </trkpt>
            <trkpt lat="46.665828" lon="8.154089">
                <ele>2063</ele>
            </trkpt>
            <trkpt lat="46.665829" lon="8.154081">
                <ele>2063</ele>
            </trkpt>
            <trkpt lat="46.665826" lon="8.154092">
                <ele>2063</ele>
            </trkpt>
            <trkpt lat="46.665828" lon="8.154082">
                <ele>2063</ele>
            </trkpt>
            <trkpt lat="46.665832" lon="8.154074">
                <ele>2063</ele>
            </trkpt>
            <trkpt lat="46.665838" lon="8.154068">
                <ele>2063</ele>
            </trkpt>
            <trkpt lat="46.665838" lon="8.154065">
                <ele>2063</ele>
            </trkpt>
            <trkpt lat="46.665838" lon="8.154065">
                <ele>2063</ele>
            </trkpt>
            <trkpt lat="46.665838" lon="8.154065">
                <ele>2063</ele>
            </trkpt>
            <trkpt lat="46.665838" lon="8.154065">
                <ele>2063</ele>
            </trkpt>
            <trkpt lat="46.665838" lon="8.154065">
                <ele>2063</ele>
            </trkpt>
            <trkpt lat="46.665838" lon="8.154065">
                <ele>2063</ele>
            </trkpt>
            <trkpt lat="46.665829" lon="8.154070">
                <ele>2063</ele>
            </trkpt>
            <trkpt lat="46.665828" lon="8.154070">
                <ele>2063</ele>
            </trkpt>
            <trkpt lat="46.665826" lon="8.154071">
                <ele>2063</ele>
            </trkpt>
            <trkpt lat="46.665838" lon="8.154065">
                <ele>2063</ele>
            </trkpt>
            <trkpt lat="46.665838" lon="8.154065">
                <ele>2063</ele>
            </trkpt>
            <trkpt lat="46.665838" lon="8.154065">
                <ele>2063</ele>
            </trkpt>
            <trkpt lat="46.665838" lon="8.154065">
                <ele>2063</ele>
            </trkpt>
            <trkpt lat="46.665838" lon="8.154065">
                <ele>2063</ele>
            </trkpt>
            <trkpt lat="46.665838" lon="8.154065">
                <ele>2063</ele>
            </trkpt>
            <trkpt lat="46.665822" lon="8.154074">
                <ele>2063</ele>
            </trkpt>
            <trkpt lat="46.665822" lon="8.154074">
                <ele>2063</ele>
            </trkpt>
            <trkpt lat="46.665819" lon="8.154061">
                <ele>2063</ele>
            </trkpt>
            <trkpt lat="46.665823" lon="8.154054">
                <ele>2063</ele>
            </trkpt>
            <trkpt lat="46.665824" lon="8.154054">
                <ele>2063</ele>
            </trkpt>
            <trkpt lat="46.665825" lon="8.154045">
                <ele>2063</ele>
            </trkpt>
            <trkpt lat="46.665824" lon="8.154054">
                <ele>2063</ele>
            </trkpt>
            <trkpt lat="46.665824" lon="8.154054">
                <ele>2063</ele>
            </trkpt>
            <trkpt lat="46.665824" lon="8.154054">
                <ele>2063</ele>
            </trkpt>
            <trkpt lat="46.665824" lon="8.154054">
                <ele>2063</ele>
            </trkpt>
            <trkpt lat="46.665824" lon="8.154054">
                <ele>2063</ele>
            </trkpt>
            <trkpt lat="46.665824" lon="8.154054">
                <ele>2063</ele>
            </trkpt>
            <trkpt lat="46.665824" lon="8.154054">
                <ele>2063</ele>
            </trkpt>
            <trkpt lat="46.665824" lon="8.154054">
                <ele>2063</ele>
            </trkpt>
            <trkpt lat="46.665824" lon="8.154054">
                <ele>2063</ele>
            </trkpt>
            <trkpt lat="46.665826" lon="8.154043">
                <ele>2063</ele>
            </trkpt>
            <trkpt lat="46.665824" lon="8.154054">
                <ele>2063</ele>
            </trkpt>
            <trkpt lat="46.665824" lon="8.154054">
                <ele>2063</ele>
            </trkpt>
            <trkpt lat="46.665827" lon="8.154039">
                <ele>2063</ele>
            </trkpt>
            <trkpt lat="46.665825" lon="8.154046">
                <ele>2063</ele>
            </trkpt>
            <trkpt lat="46.665829" lon="8.154047">
                <ele>2063</ele>
            </trkpt>
            <trkpt lat="46.665823" lon="8.154031">
                <ele>2063</ele>
            </trkpt>
            <trkpt lat="46.665824" lon="8.154024">
                <ele>2129</ele>
            </trkpt>
            <trkpt lat="46.665822" lon="8.154009">
                <ele>2129</ele>
            </trkpt>
            <trkpt lat="46.665822" lon="8.154009">
                <ele>2129</ele>
            </trkpt>
            <trkpt lat="46.665822" lon="8.154009">
                <ele>2129</ele>
            </trkpt>
            <trkpt lat="46.665822" lon="8.154009">
                <ele>2129</ele>
            </trkpt>
            <trkpt lat="46.665822" lon="8.154009">
                <ele>2129</ele>
            </trkpt>
            <trkpt lat="46.665821" lon="8.154029">
                <ele>2063</ele>
            </trkpt>
            <trkpt lat="46.665822" lon="8.154033">
                <ele>2063</ele>
            </trkpt>
            <trkpt lat="46.665821" lon="8.154022">
                <ele>2129</ele>
            </trkpt>
            <trkpt lat="46.665821" lon="8.154036">
                <ele>2063</ele>
            </trkpt>
            <trkpt lat="46.665828" lon="8.154022">
                <ele>2129</ele>
            </trkpt>
            <trkpt lat="46.665835" lon="8.154019">
                <ele>2129</ele>
            </trkpt>
            <trkpt lat="46.665837" lon="8.154025">
                <ele>2129</ele>
            </trkpt>
            <trkpt lat="46.665821" lon="8.154029">
                <ele>2063</ele>
            </trkpt>
            <trkpt lat="46.665831" lon="8.154023">
                <ele>2129</ele>
            </trkpt>
            <trkpt lat="46.665814" lon="8.154040">
                <ele>2063</ele>
            </trkpt>
            <trkpt lat="46.665817" lon="8.154035">
                <ele>2063</ele>
            </trkpt>
            <trkpt lat="46.665821" lon="8.154029">
                <ele>2063</ele>
            </trkpt>
            <trkpt lat="46.665812" lon="8.154040">
                <ele>2063</ele>
            </trkpt>
            <trkpt lat="46.665805" lon="8.154041">
                <ele>2063</ele>
            </trkpt>
            <trkpt lat="46.665803" lon="8.154035">
                <ele>2063</ele>
            </trkpt>
            <trkpt lat="46.665802" lon="8.154033">
                <ele>2063</ele>
            </trkpt>
            <trkpt lat="46.665803" lon="8.154035">
                <ele>2063</ele>
            </trkpt>
            <trkpt lat="46.665803" lon="8.154035">
                <ele>2063</ele>
            </trkpt>
            <trkpt lat="46.665803" lon="8.154035">
                <ele>2063</ele>
            </trkpt>
            <trkpt lat="46.665803" lon="8.154035">
                <ele>2063</ele>
            </trkpt>
            <trkpt lat="46.665803" lon="8.154035">
                <ele>2063</ele>
            </trkpt>
            <trkpt lat="46.665803" lon="8.154035">
                <ele>2063</ele>
            </trkpt>
            <trkpt lat="46.665790" lon="8.154038">
                <ele>2063</ele>
            </trkpt>
            <trkpt lat="46.665789" lon="8.154039">
                <ele>2063</ele>
            </trkpt>
            <trkpt lat="46.665789" lon="8.154039">
                <ele>2063</ele>
            </trkpt>
            <trkpt lat="46.665789" lon="8.154039">
                <ele>2063</ele>
            </trkpt>
            <trkpt lat="46.665789" lon="8.154039">
                <ele>2063</ele>
            </trkpt>
            <trkpt lat="46.665789" lon="8.154039">
                <ele>2063</ele>
            </trkpt>
            <trkpt lat="46.665789" lon="8.154039">
                <ele>2063</ele>
            </trkpt>
            <trkpt lat="46.665792" lon="8.154060">
                <ele>2063</ele>
            </trkpt>
            <trkpt lat="46.665797" lon="8.154048">
                <ele>2063</ele>
            </trkpt>
            <trkpt lat="46.665803" lon="8.154045">
                <ele>2063</ele>
            </trkpt>
            <trkpt lat="46.665802" lon="8.154046">
                <ele>2063</ele>
            </trkpt>
            <trkpt lat="46.665802" lon="8.154046">
                <ele>2063</ele>
            </trkpt>
            <trkpt lat="46.665802" lon="8.154046">
                <ele>2063</ele>
            </trkpt>
            <trkpt lat="46.665802" lon="8.154046">
                <ele>2063</ele>
            </trkpt>
            <trkpt lat="46.665802" lon="8.154046">
                <ele>2063</ele>
            </trkpt>
            <trkpt lat="46.665803" lon="8.154044">
                <ele>2063</ele>
            </trkpt>
            <trkpt lat="46.665801" lon="8.154039">
                <ele>2063</ele>
            </trkpt>
            <trkpt lat="46.665802" lon="8.154046">
                <ele>2063</ele>
            </trkpt>
            <trkpt lat="46.665800" lon="8.154041">
                <ele>2063</ele>
            </trkpt>
            <trkpt lat="46.665799" lon="8.154043">
                <ele>2063</ele>
            </trkpt>
            <trkpt lat="46.665798" lon="8.154047">
                <ele>2063</ele>
            </trkpt>
            <trkpt lat="46.665792" lon="8.154046">
                <ele>2063</ele>
            </trkpt>
            <trkpt lat="46.665790" lon="8.154047">
                <ele>2063</ele>
            </trkpt>
            <trkpt lat="46.665794" lon="8.154043">
                <ele>2063</ele>
            </trkpt>
            <trkpt lat="46.665796" lon="8.154043">
                <ele>2063</ele>
            </trkpt>
            <trkpt lat="46.665795" lon="8.154049">
                <ele>2063</ele>
            </trkpt>
            <trkpt lat="46.665802" lon="8.154046">
                <ele>2063</ele>
            </trkpt>
            <trkpt lat="46.665802" lon="8.154046">
                <ele>2063</ele>
            </trkpt>
            <trkpt lat="46.665798" lon="8.154052">
                <ele>2063</ele>
            </trkpt>
            <trkpt lat="46.665800" lon="8.154046">
                <ele>2063</ele>
            </trkpt>
            <trkpt lat="46.665798" lon="8.154034">
                <ele>2063</ele>
            </trkpt>
            <trkpt lat="46.665802" lon="8.154046">
                <ele>2063</ele>
            </trkpt>
            <trkpt lat="46.665811" lon="8.154028">
                <ele>2063</ele>
            </trkpt>
            <trkpt lat="46.665814" lon="8.154026">
                <ele>2129</ele>
            </trkpt>
            <trkpt lat="46.665814" lon="8.154026">
                <ele>2129</ele>
            </trkpt>
            <trkpt lat="46.665816" lon="8.154023">
                <ele>2129</ele>
            </trkpt>
            <trkpt lat="46.665820" lon="8.154021">
                <ele>2129</ele>
            </trkpt>
            <trkpt lat="46.665817" lon="8.154019">
                <ele>2129</ele>
            </trkpt>
            <trkpt lat="46.665815" lon="8.154021">
                <ele>2129</ele>
            </trkpt>
            <trkpt lat="46.665814" lon="8.154026">
                <ele>2129</ele>
            </trkpt>
            <trkpt lat="46.665808" lon="8.154020">
                <ele>2129</ele>
            </trkpt>
            <trkpt lat="46.665805" lon="8.154019">
                <ele>2129</ele>
            </trkpt>
            <trkpt lat="46.665804" lon="8.154017">
                <ele>2129</ele>
            </trkpt>
            <trkpt lat="46.665814" lon="8.154026">
                <ele>2129</ele>
            </trkpt>
            <trkpt lat="46.665814" lon="8.154026">
                <ele>2129</ele>
            </trkpt>
            <trkpt lat="46.665814" lon="8.154026">
                <ele>2129</ele>
            </trkpt>
            <trkpt lat="46.665814" lon="8.154026">
                <ele>2129</ele>
            </trkpt>
            <trkpt lat="46.665814" lon="8.154026">
                <ele>2129</ele>
            </trkpt>
            <trkpt lat="46.665814" lon="8.154026">
                <ele>2129</ele>
            </trkpt>
            <trkpt lat="46.665805" lon="8.154007">
                <ele>2129</ele>
            </trkpt>
            <trkpt lat="46.665805" lon="8.154007">
                <ele>2129</ele>
            </trkpt>
            <trkpt lat="46.665805" lon="8.154007">
                <ele>2129</ele>
            </trkpt>
            <trkpt lat="46.665805" lon="8.154007">
                <ele>2129</ele>
            </trkpt>
            <trkpt lat="46.665805" lon="8.154007">
                <ele>2129</ele>
            </trkpt>
            <trkpt lat="46.665805" lon="8.154007">
                <ele>2129</ele>
            </trkpt>
            <trkpt lat="46.665805" lon="8.154007">
                <ele>2129</ele>
            </trkpt>
            <trkpt lat="46.665805" lon="8.154007">
                <ele>2129</ele>
            </trkpt>
            <trkpt lat="46.665805" lon="8.154007">
                <ele>2129</ele>
            </trkpt>
            <trkpt lat="46.665805" lon="8.154007">
                <ele>2129</ele>
            </trkpt>
            <trkpt lat="46.665805" lon="8.154007">
                <ele>2129</ele>
            </trkpt>
            <trkpt lat="46.665805" lon="8.154007">
                <ele>2129</ele>
            </trkpt>
            <trkpt lat="46.665805" lon="8.154007">
                <ele>2129</ele>
            </trkpt>
            <trkpt lat="46.665802" lon="8.154008">
                <ele>2129</ele>
            </trkpt>
            <trkpt lat="46.665804" lon="8.154000">
                <ele>2129</ele>
            </trkpt>
            <trkpt lat="46.665804" lon="8.153994">
                <ele>2129</ele>
            </trkpt>
            <trkpt lat="46.665804" lon="8.153991">
                <ele>2129</ele>
            </trkpt>
            <trkpt lat="46.665804" lon="8.153990">
                <ele>2129</ele>
            </trkpt>
            <trkpt lat="46.665804" lon="8.153985">
                <ele>2129</ele>
            </trkpt>
            <trkpt lat="46.665803" lon="8.153984">
                <ele>2129</ele>
            </trkpt>
            <trkpt lat="46.665803" lon="8.153984">
                <ele>2129</ele>
            </trkpt>
            <trkpt lat="46.665803" lon="8.153984">
                <ele>2129</ele>
            </trkpt>
            <trkpt lat="46.665803" lon="8.153984">
                <ele>2129</ele>
            </trkpt>
            <trkpt lat="46.665803" lon="8.153984">
                <ele>2129</ele>
            </trkpt>
            <trkpt lat="46.665798" lon="8.153984">
                <ele>2129</ele>
            </trkpt>
            <trkpt lat="46.665803" lon="8.153984">
                <ele>2129</ele>
            </trkpt>
            <trkpt lat="46.665803" lon="8.153984">
                <ele>2129</ele>
            </trkpt>
            <trkpt lat="46.665803" lon="8.153984">
                <ele>2129</ele>
            </trkpt>
            <trkpt lat="46.665803" lon="8.153984">
                <ele>2129</ele>
            </trkpt>
            <trkpt lat="46.665800" lon="8.153973">
                <ele>2129</ele>
            </trkpt>
            <trkpt lat="46.665800" lon="8.153971">
                <ele>2129</ele>
            </trkpt>
            <trkpt lat="46.665803" lon="8.153970">
                <ele>2129</ele>
            </trkpt>
            <trkpt lat="46.665801" lon="8.153979">
                <ele>2129</ele>
            </trkpt>
            <trkpt lat="46.665793" lon="8.153997">
                <ele>2129</ele>
            </trkpt>
            <trkpt lat="46.665789" lon="8.154000">
                <ele>2129</ele>
            </trkpt>
            <trkpt lat="46.665789" lon="8.154000">
                <ele>2129</ele>
            </trkpt>
            <trkpt lat="46.665789" lon="8.154000">
                <ele>2129</ele>
            </trkpt>
            <trkpt lat="46.665789" lon="8.154000">
                <ele>2129</ele>
            </trkpt>
            <trkpt lat="46.665789" lon="8.154000">
                <ele>2129</ele>
            </trkpt>
            <trkpt lat="46.665789" lon="8.154000">
                <ele>2129</ele>
            </trkpt>
            <trkpt lat="46.665789" lon="8.154000">
                <ele>2129</ele>
            </trkpt>
            <trkpt lat="46.665789" lon="8.154000">
                <ele>2129</ele>
            </trkpt>
            <trkpt lat="46.665793" lon="8.153993">
                <ele>2129</ele>
            </trkpt>
            <trkpt lat="46.665794" lon="8.153988">
                <ele>2129</ele>
            </trkpt>
            <trkpt lat="46.665795" lon="8.153991">
                <ele>2129</ele>
            </trkpt>
            <trkpt lat="46.665801" lon="8.153987">
                <ele>2129</ele>
            </trkpt>
            <trkpt lat="46.665805" lon="8.153991">
                <ele>2129</ele>
            </trkpt>
            <trkpt lat="46.665806" lon="8.153990">
                <ele>2129</ele>
            </trkpt>
            <trkpt lat="46.665806" lon="8.153992">
                <ele>2129</ele>
            </trkpt>
            <trkpt lat="46.665797" lon="8.153988">
                <ele>2129</ele>
            </trkpt>
            <trkpt lat="46.665806" lon="8.153991">
                <ele>2129</ele>
            </trkpt>
            <trkpt lat="46.665806" lon="8.153991">
                <ele>2129</ele>
            </trkpt>
            <trkpt lat="46.665806" lon="8.153991">
                <ele>2129</ele>
            </trkpt>
            <trkpt lat="46.665806" lon="8.153991">
                <ele>2129</ele>
            </trkpt>
            <trkpt lat="46.665804" lon="8.153976">
                <ele>2129</ele>
            </trkpt>
            <trkpt lat="46.665807" lon="8.153974">
                <ele>2129</ele>
            </trkpt>
            <trkpt lat="46.665807" lon="8.153985">
                <ele>2129</ele>
            </trkpt>
            <trkpt lat="46.665809" lon="8.153985">
                <ele>2129</ele>
            </trkpt>
            <trkpt lat="46.665803" lon="8.153982">
                <ele>2129</ele>
            </trkpt>
            <trkpt lat="46.665798" lon="8.153981">
                <ele>2129</ele>
            </trkpt>
            <trkpt lat="46.665800" lon="8.153983">
                <ele>2129</ele>
            </trkpt>
            <trkpt lat="46.665806" lon="8.153991">
                <ele>2129</ele>
            </trkpt>
            <trkpt lat="46.665806" lon="8.153991">
                <ele>2129</ele>
            </trkpt>
            <trkpt lat="46.665808" lon="8.153976">
                <ele>2129</ele>
            </trkpt>
            <trkpt lat="46.665807" lon="8.153973">
                <ele>2129</ele>
            </trkpt>
            <trkpt lat="46.665810" lon="8.153972">
                <ele>2129</ele>
            </trkpt>
            <trkpt lat="46.665810" lon="8.153972">
                <ele>2129</ele>
            </trkpt>
            <trkpt lat="46.665810" lon="8.153972">
                <ele>2129</ele>
            </trkpt>
            <trkpt lat="46.665808" lon="8.153976">
                <ele>2129</ele>
            </trkpt>
            <trkpt lat="46.665811" lon="8.153978">
                <ele>2129</ele>
            </trkpt>
            <trkpt lat="46.665814" lon="8.153986">
                <ele>2129</ele>
            </trkpt>
            <trkpt lat="46.665810" lon="8.153972">
                <ele>2129</ele>
            </trkpt>
            <trkpt lat="46.665810" lon="8.153972">
                <ele>2129</ele>
            </trkpt>
            <trkpt lat="46.665810" lon="8.153972">
                <ele>2129</ele>
            </trkpt>
            <trkpt lat="46.665810" lon="8.153972">
                <ele>2129</ele>
            </trkpt>
            <trkpt lat="46.665810" lon="8.153972">
                <ele>2129</ele>
            </trkpt>
            <trkpt lat="46.665810" lon="8.153972">
                <ele>2129</ele>
            </trkpt>
            <trkpt lat="46.665810" lon="8.153972">
                <ele>2129</ele>
            </trkpt>
            <trkpt lat="46.665810" lon="8.153972">
                <ele>2129</ele>
            </trkpt>
            <trkpt lat="46.665810" lon="8.153972">
                <ele>2129</ele>
            </trkpt>
            <trkpt lat="46.665810" lon="8.153972">
                <ele>2129</ele>
            </trkpt>
            <trkpt lat="46.665810" lon="8.153972">
                <ele>2129</ele>
            </trkpt>
            <trkpt lat="46.665810" lon="8.153972">
                <ele>2129</ele>
            </trkpt>
            <trkpt lat="46.665810" lon="8.153972">
                <ele>2129</ele>
            </trkpt>
            <trkpt lat="46.665810" lon="8.153972">
                <ele>2129</ele>
            </trkpt>
            <trkpt lat="46.665810" lon="8.153972">
                <ele>2129</ele>
            </trkpt>
            <trkpt lat="46.665810" lon="8.153972">
                <ele>2129</ele>
            </trkpt>
            <trkpt lat="46.665814" lon="8.153984">
                <ele>2129</ele>
            </trkpt>
            <trkpt lat="46.665810" lon="8.153972">
                <ele>2129</ele>
            </trkpt>
            <trkpt lat="46.665810" lon="8.153972">
                <ele>2129</ele>
            </trkpt>
            <trkpt lat="46.665810" lon="8.153972">
                <ele>2129</ele>
            </trkpt>
            <trkpt lat="46.665810" lon="8.153972">
                <ele>2129</ele>
            </trkpt>
            <trkpt lat="46.665810" lon="8.153972">
                <ele>2129</ele>
            </trkpt>
            <trkpt lat="46.665810" lon="8.153972">
                <ele>2129</ele>
            </trkpt>
            <trkpt lat="46.665810" lon="8.153972">
                <ele>2129</ele>
            </trkpt>
            <trkpt lat="46.665810" lon="8.153972">
                <ele>2129</ele>
            </trkpt>
            <trkpt lat="46.665814" lon="8.153982">
                <ele>2129</ele>
            </trkpt>
            <trkpt lat="46.665815" lon="8.153977">
                <ele>2129</ele>
            </trkpt>
            <trkpt lat="46.665810" lon="8.153972">
                <ele>2129</ele>
            </trkpt>
            <trkpt lat="46.665810" lon="8.153972">
                <ele>2129</ele>
            </trkpt>
            <trkpt lat="46.665810" lon="8.153972">
                <ele>2129</ele>
            </trkpt>
            <trkpt lat="46.665810" lon="8.153972">
                <ele>2129</ele>
            </trkpt>
            <trkpt lat="46.665810" lon="8.153972">
                <ele>2129</ele>
            </trkpt>
            <trkpt lat="46.665810" lon="8.153972">
                <ele>2129</ele>
            </trkpt>
            <trkpt lat="46.665810" lon="8.153972">
                <ele>2129</ele>
            </trkpt>
            <trkpt lat="46.665810" lon="8.153972">
                <ele>2129</ele>
            </trkpt>
            <trkpt lat="46.665810" lon="8.153972">
                <ele>2129</ele>
            </trkpt>
            <trkpt lat="46.665810" lon="8.153972">
                <ele>2129</ele>
            </trkpt>
            <trkpt lat="46.665810" lon="8.153972">
                <ele>2129</ele>
            </trkpt>
            <trkpt lat="46.665810" lon="8.153972">
                <ele>2129</ele>
            </trkpt>
            <trkpt lat="46.665810" lon="8.153972">
                <ele>2129</ele>
            </trkpt>
            <trkpt lat="46.665810" lon="8.153972">
                <ele>2129</ele>
            </trkpt>
            <trkpt lat="46.665810" lon="8.153972">
                <ele>2129</ele>
            </trkpt>
            <trkpt lat="46.665810" lon="8.153972">
                <ele>2129</ele>
            </trkpt>
            <trkpt lat="46.665810" lon="8.153972">
                <ele>2129</ele>
            </trkpt>
            <trkpt lat="46.665810" lon="8.153972">
                <ele>2129</ele>
            </trkpt>
            <trkpt lat="46.665810" lon="8.153972">
                <ele>2129</ele>
            </trkpt>
            <trkpt lat="46.665813" lon="8.153974">
                <ele>2129</ele>
            </trkpt>
            <trkpt lat="46.665810" lon="8.153972">
                <ele>2129</ele>
            </trkpt>
            <trkpt lat="46.665810" lon="8.153972">
                <ele>2129</ele>
            </trkpt>
            <trkpt lat="46.665810" lon="8.153972">
                <ele>2129</ele>
            </trkpt>
            <trkpt lat="46.665810" lon="8.153972">
                <ele>2129</ele>
            </trkpt>
            <trkpt lat="46.665810" lon="8.153972">
                <ele>2129</ele>
            </trkpt>
            <trkpt lat="46.665810" lon="8.153972">
                <ele>2129</ele>
            </trkpt>
            <trkpt lat="46.665810" lon="8.153972">
                <ele>2129</ele>
            </trkpt>
            <trkpt lat="46.665810" lon="8.153972">
                <ele>2129</ele>
            </trkpt>
            <trkpt lat="46.665810" lon="8.153972">
                <ele>2129</ele>
            </trkpt>
            <trkpt lat="46.665810" lon="8.153972">
                <ele>2129</ele>
            </trkpt>
            <trkpt lat="46.665810" lon="8.153972">
                <ele>2129</ele>
            </trkpt>
            <trkpt lat="46.665810" lon="8.153972">
                <ele>2129</ele>
            </trkpt>
            <trkpt lat="46.665810" lon="8.153972">
                <ele>2129</ele>
            </trkpt>
            <trkpt lat="46.665810" lon="8.153972">
                <ele>2129</ele>
            </trkpt>
            <trkpt lat="46.665810" lon="8.153972">
                <ele>2129</ele>
            </trkpt>
            <trkpt lat="46.665810" lon="8.153972">
                <ele>2129</ele>
            </trkpt>
            <trkpt lat="46.665810" lon="8.153972">
                <ele>2129</ele>
            </trkpt>
            <trkpt lat="46.665810" lon="8.153972">
                <ele>2129</ele>
            </trkpt>
            <trkpt lat="46.665810" lon="8.153972">
                <ele>2129</ele>
            </trkpt>
            <trkpt lat="46.665810" lon="8.153972">
                <ele>2129</ele>
            </trkpt>
            <trkpt lat="46.665810" lon="8.153972">
                <ele>2129</ele>
            </trkpt>
            <trkpt lat="46.665810" lon="8.153972">
                <ele>2129</ele>
            </trkpt>
            <trkpt lat="46.665810" lon="8.153972">
                <ele>2129</ele>
            </trkpt>
            <trkpt lat="46.665810" lon="8.153972">
                <ele>2129</ele>
            </trkpt>
            <trkpt lat="46.665810" lon="8.153972">
                <ele>2129</ele>
            </trkpt>
            <trkpt lat="46.665810" lon="8.153972">
                <ele>2129</ele>
            </trkpt>
            <trkpt lat="46.665810" lon="8.153972">
                <ele>2129</ele>
            </trkpt>
            <trkpt lat="46.665810" lon="8.153982">
                <ele>2129</ele>
            </trkpt>
            <trkpt lat="46.665810" lon="8.153972">
                <ele>2129</ele>
            </trkpt>
            <trkpt lat="46.665810" lon="8.153972">
                <ele>2129</ele>
            </trkpt>
            <trkpt lat="46.665810" lon="8.153972">
                <ele>2129</ele>
            </trkpt>
            <trkpt lat="46.665810" lon="8.153972">
                <ele>2129</ele>
            </trkpt>
            <trkpt lat="46.665810" lon="8.153972">
                <ele>2129</ele>
            </trkpt>
            <trkpt lat="46.665810" lon="8.153972">
                <ele>2129</ele>
            </trkpt>
            <trkpt lat="46.665810" lon="8.153972">
                <ele>2129</ele>
            </trkpt>
            <trkpt lat="46.665811" lon="8.153980">
                <ele>2129</ele>
            </trkpt>
            <trkpt lat="46.665810" lon="8.153972">
                <ele>2129</ele>
            </trkpt>
            <trkpt lat="46.665810" lon="8.153972">
                <ele>2129</ele>
            </trkpt>
            <trkpt lat="46.665810" lon="8.153972">
                <ele>2129</ele>
            </trkpt>
            <trkpt lat="46.665810" lon="8.153972">
                <ele>2129</ele>
            </trkpt>
            <trkpt lat="46.665810" lon="8.153972">
                <ele>2129</ele>
            </trkpt>
            <trkpt lat="46.665810" lon="8.153972">
                <ele>2129</ele>
            </trkpt>
            <trkpt lat="46.665810" lon="8.153972">
                <ele>2129</ele>
            </trkpt>
            <trkpt lat="46.665810" lon="8.153972">
                <ele>2129</ele>
            </trkpt>
            <trkpt lat="46.665806" lon="8.153982">
                <ele>2129</ele>
            </trkpt>
            <trkpt lat="46.665810" lon="8.153972">
                <ele>2129</ele>
            </trkpt>
            <trkpt lat="46.665810" lon="8.153972">
                <ele>2129</ele>
            </trkpt>
            <trkpt lat="46.665810" lon="8.153972">
                <ele>2129</ele>
            </trkpt>
            <trkpt lat="46.665810" lon="8.153972">
                <ele>2129</ele>
            </trkpt>
            <trkpt lat="46.665810" lon="8.153972">
                <ele>2129</ele>
            </trkpt>
            <trkpt lat="46.665810" lon="8.153972">
                <ele>2129</ele>
            </trkpt>
            <trkpt lat="46.665810" lon="8.153972">
                <ele>2129</ele>
            </trkpt>
            <trkpt lat="46.665810" lon="8.153972">
                <ele>2129</ele>
            </trkpt>
            <trkpt lat="46.665810" lon="8.153972">
                <ele>2129</ele>
            </trkpt>
            <trkpt lat="46.665810" lon="8.153972">
                <ele>2129</ele>
            </trkpt>
            <trkpt lat="46.665810" lon="8.153972">
                <ele>2129</ele>
            </trkpt>
            <trkpt lat="46.665810" lon="8.153972">
                <ele>2129</ele>
            </trkpt>
            <trkpt lat="46.665810" lon="8.153972">
                <ele>2129</ele>
            </trkpt>
            <trkpt lat="46.665810" lon="8.153972">
                <ele>2129</ele>
            </trkpt>
            <trkpt lat="46.665810" lon="8.153972">
                <ele>2129</ele>
            </trkpt>
            <trkpt lat="46.665810" lon="8.153972">
                <ele>2129</ele>
            </trkpt>
            <trkpt lat="46.665810" lon="8.153972">
                <ele>2129</ele>
            </trkpt>
            <trkpt lat="46.665810" lon="8.153972">
                <ele>2129</ele>
            </trkpt>
            <trkpt lat="46.665810" lon="8.153972">
                <ele>2129</ele>
            </trkpt>
            <trkpt lat="46.665810" lon="8.153972">
                <ele>2129</ele>
            </trkpt>
            <trkpt lat="46.665810" lon="8.153972">
                <ele>2129</ele>
            </trkpt>
            <trkpt lat="46.665810" lon="8.153972">
                <ele>2129</ele>
            </trkpt>
            <trkpt lat="46.665810" lon="8.153972">
                <ele>2129</ele>
            </trkpt>
            <trkpt lat="46.665810" lon="8.153972">
                <ele>2129</ele>
            </trkpt>
            <trkpt lat="46.665810" lon="8.153972">
                <ele>2129</ele>
            </trkpt>
            <trkpt lat="46.665810" lon="8.153972">
                <ele>2129</ele>
            </trkpt>
            <trkpt lat="46.665810" lon="8.153972">
                <ele>2129</ele>
            </trkpt>
            <trkpt lat="46.665810" lon="8.153972">
                <ele>2129</ele>
            </trkpt>
            <trkpt lat="46.665810" lon="8.153972">
                <ele>2129</ele>
            </trkpt>
            <trkpt lat="46.665806" lon="8.153974">
                <ele>2129</ele>
            </trkpt>
            <trkpt lat="46.665810" lon="8.153972">
                <ele>2129</ele>
            </trkpt>
            <trkpt lat="46.665810" lon="8.153972">
                <ele>2129</ele>
            </trkpt>
            <trkpt lat="46.665810" lon="8.153972">
                <ele>2129</ele>
            </trkpt>
            <trkpt lat="46.665810" lon="8.153972">
                <ele>2129</ele>
            </trkpt>
            <trkpt lat="46.665810" lon="8.153972">
                <ele>2129</ele>
            </trkpt>
            <trkpt lat="46.665810" lon="8.153972">
                <ele>2129</ele>
            </trkpt>
            <trkpt lat="46.665810" lon="8.153972">
                <ele>2129</ele>
            </trkpt>
            <trkpt lat="46.665810" lon="8.153972">
                <ele>2129</ele>
            </trkpt>
            <trkpt lat="46.665810" lon="8.153972">
                <ele>2129</ele>
            </trkpt>
            <trkpt lat="46.665810" lon="8.153972">
                <ele>2129</ele>
            </trkpt>
            <trkpt lat="46.665810" lon="8.153972">
                <ele>2129</ele>
            </trkpt>
            <trkpt lat="46.665810" lon="8.153972">
                <ele>2129</ele>
            </trkpt>
            <trkpt lat="46.665810" lon="8.153972">
                <ele>2129</ele>
            </trkpt>
            <trkpt lat="46.665810" lon="8.153972">
                <ele>2129</ele>
            </trkpt>
            <trkpt lat="46.665810" lon="8.153972">
                <ele>2129</ele>
            </trkpt>
            <trkpt lat="46.665810" lon="8.153972">
                <ele>2129</ele>
            </trkpt>
            <trkpt lat="46.665810" lon="8.153972">
                <ele>2129</ele>
            </trkpt>
            <trkpt lat="46.665810" lon="8.153972">
                <ele>2129</ele>
            </trkpt>
            <trkpt lat="46.665810" lon="8.153972">
                <ele>2129</ele>
            </trkpt>
            <trkpt lat="46.665810" lon="8.153972">
                <ele>2129</ele>
            </trkpt>
            <trkpt lat="46.665810" lon="8.153972">
                <ele>2129</ele>
            </trkpt>
            <trkpt lat="46.665810" lon="8.153972">
                <ele>2129</ele>
            </trkpt>
            <trkpt lat="46.665810" lon="8.153972">
                <ele>2129</ele>
            </trkpt>
            <trkpt lat="46.665810" lon="8.153972">
                <ele>2129</ele>
            </trkpt>
            <trkpt lat="46.665810" lon="8.153972">
                <ele>2129</ele>
            </trkpt>
            <trkpt lat="46.665800" lon="8.153976">
                <ele>2129</ele>
            </trkpt>
            <trkpt lat="46.665799" lon="8.153981">
                <ele>2129</ele>
            </trkpt>
            <trkpt lat="46.665800" lon="8.153983">
                <ele>2129</ele>
            </trkpt>
            <trkpt lat="46.665810" lon="8.153972">
                <ele>2129</ele>
            </trkpt>
            <trkpt lat="46.665800" lon="8.153982">
                <ele>2129</ele>
            </trkpt>
            <trkpt lat="46.665810" lon="8.153972">
                <ele>2129</ele>
            </trkpt>
            <trkpt lat="46.665805" lon="8.153985">
                <ele>2129</ele>
            </trkpt>
            <trkpt lat="46.665810" lon="8.153972">
                <ele>2129</ele>
            </trkpt>
            <trkpt lat="46.665810" lon="8.153972">
                <ele>2129</ele>
            </trkpt>
            <trkpt lat="46.665810" lon="8.153972">
                <ele>2129</ele>
            </trkpt>
            <trkpt lat="46.665810" lon="8.153972">
                <ele>2129</ele>
            </trkpt>
            <trkpt lat="46.665810" lon="8.153972">
                <ele>2129</ele>
            </trkpt>
            <trkpt lat="46.665810" lon="8.153972">
                <ele>2129</ele>
            </trkpt>
            <trkpt lat="46.665810" lon="8.153972">
                <ele>2129</ele>
            </trkpt>
            <trkpt lat="46.665810" lon="8.153972">
                <ele>2129</ele>
            </trkpt>
            <trkpt lat="46.665810" lon="8.153972">
                <ele>2129</ele>
            </trkpt>
            <trkpt lat="46.665810" lon="8.153972">
                <ele>2129</ele>
            </trkpt>
            <trkpt lat="46.665808" lon="8.153977">
                <ele>2129</ele>
            </trkpt>
            <trkpt lat="46.665807" lon="8.153974">
                <ele>2129</ele>
            </trkpt>
            <trkpt lat="46.665808" lon="8.153975">
                <ele>2129</ele>
            </trkpt>
            <trkpt lat="46.665810" lon="8.153972">
                <ele>2129</ele>
            </trkpt>
            <trkpt lat="46.665810" lon="8.153972">
                <ele>2129</ele>
            </trkpt>
            <trkpt lat="46.665810" lon="8.153972">
                <ele>2129</ele>
            </trkpt>
            <trkpt lat="46.665810" lon="8.153972">
                <ele>2129</ele>
            </trkpt>
            <trkpt lat="46.665810" lon="8.153972">
                <ele>2129</ele>
            </trkpt>
            <trkpt lat="46.665820" lon="8.153958">
                <ele>2129</ele>
            </trkpt>
            <trkpt lat="46.665820" lon="8.153960">
                <ele>2129</ele>
            </trkpt>
            <trkpt lat="46.665820" lon="8.153960">
                <ele>2129</ele>
            </trkpt>
            <trkpt lat="46.665819" lon="8.153963">
                <ele>2129</ele>
            </trkpt>
            <trkpt lat="46.665814" lon="8.153982">
                <ele>2129</ele>
            </trkpt>
            <trkpt lat="46.665814" lon="8.153982">
                <ele>2129</ele>
            </trkpt>
            <trkpt lat="46.665812" lon="8.153981">
                <ele>2129</ele>
            </trkpt>
            <trkpt lat="46.665815" lon="8.153975">
                <ele>2129</ele>
            </trkpt>
            <trkpt lat="46.665815" lon="8.153975">
                <ele>2129</ele>
            </trkpt>
            <trkpt lat="46.665815" lon="8.153975">
                <ele>2129</ele>
            </trkpt>
            <trkpt lat="46.665815" lon="8.153975">
                <ele>2129</ele>
            </trkpt>
            <trkpt lat="46.665802" lon="8.153977">
                <ele>2129</ele>
            </trkpt>
            <trkpt lat="46.665805" lon="8.153967">
                <ele>2129</ele>
            </trkpt>
            <trkpt lat="46.665814" lon="8.153967">
                <ele>2129</ele>
            </trkpt>
            <trkpt lat="46.665807" lon="8.153966">
                <ele>2129</ele>
            </trkpt>
            <trkpt lat="46.665805" lon="8.153965">
                <ele>2129</ele>
            </trkpt>
            <trkpt lat="46.665812" lon="8.153964">
                <ele>2129</ele>
            </trkpt>
            <trkpt lat="46.665811" lon="8.153967">
                <ele>2129</ele>
            </trkpt>
            <trkpt lat="46.665818" lon="8.153966">
                <ele>2129</ele>
            </trkpt>
            <trkpt lat="46.665819" lon="8.153968">
                <ele>2129</ele>
            </trkpt>
            <trkpt lat="46.665818" lon="8.153966">
                <ele>2129</ele>
            </trkpt>
            <trkpt lat="46.665815" lon="8.153975">
                <ele>2129</ele>
            </trkpt>
            <trkpt lat="46.665815" lon="8.153975">
                <ele>2129</ele>
            </trkpt>
            <trkpt lat="46.665815" lon="8.153975">
                <ele>2129</ele>
            </trkpt>
            <trkpt lat="46.665815" lon="8.153975">
                <ele>2129</ele>
            </trkpt>
            <trkpt lat="46.665815" lon="8.153975">
                <ele>2129</ele>
            </trkpt>
            <trkpt lat="46.665815" lon="8.153975">
                <ele>2129</ele>
            </trkpt>
            <trkpt lat="46.665815" lon="8.153975">
                <ele>2129</ele>
            </trkpt>
            <trkpt lat="46.665815" lon="8.153975">
                <ele>2129</ele>
            </trkpt>
            <trkpt lat="46.665809" lon="8.153964">
                <ele>2129</ele>
            </trkpt>
            <trkpt lat="46.665815" lon="8.153961">
                <ele>2129</ele>
            </trkpt>
            <trkpt lat="46.665815" lon="8.153975">
                <ele>2129</ele>
            </trkpt>
            <trkpt lat="46.665813" lon="8.153959">
                <ele>2129</ele>
            </trkpt>
            <trkpt lat="46.665813" lon="8.153954">
                <ele>2129</ele>
            </trkpt>
            <trkpt lat="46.665813" lon="8.153956">
                <ele>2129</ele>
            </trkpt>
            <trkpt lat="46.665813" lon="8.153956">
                <ele>2129</ele>
            </trkpt>
            <trkpt lat="46.665813" lon="8.153956">
                <ele>2129</ele>
            </trkpt>
            <trkpt lat="46.665819" lon="8.153947">
                <ele>2129</ele>
            </trkpt>
            <trkpt lat="46.665824" lon="8.153939">
                <ele>2129</ele>
            </trkpt>
            <trkpt lat="46.665828" lon="8.153935">
                <ele>2129</ele>
            </trkpt>
            <trkpt lat="46.665830" lon="8.153915">
                <ele>2129</ele>
            </trkpt>
            <trkpt lat="46.665830" lon="8.153914">
                <ele>2129</ele>
            </trkpt>
            <trkpt lat="46.665831" lon="8.153906">
                <ele>2129</ele>
            </trkpt>
            <trkpt lat="46.665831" lon="8.153900">
                <ele>2129</ele>
            </trkpt>
            <trkpt lat="46.665830" lon="8.153915">
                <ele>2129</ele>
            </trkpt>
            <trkpt lat="46.665830" lon="8.153915">
                <ele>2129</ele>
            </trkpt>
            <trkpt lat="46.665830" lon="8.153915">
                <ele>2129</ele>
            </trkpt>
            <trkpt lat="46.665818" lon="8.153902">
                <ele>2129</ele>
            </trkpt>
            <trkpt lat="46.665819" lon="8.153899">
                <ele>2129</ele>
            </trkpt>
            <trkpt lat="46.665819" lon="8.153899">
                <ele>2129</ele>
            </trkpt>
            <trkpt lat="46.665819" lon="8.153899">
                <ele>2129</ele>
            </trkpt>
            <trkpt lat="46.665817" lon="8.153895">
                <ele>2129</ele>
            </trkpt>
            <trkpt lat="46.665814" lon="8.153899">
                <ele>2129</ele>
            </trkpt>
            <trkpt lat="46.665819" lon="8.153899">
                <ele>2129</ele>
            </trkpt>
            <trkpt lat="46.665806" lon="8.153897">
                <ele>2129</ele>
            </trkpt>
            <trkpt lat="46.665805" lon="8.153899">
                <ele>2129</ele>
            </trkpt>
            <trkpt lat="46.665804" lon="8.153898">
                <ele>2129</ele>
            </trkpt>
            <trkpt lat="46.665805" lon="8.153902">
                <ele>2129</ele>
            </trkpt>
            <trkpt lat="46.665805" lon="8.153902">
                <ele>2129</ele>
            </trkpt>
            <trkpt lat="46.665805" lon="8.153902">
                <ele>2129</ele>
            </trkpt>
            <trkpt lat="46.665805" lon="8.153902">
                <ele>2129</ele>
            </trkpt>
            <trkpt lat="46.665805" lon="8.153902">
                <ele>2129</ele>
            </trkpt>
            <trkpt lat="46.665805" lon="8.153902">
                <ele>2129</ele>
            </trkpt>
            <trkpt lat="46.665805" lon="8.153902">
                <ele>2129</ele>
            </trkpt>
            <trkpt lat="46.665805" lon="8.153902">
                <ele>2129</ele>
            </trkpt>
            <trkpt lat="46.665805" lon="8.153902">
                <ele>2129</ele>
            </trkpt>
            <trkpt lat="46.665805" lon="8.153902">
                <ele>2129</ele>
            </trkpt>
            <trkpt lat="46.665805" lon="8.153902">
                <ele>2129</ele>
            </trkpt>
            <trkpt lat="46.665805" lon="8.153902">
                <ele>2129</ele>
            </trkpt>
            <trkpt lat="46.665805" lon="8.153902">
                <ele>2129</ele>
            </trkpt>
            <trkpt lat="46.665805" lon="8.153902">
                <ele>2129</ele>
            </trkpt>
            <trkpt lat="46.665805" lon="8.153902">
                <ele>2129</ele>
            </trkpt>
            <trkpt lat="46.665805" lon="8.153902">
                <ele>2129</ele>
            </trkpt>
            <trkpt lat="46.665786" lon="8.153905">
                <ele>2129</ele>
            </trkpt>
            <trkpt lat="46.665786" lon="8.153905">
                <ele>2129</ele>
            </trkpt>
            <trkpt lat="46.665786" lon="8.153905">
                <ele>2129</ele>
            </trkpt>
            <trkpt lat="46.665786" lon="8.153905">
                <ele>2129</ele>
            </trkpt>
            <trkpt lat="46.665782" lon="8.153909">
                <ele>2129</ele>
            </trkpt>
            <trkpt lat="46.665786" lon="8.153905">
                <ele>2129</ele>
            </trkpt>
            <trkpt lat="46.665775" lon="8.153896">
                <ele>2129</ele>
            </trkpt>
            <trkpt lat="46.665775" lon="8.153896">
                <ele>2129</ele>
            </trkpt>
            <trkpt lat="46.665777" lon="8.153896">
                <ele>2129</ele>
            </trkpt>
            <trkpt lat="46.665780" lon="8.153884">
                <ele>2129</ele>
            </trkpt>
            <trkpt lat="46.665775" lon="8.153896">
                <ele>2129</ele>
            </trkpt>
            <trkpt lat="46.665785" lon="8.153880">
                <ele>2129</ele>
            </trkpt>
            <trkpt lat="46.665785" lon="8.153881">
                <ele>2129</ele>
            </trkpt>
            <trkpt lat="46.665785" lon="8.153886">
                <ele>2129</ele>
            </trkpt>
            <trkpt lat="46.665781" lon="8.153877">
                <ele>2129</ele>
            </trkpt>
            <trkpt lat="46.665783" lon="8.153873">
                <ele>2129</ele>
            </trkpt>
            <trkpt lat="46.665780" lon="8.153887">
                <ele>2129</ele>
            </trkpt>
            <trkpt lat="46.665783" lon="8.153886">
                <ele>2129</ele>
            </trkpt>
            <trkpt lat="46.665782" lon="8.153881">
                <ele>2129</ele>
            </trkpt>
            <trkpt lat="46.665779" lon="8.153881">
                <ele>2129</ele>
            </trkpt>
            <trkpt lat="46.665782" lon="8.153879">
                <ele>2129</ele>
            </trkpt>
            <trkpt lat="46.665778" lon="8.153876">
                <ele>2129</ele>
            </trkpt>
            <trkpt lat="46.665779" lon="8.153879">
                <ele>2129</ele>
            </trkpt>
            <trkpt lat="46.665777" lon="8.153874">
                <ele>2129</ele>
            </trkpt>
            <trkpt lat="46.665776" lon="8.153872">
                <ele>2129</ele>
            </trkpt>
            <trkpt lat="46.665778" lon="8.153870">
                <ele>2129</ele>
            </trkpt>
            <trkpt lat="46.665775" lon="8.153869">
                <ele>2129</ele>
            </trkpt>
            <trkpt lat="46.665776" lon="8.153872">
                <ele>2129</ele>
            </trkpt>
            <trkpt lat="46.665778" lon="8.153868">
                <ele>2129</ele>
            </trkpt>
            <trkpt lat="46.665778" lon="8.153860">
                <ele>2129</ele>
            </trkpt>
            <trkpt lat="46.665780" lon="8.153859">
                <ele>2129</ele>
            </trkpt>
            <trkpt lat="46.665783" lon="8.153848">
                <ele>2129</ele>
            </trkpt>
            <trkpt lat="46.665781" lon="8.153845">
                <ele>2129</ele>
            </trkpt>
            <trkpt lat="46.665780" lon="8.153830">
                <ele>2129</ele>
            </trkpt>
            <trkpt lat="46.665776" lon="8.153837">
                <ele>2129</ele>
            </trkpt>
            <trkpt lat="46.665776" lon="8.153839">
                <ele>2129</ele>
            </trkpt>
            <trkpt lat="46.665768" lon="8.153849">
                <ele>2129</ele>
            </trkpt>
            <trkpt lat="46.665768" lon="8.153849">
                <ele>2129</ele>
            </trkpt>
            <trkpt lat="46.665768" lon="8.153849">
                <ele>2129</ele>
            </trkpt>
            <trkpt lat="46.665759" lon="8.153845">
                <ele>2129</ele>
            </trkpt>
            <trkpt lat="46.665768" lon="8.153849">
                <ele>2129</ele>
            </trkpt>
            <trkpt lat="46.665768" lon="8.153849">
                <ele>2129</ele>
            </trkpt>
            <trkpt lat="46.665768" lon="8.153849">
                <ele>2129</ele>
            </trkpt>
            <trkpt lat="46.665768" lon="8.153849">
                <ele>2129</ele>
            </trkpt>
            <trkpt lat="46.665758" lon="8.153853">
                <ele>2129</ele>
            </trkpt>
            <trkpt lat="46.665758" lon="8.153854">
                <ele>2129</ele>
            </trkpt>
            <trkpt lat="46.665767" lon="8.153829">
                <ele>2129</ele>
            </trkpt>
            <trkpt lat="46.665773" lon="8.153818">
                <ele>2129</ele>
            </trkpt>
            <trkpt lat="46.665773" lon="8.153820">
                <ele>2129</ele>
            </trkpt>
            <trkpt lat="46.665773" lon="8.153820">
                <ele>2129</ele>
            </trkpt>
            <trkpt lat="46.665773" lon="8.153820">
                <ele>2129</ele>
            </trkpt>
            <trkpt lat="46.665773" lon="8.153820">
                <ele>2129</ele>
            </trkpt>
            <trkpt lat="46.665773" lon="8.153820">
                <ele>2129</ele>
            </trkpt>
            <trkpt lat="46.665773" lon="8.153820">
                <ele>2129</ele>
            </trkpt>
            <trkpt lat="46.665773" lon="8.153820">
                <ele>2129</ele>
            </trkpt>
            <trkpt lat="46.665773" lon="8.153820">
                <ele>2129</ele>
            </trkpt>
            <trkpt lat="46.665773" lon="8.153820">
                <ele>2129</ele>
            </trkpt>
            <trkpt lat="46.665773" lon="8.153820">
                <ele>2129</ele>
            </trkpt>
            <trkpt lat="46.665773" lon="8.153820">
                <ele>2129</ele>
            </trkpt>
            <trkpt lat="46.665773" lon="8.153820">
                <ele>2129</ele>
            </trkpt>
            <trkpt lat="46.665773" lon="8.153820">
                <ele>2129</ele>
            </trkpt>
            <trkpt lat="46.665773" lon="8.153820">
                <ele>2129</ele>
            </trkpt>
            <trkpt lat="46.665773" lon="8.153820">
                <ele>2129</ele>
            </trkpt>
            <trkpt lat="46.665773" lon="8.153820">
                <ele>2129</ele>
            </trkpt>
            <trkpt lat="46.665773" lon="8.153820">
                <ele>2129</ele>
            </trkpt>
            <trkpt lat="46.665773" lon="8.153820">
                <ele>2129</ele>
            </trkpt>
            <trkpt lat="46.665773" lon="8.153820">
                <ele>2129</ele>
            </trkpt>
            <trkpt lat="46.665780" lon="8.153851">
                <ele>2129</ele>
            </trkpt>
            <trkpt lat="46.665781" lon="8.153850">
                <ele>2129</ele>
            </trkpt>
            <trkpt lat="46.665781" lon="8.153850">
                <ele>2129</ele>
            </trkpt>
            <trkpt lat="46.665781" lon="8.153850">
                <ele>2129</ele>
            </trkpt>
            <trkpt lat="46.665776" lon="8.153862">
                <ele>2129</ele>
            </trkpt>
            <trkpt lat="46.665781" lon="8.153851">
                <ele>2129</ele>
            </trkpt>
            <trkpt lat="46.665781" lon="8.153850">
                <ele>2129</ele>
            </trkpt>
            <trkpt lat="46.665781" lon="8.153850">
                <ele>2129</ele>
            </trkpt>
            <trkpt lat="46.665781" lon="8.153850">
                <ele>2129</ele>
            </trkpt>
            <trkpt lat="46.665781" lon="8.153850">
                <ele>2129</ele>
            </trkpt>
            <trkpt lat="46.665781" lon="8.153850">
                <ele>2129</ele>
            </trkpt>
            <trkpt lat="46.665761" lon="8.153855">
                <ele>2129</ele>
            </trkpt>
            <trkpt lat="46.665761" lon="8.153855">
                <ele>2129</ele>
            </trkpt>
            <trkpt lat="46.665761" lon="8.153855">
                <ele>2129</ele>
            </trkpt>
            <trkpt lat="46.665761" lon="8.153855">
                <ele>2129</ele>
            </trkpt>
            <trkpt lat="46.665761" lon="8.153855">
                <ele>2129</ele>
            </trkpt>
            <trkpt lat="46.665761" lon="8.153855">
                <ele>2129</ele>
            </trkpt>
            <trkpt lat="46.665760" lon="8.153838">
                <ele>2129</ele>
            </trkpt>
            <trkpt lat="46.665765" lon="8.153824">
                <ele>2129</ele>
            </trkpt>
            <trkpt lat="46.665766" lon="8.153821">
                <ele>2129</ele>
            </trkpt>
            <trkpt lat="46.665766" lon="8.153821">
                <ele>2129</ele>
            </trkpt>
            <trkpt lat="46.665766" lon="8.153821">
                <ele>2129</ele>
            </trkpt>
            <trkpt lat="46.665766" lon="8.153821">
                <ele>2129</ele>
            </trkpt>
            <trkpt lat="46.665766" lon="8.153821">
                <ele>2129</ele>
            </trkpt>
            <trkpt lat="46.665766" lon="8.153821">
                <ele>2129</ele>
            </trkpt>
            <trkpt lat="46.665766" lon="8.153821">
                <ele>2129</ele>
            </trkpt>
            <trkpt lat="46.665766" lon="8.153821">
                <ele>2129</ele>
            </trkpt>
            <trkpt lat="46.665767" lon="8.153809">
                <ele>2129</ele>
            </trkpt>
            <trkpt lat="46.665766" lon="8.153821">
                <ele>2129</ele>
            </trkpt>
            <trkpt lat="46.665775" lon="8.153798">
                <ele>2129</ele>
            </trkpt>
            <trkpt lat="46.665776" lon="8.153801">
                <ele>2129</ele>
            </trkpt>
            <trkpt lat="46.665774" lon="8.153805">
                <ele>2129</ele>
            </trkpt>
            <trkpt lat="46.665776" lon="8.153801">
                <ele>2129</ele>
            </trkpt>
            <trkpt lat="46.665776" lon="8.153801">
                <ele>2129</ele>
            </trkpt>
            <trkpt lat="46.665774" lon="8.153802">
                <ele>2129</ele>
            </trkpt>
            <trkpt lat="46.665773" lon="8.153803">
                <ele>2129</ele>
            </trkpt>
            <trkpt lat="46.665767" lon="8.153838">
                <ele>2129</ele>
            </trkpt>
            <trkpt lat="46.665762" lon="8.153834">
                <ele>2129</ele>
            </trkpt>
            <trkpt lat="46.665762" lon="8.153829">
                <ele>2129</ele>
            </trkpt>
            <trkpt lat="46.665762" lon="8.153829">
                <ele>2129</ele>
            </trkpt>
            <trkpt lat="46.665765" lon="8.153831">
                <ele>2129</ele>
            </trkpt>
            <trkpt lat="46.665775" lon="8.153816">
                <ele>2129</ele>
            </trkpt>
            <trkpt lat="46.665774" lon="8.153813">
                <ele>2129</ele>
            </trkpt>
            <trkpt lat="46.665773" lon="8.153802">
                <ele>2129</ele>
            </trkpt>
            <trkpt lat="46.665774" lon="8.153798">
                <ele>2129</ele>
            </trkpt>
            <trkpt lat="46.665775" lon="8.153798">
                <ele>2129</ele>
            </trkpt>
            <trkpt lat="46.665774" lon="8.153798">
                <ele>2129</ele>
            </trkpt>
            <trkpt lat="46.665774" lon="8.153798">
                <ele>2129</ele>
            </trkpt>
            <trkpt lat="46.665781" lon="8.153810">
                <ele>2129</ele>
            </trkpt>
            <trkpt lat="46.665788" lon="8.153802">
                <ele>2129</ele>
            </trkpt>
            <trkpt lat="46.665779" lon="8.153804">
                <ele>2129</ele>
            </trkpt>
            <trkpt lat="46.665782" lon="8.153803">
                <ele>2129</ele>
            </trkpt>
            <trkpt lat="46.665779" lon="8.153799">
                <ele>2129</ele>
            </trkpt>
            <trkpt lat="46.665774" lon="8.153798">
                <ele>2129</ele>
            </trkpt>
            <trkpt lat="46.665774" lon="8.153798">
                <ele>2129</ele>
            </trkpt>
            <trkpt lat="46.665774" lon="8.153798">
                <ele>2129</ele>
            </trkpt>
            <trkpt lat="46.665774" lon="8.153798">
                <ele>2129</ele>
            </trkpt>
            <trkpt lat="46.665782" lon="8.153797">
                <ele>2129</ele>
            </trkpt>
            <trkpt lat="46.665774" lon="8.153798">
                <ele>2129</ele>
            </trkpt>
            <trkpt lat="46.665774" lon="8.153798">
                <ele>2129</ele>
            </trkpt>
            <trkpt lat="46.665783" lon="8.153801">
                <ele>2129</ele>
            </trkpt>
            <trkpt lat="46.665774" lon="8.153798">
                <ele>2129</ele>
            </trkpt>
            <trkpt lat="46.665774" lon="8.153798">
                <ele>2129</ele>
            </trkpt>
            <trkpt lat="46.665774" lon="8.153798">
                <ele>2129</ele>
            </trkpt>
            <trkpt lat="46.665774" lon="8.153798">
                <ele>2129</ele>
            </trkpt>
            <trkpt lat="46.665774" lon="8.153798">
                <ele>2129</ele>
            </trkpt>
            <trkpt lat="46.665774" lon="8.153798">
                <ele>2129</ele>
            </trkpt>
            <trkpt lat="46.665774" lon="8.153798">
                <ele>2129</ele>
            </trkpt>
            <trkpt lat="46.665777" lon="8.153807">
                <ele>2129</ele>
            </trkpt>
            <trkpt lat="46.665774" lon="8.153809">
                <ele>2129</ele>
            </trkpt>
            <trkpt lat="46.665772" lon="8.153806">
                <ele>2129</ele>
            </trkpt>
            <trkpt lat="46.665774" lon="8.153798">
                <ele>2129</ele>
            </trkpt>
            <trkpt lat="46.665774" lon="8.153798">
                <ele>2129</ele>
            </trkpt>
            <trkpt lat="46.665774" lon="8.153798">
                <ele>2129</ele>
            </trkpt>
            <trkpt lat="46.665774" lon="8.153798">
                <ele>2129</ele>
            </trkpt>
            <trkpt lat="46.665774" lon="8.153798">
                <ele>2129</ele>
            </trkpt>
            <trkpt lat="46.665774" lon="8.153798">
                <ele>2129</ele>
            </trkpt>
            <trkpt lat="46.665774" lon="8.153798">
                <ele>2129</ele>
            </trkpt>
            <trkpt lat="46.665774" lon="8.153808">
                <ele>2129</ele>
            </trkpt>
            <trkpt lat="46.665772" lon="8.153804">
                <ele>2129</ele>
            </trkpt>
            <trkpt lat="46.665774" lon="8.153798">
                <ele>2129</ele>
            </trkpt>
            <trkpt lat="46.665772" lon="8.153808">
                <ele>2129</ele>
            </trkpt>
            <trkpt lat="46.665770" lon="8.153806">
                <ele>2129</ele>
            </trkpt>
            <trkpt lat="46.665774" lon="8.153798">
                <ele>2129</ele>
            </trkpt>
            <trkpt lat="46.665774" lon="8.153798">
                <ele>2129</ele>
            </trkpt>
            <trkpt lat="46.665774" lon="8.153798">
                <ele>2129</ele>
            </trkpt>
            <trkpt lat="46.665774" lon="8.153818">
                <ele>2129</ele>
            </trkpt>
            <trkpt lat="46.665774" lon="8.153818">
                <ele>2129</ele>
            </trkpt>
            <trkpt lat="46.665774" lon="8.153818">
                <ele>2129</ele>
            </trkpt>
            <trkpt lat="46.665774" lon="8.153818">
                <ele>2129</ele>
            </trkpt>
            <trkpt lat="46.665774" lon="8.153818">
                <ele>2129</ele>
            </trkpt>
            <trkpt lat="46.665774" lon="8.153818">
                <ele>2129</ele>
            </trkpt>
            <trkpt lat="46.665774" lon="8.153818">
                <ele>2129</ele>
            </trkpt>
            <trkpt lat="46.665774" lon="8.153818">
                <ele>2129</ele>
            </trkpt>
            <trkpt lat="46.665774" lon="8.153818">
                <ele>2129</ele>
            </trkpt>
            <trkpt lat="46.665774" lon="8.153818">
                <ele>2129</ele>
            </trkpt>
            <trkpt lat="46.665774" lon="8.153818">
                <ele>2129</ele>
            </trkpt>
            <trkpt lat="46.665774" lon="8.153818">
                <ele>2129</ele>
            </trkpt>
            <trkpt lat="46.665777" lon="8.153824">
                <ele>2129</ele>
            </trkpt>
            <trkpt lat="46.665774" lon="8.153818">
                <ele>2129</ele>
            </trkpt>
            <trkpt lat="46.665774" lon="8.153818">
                <ele>2129</ele>
            </trkpt>
            <trkpt lat="46.665774" lon="8.153818">
                <ele>2129</ele>
            </trkpt>
            <trkpt lat="46.665774" lon="8.153818">
                <ele>2129</ele>
            </trkpt>
            <trkpt lat="46.665774" lon="8.153818">
                <ele>2129</ele>
            </trkpt>
            <trkpt lat="46.665774" lon="8.153818">
                <ele>2129</ele>
            </trkpt>
            <trkpt lat="46.665774" lon="8.153818">
                <ele>2129</ele>
            </trkpt>
            <trkpt lat="46.665774" lon="8.153818">
                <ele>2129</ele>
            </trkpt>
            <trkpt lat="46.665774" lon="8.153818">
                <ele>2129</ele>
            </trkpt>
            <trkpt lat="46.665774" lon="8.153818">
                <ele>2129</ele>
            </trkpt>
            <trkpt lat="46.665774" lon="8.153818">
                <ele>2129</ele>
            </trkpt>
            <trkpt lat="46.665774" lon="8.153818">
                <ele>2129</ele>
            </trkpt>
            <trkpt lat="46.665774" lon="8.153818">
                <ele>2129</ele>
            </trkpt>
            <trkpt lat="46.665777" lon="8.153817">
                <ele>2129</ele>
            </trkpt>
            <trkpt lat="46.665774" lon="8.153818">
                <ele>2129</ele>
            </trkpt>
            <trkpt lat="46.665774" lon="8.153818">
                <ele>2129</ele>
            </trkpt>
            <trkpt lat="46.665774" lon="8.153818">
                <ele>2129</ele>
            </trkpt>
            <trkpt lat="46.665774" lon="8.153818">
                <ele>2129</ele>
            </trkpt>
            <trkpt lat="46.665774" lon="8.153818">
                <ele>2129</ele>
            </trkpt>
            <trkpt lat="46.665774" lon="8.153810">
                <ele>2129</ele>
            </trkpt>
            <trkpt lat="46.665777" lon="8.153815">
                <ele>2129</ele>
            </trkpt>
            <trkpt lat="46.665779" lon="8.153815">
                <ele>2129</ele>
            </trkpt>
            <trkpt lat="46.665774" lon="8.153818">
                <ele>2129</ele>
            </trkpt>
            <trkpt lat="46.665774" lon="8.153818">
                <ele>2129</ele>
            </trkpt>
            <trkpt lat="46.665774" lon="8.153818">
                <ele>2129</ele>
            </trkpt>
            <trkpt lat="46.665774" lon="8.153818">
                <ele>2129</ele>
            </trkpt>
            <trkpt lat="46.665790" lon="8.153806">
                <ele>2129</ele>
            </trkpt>
            <trkpt lat="46.665783" lon="8.153807">
                <ele>2129</ele>
            </trkpt>
            <trkpt lat="46.665774" lon="8.153818">
                <ele>2129</ele>
            </trkpt>
            <trkpt lat="46.665774" lon="8.153818">
                <ele>2129</ele>
            </trkpt>
            <trkpt lat="46.665774" lon="8.153818">
                <ele>2129</ele>
            </trkpt>
            <trkpt lat="46.665774" lon="8.153818">
                <ele>2129</ele>
            </trkpt>
            <trkpt lat="46.665774" lon="8.153818">
                <ele>2129</ele>
            </trkpt>
            <trkpt lat="46.665774" lon="8.153818">
                <ele>2129</ele>
            </trkpt>
            <trkpt lat="46.665774" lon="8.153818">
                <ele>2129</ele>
            </trkpt>
            <trkpt lat="46.665774" lon="8.153818">
                <ele>2129</ele>
            </trkpt>
            <trkpt lat="46.665774" lon="8.153818">
                <ele>2129</ele>
            </trkpt>
            <trkpt lat="46.665774" lon="8.153818">
                <ele>2129</ele>
            </trkpt>
            <trkpt lat="46.665774" lon="8.153818">
                <ele>2129</ele>
            </trkpt>
            <trkpt lat="46.665774" lon="8.153818">
                <ele>2129</ele>
            </trkpt>
            <trkpt lat="46.665774" lon="8.153818">
                <ele>2129</ele>
            </trkpt>
            <trkpt lat="46.665774" lon="8.153818">
                <ele>2129</ele>
            </trkpt>
            <trkpt lat="46.665778" lon="8.153814">
                <ele>2129</ele>
            </trkpt>
            <trkpt lat="46.665774" lon="8.153818">
                <ele>2129</ele>
            </trkpt>
            <trkpt lat="46.665774" lon="8.153815">
                <ele>2129</ele>
            </trkpt>
            <trkpt lat="46.665778" lon="8.153820">
                <ele>2129</ele>
            </trkpt>
            <trkpt lat="46.665774" lon="8.153818">
                <ele>2129</ele>
            </trkpt>
            <trkpt lat="46.665774" lon="8.153818">
                <ele>2129</ele>
            </trkpt>
            <trkpt lat="46.665774" lon="8.153818">
                <ele>2129</ele>
            </trkpt>
            <trkpt lat="46.665774" lon="8.153818">
                <ele>2129</ele>
            </trkpt>
            <trkpt lat="46.665776" lon="8.153813">
                <ele>2129</ele>
            </trkpt>
            <trkpt lat="46.665774" lon="8.153818">
                <ele>2129</ele>
            </trkpt>
            <trkpt lat="46.665774" lon="8.153818">
                <ele>2129</ele>
            </trkpt>
            <trkpt lat="46.665784" lon="8.153815">
                <ele>2129</ele>
            </trkpt>
            <trkpt lat="46.665787" lon="8.153812">
                <ele>2129</ele>
            </trkpt>
            <trkpt lat="46.665787" lon="8.153809">
                <ele>2129</ele>
            </trkpt>
            <trkpt lat="46.665774" lon="8.153818">
                <ele>2129</ele>
            </trkpt>
            <trkpt lat="46.665787" lon="8.153808">
                <ele>2129</ele>
            </trkpt>
            <trkpt lat="46.665787" lon="8.153808">
                <ele>2129</ele>
            </trkpt>
            <trkpt lat="46.665787" lon="8.153808">
                <ele>2129</ele>
            </trkpt>
            <trkpt lat="46.665787" lon="8.153808">
                <ele>2129</ele>
            </trkpt>
            <trkpt lat="46.665787" lon="8.153808">
                <ele>2129</ele>
            </trkpt>
            <trkpt lat="46.665797" lon="8.153811">
                <ele>2129</ele>
            </trkpt>
            <trkpt lat="46.665804" lon="8.153819">
                <ele>2129</ele>
            </trkpt>
            <trkpt lat="46.665800" lon="8.153818">
                <ele>2129</ele>
            </trkpt>
            <trkpt lat="46.665796" lon="8.153820">
                <ele>2129</ele>
            </trkpt>
            <trkpt lat="46.665800" lon="8.153818">
                <ele>2129</ele>
            </trkpt>
            <trkpt lat="46.665800" lon="8.153818">
                <ele>2129</ele>
            </trkpt>
            <trkpt lat="46.665800" lon="8.153818">
                <ele>2129</ele>
            </trkpt>
            <trkpt lat="46.665800" lon="8.153818">
                <ele>2129</ele>
            </trkpt>
            <trkpt lat="46.665800" lon="8.153818">
                <ele>2129</ele>
            </trkpt>
            <trkpt lat="46.665800" lon="8.153818">
                <ele>2129</ele>
            </trkpt>
            <trkpt lat="46.665800" lon="8.153818">
                <ele>2129</ele>
            </trkpt>
            <trkpt lat="46.665794" lon="8.153817">
                <ele>2129</ele>
            </trkpt>
            <trkpt lat="46.665800" lon="8.153818">
                <ele>2129</ele>
            </trkpt>
            <trkpt lat="46.665790" lon="8.153813">
                <ele>2129</ele>
            </trkpt>
            <trkpt lat="46.665800" lon="8.153818">
                <ele>2129</ele>
            </trkpt>
            <trkpt lat="46.665800" lon="8.153818">
                <ele>2129</ele>
            </trkpt>
            <trkpt lat="46.665800" lon="8.153818">
                <ele>2129</ele>
            </trkpt>
            <trkpt lat="46.665800" lon="8.153818">
                <ele>2129</ele>
            </trkpt>
            <trkpt lat="46.665800" lon="8.153818">
                <ele>2129</ele>
            </trkpt>
            <trkpt lat="46.665800" lon="8.153818">
                <ele>2129</ele>
            </trkpt>
            <trkpt lat="46.665800" lon="8.153818">
                <ele>2129</ele>
            </trkpt>
            <trkpt lat="46.665800" lon="8.153818">
                <ele>2129</ele>
            </trkpt>
            <trkpt lat="46.665800" lon="8.153818">
                <ele>2129</ele>
            </trkpt>
            <trkpt lat="46.665800" lon="8.153818">
                <ele>2129</ele>
            </trkpt>
            <trkpt lat="46.665787" lon="8.153807">
                <ele>2129</ele>
            </trkpt>
            <trkpt lat="46.665787" lon="8.153809">
                <ele>2129</ele>
            </trkpt>
            <trkpt lat="46.665787" lon="8.153809">
                <ele>2129</ele>
            </trkpt>
            <trkpt lat="46.665783" lon="8.153808">
                <ele>2129</ele>
            </trkpt>
            <trkpt lat="46.665783" lon="8.153804">
                <ele>2129</ele>
            </trkpt>
            <trkpt lat="46.665787" lon="8.153809">
                <ele>2129</ele>
            </trkpt>
            <trkpt lat="46.665778" lon="8.153804">
                <ele>2129</ele>
            </trkpt>
            <trkpt lat="46.665787" lon="8.153809">
                <ele>2129</ele>
            </trkpt>
            <trkpt lat="46.665787" lon="8.153809">
                <ele>2129</ele>
            </trkpt>
            <trkpt lat="46.665787" lon="8.153809">
                <ele>2129</ele>
            </trkpt>
            <trkpt lat="46.665787" lon="8.153809">
                <ele>2129</ele>
            </trkpt>
            <trkpt lat="46.665787" lon="8.153809">
                <ele>2129</ele>
            </trkpt>
            <trkpt lat="46.665787" lon="8.153809">
                <ele>2129</ele>
            </trkpt>
            <trkpt lat="46.665787" lon="8.153809">
                <ele>2129</ele>
            </trkpt>
            <trkpt lat="46.665787" lon="8.153809">
                <ele>2129</ele>
            </trkpt>
            <trkpt lat="46.665787" lon="8.153809">
                <ele>2129</ele>
            </trkpt>
            <trkpt lat="46.665787" lon="8.153809">
                <ele>2129</ele>
            </trkpt>
            <trkpt lat="46.665787" lon="8.153809">
                <ele>2129</ele>
            </trkpt>
            <trkpt lat="46.665787" lon="8.153809">
                <ele>2129</ele>
            </trkpt>
            <trkpt lat="46.665785" lon="8.153809">
                <ele>2129</ele>
            </trkpt>
            <trkpt lat="46.665787" lon="8.153809">
                <ele>2129</ele>
            </trkpt>
            <trkpt lat="46.665787" lon="8.153809">
                <ele>2129</ele>
            </trkpt>
            <trkpt lat="46.665787" lon="8.153809">
                <ele>2129</ele>
            </trkpt>
            <trkpt lat="46.665786" lon="8.153818">
                <ele>2129</ele>
            </trkpt>
            <trkpt lat="46.665787" lon="8.153809">
                <ele>2129</ele>
            </trkpt>
            <trkpt lat="46.665787" lon="8.153809">
                <ele>2129</ele>
            </trkpt>
            <trkpt lat="46.665787" lon="8.153809">
                <ele>2129</ele>
            </trkpt>
            <trkpt lat="46.665787" lon="8.153809">
                <ele>2129</ele>
            </trkpt>
            <trkpt lat="46.665787" lon="8.153809">
                <ele>2129</ele>
            </trkpt>
            <trkpt lat="46.665787" lon="8.153809">
                <ele>2129</ele>
            </trkpt>
            <trkpt lat="46.665787" lon="8.153809">
                <ele>2129</ele>
            </trkpt>
            <trkpt lat="46.665787" lon="8.153809">
                <ele>2129</ele>
            </trkpt>
            <trkpt lat="46.665787" lon="8.153809">
                <ele>2129</ele>
            </trkpt>
            <trkpt lat="46.665787" lon="8.153809">
                <ele>2129</ele>
            </trkpt>
            <trkpt lat="46.665787" lon="8.153809">
                <ele>2129</ele>
            </trkpt>
            <trkpt lat="46.665787" lon="8.153809">
                <ele>2129</ele>
            </trkpt>
            <trkpt lat="46.665787" lon="8.153809">
                <ele>2129</ele>
            </trkpt>
            <trkpt lat="46.665787" lon="8.153809">
                <ele>2129</ele>
            </trkpt>
            <trkpt lat="46.665787" lon="8.153809">
                <ele>2129</ele>
            </trkpt>
            <trkpt lat="46.665787" lon="8.153809">
                <ele>2129</ele>
            </trkpt>
            <trkpt lat="46.665787" lon="8.153809">
                <ele>2129</ele>
            </trkpt>
            <trkpt lat="46.665787" lon="8.153809">
                <ele>2129</ele>
            </trkpt>
            <trkpt lat="46.665781" lon="8.153821">
                <ele>2129</ele>
            </trkpt>
            <trkpt lat="46.665787" lon="8.153809">
                <ele>2129</ele>
            </trkpt>
            <trkpt lat="46.665787" lon="8.153809">
                <ele>2129</ele>
            </trkpt>
            <trkpt lat="46.665787" lon="8.153809">
                <ele>2129</ele>
            </trkpt>
            <trkpt lat="46.665787" lon="8.153809">
                <ele>2129</ele>
            </trkpt>
            <trkpt lat="46.665787" lon="8.153809">
                <ele>2129</ele>
            </trkpt>
            <trkpt lat="46.665787" lon="8.153809">
                <ele>2129</ele>
            </trkpt>
            <trkpt lat="46.665787" lon="8.153809">
                <ele>2129</ele>
            </trkpt>
            <trkpt lat="46.665787" lon="8.153809">
                <ele>2129</ele>
            </trkpt>
            <trkpt lat="46.665787" lon="8.153809">
                <ele>2129</ele>
            </trkpt>
            <trkpt lat="46.665787" lon="8.153809">
                <ele>2129</ele>
            </trkpt>
            <trkpt lat="46.665787" lon="8.153809">
                <ele>2129</ele>
            </trkpt>
            <trkpt lat="46.665787" lon="8.153809">
                <ele>2129</ele>
            </trkpt>
            <trkpt lat="46.665787" lon="8.153809">
                <ele>2129</ele>
            </trkpt>
            <trkpt lat="46.665787" lon="8.153809">
                <ele>2129</ele>
            </trkpt>
            <trkpt lat="46.665787" lon="8.153809">
                <ele>2129</ele>
            </trkpt>
            <trkpt lat="46.665787" lon="8.153809">
                <ele>2129</ele>
            </trkpt>
            <trkpt lat="46.665787" lon="8.153809">
                <ele>2129</ele>
            </trkpt>
            <trkpt lat="46.665787" lon="8.153809">
                <ele>2129</ele>
            </trkpt>
            <trkpt lat="46.665787" lon="8.153809">
                <ele>2129</ele>
            </trkpt>
            <trkpt lat="46.665787" lon="8.153809">
                <ele>2129</ele>
            </trkpt>
            <trkpt lat="46.665787" lon="8.153809">
                <ele>2129</ele>
            </trkpt>
            <trkpt lat="46.665787" lon="8.153809">
                <ele>2129</ele>
            </trkpt>
            <trkpt lat="46.665779" lon="8.153817">
                <ele>2129</ele>
            </trkpt>
            <trkpt lat="46.665787" lon="8.153809">
                <ele>2129</ele>
            </trkpt>
            <trkpt lat="46.665787" lon="8.153809">
                <ele>2129</ele>
            </trkpt>
            <trkpt lat="46.665787" lon="8.153809">
                <ele>2129</ele>
            </trkpt>
            <trkpt lat="46.665780" lon="8.153815">
                <ele>2129</ele>
            </trkpt>
            <trkpt lat="46.665787" lon="8.153809">
                <ele>2129</ele>
            </trkpt>
            <trkpt lat="46.665787" lon="8.153809">
                <ele>2129</ele>
            </trkpt>
            <trkpt lat="46.665787" lon="8.153809">
                <ele>2129</ele>
            </trkpt>
            <trkpt lat="46.665787" lon="8.153809">
                <ele>2129</ele>
            </trkpt>
            <trkpt lat="46.665787" lon="8.153809">
                <ele>2129</ele>
            </trkpt>
            <trkpt lat="46.665787" lon="8.153809">
                <ele>2129</ele>
            </trkpt>
            <trkpt lat="46.665787" lon="8.153809">
                <ele>2129</ele>
            </trkpt>
            <trkpt lat="46.665787" lon="8.153809">
                <ele>2129</ele>
            </trkpt>
            <trkpt lat="46.665787" lon="8.153809">
                <ele>2129</ele>
            </trkpt>
            <trkpt lat="46.665787" lon="8.153809">
                <ele>2129</ele>
            </trkpt>
            <trkpt lat="46.665787" lon="8.153809">
                <ele>2129</ele>
            </trkpt>
            <trkpt lat="46.665783" lon="8.153820">
                <ele>2129</ele>
            </trkpt>
            <trkpt lat="46.665791" lon="8.153807">
                <ele>2129</ele>
            </trkpt>
            <trkpt lat="46.665790" lon="8.153808">
                <ele>2129</ele>
            </trkpt>
            <trkpt lat="46.665787" lon="8.153809">
                <ele>2129</ele>
            </trkpt>
            <trkpt lat="46.665787" lon="8.153809">
                <ele>2129</ele>
            </trkpt>
            <trkpt lat="46.665787" lon="8.153804">
                <ele>2129</ele>
            </trkpt>
            <trkpt lat="46.665786" lon="8.153808">
                <ele>2129</ele>
            </trkpt>
            <trkpt lat="46.665787" lon="8.153809">
                <ele>2129</ele>
            </trkpt>
            <trkpt lat="46.665782" lon="8.153810">
                <ele>2129</ele>
            </trkpt>
            <trkpt lat="46.665787" lon="8.153809">
                <ele>2129</ele>
            </trkpt>
            <trkpt lat="46.665787" lon="8.153809">
                <ele>2129</ele>
            </trkpt>
            <trkpt lat="46.665787" lon="8.153809">
                <ele>2129</ele>
            </trkpt>
            <trkpt lat="46.665787" lon="8.153809">
                <ele>2129</ele>
            </trkpt>
            <trkpt lat="46.665787" lon="8.153809">
                <ele>2129</ele>
            </trkpt>
            <trkpt lat="46.665787" lon="8.153809">
                <ele>2129</ele>
            </trkpt>
            <trkpt lat="46.665787" lon="8.153809">
                <ele>2129</ele>
            </trkpt>
            <trkpt lat="46.665787" lon="8.153809">
                <ele>2129</ele>
            </trkpt>
            <trkpt lat="46.665787" lon="8.153809">
                <ele>2129</ele>
            </trkpt>
            <trkpt lat="46.665785" lon="8.153804">
                <ele>2129</ele>
            </trkpt>
            <trkpt lat="46.665787" lon="8.153809">
                <ele>2129</ele>
            </trkpt>
            <trkpt lat="46.665787" lon="8.153809">
                <ele>2129</ele>
            </trkpt>
            <trkpt lat="46.665788" lon="8.153802">
                <ele>2129</ele>
            </trkpt>
            <trkpt lat="46.665790" lon="8.153801">
                <ele>2129</ele>
            </trkpt>
            <trkpt lat="46.665782" lon="8.153806">
                <ele>2129</ele>
            </trkpt>
            <trkpt lat="46.665787" lon="8.153809">
                <ele>2129</ele>
            </trkpt>
            <trkpt lat="46.665787" lon="8.153809">
                <ele>2129</ele>
            </trkpt>
            <trkpt lat="46.665787" lon="8.153809">
                <ele>2129</ele>
            </trkpt>
            <trkpt lat="46.665787" lon="8.153809">
                <ele>2129</ele>
            </trkpt>
            <trkpt lat="46.665790" lon="8.153820">
                <ele>2129</ele>
            </trkpt>
            <trkpt lat="46.665787" lon="8.153803">
                <ele>2129</ele>
            </trkpt>
            <trkpt lat="46.665784" lon="8.153793">
                <ele>2129</ele>
            </trkpt>
            <trkpt lat="46.665787" lon="8.153809">
                <ele>2129</ele>
            </trkpt>
            <trkpt lat="46.665786" lon="8.153793">
                <ele>2129</ele>
            </trkpt>
            <trkpt lat="46.665787" lon="8.153794">
                <ele>2129</ele>
            </trkpt>
            <trkpt lat="46.665786" lon="8.153789">
                <ele>2129</ele>
            </trkpt>
            <trkpt lat="46.665788" lon="8.153789">
                <ele>2129</ele>
            </trkpt>
            <trkpt lat="46.665787" lon="8.153786">
                <ele>2129</ele>
            </trkpt>
            <trkpt lat="46.665790" lon="8.153788">
                <ele>2129</ele>
            </trkpt>
            <trkpt lat="46.665789" lon="8.153785">
                <ele>2129</ele>
            </trkpt>
            <trkpt lat="46.665795" lon="8.153780">
                <ele>2129</ele>
            </trkpt>
            <trkpt lat="46.665793" lon="8.153780">
                <ele>2129</ele>
            </trkpt>
            <trkpt lat="46.665793" lon="8.153779">
                <ele>2129</ele>
            </trkpt>
            <trkpt lat="46.665788" lon="8.153779">
                <ele>2129</ele>
            </trkpt>
            <trkpt lat="46.665791" lon="8.153783">
                <ele>2129</ele>
            </trkpt>
            <trkpt lat="46.665787" lon="8.153786">
                <ele>2129</ele>
            </trkpt>
            <trkpt lat="46.665791" lon="8.153773">
                <ele>2129</ele>
            </trkpt>
            <trkpt lat="46.665785" lon="8.153767">
                <ele>2129</ele>
            </trkpt>
            <trkpt lat="46.665785" lon="8.153764">
                <ele>2129</ele>
            </trkpt>
            <trkpt lat="46.665785" lon="8.153762">
                <ele>2129</ele>
            </trkpt>
            <trkpt lat="46.665780" lon="8.153750">
                <ele>2129</ele>
            </trkpt>
            <trkpt lat="46.665778" lon="8.153746">
                <ele>2208</ele>
            </trkpt>
            <trkpt lat="46.665782" lon="8.153727">
                <ele>2208</ele>
            </trkpt>
            <trkpt lat="46.665780" lon="8.153709">
                <ele>2208</ele>
            </trkpt>
            <trkpt lat="46.665771" lon="8.153724">
                <ele>2208</ele>
            </trkpt>
            <trkpt lat="46.665778" lon="8.153713">
                <ele>2208</ele>
            </trkpt>
            <trkpt lat="46.665775" lon="8.153712">
                <ele>2208</ele>
            </trkpt>
            <trkpt lat="46.665773" lon="8.153711">
                <ele>2208</ele>
            </trkpt>
            <trkpt lat="46.665773" lon="8.153711">
                <ele>2208</ele>
            </trkpt>
            <trkpt lat="46.665770" lon="8.153708">
                <ele>2208</ele>
            </trkpt>
            <trkpt lat="46.665768" lon="8.153707">
                <ele>2208</ele>
            </trkpt>
            <trkpt lat="46.665773" lon="8.153711">
                <ele>2208</ele>
            </trkpt>
            <trkpt lat="46.665773" lon="8.153711">
                <ele>2208</ele>
            </trkpt>
            <trkpt lat="46.665773" lon="8.153711">
                <ele>2208</ele>
            </trkpt>
            <trkpt lat="46.665768" lon="8.153706">
                <ele>2208</ele>
            </trkpt>
            <trkpt lat="46.665773" lon="8.153711">
                <ele>2208</ele>
            </trkpt>
            <trkpt lat="46.665762" lon="8.153707">
                <ele>2208</ele>
            </trkpt>
            <trkpt lat="46.665757" lon="8.153707">
                <ele>2208</ele>
            </trkpt>
            <trkpt lat="46.665758" lon="8.153708">
                <ele>2208</ele>
            </trkpt>
            <trkpt lat="46.665758" lon="8.153708">
                <ele>2208</ele>
            </trkpt>
            <trkpt lat="46.665743" lon="8.153709">
                <ele>2208</ele>
            </trkpt>
            <trkpt lat="46.665739" lon="8.153711">
                <ele>2208</ele>
            </trkpt>
            <trkpt lat="46.665734" lon="8.153714">
                <ele>2208</ele>
            </trkpt>
            <trkpt lat="46.665731" lon="8.153704">
                <ele>2208</ele>
            </trkpt>
            <trkpt lat="46.665739" lon="8.153711">
                <ele>2208</ele>
            </trkpt>
            <trkpt lat="46.665724" lon="8.153705">
                <ele>2208</ele>
            </trkpt>
            <trkpt lat="46.665723" lon="8.153707">
                <ele>2208</ele>
            </trkpt>
            <trkpt lat="46.665722" lon="8.153707">
                <ele>2208</ele>
            </trkpt>
            <trkpt lat="46.665722" lon="8.153707">
                <ele>2208</ele>
            </trkpt>
            <trkpt lat="46.665722" lon="8.153707">
                <ele>2208</ele>
            </trkpt>
            <trkpt lat="46.665722" lon="8.153707">
                <ele>2208</ele>
            </trkpt>
            <trkpt lat="46.665722" lon="8.153707">
                <ele>2208</ele>
            </trkpt>
            <trkpt lat="46.665712" lon="8.153716">
                <ele>2208</ele>
            </trkpt>
            <trkpt lat="46.665709" lon="8.153718">
                <ele>2208</ele>
            </trkpt>
            <trkpt lat="46.665709" lon="8.153718">
                <ele>2208</ele>
            </trkpt>
            <trkpt lat="46.665709" lon="8.153718">
                <ele>2208</ele>
            </trkpt>
            <trkpt lat="46.665709" lon="8.153718">
                <ele>2208</ele>
            </trkpt>
            <trkpt lat="46.665707" lon="8.153721">
                <ele>2208</ele>
            </trkpt>
            <trkpt lat="46.665707" lon="8.153716">
                <ele>2208</ele>
            </trkpt>
            <trkpt lat="46.665709" lon="8.153718">
                <ele>2208</ele>
            </trkpt>
            <trkpt lat="46.665709" lon="8.153718">
                <ele>2208</ele>
            </trkpt>
            <trkpt lat="46.665709" lon="8.153718">
                <ele>2208</ele>
            </trkpt>
            <trkpt lat="46.665709" lon="8.153718">
                <ele>2208</ele>
            </trkpt>
            <trkpt lat="46.665693" lon="8.153713">
                <ele>2168</ele>
            </trkpt>
            <trkpt lat="46.665693" lon="8.153713">
                <ele>2168</ele>
            </trkpt>
            <trkpt lat="46.665693" lon="8.153713">
                <ele>2168</ele>
            </trkpt>
            <trkpt lat="46.665693" lon="8.153713">
                <ele>2168</ele>
            </trkpt>
            <trkpt lat="46.665691" lon="8.153710">
                <ele>2168</ele>
            </trkpt>
            <trkpt lat="46.665693" lon="8.153713">
                <ele>2168</ele>
            </trkpt>
            <trkpt lat="46.665693" lon="8.153707">
                <ele>2168</ele>
            </trkpt>
            <trkpt lat="46.665693" lon="8.153713">
                <ele>2168</ele>
            </trkpt>
            <trkpt lat="46.665693" lon="8.153713">
                <ele>2168</ele>
            </trkpt>
            <trkpt lat="46.665693" lon="8.153713">
                <ele>2168</ele>
            </trkpt>
            <trkpt lat="46.665693" lon="8.153713">
                <ele>2168</ele>
            </trkpt>
            <trkpt lat="46.665693" lon="8.153713">
                <ele>2168</ele>
            </trkpt>
            <trkpt lat="46.665693" lon="8.153713">
                <ele>2168</ele>
            </trkpt>
            <trkpt lat="46.665686" lon="8.153707">
                <ele>2168</ele>
            </trkpt>
            <trkpt lat="46.665680" lon="8.153703">
                <ele>2168</ele>
            </trkpt>
            <trkpt lat="46.665680" lon="8.153703">
                <ele>2168</ele>
            </trkpt>
            <trkpt lat="46.665680" lon="8.153703">
                <ele>2168</ele>
            </trkpt>
            <trkpt lat="46.665680" lon="8.153703">
                <ele>2168</ele>
            </trkpt>
            <trkpt lat="46.665680" lon="8.153703">
                <ele>2168</ele>
            </trkpt>
            <trkpt lat="46.665680" lon="8.153703">
                <ele>2168</ele>
            </trkpt>
            <trkpt lat="46.665680" lon="8.153703">
                <ele>2168</ele>
            </trkpt>
            <trkpt lat="46.665668" lon="8.153694">
                <ele>2168</ele>
            </trkpt>
            <trkpt lat="46.665655" lon="8.153679">
                <ele>2168</ele>
            </trkpt>
            <trkpt lat="46.665649" lon="8.153672">
                <ele>2168</ele>
            </trkpt>
            <trkpt lat="46.665650" lon="8.153672">
                <ele>2168</ele>
            </trkpt>
            <trkpt lat="46.665646" lon="8.153666">
                <ele>2168</ele>
            </trkpt>
            <trkpt lat="46.665645" lon="8.153667">
                <ele>2168</ele>
            </trkpt>
            <trkpt lat="46.665650" lon="8.153673">
                <ele>2168</ele>
            </trkpt>
            <trkpt lat="46.665650" lon="8.153673">
                <ele>2168</ele>
            </trkpt>
            <trkpt lat="46.665650" lon="8.153658">
                <ele>2168</ele>
            </trkpt>
            <trkpt lat="46.665650" lon="8.153673">
                <ele>2168</ele>
            </trkpt>
            <trkpt lat="46.665650" lon="8.153673">
                <ele>2168</ele>
            </trkpt>
            <trkpt lat="46.665649" lon="8.153658">
                <ele>2168</ele>
            </trkpt>
            <trkpt lat="46.665650" lon="8.153673">
                <ele>2168</ele>
            </trkpt>
            <trkpt lat="46.665646" lon="8.153660">
                <ele>2168</ele>
            </trkpt>
            <trkpt lat="46.665642" lon="8.153661">
                <ele>2168</ele>
            </trkpt>
            <trkpt lat="46.665650" lon="8.153673">
                <ele>2168</ele>
            </trkpt>
            <trkpt lat="46.665650" lon="8.153673">
                <ele>2168</ele>
            </trkpt>
            <trkpt lat="46.665641" lon="8.153671">
                <ele>2168</ele>
            </trkpt>
            <trkpt lat="46.665641" lon="8.153670">
                <ele>2168</ele>
            </trkpt>
            <trkpt lat="46.665642" lon="8.153665">
                <ele>2168</ele>
            </trkpt>
            <trkpt lat="46.665642" lon="8.153667">
                <ele>2168</ele>
            </trkpt>
            <trkpt lat="46.665650" lon="8.153673">
                <ele>2168</ele>
            </trkpt>
            <trkpt lat="46.665650" lon="8.153673">
                <ele>2168</ele>
            </trkpt>
            <trkpt lat="46.665650" lon="8.153673">
                <ele>2168</ele>
            </trkpt>
            <trkpt lat="46.665650" lon="8.153673">
                <ele>2168</ele>
            </trkpt>
            <trkpt lat="46.665650" lon="8.153673">
                <ele>2168</ele>
            </trkpt>
            <trkpt lat="46.665650" lon="8.153673">
                <ele>2168</ele>
            </trkpt>
            <trkpt lat="46.665650" lon="8.153673">
                <ele>2168</ele>
            </trkpt>
            <trkpt lat="46.665650" lon="8.153673">
                <ele>2168</ele>
            </trkpt>
            <trkpt lat="46.665650" lon="8.153673">
                <ele>2168</ele>
            </trkpt>
            <trkpt lat="46.665650" lon="8.153673">
                <ele>2168</ele>
            </trkpt>
            <trkpt lat="46.665650" lon="8.153673">
                <ele>2168</ele>
            </trkpt>
            <trkpt lat="46.665650" lon="8.153673">
                <ele>2168</ele>
            </trkpt>
            <trkpt lat="46.665650" lon="8.153673">
                <ele>2168</ele>
            </trkpt>
            <trkpt lat="46.665646" lon="8.153659">
                <ele>2168</ele>
            </trkpt>
            <trkpt lat="46.665650" lon="8.153673">
                <ele>2168</ele>
            </trkpt>
            <trkpt lat="46.665650" lon="8.153673">
                <ele>2168</ele>
            </trkpt>
            <trkpt lat="46.665650" lon="8.153673">
                <ele>2168</ele>
            </trkpt>
            <trkpt lat="46.665650" lon="8.153673">
                <ele>2168</ele>
            </trkpt>
            <trkpt lat="46.665650" lon="8.153671">
                <ele>2168</ele>
            </trkpt>
            <trkpt lat="46.665647" lon="8.153677">
                <ele>2168</ele>
            </trkpt>
            <trkpt lat="46.665647" lon="8.153674">
                <ele>2168</ele>
            </trkpt>
            <trkpt lat="46.665648" lon="8.153675">
                <ele>2168</ele>
            </trkpt>
            <trkpt lat="46.665644" lon="8.153670">
                <ele>2168</ele>
            </trkpt>
            <trkpt lat="46.665650" lon="8.153673">
                <ele>2168</ele>
            </trkpt>
            <trkpt lat="46.665650" lon="8.153673">
                <ele>2168</ele>
            </trkpt>
            <trkpt lat="46.665650" lon="8.153673">
                <ele>2168</ele>
            </trkpt>
            <trkpt lat="46.665650" lon="8.153673">
                <ele>2168</ele>
            </trkpt>
            <trkpt lat="46.665647" lon="8.153675">
                <ele>2168</ele>
            </trkpt>
            <trkpt lat="46.665646" lon="8.153676">
                <ele>2168</ele>
            </trkpt>
            <trkpt lat="46.665648" lon="8.153667">
                <ele>2168</ele>
            </trkpt>
            <trkpt lat="46.665650" lon="8.153673">
                <ele>2168</ele>
            </trkpt>
            <trkpt lat="46.665650" lon="8.153673">
                <ele>2168</ele>
            </trkpt>
            <trkpt lat="46.665650" lon="8.153673">
                <ele>2168</ele>
            </trkpt>
            <trkpt lat="46.665648" lon="8.153668">
                <ele>2168</ele>
            </trkpt>
            <trkpt lat="46.665650" lon="8.153673">
                <ele>2168</ele>
            </trkpt>
            <trkpt lat="46.665645" lon="8.153661">
                <ele>2168</ele>
            </trkpt>
            <trkpt lat="46.665644" lon="8.153669">
                <ele>2168</ele>
            </trkpt>
            <trkpt lat="46.665645" lon="8.153675">
                <ele>2168</ele>
            </trkpt>
            <trkpt lat="46.665649" lon="8.153672">
                <ele>2168</ele>
            </trkpt>
            <trkpt lat="46.665652" lon="8.153665">
                <ele>2168</ele>
            </trkpt>
            <trkpt lat="46.665651" lon="8.153663">
                <ele>2168</ele>
            </trkpt>
            <trkpt lat="46.665650" lon="8.153673">
                <ele>2168</ele>
            </trkpt>
            <trkpt lat="46.665650" lon="8.153673">
                <ele>2168</ele>
            </trkpt>
            <trkpt lat="46.665650" lon="8.153673">
                <ele>2168</ele>
            </trkpt>
            <trkpt lat="46.665650" lon="8.153673">
                <ele>2168</ele>
            </trkpt>
            <trkpt lat="46.665652" lon="8.153660">
                <ele>2168</ele>
            </trkpt>
            <trkpt lat="46.665653" lon="8.153668">
                <ele>2168</ele>
            </trkpt>
            <trkpt lat="46.665650" lon="8.153673">
                <ele>2168</ele>
            </trkpt>
            <trkpt lat="46.665650" lon="8.153673">
                <ele>2168</ele>
            </trkpt>
            <trkpt lat="46.665650" lon="8.153673">
                <ele>2168</ele>
            </trkpt>
            <trkpt lat="46.665650" lon="8.153673">
                <ele>2168</ele>
            </trkpt>
            <trkpt lat="46.665650" lon="8.153673">
                <ele>2168</ele>
            </trkpt>
            <trkpt lat="46.665653" lon="8.153672">
                <ele>2168</ele>
            </trkpt>
            <trkpt lat="46.665650" lon="8.153673">
                <ele>2168</ele>
            </trkpt>
            <trkpt lat="46.665650" lon="8.153673">
                <ele>2168</ele>
            </trkpt>
            <trkpt lat="46.665650" lon="8.153673">
                <ele>2168</ele>
            </trkpt>
            <trkpt lat="46.665650" lon="8.153673">
                <ele>2168</ele>
            </trkpt>
            <trkpt lat="46.665650" lon="8.153673">
                <ele>2168</ele>
            </trkpt>
            <trkpt lat="46.665650" lon="8.153673">
                <ele>2168</ele>
            </trkpt>
            <trkpt lat="46.665650" lon="8.153673">
                <ele>2168</ele>
            </trkpt>
            <trkpt lat="46.665650" lon="8.153673">
                <ele>2168</ele>
            </trkpt>
            <trkpt lat="46.665650" lon="8.153673">
                <ele>2168</ele>
            </trkpt>
            <trkpt lat="46.665650" lon="8.153673">
                <ele>2168</ele>
            </trkpt>
            <trkpt lat="46.665654" lon="8.153680">
                <ele>2168</ele>
            </trkpt>
            <trkpt lat="46.665650" lon="8.153673">
                <ele>2168</ele>
            </trkpt>
            <trkpt lat="46.665650" lon="8.153673">
                <ele>2168</ele>
            </trkpt>
            <trkpt lat="46.665650" lon="8.153673">
                <ele>2168</ele>
            </trkpt>
            <trkpt lat="46.665650" lon="8.153673">
                <ele>2168</ele>
            </trkpt>
            <trkpt lat="46.665650" lon="8.153673">
                <ele>2168</ele>
            </trkpt>
            <trkpt lat="46.665650" lon="8.153673">
                <ele>2168</ele>
            </trkpt>
            <trkpt lat="46.665650" lon="8.153673">
                <ele>2168</ele>
            </trkpt>
            <trkpt lat="46.665650" lon="8.153673">
                <ele>2168</ele>
            </trkpt>
            <trkpt lat="46.665650" lon="8.153673">
                <ele>2168</ele>
            </trkpt>
            <trkpt lat="46.665650" lon="8.153673">
                <ele>2168</ele>
            </trkpt>
            <trkpt lat="46.665650" lon="8.153673">
                <ele>2168</ele>
            </trkpt>
            <trkpt lat="46.665650" lon="8.153673">
                <ele>2168</ele>
            </trkpt>
            <trkpt lat="46.665650" lon="8.153673">
                <ele>2168</ele>
            </trkpt>
            <trkpt lat="46.665650" lon="8.153673">
                <ele>2168</ele>
            </trkpt>
            <trkpt lat="46.665650" lon="8.153673">
                <ele>2168</ele>
            </trkpt>
            <trkpt lat="46.665650" lon="8.153673">
                <ele>2168</ele>
            </trkpt>
            <trkpt lat="46.665650" lon="8.153673">
                <ele>2168</ele>
            </trkpt>
            <trkpt lat="46.665650" lon="8.153673">
                <ele>2168</ele>
            </trkpt>
            <trkpt lat="46.665652" lon="8.153675">
                <ele>2168</ele>
            </trkpt>
            <trkpt lat="46.665649" lon="8.153678">
                <ele>2168</ele>
            </trkpt>
            <trkpt lat="46.665649" lon="8.153674">
                <ele>2168</ele>
            </trkpt>
            <trkpt lat="46.665650" lon="8.153673">
                <ele>2168</ele>
            </trkpt>
            <trkpt lat="46.665650" lon="8.153673">
                <ele>2168</ele>
            </trkpt>
            <trkpt lat="46.665650" lon="8.153673">
                <ele>2168</ele>
            </trkpt>
            <trkpt lat="46.665650" lon="8.153677">
                <ele>2168</ele>
            </trkpt>
            <trkpt lat="46.665648" lon="8.153683">
                <ele>2168</ele>
            </trkpt>
            <trkpt lat="46.665650" lon="8.153673">
                <ele>2168</ele>
            </trkpt>
            <trkpt lat="46.665647" lon="8.153688">
                <ele>2168</ele>
            </trkpt>
            <trkpt lat="46.665645" lon="8.153689">
                <ele>2168</ele>
            </trkpt>
            <trkpt lat="46.665644" lon="8.153678">
                <ele>2168</ele>
            </trkpt>
            <trkpt lat="46.665643" lon="8.153680">
                <ele>2168</ele>
            </trkpt>
            <trkpt lat="46.665650" lon="8.153673">
                <ele>2168</ele>
            </trkpt>
            <trkpt lat="46.665650" lon="8.153673">
                <ele>2168</ele>
            </trkpt>
            <trkpt lat="46.665651" lon="8.153669">
                <ele>2168</ele>
            </trkpt>
            <trkpt lat="46.665650" lon="8.153673">
                <ele>2168</ele>
            </trkpt>
            <trkpt lat="46.665650" lon="8.153667">
                <ele>2168</ele>
            </trkpt>
            <trkpt lat="46.665650" lon="8.153673">
                <ele>2168</ele>
            </trkpt>
            <trkpt lat="46.665650" lon="8.153673">
                <ele>2168</ele>
            </trkpt>
            <trkpt lat="46.665650" lon="8.153673">
                <ele>2168</ele>
            </trkpt>
            <trkpt lat="46.665650" lon="8.153673">
                <ele>2168</ele>
            </trkpt>
            <trkpt lat="46.665650" lon="8.153673">
                <ele>2168</ele>
            </trkpt>
            <trkpt lat="46.665650" lon="8.153673">
                <ele>2168</ele>
            </trkpt>
            <trkpt lat="46.665650" lon="8.153673">
                <ele>2168</ele>
            </trkpt>
            <trkpt lat="46.665650" lon="8.153673">
                <ele>2168</ele>
            </trkpt>
            <trkpt lat="46.665650" lon="8.153673">
                <ele>2168</ele>
            </trkpt>
            <trkpt lat="46.665650" lon="8.153673">
                <ele>2168</ele>
            </trkpt>
            <trkpt lat="46.665650" lon="8.153673">
                <ele>2168</ele>
            </trkpt>
            <trkpt lat="46.665650" lon="8.153673">
                <ele>2168</ele>
            </trkpt>
            <trkpt lat="46.665650" lon="8.153673">
                <ele>2168</ele>
            </trkpt>
            <trkpt lat="46.665650" lon="8.153673">
                <ele>2168</ele>
            </trkpt>
            <trkpt lat="46.665650" lon="8.153673">
                <ele>2168</ele>
            </trkpt>
            <trkpt lat="46.665650" lon="8.153673">
                <ele>2168</ele>
            </trkpt>
            <trkpt lat="46.665650" lon="8.153673">
                <ele>2168</ele>
            </trkpt>
            <trkpt lat="46.665650" lon="8.153673">
                <ele>2168</ele>
            </trkpt>
            <trkpt lat="46.665650" lon="8.153673">
                <ele>2168</ele>
            </trkpt>
            <trkpt lat="46.665650" lon="8.153673">
                <ele>2168</ele>
            </trkpt>
            <trkpt lat="46.665650" lon="8.153665">
                <ele>2168</ele>
            </trkpt>
            <trkpt lat="46.665650" lon="8.153673">
                <ele>2168</ele>
            </trkpt>
            <trkpt lat="46.665650" lon="8.153673">
                <ele>2168</ele>
            </trkpt>
            <trkpt lat="46.665643" lon="8.153660">
                <ele>2168</ele>
            </trkpt>
            <trkpt lat="46.665640" lon="8.153665">
                <ele>2168</ele>
            </trkpt>
            <trkpt lat="46.665641" lon="8.153674">
                <ele>2168</ele>
            </trkpt>
            <trkpt lat="46.665632" lon="8.153677">
                <ele>2168</ele>
            </trkpt>
            <trkpt lat="46.665627" lon="8.153677">
                <ele>2168</ele>
            </trkpt>
            <trkpt lat="46.665625" lon="8.153674">
                <ele>2168</ele>
            </trkpt>
            <trkpt lat="46.665625" lon="8.153674">
                <ele>2168</ele>
            </trkpt>
            <trkpt lat="46.665623" lon="8.153678">
                <ele>2168</ele>
            </trkpt>
            <trkpt lat="46.665616" lon="8.153664">
                <ele>2168</ele>
            </trkpt>
            <trkpt lat="46.665616" lon="8.153661">
                <ele>2168</ele>
            </trkpt>
            <trkpt lat="46.665609" lon="8.153648">
                <ele>2168</ele>
            </trkpt>
            <trkpt lat="46.665609" lon="8.153648">
                <ele>2168</ele>
            </trkpt>
            <trkpt lat="46.665607" lon="8.153644">
                <ele>2168</ele>
            </trkpt>
            <trkpt lat="46.665609" lon="8.153648">
                <ele>2168</ele>
            </trkpt>
            <trkpt lat="46.665609" lon="8.153648">
                <ele>2168</ele>
            </trkpt>
            <trkpt lat="46.665609" lon="8.153648">
                <ele>2168</ele>
            </trkpt>
            <trkpt lat="46.665609" lon="8.153648">
                <ele>2168</ele>
            </trkpt>
            <trkpt lat="46.665609" lon="8.153648">
                <ele>2168</ele>
            </trkpt>
            <trkpt lat="46.665595" lon="8.153643">
                <ele>2168</ele>
            </trkpt>
            <trkpt lat="46.665594" lon="8.153640">
                <ele>2168</ele>
            </trkpt>
            <trkpt lat="46.665594" lon="8.153640">
                <ele>2168</ele>
            </trkpt>
            <trkpt lat="46.665594" lon="8.153640">
                <ele>2168</ele>
            </trkpt>
            <trkpt lat="46.665594" lon="8.153640">
                <ele>2168</ele>
            </trkpt>
            <trkpt lat="46.665594" lon="8.153640">
                <ele>2168</ele>
            </trkpt>
            <trkpt lat="46.665594" lon="8.153640">
                <ele>2168</ele>
            </trkpt>
            <trkpt lat="46.665594" lon="8.153640">
                <ele>2168</ele>
            </trkpt>
            <trkpt lat="46.665591" lon="8.153631">
                <ele>2168</ele>
            </trkpt>
            <trkpt lat="46.665580" lon="8.153624">
                <ele>2168</ele>
            </trkpt>
            <trkpt lat="46.665580" lon="8.153624">
                <ele>2168</ele>
            </trkpt>
            <trkpt lat="46.665580" lon="8.153624">
                <ele>2168</ele>
            </trkpt>
            <trkpt lat="46.665580" lon="8.153624">
                <ele>2168</ele>
            </trkpt>
            <trkpt lat="46.665580" lon="8.153624">
                <ele>2168</ele>
            </trkpt>
            <trkpt lat="46.665580" lon="8.153624">
                <ele>2168</ele>
            </trkpt>
            <trkpt lat="46.665580" lon="8.153624">
                <ele>2168</ele>
            </trkpt>
            <trkpt lat="46.665580" lon="8.153624">
                <ele>2168</ele>
            </trkpt>
            <trkpt lat="46.665580" lon="8.153624">
                <ele>2168</ele>
            </trkpt>
            <trkpt lat="46.665580" lon="8.153624">
                <ele>2168</ele>
            </trkpt>
            <trkpt lat="46.665578" lon="8.153630">
                <ele>2168</ele>
            </trkpt>
            <trkpt lat="46.665578" lon="8.153630">
                <ele>2168</ele>
            </trkpt>
            <trkpt lat="46.665583" lon="8.153620">
                <ele>2168</ele>
            </trkpt>
            <trkpt lat="46.665583" lon="8.153620">
                <ele>2168</ele>
            </trkpt>
            <trkpt lat="46.665583" lon="8.153620">
                <ele>2168</ele>
            </trkpt>
            <trkpt lat="46.665580" lon="8.153634">
                <ele>2168</ele>
            </trkpt>
            <trkpt lat="46.665580" lon="8.153624">
                <ele>2168</ele>
            </trkpt>
            <trkpt lat="46.665580" lon="8.153624">
                <ele>2168</ele>
            </trkpt>
            <trkpt lat="46.665580" lon="8.153624">
                <ele>2168</ele>
            </trkpt>
            <trkpt lat="46.665580" lon="8.153624">
                <ele>2168</ele>
            </trkpt>
            <trkpt lat="46.665580" lon="8.153624">
                <ele>2168</ele>
            </trkpt>
            <trkpt lat="46.665580" lon="8.153624">
                <ele>2168</ele>
            </trkpt>
            <trkpt lat="46.665580" lon="8.153624">
                <ele>2168</ele>
            </trkpt>
            <trkpt lat="46.665580" lon="8.153624">
                <ele>2168</ele>
            </trkpt>
            <trkpt lat="46.665580" lon="8.153624">
                <ele>2168</ele>
            </trkpt>
            <trkpt lat="46.665580" lon="8.153624">
                <ele>2168</ele>
            </trkpt>
            <trkpt lat="46.665580" lon="8.153624">
                <ele>2168</ele>
            </trkpt>
            <trkpt lat="46.665580" lon="8.153624">
                <ele>2168</ele>
            </trkpt>
            <trkpt lat="46.665580" lon="8.153624">
                <ele>2168</ele>
            </trkpt>
            <trkpt lat="46.665580" lon="8.153624">
                <ele>2168</ele>
            </trkpt>
            <trkpt lat="46.665580" lon="8.153624">
                <ele>2168</ele>
            </trkpt>
            <trkpt lat="46.665580" lon="8.153624">
                <ele>2168</ele>
            </trkpt>
            <trkpt lat="46.665580" lon="8.153624">
                <ele>2168</ele>
            </trkpt>
            <trkpt lat="46.665580" lon="8.153624">
                <ele>2168</ele>
            </trkpt>
            <trkpt lat="46.665580" lon="8.153624">
                <ele>2168</ele>
            </trkpt>
            <trkpt lat="46.665580" lon="8.153624">
                <ele>2168</ele>
            </trkpt>
            <trkpt lat="46.665580" lon="8.153624">
                <ele>2168</ele>
            </trkpt>
            <trkpt lat="46.665582" lon="8.153636">
                <ele>2168</ele>
            </trkpt>
            <trkpt lat="46.665580" lon="8.153624">
                <ele>2168</ele>
            </trkpt>
            <trkpt lat="46.665584" lon="8.153631">
                <ele>2168</ele>
            </trkpt>
            <trkpt lat="46.665580" lon="8.153624">
                <ele>2168</ele>
            </trkpt>
            <trkpt lat="46.665580" lon="8.153624">
                <ele>2168</ele>
            </trkpt>
            <trkpt lat="46.665580" lon="8.153624">
                <ele>2168</ele>
            </trkpt>
            <trkpt lat="46.665580" lon="8.153624">
                <ele>2168</ele>
            </trkpt>
            <trkpt lat="46.665595" lon="8.153618">
                <ele>2168</ele>
            </trkpt>
            <trkpt lat="46.665595" lon="8.153621">
                <ele>2168</ele>
            </trkpt>
            <trkpt lat="46.665598" lon="8.153624">
                <ele>2168</ele>
            </trkpt>
            <trkpt lat="46.665598" lon="8.153624">
                <ele>2168</ele>
            </trkpt>
            <trkpt lat="46.665598" lon="8.153625">
                <ele>2168</ele>
            </trkpt>
            <trkpt lat="46.665599" lon="8.153625">
                <ele>2168</ele>
            </trkpt>
            <trkpt lat="46.665598" lon="8.153625">
                <ele>2168</ele>
            </trkpt>
            <trkpt lat="46.665598" lon="8.153625">
                <ele>2168</ele>
            </trkpt>
            <trkpt lat="46.665598" lon="8.153625">
                <ele>2168</ele>
            </trkpt>
            <trkpt lat="46.665598" lon="8.153625">
                <ele>2168</ele>
            </trkpt>
            <trkpt lat="46.665610" lon="8.153635">
                <ele>2168</ele>
            </trkpt>
            <trkpt lat="46.665610" lon="8.153635">
                <ele>2168</ele>
            </trkpt>
            <trkpt lat="46.665610" lon="8.153635">
                <ele>2168</ele>
            </trkpt>
            <trkpt lat="46.665610" lon="8.153635">
                <ele>2168</ele>
            </trkpt>
            <trkpt lat="46.665610" lon="8.153635">
                <ele>2168</ele>
            </trkpt>
            <trkpt lat="46.665610" lon="8.153635">
                <ele>2168</ele>
            </trkpt>
            <trkpt lat="46.665610" lon="8.153635">
                <ele>2168</ele>
            </trkpt>
            <trkpt lat="46.665610" lon="8.153635">
                <ele>2168</ele>
            </trkpt>
            <trkpt lat="46.665610" lon="8.153635">
                <ele>2168</ele>
            </trkpt>
            <trkpt lat="46.665610" lon="8.153635">
                <ele>2168</ele>
            </trkpt>
            <trkpt lat="46.665610" lon="8.153635">
                <ele>2168</ele>
            </trkpt>
            <trkpt lat="46.665605" lon="8.153638">
                <ele>2168</ele>
            </trkpt>
            <trkpt lat="46.665610" lon="8.153635">
                <ele>2168</ele>
            </trkpt>
            <trkpt lat="46.665595" lon="8.153628">
                <ele>2168</ele>
            </trkpt>
            <trkpt lat="46.665595" lon="8.153627">
                <ele>2168</ele>
            </trkpt>
            <trkpt lat="46.665595" lon="8.153617">
                <ele>2168</ele>
            </trkpt>
            <trkpt lat="46.665596" lon="8.153608">
                <ele>2168</ele>
            </trkpt>
            <trkpt lat="46.665595" lon="8.153598">
                <ele>2168</ele>
            </trkpt>
            <trkpt lat="46.665589" lon="8.153596">
                <ele>2168</ele>
            </trkpt>
            <trkpt lat="46.665589" lon="8.153596">
                <ele>2168</ele>
            </trkpt>
            <trkpt lat="46.665589" lon="8.153596">
                <ele>2168</ele>
            </trkpt>
            <trkpt lat="46.665589" lon="8.153596">
                <ele>2168</ele>
            </trkpt>
            <trkpt lat="46.665593" lon="8.153587">
                <ele>2168</ele>
            </trkpt>
            <trkpt lat="46.665589" lon="8.153596">
                <ele>2168</ele>
            </trkpt>
            <trkpt lat="46.665605" lon="8.153576">
                <ele>2168</ele>
            </trkpt>
            <trkpt lat="46.665605" lon="8.153576">
                <ele>2168</ele>
            </trkpt>
            <trkpt lat="46.665606" lon="8.153578">
                <ele>2168</ele>
            </trkpt>
            <trkpt lat="46.665608" lon="8.153573">
                <ele>2168</ele>
            </trkpt>
            <trkpt lat="46.665605" lon="8.153576">
                <ele>2168</ele>
            </trkpt>
            <trkpt lat="46.665605" lon="8.153576">
                <ele>2168</ele>
            </trkpt>
            <trkpt lat="46.665605" lon="8.153576">
                <ele>2168</ele>
            </trkpt>
            <trkpt lat="46.665605" lon="8.153576">
                <ele>2168</ele>
            </trkpt>
            <trkpt lat="46.665605" lon="8.153576">
                <ele>2168</ele>
            </trkpt>
            <trkpt lat="46.665605" lon="8.153576">
                <ele>2168</ele>
            </trkpt>
            <trkpt lat="46.665613" lon="8.153584">
                <ele>2168</ele>
            </trkpt>
            <trkpt lat="46.665605" lon="8.153576">
                <ele>2168</ele>
            </trkpt>
            <trkpt lat="46.665605" lon="8.153576">
                <ele>2168</ele>
            </trkpt>
            <trkpt lat="46.665617" lon="8.153581">
                <ele>2168</ele>
            </trkpt>
            <trkpt lat="46.665617" lon="8.153570">
                <ele>2168</ele>
            </trkpt>
            <trkpt lat="46.665605" lon="8.153576">
                <ele>2168</ele>
            </trkpt>
            <trkpt lat="46.665605" lon="8.153576">
                <ele>2168</ele>
            </trkpt>
            <trkpt lat="46.665616" lon="8.153571">
                <ele>2168</ele>
            </trkpt>
            <trkpt lat="46.665605" lon="8.153576">
                <ele>2168</ele>
            </trkpt>
            <trkpt lat="46.665605" lon="8.153576">
                <ele>2168</ele>
            </trkpt>
            <trkpt lat="46.665605" lon="8.153576">
                <ele>2168</ele>
            </trkpt>
            <trkpt lat="46.665605" lon="8.153576">
                <ele>2168</ele>
            </trkpt>
            <trkpt lat="46.665605" lon="8.153576">
                <ele>2168</ele>
            </trkpt>
            <trkpt lat="46.665605" lon="8.153576">
                <ele>2168</ele>
            </trkpt>
            <trkpt lat="46.665613" lon="8.153564">
                <ele>2168</ele>
            </trkpt>
            <trkpt lat="46.665605" lon="8.153576">
                <ele>2168</ele>
            </trkpt>
            <trkpt lat="46.665605" lon="8.153576">
                <ele>2168</ele>
            </trkpt>
            <trkpt lat="46.665608" lon="8.153565">
                <ele>2168</ele>
            </trkpt>
            <trkpt lat="46.665605" lon="8.153576">
                <ele>2168</ele>
            </trkpt>
            <trkpt lat="46.665604" lon="8.153566">
                <ele>2168</ele>
            </trkpt>
            <trkpt lat="46.665605" lon="8.153576">
                <ele>2168</ele>
            </trkpt>
            <trkpt lat="46.665605" lon="8.153576">
                <ele>2168</ele>
            </trkpt>
            <trkpt lat="46.665605" lon="8.153576">
                <ele>2168</ele>
            </trkpt>
            <trkpt lat="46.665605" lon="8.153576">
                <ele>2168</ele>
            </trkpt>
            <trkpt lat="46.665605" lon="8.153576">
                <ele>2168</ele>
            </trkpt>
            <trkpt lat="46.665610" lon="8.153564">
                <ele>2168</ele>
            </trkpt>
            <trkpt lat="46.665611" lon="8.153555">
                <ele>2168</ele>
            </trkpt>
            <trkpt lat="46.665620" lon="8.153545">
                <ele>2168</ele>
            </trkpt>
            <trkpt lat="46.665631" lon="8.153533">
                <ele>2168</ele>
            </trkpt>
            <trkpt lat="46.665631" lon="8.153534">
                <ele>2168</ele>
            </trkpt>
            <trkpt lat="46.665631" lon="8.153534">
                <ele>2168</ele>
            </trkpt>
            <trkpt lat="46.665631" lon="8.153534">
                <ele>2168</ele>
            </trkpt>
            <trkpt lat="46.665631" lon="8.153534">
                <ele>2168</ele>
            </trkpt>
            <trkpt lat="46.665641" lon="8.153531">
                <ele>2168</ele>
            </trkpt>
            <trkpt lat="46.665644" lon="8.153530">
                <ele>2168</ele>
            </trkpt>
            <trkpt lat="46.665645" lon="8.153530">
                <ele>2168</ele>
            </trkpt>
            <trkpt lat="46.665648" lon="8.153536">
                <ele>2168</ele>
            </trkpt>
            <trkpt lat="46.665668" lon="8.153521">
                <ele>2168</ele>
            </trkpt>
            <trkpt lat="46.665669" lon="8.153514">
                <ele>2168</ele>
            </trkpt>
            <trkpt lat="46.665667" lon="8.153508">
                <ele>2168</ele>
            </trkpt>
            <trkpt lat="46.665665" lon="8.153509">
                <ele>2168</ele>
            </trkpt>
            <trkpt lat="46.665665" lon="8.153509">
                <ele>2168</ele>
            </trkpt>
            <trkpt lat="46.665656" lon="8.153506">
                <ele>2168</ele>
            </trkpt>
            <trkpt lat="46.665654" lon="8.153525">
                <ele>2168</ele>
            </trkpt>
            <trkpt lat="46.665653" lon="8.153505">
                <ele>2168</ele>
            </trkpt>
            <trkpt lat="46.665649" lon="8.153499">
                <ele>2168</ele>
            </trkpt>
            <trkpt lat="46.665648" lon="8.153493">
                <ele>2168</ele>
            </trkpt>
            <trkpt lat="46.665653" lon="8.153491">
                <ele>2168</ele>
            </trkpt>
            <trkpt lat="46.665649" lon="8.153493">
                <ele>2168</ele>
            </trkpt>
            <trkpt lat="46.665649" lon="8.153493">
                <ele>2168</ele>
            </trkpt>
            <trkpt lat="46.665649" lon="8.153493">
                <ele>2168</ele>
            </trkpt>
            <trkpt lat="46.665660" lon="8.153480">
                <ele>2168</ele>
            </trkpt>
            <trkpt lat="46.665660" lon="8.153477">
                <ele>2168</ele>
            </trkpt>
            <trkpt lat="46.665660" lon="8.153477">
                <ele>2168</ele>
            </trkpt>
            <trkpt lat="46.665660" lon="8.153477">
                <ele>2168</ele>
            </trkpt>
            <trkpt lat="46.665660" lon="8.153477">
                <ele>2168</ele>
            </trkpt>
            <trkpt lat="46.665660" lon="8.153477">
                <ele>2168</ele>
            </trkpt>
            <trkpt lat="46.665660" lon="8.153477">
                <ele>2168</ele>
            </trkpt>
            <trkpt lat="46.665660" lon="8.153477">
                <ele>2168</ele>
            </trkpt>
            <trkpt lat="46.665660" lon="8.153477">
                <ele>2168</ele>
            </trkpt>
            <trkpt lat="46.665660" lon="8.153477">
                <ele>2168</ele>
            </trkpt>
            <trkpt lat="46.665660" lon="8.153477">
                <ele>2168</ele>
            </trkpt>
            <trkpt lat="46.665660" lon="8.153477">
                <ele>2168</ele>
            </trkpt>
            <trkpt lat="46.665660" lon="8.153477">
                <ele>2168</ele>
            </trkpt>
            <trkpt lat="46.665660" lon="8.153477">
                <ele>2168</ele>
            </trkpt>
            <trkpt lat="46.665681" lon="8.153463">
                <ele>2212</ele>
            </trkpt>
            <trkpt lat="46.665681" lon="8.153463">
                <ele>2212</ele>
            </trkpt>
            <trkpt lat="46.665681" lon="8.153463">
                <ele>2212</ele>
            </trkpt>
            <trkpt lat="46.665681" lon="8.153463">
                <ele>2212</ele>
            </trkpt>
            <trkpt lat="46.665681" lon="8.153471">
                <ele>2212</ele>
            </trkpt>
            <trkpt lat="46.665681" lon="8.153463">
                <ele>2212</ele>
            </trkpt>
            <trkpt lat="46.665681" lon="8.153463">
                <ele>2212</ele>
            </trkpt>
            <trkpt lat="46.665681" lon="8.153463">
                <ele>2212</ele>
            </trkpt>
            <trkpt lat="46.665684" lon="8.153482">
                <ele>2168</ele>
            </trkpt>
            <trkpt lat="46.665685" lon="8.153476">
                <ele>2168</ele>
            </trkpt>
            <trkpt lat="46.665684" lon="8.153482">
                <ele>2168</ele>
            </trkpt>
            <trkpt lat="46.665684" lon="8.153482">
                <ele>2168</ele>
            </trkpt>
            <trkpt lat="46.665687" lon="8.153476">
                <ele>2168</ele>
            </trkpt>
            <trkpt lat="46.665684" lon="8.153482">
                <ele>2168</ele>
            </trkpt>
            <trkpt lat="46.665684" lon="8.153482">
                <ele>2168</ele>
            </trkpt>
            <trkpt lat="46.665684" lon="8.153482">
                <ele>2168</ele>
            </trkpt>
            <trkpt lat="46.665687" lon="8.153501">
                <ele>2168</ele>
            </trkpt>
            <trkpt lat="46.665690" lon="8.153500">
                <ele>2168</ele>
            </trkpt>
            <trkpt lat="46.665690" lon="8.153500">
                <ele>2168</ele>
            </trkpt>
            <trkpt lat="46.665690" lon="8.153500">
                <ele>2168</ele>
            </trkpt>
            <trkpt lat="46.665690" lon="8.153500">
                <ele>2168</ele>
            </trkpt>
            <trkpt lat="46.665690" lon="8.153500">
                <ele>2168</ele>
            </trkpt>
            <trkpt lat="46.665688" lon="8.153498">
                <ele>2168</ele>
            </trkpt>
            <trkpt lat="46.665688" lon="8.153505">
                <ele>2168</ele>
            </trkpt>
            <trkpt lat="46.665690" lon="8.153500">
                <ele>2168</ele>
            </trkpt>
            <trkpt lat="46.665690" lon="8.153500">
                <ele>2168</ele>
            </trkpt>
            <trkpt lat="46.665690" lon="8.153500">
                <ele>2168</ele>
            </trkpt>
            <trkpt lat="46.665687" lon="8.153513">
                <ele>2168</ele>
            </trkpt>
            <trkpt lat="46.665690" lon="8.153500">
                <ele>2168</ele>
            </trkpt>
            <trkpt lat="46.665690" lon="8.153500">
                <ele>2168</ele>
            </trkpt>
            <trkpt lat="46.665690" lon="8.153500">
                <ele>2168</ele>
            </trkpt>
            <trkpt lat="46.665690" lon="8.153500">
                <ele>2168</ele>
            </trkpt>
            <trkpt lat="46.665690" lon="8.153500">
                <ele>2168</ele>
            </trkpt>
            <trkpt lat="46.665690" lon="8.153500">
                <ele>2168</ele>
            </trkpt>
            <trkpt lat="46.665690" lon="8.153500">
                <ele>2168</ele>
            </trkpt>
            <trkpt lat="46.665690" lon="8.153500">
                <ele>2168</ele>
            </trkpt>
            <trkpt lat="46.665690" lon="8.153500">
                <ele>2168</ele>
            </trkpt>
            <trkpt lat="46.665690" lon="8.153500">
                <ele>2168</ele>
            </trkpt>
            <trkpt lat="46.665690" lon="8.153500">
                <ele>2168</ele>
            </trkpt>
            <trkpt lat="46.665688" lon="8.153518">
                <ele>2168</ele>
            </trkpt>
            <trkpt lat="46.665688" lon="8.153516">
                <ele>2168</ele>
            </trkpt>
            <trkpt lat="46.665684" lon="8.153520">
                <ele>2168</ele>
            </trkpt>
            <trkpt lat="46.665685" lon="8.153520">
                <ele>2168</ele>
            </trkpt>
            <trkpt lat="46.665685" lon="8.153525">
                <ele>2168</ele>
            </trkpt>
            <trkpt lat="46.665685" lon="8.153525">
                <ele>2168</ele>
            </trkpt>
            <trkpt lat="46.665685" lon="8.153525">
                <ele>2168</ele>
            </trkpt>
            <trkpt lat="46.665685" lon="8.153525">
                <ele>2168</ele>
            </trkpt>
            <trkpt lat="46.665685" lon="8.153525">
                <ele>2168</ele>
            </trkpt>
            <trkpt lat="46.665685" lon="8.153525">
                <ele>2168</ele>
            </trkpt>
            <trkpt lat="46.665685" lon="8.153525">
                <ele>2168</ele>
            </trkpt>
            <trkpt lat="46.665685" lon="8.153525">
                <ele>2168</ele>
            </trkpt>
            <trkpt lat="46.665685" lon="8.153525">
                <ele>2168</ele>
            </trkpt>
            <trkpt lat="46.665685" lon="8.153525">
                <ele>2168</ele>
            </trkpt>
            <trkpt lat="46.665685" lon="8.153525">
                <ele>2168</ele>
            </trkpt>
            <trkpt lat="46.665685" lon="8.153525">
                <ele>2168</ele>
            </trkpt>
            <trkpt lat="46.665685" lon="8.153525">
                <ele>2168</ele>
            </trkpt>
            <trkpt lat="46.665685" lon="8.153525">
                <ele>2168</ele>
            </trkpt>
            <trkpt lat="46.665686" lon="8.153526">
                <ele>2168</ele>
            </trkpt>
            <trkpt lat="46.665685" lon="8.153525">
                <ele>2168</ele>
            </trkpt>
            <trkpt lat="46.665685" lon="8.153525">
                <ele>2168</ele>
            </trkpt>
            <trkpt lat="46.665685" lon="8.153525">
                <ele>2168</ele>
            </trkpt>
            <trkpt lat="46.665685" lon="8.153525">
                <ele>2168</ele>
            </trkpt>
            <trkpt lat="46.665685" lon="8.153523">
                <ele>2168</ele>
            </trkpt>
            <trkpt lat="46.665685" lon="8.153525">
                <ele>2168</ele>
            </trkpt>
            <trkpt lat="46.665685" lon="8.153525">
                <ele>2168</ele>
            </trkpt>
            <trkpt lat="46.665685" lon="8.153525">
                <ele>2168</ele>
            </trkpt>
            <trkpt lat="46.665685" lon="8.153525">
                <ele>2168</ele>
            </trkpt>
            <trkpt lat="46.665685" lon="8.153525">
                <ele>2168</ele>
            </trkpt>
            <trkpt lat="46.665685" lon="8.153525">
                <ele>2168</ele>
            </trkpt>
            <trkpt lat="46.665685" lon="8.153525">
                <ele>2168</ele>
            </trkpt>
            <trkpt lat="46.665686" lon="8.153522">
                <ele>2168</ele>
            </trkpt>
            <trkpt lat="46.665685" lon="8.153525">
                <ele>2168</ele>
            </trkpt>
            <trkpt lat="46.665685" lon="8.153525">
                <ele>2168</ele>
            </trkpt>
            <trkpt lat="46.665687" lon="8.153520">
                <ele>2168</ele>
            </trkpt>
            <trkpt lat="46.665685" lon="8.153525">
                <ele>2168</ele>
            </trkpt>
            <trkpt lat="46.665685" lon="8.153525">
                <ele>2168</ele>
            </trkpt>
            <trkpt lat="46.665685" lon="8.153525">
                <ele>2168</ele>
            </trkpt>
            <trkpt lat="46.665687" lon="8.153530">
                <ele>2168</ele>
            </trkpt>
            <trkpt lat="46.665685" lon="8.153525">
                <ele>2168</ele>
            </trkpt>
            <trkpt lat="46.665685" lon="8.153525">
                <ele>2168</ele>
            </trkpt>
            <trkpt lat="46.665685" lon="8.153525">
                <ele>2168</ele>
            </trkpt>
            <trkpt lat="46.665685" lon="8.153525">
                <ele>2168</ele>
            </trkpt>
            <trkpt lat="46.665685" lon="8.153525">
                <ele>2168</ele>
            </trkpt>
            <trkpt lat="46.665685" lon="8.153525">
                <ele>2168</ele>
            </trkpt>
            <trkpt lat="46.665685" lon="8.153525">
                <ele>2168</ele>
            </trkpt>
            <trkpt lat="46.665685" lon="8.153525">
                <ele>2168</ele>
            </trkpt>
            <trkpt lat="46.665685" lon="8.153525">
                <ele>2168</ele>
            </trkpt>
            <trkpt lat="46.665685" lon="8.153525">
                <ele>2168</ele>
            </trkpt>
            <trkpt lat="46.665685" lon="8.153525">
                <ele>2168</ele>
            </trkpt>
            <trkpt lat="46.665685" lon="8.153525">
                <ele>2168</ele>
            </trkpt>
            <trkpt lat="46.665685" lon="8.153525">
                <ele>2168</ele>
            </trkpt>
            <trkpt lat="46.665685" lon="8.153525">
                <ele>2168</ele>
            </trkpt>
            <trkpt lat="46.665685" lon="8.153525">
                <ele>2168</ele>
            </trkpt>
            <trkpt lat="46.665685" lon="8.153525">
                <ele>2168</ele>
            </trkpt>
            <trkpt lat="46.665689" lon="8.153514">
                <ele>2168</ele>
            </trkpt>
            <trkpt lat="46.665691" lon="8.153513">
                <ele>2168</ele>
            </trkpt>
            <trkpt lat="46.665685" lon="8.153525">
                <ele>2168</ele>
            </trkpt>
            <trkpt lat="46.665685" lon="8.153525">
                <ele>2168</ele>
            </trkpt>
            <trkpt lat="46.665685" lon="8.153525">
                <ele>2168</ele>
            </trkpt>
            <trkpt lat="46.665685" lon="8.153525">
                <ele>2168</ele>
            </trkpt>
            <trkpt lat="46.665685" lon="8.153525">
                <ele>2168</ele>
            </trkpt>
            <trkpt lat="46.665685" lon="8.153525">
                <ele>2168</ele>
            </trkpt>
            <trkpt lat="46.665685" lon="8.153525">
                <ele>2168</ele>
            </trkpt>
            <trkpt lat="46.665685" lon="8.153525">
                <ele>2168</ele>
            </trkpt>
            <trkpt lat="46.665685" lon="8.153525">
                <ele>2168</ele>
            </trkpt>
            <trkpt lat="46.665685" lon="8.153525">
                <ele>2168</ele>
            </trkpt>
            <trkpt lat="46.665685" lon="8.153525">
                <ele>2168</ele>
            </trkpt>
            <trkpt lat="46.665685" lon="8.153525">
                <ele>2168</ele>
            </trkpt>
            <trkpt lat="46.665685" lon="8.153525">
                <ele>2168</ele>
            </trkpt>
            <trkpt lat="46.665688" lon="8.153520">
                <ele>2168</ele>
            </trkpt>
            <trkpt lat="46.665685" lon="8.153525">
                <ele>2168</ele>
            </trkpt>
            <trkpt lat="46.665685" lon="8.153525">
                <ele>2168</ele>
            </trkpt>
            <trkpt lat="46.665685" lon="8.153525">
                <ele>2168</ele>
            </trkpt>
            <trkpt lat="46.665685" lon="8.153525">
                <ele>2168</ele>
            </trkpt>
            <trkpt lat="46.665685" lon="8.153525">
                <ele>2168</ele>
            </trkpt>
            <trkpt lat="46.665685" lon="8.153525">
                <ele>2168</ele>
            </trkpt>
            <trkpt lat="46.665683" lon="8.153519">
                <ele>2168</ele>
            </trkpt>
            <trkpt lat="46.665685" lon="8.153525">
                <ele>2168</ele>
            </trkpt>
            <trkpt lat="46.665685" lon="8.153525">
                <ele>2168</ele>
            </trkpt>
            <trkpt lat="46.665685" lon="8.153525">
                <ele>2168</ele>
            </trkpt>
            <trkpt lat="46.665685" lon="8.153518">
                <ele>2168</ele>
            </trkpt>
            <trkpt lat="46.665690" lon="8.153521">
                <ele>2168</ele>
            </trkpt>
            <trkpt lat="46.665685" lon="8.153525">
                <ele>2168</ele>
            </trkpt>
            <trkpt lat="46.665685" lon="8.153525">
                <ele>2168</ele>
            </trkpt>
            <trkpt lat="46.665689" lon="8.153518">
                <ele>2168</ele>
            </trkpt>
            <trkpt lat="46.665685" lon="8.153525">
                <ele>2168</ele>
            </trkpt>
            <trkpt lat="46.665690" lon="8.153514">
                <ele>2168</ele>
            </trkpt>
            <trkpt lat="46.665685" lon="8.153525">
                <ele>2168</ele>
            </trkpt>
            <trkpt lat="46.665685" lon="8.153525">
                <ele>2168</ele>
            </trkpt>
            <trkpt lat="46.665685" lon="8.153525">
                <ele>2168</ele>
            </trkpt>
            <trkpt lat="46.665696" lon="8.153509">
                <ele>2208</ele>
            </trkpt>
            <trkpt lat="46.665695" lon="8.153519">
                <ele>2208</ele>
            </trkpt>
            <trkpt lat="46.665684" lon="8.153508">
                <ele>2168</ele>
            </trkpt>
            <trkpt lat="46.665686" lon="8.153513">
                <ele>2168</ele>
            </trkpt>
            <trkpt lat="46.665685" lon="8.153525">
                <ele>2168</ele>
            </trkpt>
            <trkpt lat="46.665685" lon="8.153525">
                <ele>2168</ele>
            </trkpt>
            <trkpt lat="46.665685" lon="8.153525">
                <ele>2168</ele>
            </trkpt>
            <trkpt lat="46.665685" lon="8.153525">
                <ele>2168</ele>
            </trkpt>
            <trkpt lat="46.665685" lon="8.153525">
                <ele>2168</ele>
            </trkpt>
            <trkpt lat="46.665685" lon="8.153525">
                <ele>2168</ele>
            </trkpt>
            <trkpt lat="46.665685" lon="8.153525">
                <ele>2168</ele>
            </trkpt>
            <trkpt lat="46.665685" lon="8.153525">
                <ele>2168</ele>
            </trkpt>
            <trkpt lat="46.665685" lon="8.153525">
                <ele>2168</ele>
            </trkpt>
            <trkpt lat="46.665691" lon="8.153518">
                <ele>2168</ele>
            </trkpt>
            <trkpt lat="46.665683" lon="8.153521">
                <ele>2168</ele>
            </trkpt>
            <trkpt lat="46.665681" lon="8.153527">
                <ele>2168</ele>
            </trkpt>
            <trkpt lat="46.665685" lon="8.153525">
                <ele>2168</ele>
            </trkpt>
            <trkpt lat="46.665685" lon="8.153525">
                <ele>2168</ele>
            </trkpt>
            <trkpt lat="46.665687" lon="8.153510">
                <ele>2168</ele>
            </trkpt>
            <trkpt lat="46.665687" lon="8.153510">
                <ele>2168</ele>
            </trkpt>
            <trkpt lat="46.665687" lon="8.153510">
                <ele>2168</ele>
            </trkpt>
            <trkpt lat="46.665687" lon="8.153510">
                <ele>2168</ele>
            </trkpt>
            <trkpt lat="46.665687" lon="8.153510">
                <ele>2168</ele>
            </trkpt>
            <trkpt lat="46.665685" lon="8.153525">
                <ele>2168</ele>
            </trkpt>
            <trkpt lat="46.665685" lon="8.153525">
                <ele>2168</ele>
            </trkpt>
            <trkpt lat="46.665685" lon="8.153525">
                <ele>2168</ele>
            </trkpt>
            <trkpt lat="46.665685" lon="8.153525">
                <ele>2168</ele>
            </trkpt>
            <trkpt lat="46.665685" lon="8.153525">
                <ele>2168</ele>
            </trkpt>
            <trkpt lat="46.665687" lon="8.153529">
                <ele>2168</ele>
            </trkpt>
            <trkpt lat="46.665689" lon="8.153523">
                <ele>2168</ele>
            </trkpt>
            <trkpt lat="46.665680" lon="8.153534">
                <ele>2168</ele>
            </trkpt>
            <trkpt lat="46.665682" lon="8.153533">
                <ele>2168</ele>
            </trkpt>
            <trkpt lat="46.665683" lon="8.153539">
                <ele>2168</ele>
            </trkpt>
            <trkpt lat="46.665684" lon="8.153533">
                <ele>2168</ele>
            </trkpt>
            <trkpt lat="46.665682" lon="8.153545">
                <ele>2168</ele>
            </trkpt>
            <trkpt lat="46.665682" lon="8.153538">
                <ele>2168</ele>
            </trkpt>
            <trkpt lat="46.665685" lon="8.153525">
                <ele>2168</ele>
            </trkpt>
            <trkpt lat="46.665681" lon="8.153543">
                <ele>2168</ele>
            </trkpt>
            <trkpt lat="46.665680" lon="8.153550">
                <ele>2168</ele>
            </trkpt>
            <trkpt lat="46.665680" lon="8.153546">
                <ele>2168</ele>
            </trkpt>
            <trkpt lat="46.665685" lon="8.153547">
                <ele>2168</ele>
            </trkpt>
            <trkpt lat="46.665680" lon="8.153543">
                <ele>2168</ele>
            </trkpt>
            <trkpt lat="46.665680" lon="8.153550">
                <ele>2168</ele>
            </trkpt>
            <trkpt lat="46.665680" lon="8.153550">
                <ele>2168</ele>
            </trkpt>
            <trkpt lat="46.665680" lon="8.153550">
                <ele>2168</ele>
            </trkpt>
            <trkpt lat="46.665680" lon="8.153550">
                <ele>2168</ele>
            </trkpt>
            <trkpt lat="46.665680" lon="8.153550">
                <ele>2168</ele>
            </trkpt>
            <trkpt lat="46.665680" lon="8.153550">
                <ele>2168</ele>
            </trkpt>
            <trkpt lat="46.665678" lon="8.153546">
                <ele>2168</ele>
            </trkpt>
            <trkpt lat="46.665676" lon="8.153545">
                <ele>2168</ele>
            </trkpt>
            <trkpt lat="46.665680" lon="8.153542">
                <ele>2168</ele>
            </trkpt>
            <trkpt lat="46.665683" lon="8.153540">
                <ele>2168</ele>
            </trkpt>
            <trkpt lat="46.665689" lon="8.153540">
                <ele>2168</ele>
            </trkpt>
            <trkpt lat="46.665694" lon="8.153526">
                <ele>2168</ele>
            </trkpt>
            <trkpt lat="46.665696" lon="8.153520">
                <ele>2208</ele>
            </trkpt>
            <trkpt lat="46.665699" lon="8.153511">
                <ele>2208</ele>
            </trkpt>
            <trkpt lat="46.665701" lon="8.153509">
                <ele>2208</ele>
            </trkpt>
            <trkpt lat="46.665707" lon="8.153513">
                <ele>2208</ele>
            </trkpt>
            <trkpt lat="46.665707" lon="8.153513">
                <ele>2208</ele>
            </trkpt>
            <trkpt lat="46.665709" lon="8.153514">
                <ele>2208</ele>
            </trkpt>
            <trkpt lat="46.665711" lon="8.153506">
                <ele>2208</ele>
            </trkpt>
            <trkpt lat="46.665707" lon="8.153513">
                <ele>2208</ele>
            </trkpt>
            <trkpt lat="46.665707" lon="8.153513">
                <ele>2208</ele>
            </trkpt>
            <trkpt lat="46.665707" lon="8.153513">
                <ele>2208</ele>
            </trkpt>
            <trkpt lat="46.665707" lon="8.153513">
                <ele>2208</ele>
            </trkpt>
            <trkpt lat="46.665705" lon="8.153526">
                <ele>2208</ele>
            </trkpt>
            <trkpt lat="46.665695" lon="8.153536">
                <ele>2208</ele>
            </trkpt>
            <trkpt lat="46.665696" lon="8.153534">
                <ele>2208</ele>
            </trkpt>
            <trkpt lat="46.665695" lon="8.153535">
                <ele>2208</ele>
            </trkpt>
            <trkpt lat="46.665695" lon="8.153534">
                <ele>2208</ele>
            </trkpt>
            <trkpt lat="46.665695" lon="8.153534">
                <ele>2208</ele>
            </trkpt>
            <trkpt lat="46.665695" lon="8.153534">
                <ele>2208</ele>
            </trkpt>
            <trkpt lat="46.665695" lon="8.153534">
                <ele>2208</ele>
            </trkpt>
            <trkpt lat="46.665695" lon="8.153534">
                <ele>2208</ele>
            </trkpt>
            <trkpt lat="46.665695" lon="8.153534">
                <ele>2208</ele>
            </trkpt>
            <trkpt lat="46.665695" lon="8.153534">
                <ele>2208</ele>
            </trkpt>
            <trkpt lat="46.665695" lon="8.153534">
                <ele>2208</ele>
            </trkpt>
            <trkpt lat="46.665695" lon="8.153534">
                <ele>2208</ele>
            </trkpt>
            <trkpt lat="46.665695" lon="8.153534">
                <ele>2208</ele>
            </trkpt>
            <trkpt lat="46.665695" lon="8.153534">
                <ele>2208</ele>
            </trkpt>
            <trkpt lat="46.665695" lon="8.153534">
                <ele>2208</ele>
            </trkpt>
            <trkpt lat="46.665695" lon="8.153534">
                <ele>2208</ele>
            </trkpt>
            <trkpt lat="46.665695" lon="8.153534">
                <ele>2208</ele>
            </trkpt>
            <trkpt lat="46.665695" lon="8.153534">
                <ele>2208</ele>
            </trkpt>
            <trkpt lat="46.665695" lon="8.153534">
                <ele>2208</ele>
            </trkpt>
            <trkpt lat="46.665695" lon="8.153534">
                <ele>2208</ele>
            </trkpt>
            <trkpt lat="46.665695" lon="8.153534">
                <ele>2208</ele>
            </trkpt>
            <trkpt lat="46.665695" lon="8.153534">
                <ele>2208</ele>
            </trkpt>
            <trkpt lat="46.665695" lon="8.153534">
                <ele>2208</ele>
            </trkpt>
            <trkpt lat="46.665695" lon="8.153534">
                <ele>2208</ele>
            </trkpt>
            <trkpt lat="46.665686" lon="8.153525">
                <ele>2168</ele>
            </trkpt>
            <trkpt lat="46.665685" lon="8.153524">
                <ele>2168</ele>
            </trkpt>
            <trkpt lat="46.665695" lon="8.153534">
                <ele>2208</ele>
            </trkpt>
            <trkpt lat="46.665695" lon="8.153534">
                <ele>2208</ele>
            </trkpt>
            <trkpt lat="46.665695" lon="8.153534">
                <ele>2208</ele>
            </trkpt>
            <trkpt lat="46.665695" lon="8.153534">
                <ele>2208</ele>
            </trkpt>
            <trkpt lat="46.665688" lon="8.153523">
                <ele>2168</ele>
            </trkpt>
            <trkpt lat="46.665690" lon="8.153519">
                <ele>2168</ele>
            </trkpt>
            <trkpt lat="46.665694" lon="8.153528">
                <ele>2168</ele>
            </trkpt>
            <trkpt lat="46.665695" lon="8.153534">
                <ele>2208</ele>
            </trkpt>
            <trkpt lat="46.665695" lon="8.153534">
                <ele>2208</ele>
            </trkpt>
            <trkpt lat="46.665695" lon="8.153534">
                <ele>2208</ele>
            </trkpt>
            <trkpt lat="46.665695" lon="8.153534">
                <ele>2208</ele>
            </trkpt>
            <trkpt lat="46.665696" lon="8.153520">
                <ele>2208</ele>
            </trkpt>
            <trkpt lat="46.665694" lon="8.153520">
                <ele>2208</ele>
            </trkpt>
            <trkpt lat="46.665692" lon="8.153518">
                <ele>2168</ele>
            </trkpt>
            <trkpt lat="46.665695" lon="8.153534">
                <ele>2208</ele>
            </trkpt>
            <trkpt lat="46.665695" lon="8.153534">
                <ele>2208</ele>
            </trkpt>
            <trkpt lat="46.665695" lon="8.153534">
                <ele>2208</ele>
            </trkpt>
            <trkpt lat="46.665696" lon="8.153519">
                <ele>2208</ele>
            </trkpt>
            <trkpt lat="46.665694" lon="8.153510">
                <ele>2168</ele>
            </trkpt>
            <trkpt lat="46.665687" lon="8.153484">
                <ele>2168</ele>
            </trkpt>
            <trkpt lat="46.665682" lon="8.153480">
                <ele>2168</ele>
            </trkpt>
            <trkpt lat="46.665682" lon="8.153481">
                <ele>2168</ele>
            </trkpt>
            <trkpt lat="46.665683" lon="8.153482">
                <ele>2168</ele>
            </trkpt>
            <trkpt lat="46.665682" lon="8.153480">
                <ele>2168</ele>
            </trkpt>
            <trkpt lat="46.665682" lon="8.153480">
                <ele>2168</ele>
            </trkpt>
            <trkpt lat="46.665682" lon="8.153480">
                <ele>2168</ele>
            </trkpt>
            <trkpt lat="46.665682" lon="8.153480">
                <ele>2168</ele>
            </trkpt>
            <trkpt lat="46.665682" lon="8.153480">
                <ele>2168</ele>
            </trkpt>
            <trkpt lat="46.665670" lon="8.153455">
                <ele>2212</ele>
            </trkpt>
            <trkpt lat="46.665670" lon="8.153462">
                <ele>2212</ele>
            </trkpt>
            <trkpt lat="46.665670" lon="8.153462">
                <ele>2212</ele>
            </trkpt>
            <trkpt lat="46.665670" lon="8.153449">
                <ele>2212</ele>
            </trkpt>
            <trkpt lat="46.665670" lon="8.153444">
                <ele>2212</ele>
            </trkpt>
            <trkpt lat="46.665676" lon="8.153433">
                <ele>2212</ele>
            </trkpt>
            <trkpt lat="46.665677" lon="8.153428">
                <ele>2212</ele>
            </trkpt>
            <trkpt lat="46.665679" lon="8.153415">
                <ele>2212</ele>
            </trkpt>
            <trkpt lat="46.665686" lon="8.153405">
                <ele>2212</ele>
            </trkpt>
            <trkpt lat="46.665684" lon="8.153406">
                <ele>2212</ele>
            </trkpt>
            <trkpt lat="46.665684" lon="8.153406">
                <ele>2212</ele>
            </trkpt>
            <trkpt lat="46.665684" lon="8.153406">
                <ele>2212</ele>
            </trkpt>
            <trkpt lat="46.665684" lon="8.153406">
                <ele>2212</ele>
            </trkpt>
            <trkpt lat="46.665684" lon="8.153406">
                <ele>2212</ele>
            </trkpt>
            <trkpt lat="46.665684" lon="8.153406">
                <ele>2212</ele>
            </trkpt>
            <trkpt lat="46.665684" lon="8.153406">
                <ele>2212</ele>
            </trkpt>
            <trkpt lat="46.665684" lon="8.153406">
                <ele>2212</ele>
            </trkpt>
            <trkpt lat="46.665684" lon="8.153406">
                <ele>2212</ele>
            </trkpt>
            <trkpt lat="46.665684" lon="8.153406">
                <ele>2212</ele>
            </trkpt>
            <trkpt lat="46.665684" lon="8.153406">
                <ele>2212</ele>
            </trkpt>
            <trkpt lat="46.665682" lon="8.153398">
                <ele>2212</ele>
            </trkpt>
            <trkpt lat="46.665684" lon="8.153406">
                <ele>2212</ele>
            </trkpt>
            <trkpt lat="46.665684" lon="8.153406">
                <ele>2212</ele>
            </trkpt>
            <trkpt lat="46.665684" lon="8.153406">
                <ele>2212</ele>
            </trkpt>
            <trkpt lat="46.665684" lon="8.153406">
                <ele>2212</ele>
            </trkpt>
            <trkpt lat="46.665684" lon="8.153406">
                <ele>2212</ele>
            </trkpt>
            <trkpt lat="46.665684" lon="8.153406">
                <ele>2212</ele>
            </trkpt>
            <trkpt lat="46.665684" lon="8.153406">
                <ele>2212</ele>
            </trkpt>
            <trkpt lat="46.665684" lon="8.153406">
                <ele>2212</ele>
            </trkpt>
            <trkpt lat="46.665684" lon="8.153406">
                <ele>2212</ele>
            </trkpt>
            <trkpt lat="46.665684" lon="8.153406">
                <ele>2212</ele>
            </trkpt>
            <trkpt lat="46.665684" lon="8.153406">
                <ele>2212</ele>
            </trkpt>
            <trkpt lat="46.665684" lon="8.153406">
                <ele>2212</ele>
            </trkpt>
            <trkpt lat="46.665684" lon="8.153406">
                <ele>2212</ele>
            </trkpt>
            <trkpt lat="46.665684" lon="8.153406">
                <ele>2212</ele>
            </trkpt>
            <trkpt lat="46.665684" lon="8.153406">
                <ele>2212</ele>
            </trkpt>
            <trkpt lat="46.665686" lon="8.153398">
                <ele>2212</ele>
            </trkpt>
            <trkpt lat="46.665687" lon="8.153398">
                <ele>2212</ele>
            </trkpt>
            <trkpt lat="46.665684" lon="8.153406">
                <ele>2212</ele>
            </trkpt>
            <trkpt lat="46.665684" lon="8.153406">
                <ele>2212</ele>
            </trkpt>
            <trkpt lat="46.665684" lon="8.153406">
                <ele>2212</ele>
            </trkpt>
            <trkpt lat="46.665684" lon="8.153406">
                <ele>2212</ele>
            </trkpt>
            <trkpt lat="46.665684" lon="8.153406">
                <ele>2212</ele>
            </trkpt>
            <trkpt lat="46.665684" lon="8.153406">
                <ele>2212</ele>
            </trkpt>
            <trkpt lat="46.665684" lon="8.153406">
                <ele>2212</ele>
            </trkpt>
            <trkpt lat="46.665684" lon="8.153406">
                <ele>2212</ele>
            </trkpt>
            <trkpt lat="46.665684" lon="8.153406">
                <ele>2212</ele>
            </trkpt>
            <trkpt lat="46.665684" lon="8.153406">
                <ele>2212</ele>
            </trkpt>
            <trkpt lat="46.665684" lon="8.153406">
                <ele>2212</ele>
            </trkpt>
            <trkpt lat="46.665684" lon="8.153406">
                <ele>2212</ele>
            </trkpt>
            <trkpt lat="46.665684" lon="8.153406">
                <ele>2212</ele>
            </trkpt>
            <trkpt lat="46.665684" lon="8.153406">
                <ele>2212</ele>
            </trkpt>
            <trkpt lat="46.665684" lon="8.153406">
                <ele>2212</ele>
            </trkpt>
            <trkpt lat="46.665684" lon="8.153406">
                <ele>2212</ele>
            </trkpt>
            <trkpt lat="46.665684" lon="8.153406">
                <ele>2212</ele>
            </trkpt>
            <trkpt lat="46.665684" lon="8.153406">
                <ele>2212</ele>
            </trkpt>
            <trkpt lat="46.665685" lon="8.153400">
                <ele>2212</ele>
            </trkpt>
            <trkpt lat="46.665682" lon="8.153393">
                <ele>2212</ele>
            </trkpt>
            <trkpt lat="46.665681" lon="8.153383">
                <ele>2212</ele>
            </trkpt>
            <trkpt lat="46.665677" lon="8.153377">
                <ele>2212</ele>
            </trkpt>
            <trkpt lat="46.665676" lon="8.153375">
                <ele>2212</ele>
            </trkpt>
            <trkpt lat="46.665676" lon="8.153375">
                <ele>2212</ele>
            </trkpt>
            <trkpt lat="46.665676" lon="8.153375">
                <ele>2212</ele>
            </trkpt>
            <trkpt lat="46.665676" lon="8.153375">
                <ele>2212</ele>
            </trkpt>
            <trkpt lat="46.665677" lon="8.153362">
                <ele>2212</ele>
            </trkpt>
            <trkpt lat="46.665677" lon="8.153356">
                <ele>2212</ele>
            </trkpt>
            <trkpt lat="46.665678" lon="8.153350">
                <ele>2212</ele>
            </trkpt>
            <trkpt lat="46.665678" lon="8.153350">
                <ele>2212</ele>
            </trkpt>
            <trkpt lat="46.665678" lon="8.153350">
                <ele>2212</ele>
            </trkpt>
            <trkpt lat="46.665678" lon="8.153350">
                <ele>2212</ele>
            </trkpt>
            <trkpt lat="46.665678" lon="8.153350">
                <ele>2212</ele>
            </trkpt>
            <trkpt lat="46.665678" lon="8.153350">
                <ele>2212</ele>
            </trkpt>
            <trkpt lat="46.665675" lon="8.153358">
                <ele>2212</ele>
            </trkpt>
            <trkpt lat="46.665669" lon="8.153361">
                <ele>2212</ele>
            </trkpt>
            <trkpt lat="46.665669" lon="8.153356">
                <ele>2212</ele>
            </trkpt>
            <trkpt lat="46.665671" lon="8.153352">
                <ele>2212</ele>
            </trkpt>
            <trkpt lat="46.665688" lon="8.153349">
                <ele>2212</ele>
            </trkpt>
            <trkpt lat="46.665678" lon="8.153350">
                <ele>2212</ele>
            </trkpt>
            <trkpt lat="46.665692" lon="8.153346">
                <ele>2212</ele>
            </trkpt>
            <trkpt lat="46.665689" lon="8.153355">
                <ele>2212</ele>
            </trkpt>
            <trkpt lat="46.665692" lon="8.153346">
                <ele>2212</ele>
            </trkpt>
            <trkpt lat="46.665694" lon="8.153355">
                <ele>2212</ele>
            </trkpt>
            <trkpt lat="46.665688" lon="8.153366">
                <ele>2212</ele>
            </trkpt>
            <trkpt lat="46.665680" lon="8.153375">
                <ele>2212</ele>
            </trkpt>
            <trkpt lat="46.665675" lon="8.153373">
                <ele>2212</ele>
            </trkpt>
            <trkpt lat="46.665673" lon="8.153375">
                <ele>2212</ele>
            </trkpt>
            <trkpt lat="46.665680" lon="8.153374">
                <ele>2212</ele>
            </trkpt>
            <trkpt lat="46.665680" lon="8.153374">
                <ele>2212</ele>
            </trkpt>
            <trkpt lat="46.665680" lon="8.153374">
                <ele>2212</ele>
            </trkpt>
            <trkpt lat="46.665680" lon="8.153374">
                <ele>2212</ele>
            </trkpt>
            <trkpt lat="46.665674" lon="8.153407">
                <ele>2212</ele>
            </trkpt>
            <trkpt lat="46.665675" lon="8.153412">
                <ele>2212</ele>
            </trkpt>
            <trkpt lat="46.665674" lon="8.153418">
                <ele>2212</ele>
            </trkpt>
            <trkpt lat="46.665675" lon="8.153412">
                <ele>2212</ele>
            </trkpt>
            <trkpt lat="46.665669" lon="8.153434">
                <ele>2212</ele>
            </trkpt>
            <trkpt lat="46.665666" lon="8.153443">
                <ele>2212</ele>
            </trkpt>
            <trkpt lat="46.665657" lon="8.153435">
                <ele>2212</ele>
            </trkpt>
            <trkpt lat="46.665653" lon="8.153438">
                <ele>2212</ele>
            </trkpt>
            <trkpt lat="46.665650" lon="8.153439">
                <ele>2212</ele>
            </trkpt>
            <trkpt lat="46.665653" lon="8.153438">
                <ele>2212</ele>
            </trkpt>
            <trkpt lat="46.665635" lon="8.153433">
                <ele>2212</ele>
            </trkpt>
            <trkpt lat="46.665629" lon="8.153429">
                <ele>2212</ele>
            </trkpt>
            <trkpt lat="46.665619" lon="8.153425">
                <ele>2212</ele>
            </trkpt>
            <trkpt lat="46.665616" lon="8.153420">
                <ele>2212</ele>
            </trkpt>
            <trkpt lat="46.665616" lon="8.153419">
                <ele>2212</ele>
            </trkpt>
            <trkpt lat="46.665616" lon="8.153420">
                <ele>2212</ele>
            </trkpt>
            <trkpt lat="46.665616" lon="8.153420">
                <ele>2212</ele>
            </trkpt>
            <trkpt lat="46.665616" lon="8.153420">
                <ele>2212</ele>
            </trkpt>
            <trkpt lat="46.665616" lon="8.153420">
                <ele>2212</ele>
            </trkpt>
            <trkpt lat="46.665616" lon="8.153420">
                <ele>2212</ele>
            </trkpt>
            <trkpt lat="46.665616" lon="8.153420">
                <ele>2212</ele>
            </trkpt>
            <trkpt lat="46.665619" lon="8.153418">
                <ele>2212</ele>
            </trkpt>
            <trkpt lat="46.665616" lon="8.153420">
                <ele>2212</ele>
            </trkpt>
            <trkpt lat="46.665616" lon="8.153420">
                <ele>2212</ele>
            </trkpt>
            <trkpt lat="46.665610" lon="8.153423">
                <ele>2212</ele>
            </trkpt>
            <trkpt lat="46.665602" lon="8.153422">
                <ele>2212</ele>
            </trkpt>
            <trkpt lat="46.665616" lon="8.153420">
                <ele>2212</ele>
            </trkpt>
            <trkpt lat="46.665616" lon="8.153420">
                <ele>2212</ele>
            </trkpt>
            <trkpt lat="46.665616" lon="8.153420">
                <ele>2212</ele>
            </trkpt>
            <trkpt lat="46.665601" lon="8.153428">
                <ele>2212</ele>
            </trkpt>
            <trkpt lat="46.665601" lon="8.153428">
                <ele>2212</ele>
            </trkpt>
            <trkpt lat="46.665601" lon="8.153428">
                <ele>2212</ele>
            </trkpt>
            <trkpt lat="46.665574" lon="8.153440">
                <ele>2212</ele>
            </trkpt>
            <trkpt lat="46.665559" lon="8.153419">
                <ele>2212</ele>
            </trkpt>
            <trkpt lat="46.665552" lon="8.153409">
                <ele>2212</ele>
            </trkpt>
            <trkpt lat="46.665551" lon="8.153399">
                <ele>2212</ele>
            </trkpt>
            <trkpt lat="46.665548" lon="8.153404">
                <ele>2212</ele>
            </trkpt>
            <trkpt lat="46.665545" lon="8.153414">
                <ele>2212</ele>
            </trkpt>
            <trkpt lat="46.665541" lon="8.153419">
                <ele>2212</ele>
            </trkpt>
            <trkpt lat="46.665528" lon="8.153398">
                <ele>2212</ele>
            </trkpt>
            <trkpt lat="46.665528" lon="8.153399">
                <ele>2212</ele>
            </trkpt>
            <trkpt lat="46.665532" lon="8.153392">
                <ele>2212</ele>
            </trkpt>
            <trkpt lat="46.665531" lon="8.153398">
                <ele>2212</ele>
            </trkpt>
            <trkpt lat="46.665523" lon="8.153389">
                <ele>2212</ele>
            </trkpt>
            <trkpt lat="46.665510" lon="8.153386">
                <ele>2212</ele>
            </trkpt>
            <trkpt lat="46.665508" lon="8.153382">
                <ele>2212</ele>
            </trkpt>
            <trkpt lat="46.665502" lon="8.153378">
                <ele>2212</ele>
            </trkpt>
            <trkpt lat="46.665501" lon="8.153367">
                <ele>2212</ele>
            </trkpt>
            <trkpt lat="46.665502" lon="8.153350">
                <ele>2212</ele>
            </trkpt>
            <trkpt lat="46.665502" lon="8.153350">
                <ele>2212</ele>
            </trkpt>
            <trkpt lat="46.665502" lon="8.153350">
                <ele>2212</ele>
            </trkpt>
            <trkpt lat="46.665507" lon="8.153335">
                <ele>2212</ele>
            </trkpt>
            <trkpt lat="46.665511" lon="8.153326">
                <ele>2212</ele>
            </trkpt>
            <trkpt lat="46.665511" lon="8.153322">
                <ele>2212</ele>
            </trkpt>
            <trkpt lat="46.665511" lon="8.153321">
                <ele>2212</ele>
            </trkpt>
            <trkpt lat="46.665511" lon="8.153320">
                <ele>2212</ele>
            </trkpt>
            <trkpt lat="46.665518" lon="8.153300">
                <ele>2212</ele>
            </trkpt>
            <trkpt lat="46.665524" lon="8.153289">
                <ele>2212</ele>
            </trkpt>
            <trkpt lat="46.665517" lon="8.153292">
                <ele>2212</ele>
            </trkpt>
            <trkpt lat="46.665516" lon="8.153307">
                <ele>2212</ele>
            </trkpt>
            <trkpt lat="46.665516" lon="8.153307">
                <ele>2212</ele>
            </trkpt>
            <trkpt lat="46.665516" lon="8.153308">
                <ele>2212</ele>
            </trkpt>
            <trkpt lat="46.665516" lon="8.153307">
                <ele>2212</ele>
            </trkpt>
            <trkpt lat="46.665516" lon="8.153307">
                <ele>2212</ele>
            </trkpt>
            <trkpt lat="46.665516" lon="8.153307">
                <ele>2212</ele>
            </trkpt>
            <trkpt lat="46.665516" lon="8.153307">
                <ele>2212</ele>
            </trkpt>
            <trkpt lat="46.665516" lon="8.153307">
                <ele>2212</ele>
            </trkpt>
            <trkpt lat="46.665516" lon="8.153307">
                <ele>2212</ele>
            </trkpt>
            <trkpt lat="46.665516" lon="8.153307">
                <ele>2212</ele>
            </trkpt>
            <trkpt lat="46.665516" lon="8.153307">
                <ele>2212</ele>
            </trkpt>
            <trkpt lat="46.665517" lon="8.153314">
                <ele>2212</ele>
            </trkpt>
            <trkpt lat="46.665514" lon="8.153316">
                <ele>2212</ele>
            </trkpt>
            <trkpt lat="46.665519" lon="8.153323">
                <ele>2212</ele>
            </trkpt>
            <trkpt lat="46.665513" lon="8.153334">
                <ele>2212</ele>
            </trkpt>
            <trkpt lat="46.665514" lon="8.153336">
                <ele>2212</ele>
            </trkpt>
            <trkpt lat="46.665512" lon="8.153336">
                <ele>2212</ele>
            </trkpt>
            <trkpt lat="46.665509" lon="8.153333">
                <ele>2212</ele>
            </trkpt>
            <trkpt lat="46.665509" lon="8.153344">
                <ele>2212</ele>
            </trkpt>
            <trkpt lat="46.665509" lon="8.153344">
                <ele>2212</ele>
            </trkpt>
            <trkpt lat="46.665509" lon="8.153344">
                <ele>2212</ele>
            </trkpt>
            <trkpt lat="46.665509" lon="8.153344">
                <ele>2212</ele>
            </trkpt>
            <trkpt lat="46.665509" lon="8.153344">
                <ele>2212</ele>
            </trkpt>
            <trkpt lat="46.665509" lon="8.153344">
                <ele>2212</ele>
            </trkpt>
            <trkpt lat="46.665509" lon="8.153344">
                <ele>2212</ele>
            </trkpt>
            <trkpt lat="46.665509" lon="8.153344">
                <ele>2212</ele>
            </trkpt>
            <trkpt lat="46.665509" lon="8.153344">
                <ele>2212</ele>
            </trkpt>
            <trkpt lat="46.665506" lon="8.153339">
                <ele>2212</ele>
            </trkpt>
            <trkpt lat="46.665508" lon="8.153343">
                <ele>2212</ele>
            </trkpt>
            <trkpt lat="46.665509" lon="8.153344">
                <ele>2212</ele>
            </trkpt>
            <trkpt lat="46.665509" lon="8.153344">
                <ele>2212</ele>
            </trkpt>
            <trkpt lat="46.665509" lon="8.153344">
                <ele>2212</ele>
            </trkpt>
            <trkpt lat="46.665509" lon="8.153344">
                <ele>2212</ele>
            </trkpt>
            <trkpt lat="46.665509" lon="8.153344">
                <ele>2212</ele>
            </trkpt>
            <trkpt lat="46.665509" lon="8.153344">
                <ele>2212</ele>
            </trkpt>
            <trkpt lat="46.665509" lon="8.153344">
                <ele>2212</ele>
            </trkpt>
            <trkpt lat="46.665509" lon="8.153344">
                <ele>2212</ele>
            </trkpt>
            <trkpt lat="46.665509" lon="8.153344">
                <ele>2212</ele>
            </trkpt>
            <trkpt lat="46.665509" lon="8.153344">
                <ele>2212</ele>
            </trkpt>
            <trkpt lat="46.665509" lon="8.153344">
                <ele>2212</ele>
            </trkpt>
            <trkpt lat="46.665509" lon="8.153344">
                <ele>2212</ele>
            </trkpt>
            <trkpt lat="46.665509" lon="8.153344">
                <ele>2212</ele>
            </trkpt>
            <trkpt lat="46.665509" lon="8.153344">
                <ele>2212</ele>
            </trkpt>
            <trkpt lat="46.665509" lon="8.153344">
                <ele>2212</ele>
            </trkpt>
            <trkpt lat="46.665509" lon="8.153344">
                <ele>2212</ele>
            </trkpt>
            <trkpt lat="46.665509" lon="8.153344">
                <ele>2212</ele>
            </trkpt>
            <trkpt lat="46.665509" lon="8.153344">
                <ele>2212</ele>
            </trkpt>
            <trkpt lat="46.665509" lon="8.153344">
                <ele>2212</ele>
            </trkpt>
            <trkpt lat="46.665509" lon="8.153344">
                <ele>2212</ele>
            </trkpt>
            <trkpt lat="46.665509" lon="8.153344">
                <ele>2212</ele>
            </trkpt>
            <trkpt lat="46.665509" lon="8.153344">
                <ele>2212</ele>
            </trkpt>
            <trkpt lat="46.665509" lon="8.153344">
                <ele>2212</ele>
            </trkpt>
            <trkpt lat="46.665509" lon="8.153344">
                <ele>2212</ele>
            </trkpt>
            <trkpt lat="46.665509" lon="8.153344">
                <ele>2212</ele>
            </trkpt>
            <trkpt lat="46.665509" lon="8.153344">
                <ele>2212</ele>
            </trkpt>
            <trkpt lat="46.665509" lon="8.153344">
                <ele>2212</ele>
            </trkpt>
            <trkpt lat="46.665509" lon="8.153344">
                <ele>2212</ele>
            </trkpt>
            <trkpt lat="46.665509" lon="8.153344">
                <ele>2212</ele>
            </trkpt>
            <trkpt lat="46.665508" lon="8.153343">
                <ele>2212</ele>
            </trkpt>
            <trkpt lat="46.665498" lon="8.153340">
                <ele>2212</ele>
            </trkpt>
            <trkpt lat="46.665500" lon="8.153338">
                <ele>2212</ele>
            </trkpt>
            <trkpt lat="46.665495" lon="8.153333">
                <ele>2212</ele>
            </trkpt>
            <trkpt lat="46.665495" lon="8.153333">
                <ele>2212</ele>
            </trkpt>
            <trkpt lat="46.665495" lon="8.153333">
                <ele>2212</ele>
            </trkpt>
            <trkpt lat="46.665495" lon="8.153333">
                <ele>2212</ele>
            </trkpt>
            <trkpt lat="46.665495" lon="8.153333">
                <ele>2212</ele>
            </trkpt>
            <trkpt lat="46.665494" lon="8.153337">
                <ele>2212</ele>
            </trkpt>
            <trkpt lat="46.665495" lon="8.153333">
                <ele>2212</ele>
            </trkpt>
            <trkpt lat="46.665495" lon="8.153333">
                <ele>2212</ele>
            </trkpt>
            <trkpt lat="46.665495" lon="8.153333">
                <ele>2212</ele>
            </trkpt>
            <trkpt lat="46.665495" lon="8.153333">
                <ele>2212</ele>
            </trkpt>
            <trkpt lat="46.665495" lon="8.153333">
                <ele>2212</ele>
            </trkpt>
            <trkpt lat="46.665495" lon="8.153333">
                <ele>2212</ele>
            </trkpt>
            <trkpt lat="46.665495" lon="8.153333">
                <ele>2212</ele>
            </trkpt>
            <trkpt lat="46.665495" lon="8.153333">
                <ele>2212</ele>
            </trkpt>
            <trkpt lat="46.665495" lon="8.153333">
                <ele>2212</ele>
            </trkpt>
            <trkpt lat="46.665495" lon="8.153333">
                <ele>2212</ele>
            </trkpt>
            <trkpt lat="46.665495" lon="8.153333">
                <ele>2212</ele>
            </trkpt>
            <trkpt lat="46.665495" lon="8.153333">
                <ele>2212</ele>
            </trkpt>
            <trkpt lat="46.665495" lon="8.153333">
                <ele>2212</ele>
            </trkpt>
            <trkpt lat="46.665495" lon="8.153333">
                <ele>2212</ele>
            </trkpt>
            <trkpt lat="46.665495" lon="8.153333">
                <ele>2212</ele>
            </trkpt>
            <trkpt lat="46.665495" lon="8.153333">
                <ele>2212</ele>
            </trkpt>
            <trkpt lat="46.665495" lon="8.153333">
                <ele>2212</ele>
            </trkpt>
            <trkpt lat="46.665495" lon="8.153333">
                <ele>2212</ele>
            </trkpt>
            <trkpt lat="46.665495" lon="8.153333">
                <ele>2212</ele>
            </trkpt>
            <trkpt lat="46.665495" lon="8.153333">
                <ele>2212</ele>
            </trkpt>
            <trkpt lat="46.665495" lon="8.153333">
                <ele>2212</ele>
            </trkpt>
            <trkpt lat="46.665495" lon="8.153333">
                <ele>2212</ele>
            </trkpt>
            <trkpt lat="46.665495" lon="8.153333">
                <ele>2212</ele>
            </trkpt>
            <trkpt lat="46.665495" lon="8.153333">
                <ele>2212</ele>
            </trkpt>
            <trkpt lat="46.665495" lon="8.153333">
                <ele>2212</ele>
            </trkpt>
            <trkpt lat="46.665495" lon="8.153333">
                <ele>2212</ele>
            </trkpt>
            <trkpt lat="46.665495" lon="8.153333">
                <ele>2212</ele>
            </trkpt>
            <trkpt lat="46.665495" lon="8.153333">
                <ele>2212</ele>
            </trkpt>
            <trkpt lat="46.665495" lon="8.153333">
                <ele>2212</ele>
            </trkpt>
            <trkpt lat="46.665495" lon="8.153333">
                <ele>2212</ele>
            </trkpt>
            <trkpt lat="46.665495" lon="8.153333">
                <ele>2212</ele>
            </trkpt>
            <trkpt lat="46.665495" lon="8.153333">
                <ele>2212</ele>
            </trkpt>
            <trkpt lat="46.665495" lon="8.153333">
                <ele>2212</ele>
            </trkpt>
            <trkpt lat="46.665495" lon="8.153333">
                <ele>2212</ele>
            </trkpt>
            <trkpt lat="46.665495" lon="8.153333">
                <ele>2212</ele>
            </trkpt>
            <trkpt lat="46.665495" lon="8.153333">
                <ele>2212</ele>
            </trkpt>
            <trkpt lat="46.665495" lon="8.153333">
                <ele>2212</ele>
            </trkpt>
            <trkpt lat="46.665495" lon="8.153333">
                <ele>2212</ele>
            </trkpt>
            <trkpt lat="46.665495" lon="8.153333">
                <ele>2212</ele>
            </trkpt>
            <trkpt lat="46.665506" lon="8.153341">
                <ele>2212</ele>
            </trkpt>
            <trkpt lat="46.665495" lon="8.153333">
                <ele>2212</ele>
            </trkpt>
            <trkpt lat="46.665495" lon="8.153333">
                <ele>2212</ele>
            </trkpt>
            <trkpt lat="46.665504" lon="8.153332">
                <ele>2212</ele>
            </trkpt>
            <trkpt lat="46.665503" lon="8.153336">
                <ele>2212</ele>
            </trkpt>
            <trkpt lat="46.665495" lon="8.153333">
                <ele>2212</ele>
            </trkpt>
            <trkpt lat="46.665495" lon="8.153333">
                <ele>2212</ele>
            </trkpt>
            <trkpt lat="46.665495" lon="8.153333">
                <ele>2212</ele>
            </trkpt>
            <trkpt lat="46.665495" lon="8.153333">
                <ele>2212</ele>
            </trkpt>
            <trkpt lat="46.665495" lon="8.153333">
                <ele>2212</ele>
            </trkpt>
            <trkpt lat="46.665506" lon="8.153332">
                <ele>2212</ele>
            </trkpt>
            <trkpt lat="46.665509" lon="8.153321">
                <ele>2212</ele>
            </trkpt>
            <trkpt lat="46.665522" lon="8.153303">
                <ele>2212</ele>
            </trkpt>
            <trkpt lat="46.665517" lon="8.153307">
                <ele>2212</ele>
            </trkpt>
            <trkpt lat="46.665495" lon="8.153333">
                <ele>2212</ele>
            </trkpt>
            <trkpt lat="46.665495" lon="8.153333">
                <ele>2212</ele>
            </trkpt>
            <trkpt lat="46.665500" lon="8.153334">
                <ele>2212</ele>
            </trkpt>
            <trkpt lat="46.665492" lon="8.153330">
                <ele>2212</ele>
            </trkpt>
            <trkpt lat="46.665489" lon="8.153338">
                <ele>2212</ele>
            </trkpt>
            <trkpt lat="46.665495" lon="8.153333">
                <ele>2212</ele>
            </trkpt>
            <trkpt lat="46.665495" lon="8.153333">
                <ele>2212</ele>
            </trkpt>
            <trkpt lat="46.665476" lon="8.153302">
                <ele>2212</ele>
            </trkpt>
            <trkpt lat="46.665474" lon="8.153305">
                <ele>2212</ele>
            </trkpt>
            <trkpt lat="46.665474" lon="8.153307">
                <ele>2212</ele>
            </trkpt>
            <trkpt lat="46.665474" lon="8.153307">
                <ele>2212</ele>
            </trkpt>
            <trkpt lat="46.665474" lon="8.153315">
                <ele>2212</ele>
            </trkpt>
            <trkpt lat="46.665476" lon="8.153314">
                <ele>2212</ele>
            </trkpt>
            <trkpt lat="46.665462" lon="8.153310">
                <ele>2212</ele>
            </trkpt>
            <trkpt lat="46.665474" lon="8.153307">
                <ele>2212</ele>
            </trkpt>
            <trkpt lat="46.665458" lon="8.153314">
                <ele>2212</ele>
            </trkpt>
            <trkpt lat="46.665458" lon="8.153314">
                <ele>2212</ele>
            </trkpt>
            <trkpt lat="46.665458" lon="8.153314">
                <ele>2212</ele>
            </trkpt>
            <trkpt lat="46.665455" lon="8.153315">
                <ele>2212</ele>
            </trkpt>
            <trkpt lat="46.665458" lon="8.153314">
                <ele>2212</ele>
            </trkpt>
            <trkpt lat="46.665450" lon="8.153318">
                <ele>2212</ele>
            </trkpt>
            <trkpt lat="46.665458" lon="8.153314">
                <ele>2212</ele>
            </trkpt>
            <trkpt lat="46.665458" lon="8.153314">
                <ele>2212</ele>
            </trkpt>
            <trkpt lat="46.665452" lon="8.153313">
                <ele>2212</ele>
            </trkpt>
            <trkpt lat="46.665444" lon="8.153305">
                <ele>2212</ele>
            </trkpt>
            <trkpt lat="46.665441" lon="8.153298">
                <ele>2212</ele>
            </trkpt>
            <trkpt lat="46.665433" lon="8.153293">
                <ele>2212</ele>
            </trkpt>
            <trkpt lat="46.665434" lon="8.153293">
                <ele>2212</ele>
            </trkpt>
            <trkpt lat="46.665434" lon="8.153293">
                <ele>2212</ele>
            </trkpt>
            <trkpt lat="46.665434" lon="8.153293">
                <ele>2212</ele>
            </trkpt>
            <trkpt lat="46.665434" lon="8.153293">
                <ele>2212</ele>
            </trkpt>
            <trkpt lat="46.665434" lon="8.153293">
                <ele>2212</ele>
            </trkpt>
            <trkpt lat="46.665434" lon="8.153293">
                <ele>2212</ele>
            </trkpt>
            <trkpt lat="46.665434" lon="8.153293">
                <ele>2212</ele>
            </trkpt>
            <trkpt lat="46.665434" lon="8.153293">
                <ele>2212</ele>
            </trkpt>
            <trkpt lat="46.665440" lon="8.153292">
                <ele>2212</ele>
            </trkpt>
            <trkpt lat="46.665434" lon="8.153293">
                <ele>2212</ele>
            </trkpt>
            <trkpt lat="46.665442" lon="8.153288">
                <ele>2212</ele>
            </trkpt>
            <trkpt lat="46.665443" lon="8.153281">
                <ele>2212</ele>
            </trkpt>
            <trkpt lat="46.665453" lon="8.153228">
                <ele>2212</ele>
            </trkpt>
            <trkpt lat="46.665455" lon="8.153226">
                <ele>2212</ele>
            </trkpt>
            <trkpt lat="46.665454" lon="8.153231">
                <ele>2212</ele>
            </trkpt>
            <trkpt lat="46.665457" lon="8.153240">
                <ele>2212</ele>
            </trkpt>
            <trkpt lat="46.665457" lon="8.153240">
                <ele>2212</ele>
            </trkpt>
            <trkpt lat="46.665453" lon="8.153250">
                <ele>2212</ele>
            </trkpt>
            <trkpt lat="46.665438" lon="8.153242">
                <ele>2212</ele>
            </trkpt>
            <trkpt lat="46.665443" lon="8.153238">
                <ele>2212</ele>
            </trkpt>
            <trkpt lat="46.665442" lon="8.153241">
                <ele>2212</ele>
            </trkpt>
            <trkpt lat="46.665427" lon="8.153237">
                <ele>2212</ele>
            </trkpt>
            <trkpt lat="46.665427" lon="8.153238">
                <ele>2212</ele>
            </trkpt>
            <trkpt lat="46.665427" lon="8.153238">
                <ele>2212</ele>
            </trkpt>
            <trkpt lat="46.665426" lon="8.153236">
                <ele>2212</ele>
            </trkpt>
            <trkpt lat="46.665427" lon="8.153238">
                <ele>2212</ele>
            </trkpt>
            <trkpt lat="46.665427" lon="8.153238">
                <ele>2212</ele>
            </trkpt>
            <trkpt lat="46.665427" lon="8.153238">
                <ele>2212</ele>
            </trkpt>
            <trkpt lat="46.665412" lon="8.153230">
                <ele>2210</ele>
            </trkpt>
            <trkpt lat="46.665410" lon="8.153230">
                <ele>2210</ele>
            </trkpt>
            <trkpt lat="46.665410" lon="8.153230">
                <ele>2210</ele>
            </trkpt>
            <trkpt lat="46.665410" lon="8.153230">
                <ele>2210</ele>
            </trkpt>
            <trkpt lat="46.665410" lon="8.153230">
                <ele>2210</ele>
            </trkpt>
            <trkpt lat="46.665410" lon="8.153230">
                <ele>2210</ele>
            </trkpt>
            <trkpt lat="46.665410" lon="8.153230">
                <ele>2210</ele>
            </trkpt>
            <trkpt lat="46.665399" lon="8.153243">
                <ele>2210</ele>
            </trkpt>
            <trkpt lat="46.665399" lon="8.153242">
                <ele>2210</ele>
            </trkpt>
            <trkpt lat="46.665399" lon="8.153242">
                <ele>2210</ele>
            </trkpt>
            <trkpt lat="46.665385" lon="8.153239">
                <ele>2210</ele>
            </trkpt>
            <trkpt lat="46.665385" lon="8.153239">
                <ele>2210</ele>
            </trkpt>
            <trkpt lat="46.665366" lon="8.153265">
                <ele>2210</ele>
            </trkpt>
            <trkpt lat="46.665366" lon="8.153273">
                <ele>2210</ele>
            </trkpt>
            <trkpt lat="46.665368" lon="8.153273">
                <ele>2210</ele>
            </trkpt>
            <trkpt lat="46.665369" lon="8.153279">
                <ele>2210</ele>
            </trkpt>
            <trkpt lat="46.665353" lon="8.153285">
                <ele>2210</ele>
            </trkpt>
            <trkpt lat="46.665352" lon="8.153299">
                <ele>2210</ele>
            </trkpt>
            <trkpt lat="46.665340" lon="8.153308">
                <ele>2210</ele>
            </trkpt>
            <trkpt lat="46.665339" lon="8.153310">
                <ele>2210</ele>
            </trkpt>
            <trkpt lat="46.665341" lon="8.153307">
                <ele>2210</ele>
            </trkpt>
            <trkpt lat="46.665333" lon="8.153307">
                <ele>2210</ele>
            </trkpt>
            <trkpt lat="46.665335" lon="8.153305">
                <ele>2210</ele>
            </trkpt>
            <trkpt lat="46.665330" lon="8.153293">
                <ele>2210</ele>
            </trkpt>
            <trkpt lat="46.665322" lon="8.153290">
                <ele>2210</ele>
            </trkpt>
            <trkpt lat="46.665321" lon="8.153298">
                <ele>2210</ele>
            </trkpt>
            <trkpt lat="46.665322" lon="8.153302">
                <ele>2210</ele>
            </trkpt>
            <trkpt lat="46.665322" lon="8.153303">
                <ele>2210</ele>
            </trkpt>
            <trkpt lat="46.665319" lon="8.153298">
                <ele>2210</ele>
            </trkpt>
            <trkpt lat="46.665322" lon="8.153303">
                <ele>2210</ele>
            </trkpt>
            <trkpt lat="46.665322" lon="8.153303">
                <ele>2210</ele>
            </trkpt>
            <trkpt lat="46.665309" lon="8.153302">
                <ele>2210</ele>
            </trkpt>
            <trkpt lat="46.665308" lon="8.153303">
                <ele>2210</ele>
            </trkpt>
            <trkpt lat="46.665307" lon="8.153304">
                <ele>2210</ele>
            </trkpt>
            <trkpt lat="46.665308" lon="8.153303">
                <ele>2210</ele>
            </trkpt>
            <trkpt lat="46.665293" lon="8.153299">
                <ele>2210</ele>
            </trkpt>
            <trkpt lat="46.665288" lon="8.153291">
                <ele>2210</ele>
            </trkpt>
            <trkpt lat="46.665281" lon="8.153265">
                <ele>2210</ele>
            </trkpt>
            <trkpt lat="46.665281" lon="8.153265">
                <ele>2210</ele>
            </trkpt>
            <trkpt lat="46.665277" lon="8.153243">
                <ele>2210</ele>
            </trkpt>
            <trkpt lat="46.665281" lon="8.153265">
                <ele>2210</ele>
            </trkpt>
            <trkpt lat="46.665281" lon="8.153265">
                <ele>2210</ele>
            </trkpt>
            <trkpt lat="46.665281" lon="8.153265">
                <ele>2210</ele>
            </trkpt>
            <trkpt lat="46.665281" lon="8.153265">
                <ele>2210</ele>
            </trkpt>
            <trkpt lat="46.665281" lon="8.153265">
                <ele>2210</ele>
            </trkpt>
            <trkpt lat="46.665281" lon="8.153265">
                <ele>2210</ele>
            </trkpt>
            <trkpt lat="46.665281" lon="8.153265">
                <ele>2210</ele>
            </trkpt>
            <trkpt lat="46.665281" lon="8.153265">
                <ele>2210</ele>
            </trkpt>
            <trkpt lat="46.665281" lon="8.153265">
                <ele>2210</ele>
            </trkpt>
            <trkpt lat="46.665270" lon="8.153262">
                <ele>2210</ele>
            </trkpt>
            <trkpt lat="46.665274" lon="8.153259">
                <ele>2210</ele>
            </trkpt>
            <trkpt lat="46.665281" lon="8.153265">
                <ele>2210</ele>
            </trkpt>
            <trkpt lat="46.665281" lon="8.153265">
                <ele>2210</ele>
            </trkpt>
            <trkpt lat="46.665269" lon="8.153261">
                <ele>2210</ele>
            </trkpt>
            <trkpt lat="46.665269" lon="8.153254">
                <ele>2210</ele>
            </trkpt>
            <trkpt lat="46.665281" lon="8.153265">
                <ele>2210</ele>
            </trkpt>
            <trkpt lat="46.665281" lon="8.153265">
                <ele>2210</ele>
            </trkpt>
            <trkpt lat="46.665281" lon="8.153265">
                <ele>2210</ele>
            </trkpt>
            <trkpt lat="46.665281" lon="8.153265">
                <ele>2210</ele>
            </trkpt>
            <trkpt lat="46.665281" lon="8.153265">
                <ele>2210</ele>
            </trkpt>
            <trkpt lat="46.665281" lon="8.153265">
                <ele>2210</ele>
            </trkpt>
            <trkpt lat="46.665281" lon="8.153265">
                <ele>2210</ele>
            </trkpt>
            <trkpt lat="46.665281" lon="8.153265">
                <ele>2210</ele>
            </trkpt>
            <trkpt lat="46.665281" lon="8.153265">
                <ele>2210</ele>
            </trkpt>
            <trkpt lat="46.665281" lon="8.153265">
                <ele>2210</ele>
            </trkpt>
            <trkpt lat="46.665281" lon="8.153265">
                <ele>2210</ele>
            </trkpt>
            <trkpt lat="46.665281" lon="8.153265">
                <ele>2210</ele>
            </trkpt>
            <trkpt lat="46.665269" lon="8.153255">
                <ele>2210</ele>
            </trkpt>
            <trkpt lat="46.665269" lon="8.153255">
                <ele>2210</ele>
            </trkpt>
            <trkpt lat="46.665269" lon="8.153255">
                <ele>2210</ele>
            </trkpt>
            <trkpt lat="46.665267" lon="8.153256">
                <ele>2210</ele>
            </trkpt>
            <trkpt lat="46.665265" lon="8.153260">
                <ele>2210</ele>
            </trkpt>
            <trkpt lat="46.665272" lon="8.153268">
                <ele>2210</ele>
            </trkpt>
            <trkpt lat="46.665276" lon="8.153266">
                <ele>2210</ele>
            </trkpt>
            <trkpt lat="46.665275" lon="8.153264">
                <ele>2210</ele>
            </trkpt>
            <trkpt lat="46.665283" lon="8.153263">
                <ele>2210</ele>
            </trkpt>
            <trkpt lat="46.665285" lon="8.153263">
                <ele>2210</ele>
            </trkpt>
            <trkpt lat="46.665285" lon="8.153263">
                <ele>2210</ele>
            </trkpt>
            <trkpt lat="46.665286" lon="8.153263">
                <ele>2210</ele>
            </trkpt>
            <trkpt lat="46.665287" lon="8.153235">
                <ele>2210</ele>
            </trkpt>
            <trkpt lat="46.665278" lon="8.153243">
                <ele>2210</ele>
            </trkpt>
            <trkpt lat="46.665277" lon="8.153243">
                <ele>2210</ele>
            </trkpt>
            <trkpt lat="46.665274" lon="8.153254">
                <ele>2210</ele>
            </trkpt>
            <trkpt lat="46.665276" lon="8.153246">
                <ele>2210</ele>
            </trkpt>
            <trkpt lat="46.665275" lon="8.153245">
                <ele>2210</ele>
            </trkpt>
            <trkpt lat="46.665275" lon="8.153245">
                <ele>2210</ele>
            </trkpt>
            <trkpt lat="46.665275" lon="8.153245">
                <ele>2210</ele>
            </trkpt>
            <trkpt lat="46.665275" lon="8.153245">
                <ele>2210</ele>
            </trkpt>
            <trkpt lat="46.665275" lon="8.153245">
                <ele>2210</ele>
            </trkpt>
            <trkpt lat="46.665275" lon="8.153245">
                <ele>2210</ele>
            </trkpt>
            <trkpt lat="46.665275" lon="8.153245">
                <ele>2210</ele>
            </trkpt>
            <trkpt lat="46.665275" lon="8.153245">
                <ele>2210</ele>
            </trkpt>
            <trkpt lat="46.665276" lon="8.153239">
                <ele>2210</ele>
            </trkpt>
            <trkpt lat="46.665276" lon="8.153243">
                <ele>2210</ele>
            </trkpt>
            <trkpt lat="46.665279" lon="8.153249">
                <ele>2210</ele>
            </trkpt>
            <trkpt lat="46.665280" lon="8.153251">
                <ele>2210</ele>
            </trkpt>
            <trkpt lat="46.665281" lon="8.153252">
                <ele>2210</ele>
            </trkpt>
            <trkpt lat="46.665275" lon="8.153245">
                <ele>2210</ele>
            </trkpt>
            <trkpt lat="46.665275" lon="8.153245">
                <ele>2210</ele>
            </trkpt>
            <trkpt lat="46.665275" lon="8.153245">
                <ele>2210</ele>
            </trkpt>
            <trkpt lat="46.665275" lon="8.153245">
                <ele>2210</ele>
            </trkpt>
            <trkpt lat="46.665275" lon="8.153245">
                <ele>2210</ele>
            </trkpt>
            <trkpt lat="46.665275" lon="8.153245">
                <ele>2210</ele>
            </trkpt>
            <trkpt lat="46.665276" lon="8.153249">
                <ele>2210</ele>
            </trkpt>
            <trkpt lat="46.665275" lon="8.153245">
                <ele>2210</ele>
            </trkpt>
            <trkpt lat="46.665275" lon="8.153245">
                <ele>2210</ele>
            </trkpt>
            <trkpt lat="46.665275" lon="8.153245">
                <ele>2210</ele>
            </trkpt>
            <trkpt lat="46.665275" lon="8.153245">
                <ele>2210</ele>
            </trkpt>
            <trkpt lat="46.665275" lon="8.153245">
                <ele>2210</ele>
            </trkpt>
            <trkpt lat="46.665275" lon="8.153245">
                <ele>2210</ele>
            </trkpt>
            <trkpt lat="46.665275" lon="8.153245">
                <ele>2210</ele>
            </trkpt>
            <trkpt lat="46.665275" lon="8.153245">
                <ele>2210</ele>
            </trkpt>
            <trkpt lat="46.665275" lon="8.153245">
                <ele>2210</ele>
            </trkpt>
            <trkpt lat="46.665275" lon="8.153245">
                <ele>2210</ele>
            </trkpt>
            <trkpt lat="46.665275" lon="8.153245">
                <ele>2210</ele>
            </trkpt>
            <trkpt lat="46.665275" lon="8.153245">
                <ele>2210</ele>
            </trkpt>
            <trkpt lat="46.665275" lon="8.153245">
                <ele>2210</ele>
            </trkpt>
            <trkpt lat="46.665275" lon="8.153245">
                <ele>2210</ele>
            </trkpt>
            <trkpt lat="46.665275" lon="8.153245">
                <ele>2210</ele>
            </trkpt>
            <trkpt lat="46.665275" lon="8.153245">
                <ele>2210</ele>
            </trkpt>
            <trkpt lat="46.665275" lon="8.153245">
                <ele>2210</ele>
            </trkpt>
            <trkpt lat="46.665275" lon="8.153245">
                <ele>2210</ele>
            </trkpt>
            <trkpt lat="46.665275" lon="8.153245">
                <ele>2210</ele>
            </trkpt>
            <trkpt lat="46.665275" lon="8.153245">
                <ele>2210</ele>
            </trkpt>
            <trkpt lat="46.665275" lon="8.153245">
                <ele>2210</ele>
            </trkpt>
            <trkpt lat="46.665275" lon="8.153245">
                <ele>2210</ele>
            </trkpt>
            <trkpt lat="46.665269" lon="8.153258">
                <ele>2210</ele>
            </trkpt>
            <trkpt lat="46.665261" lon="8.153274">
                <ele>2210</ele>
            </trkpt>
            <trkpt lat="46.665263" lon="8.153268">
                <ele>2210</ele>
            </trkpt>
            <trkpt lat="46.665263" lon="8.153267">
                <ele>2210</ele>
            </trkpt>
            <trkpt lat="46.665263" lon="8.153267">
                <ele>2210</ele>
            </trkpt>
            <trkpt lat="46.665261" lon="8.153274">
                <ele>2210</ele>
            </trkpt>
            <trkpt lat="46.665261" lon="8.153274">
                <ele>2210</ele>
            </trkpt>
            <trkpt lat="46.665265" lon="8.153259">
                <ele>2210</ele>
            </trkpt>
            <trkpt lat="46.665264" lon="8.153277">
                <ele>2210</ele>
            </trkpt>
            <trkpt lat="46.665261" lon="8.153263">
                <ele>2210</ele>
            </trkpt>
            <trkpt lat="46.665263" lon="8.153260">
                <ele>2210</ele>
            </trkpt>
            <trkpt lat="46.665260" lon="8.153270">
                <ele>2210</ele>
            </trkpt>
            <trkpt lat="46.665261" lon="8.153274">
                <ele>2210</ele>
            </trkpt>
            <trkpt lat="46.665261" lon="8.153274">
                <ele>2210</ele>
            </trkpt>
            <trkpt lat="46.665261" lon="8.153274">
                <ele>2210</ele>
            </trkpt>
            <trkpt lat="46.665261" lon="8.153274">
                <ele>2210</ele>
            </trkpt>
            <trkpt lat="46.665261" lon="8.153274">
                <ele>2210</ele>
            </trkpt>
            <trkpt lat="46.665261" lon="8.153274">
                <ele>2210</ele>
            </trkpt>
            <trkpt lat="46.665261" lon="8.153274">
                <ele>2210</ele>
            </trkpt>
            <trkpt lat="46.665261" lon="8.153274">
                <ele>2210</ele>
            </trkpt>
            <trkpt lat="46.665261" lon="8.153274">
                <ele>2210</ele>
            </trkpt>
            <trkpt lat="46.665265" lon="8.153263">
                <ele>2210</ele>
            </trkpt>
            <trkpt lat="46.665268" lon="8.153264">
                <ele>2210</ele>
            </trkpt>
            <trkpt lat="46.665271" lon="8.153252">
                <ele>2210</ele>
            </trkpt>
            <trkpt lat="46.665271" lon="8.153252">
                <ele>2210</ele>
            </trkpt>
            <trkpt lat="46.665277" lon="8.153257">
                <ele>2210</ele>
            </trkpt>
            <trkpt lat="46.665277" lon="8.153257">
                <ele>2210</ele>
            </trkpt>
            <trkpt lat="46.665271" lon="8.153252">
                <ele>2210</ele>
            </trkpt>
            <trkpt lat="46.665278" lon="8.153261">
                <ele>2210</ele>
            </trkpt>
            <trkpt lat="46.665271" lon="8.153252">
                <ele>2210</ele>
            </trkpt>
            <trkpt lat="46.665271" lon="8.153252">
                <ele>2210</ele>
            </trkpt>
            <trkpt lat="46.665271" lon="8.153252">
                <ele>2210</ele>
            </trkpt>
            <trkpt lat="46.665271" lon="8.153252">
                <ele>2210</ele>
            </trkpt>
            <trkpt lat="46.665271" lon="8.153252">
                <ele>2210</ele>
            </trkpt>
            <trkpt lat="46.665271" lon="8.153252">
                <ele>2210</ele>
            </trkpt>
            <trkpt lat="46.665271" lon="8.153252">
                <ele>2210</ele>
            </trkpt>
            <trkpt lat="46.665271" lon="8.153252">
                <ele>2210</ele>
            </trkpt>
            <trkpt lat="46.665271" lon="8.153252">
                <ele>2210</ele>
            </trkpt>
            <trkpt lat="46.665271" lon="8.153252">
                <ele>2210</ele>
            </trkpt>
            <trkpt lat="46.665271" lon="8.153252">
                <ele>2210</ele>
            </trkpt>
            <trkpt lat="46.665275" lon="8.153250">
                <ele>2210</ele>
            </trkpt>
            <trkpt lat="46.665271" lon="8.153252">
                <ele>2210</ele>
            </trkpt>
            <trkpt lat="46.665271" lon="8.153252">
                <ele>2210</ele>
            </trkpt>
            <trkpt lat="46.665271" lon="8.153252">
                <ele>2210</ele>
            </trkpt>
            <trkpt lat="46.665273" lon="8.153245">
                <ele>2210</ele>
            </trkpt>
            <trkpt lat="46.665271" lon="8.153252">
                <ele>2210</ele>
            </trkpt>
            <trkpt lat="46.665271" lon="8.153252">
                <ele>2210</ele>
            </trkpt>
            <trkpt lat="46.665272" lon="8.153254">
                <ele>2210</ele>
            </trkpt>
            <trkpt lat="46.665271" lon="8.153252">
                <ele>2210</ele>
            </trkpt>
            <trkpt lat="46.665271" lon="8.153252">
                <ele>2210</ele>
            </trkpt>
            <trkpt lat="46.665271" lon="8.153252">
                <ele>2210</ele>
            </trkpt>
            <trkpt lat="46.665271" lon="8.153252">
                <ele>2210</ele>
            </trkpt>
            <trkpt lat="46.665271" lon="8.153252">
                <ele>2210</ele>
            </trkpt>
            <trkpt lat="46.665271" lon="8.153252">
                <ele>2210</ele>
            </trkpt>
            <trkpt lat="46.665271" lon="8.153252">
                <ele>2210</ele>
            </trkpt>
            <trkpt lat="46.665271" lon="8.153252">
                <ele>2210</ele>
            </trkpt>
            <trkpt lat="46.665273" lon="8.153268">
                <ele>2210</ele>
            </trkpt>
            <trkpt lat="46.665277" lon="8.153274">
                <ele>2210</ele>
            </trkpt>
            <trkpt lat="46.665277" lon="8.153274">
                <ele>2210</ele>
            </trkpt>
            <trkpt lat="46.665277" lon="8.153274">
                <ele>2210</ele>
            </trkpt>
            <trkpt lat="46.665277" lon="8.153274">
                <ele>2210</ele>
            </trkpt>
            <trkpt lat="46.665277" lon="8.153274">
                <ele>2210</ele>
            </trkpt>
            <trkpt lat="46.665277" lon="8.153274">
                <ele>2210</ele>
            </trkpt>
            <trkpt lat="46.665277" lon="8.153274">
                <ele>2210</ele>
            </trkpt>
            <trkpt lat="46.665277" lon="8.153274">
                <ele>2210</ele>
            </trkpt>
            <trkpt lat="46.665277" lon="8.153274">
                <ele>2210</ele>
            </trkpt>
            <trkpt lat="46.665277" lon="8.153274">
                <ele>2210</ele>
            </trkpt>
            <trkpt lat="46.665277" lon="8.153274">
                <ele>2210</ele>
            </trkpt>
            <trkpt lat="46.665277" lon="8.153274">
                <ele>2210</ele>
            </trkpt>
            <trkpt lat="46.665277" lon="8.153274">
                <ele>2210</ele>
            </trkpt>
            <trkpt lat="46.665277" lon="8.153274">
                <ele>2210</ele>
            </trkpt>
            <trkpt lat="46.665277" lon="8.153274">
                <ele>2210</ele>
            </trkpt>
            <trkpt lat="46.665277" lon="8.153274">
                <ele>2210</ele>
            </trkpt>
            <trkpt lat="46.665277" lon="8.153274">
                <ele>2210</ele>
            </trkpt>
            <trkpt lat="46.665277" lon="8.153274">
                <ele>2210</ele>
            </trkpt>
            <trkpt lat="46.665277" lon="8.153274">
                <ele>2210</ele>
            </trkpt>
            <trkpt lat="46.665277" lon="8.153274">
                <ele>2210</ele>
            </trkpt>
            <trkpt lat="46.665277" lon="8.153274">
                <ele>2210</ele>
            </trkpt>
            <trkpt lat="46.665277" lon="8.153274">
                <ele>2210</ele>
            </trkpt>
            <trkpt lat="46.665277" lon="8.153274">
                <ele>2210</ele>
            </trkpt>
            <trkpt lat="46.665277" lon="8.153274">
                <ele>2210</ele>
            </trkpt>
            <trkpt lat="46.665277" lon="8.153274">
                <ele>2210</ele>
            </trkpt>
            <trkpt lat="46.665277" lon="8.153274">
                <ele>2210</ele>
            </trkpt>
            <trkpt lat="46.665272" lon="8.153257">
                <ele>2210</ele>
            </trkpt>
            <trkpt lat="46.665277" lon="8.153274">
                <ele>2210</ele>
            </trkpt>
            <trkpt lat="46.665277" lon="8.153274">
                <ele>2210</ele>
            </trkpt>
            <trkpt lat="46.665277" lon="8.153274">
                <ele>2210</ele>
            </trkpt>
            <trkpt lat="46.665277" lon="8.153274">
                <ele>2210</ele>
            </trkpt>
            <trkpt lat="46.665277" lon="8.153274">
                <ele>2210</ele>
            </trkpt>
            <trkpt lat="46.665277" lon="8.153274">
                <ele>2210</ele>
            </trkpt>
            <trkpt lat="46.665277" lon="8.153274">
                <ele>2210</ele>
            </trkpt>
            <trkpt lat="46.665277" lon="8.153274">
                <ele>2210</ele>
            </trkpt>
            <trkpt lat="46.665277" lon="8.153274">
                <ele>2210</ele>
            </trkpt>
            <trkpt lat="46.665277" lon="8.153274">
                <ele>2210</ele>
            </trkpt>
            <trkpt lat="46.665277" lon="8.153274">
                <ele>2210</ele>
            </trkpt>
            <trkpt lat="46.665277" lon="8.153261">
                <ele>2210</ele>
            </trkpt>
            <trkpt lat="46.665277" lon="8.153274">
                <ele>2210</ele>
            </trkpt>
            <trkpt lat="46.665277" lon="8.153274">
                <ele>2210</ele>
            </trkpt>
            <trkpt lat="46.665277" lon="8.153274">
                <ele>2210</ele>
            </trkpt>
            <trkpt lat="46.665277" lon="8.153274">
                <ele>2210</ele>
            </trkpt>
            <trkpt lat="46.665277" lon="8.153274">
                <ele>2210</ele>
            </trkpt>
            <trkpt lat="46.665277" lon="8.153274">
                <ele>2210</ele>
            </trkpt>
            <trkpt lat="46.665277" lon="8.153274">
                <ele>2210</ele>
            </trkpt>
            <trkpt lat="46.665277" lon="8.153274">
                <ele>2210</ele>
            </trkpt>
            <trkpt lat="46.665266" lon="8.153260">
                <ele>2210</ele>
            </trkpt>
            <trkpt lat="46.665266" lon="8.153260">
                <ele>2210</ele>
            </trkpt>
            <trkpt lat="46.665264" lon="8.153261">
                <ele>2210</ele>
            </trkpt>
            <trkpt lat="46.665266" lon="8.153260">
                <ele>2210</ele>
            </trkpt>
            <trkpt lat="46.665266" lon="8.153260">
                <ele>2210</ele>
            </trkpt>
            <trkpt lat="46.665266" lon="8.153260">
                <ele>2210</ele>
            </trkpt>
            <trkpt lat="46.665266" lon="8.153260">
                <ele>2210</ele>
            </trkpt>
            <trkpt lat="46.665266" lon="8.153260">
                <ele>2210</ele>
            </trkpt>
            <trkpt lat="46.665266" lon="8.153260">
                <ele>2210</ele>
            </trkpt>
            <trkpt lat="46.665266" lon="8.153260">
                <ele>2210</ele>
            </trkpt>
            <trkpt lat="46.665266" lon="8.153260">
                <ele>2210</ele>
            </trkpt>
            <trkpt lat="46.665266" lon="8.153260">
                <ele>2210</ele>
            </trkpt>
            <trkpt lat="46.665266" lon="8.153260">
                <ele>2210</ele>
            </trkpt>
            <trkpt lat="46.665266" lon="8.153260">
                <ele>2210</ele>
            </trkpt>
            <trkpt lat="46.665263" lon="8.153258">
                <ele>2210</ele>
            </trkpt>
            <trkpt lat="46.665266" lon="8.153260">
                <ele>2210</ele>
            </trkpt>
            <trkpt lat="46.665266" lon="8.153260">
                <ele>2210</ele>
            </trkpt>
            <trkpt lat="46.665268" lon="8.153264">
                <ele>2210</ele>
            </trkpt>
            <trkpt lat="46.665266" lon="8.153260">
                <ele>2210</ele>
            </trkpt>
            <trkpt lat="46.665266" lon="8.153260">
                <ele>2210</ele>
            </trkpt>
            <trkpt lat="46.665266" lon="8.153260">
                <ele>2210</ele>
            </trkpt>
            <trkpt lat="46.665266" lon="8.153260">
                <ele>2210</ele>
            </trkpt>
            <trkpt lat="46.665273" lon="8.153265">
                <ele>2210</ele>
            </trkpt>
            <trkpt lat="46.665266" lon="8.153260">
                <ele>2210</ele>
            </trkpt>
            <trkpt lat="46.665266" lon="8.153260">
                <ele>2210</ele>
            </trkpt>
            <trkpt lat="46.665266" lon="8.153260">
                <ele>2210</ele>
            </trkpt>
            <trkpt lat="46.665266" lon="8.153260">
                <ele>2210</ele>
            </trkpt>
            <trkpt lat="46.665266" lon="8.153260">
                <ele>2210</ele>
            </trkpt>
            <trkpt lat="46.665266" lon="8.153260">
                <ele>2210</ele>
            </trkpt>
            <trkpt lat="46.665266" lon="8.153260">
                <ele>2210</ele>
            </trkpt>
            <trkpt lat="46.665266" lon="8.153260">
                <ele>2210</ele>
            </trkpt>
            <trkpt lat="46.665266" lon="8.153260">
                <ele>2210</ele>
            </trkpt>
            <trkpt lat="46.665266" lon="8.153260">
                <ele>2210</ele>
            </trkpt>
            <trkpt lat="46.665266" lon="8.153260">
                <ele>2210</ele>
            </trkpt>
            <trkpt lat="46.665275" lon="8.153269">
                <ele>2210</ele>
            </trkpt>
            <trkpt lat="46.665266" lon="8.153260">
                <ele>2210</ele>
            </trkpt>
            <trkpt lat="46.665275" lon="8.153271">
                <ele>2210</ele>
            </trkpt>
            <trkpt lat="46.665266" lon="8.153260">
                <ele>2210</ele>
            </trkpt>
            <trkpt lat="46.665266" lon="8.153260">
                <ele>2210</ele>
            </trkpt>
            <trkpt lat="46.665266" lon="8.153260">
                <ele>2210</ele>
            </trkpt>
            <trkpt lat="46.665266" lon="8.153260">
                <ele>2210</ele>
            </trkpt>
            <trkpt lat="46.665266" lon="8.153260">
                <ele>2210</ele>
            </trkpt>
            <trkpt lat="46.665266" lon="8.153260">
                <ele>2210</ele>
            </trkpt>
            <trkpt lat="46.665266" lon="8.153260">
                <ele>2210</ele>
            </trkpt>
            <trkpt lat="46.665266" lon="8.153260">
                <ele>2210</ele>
            </trkpt>
            <trkpt lat="46.665266" lon="8.153260">
                <ele>2210</ele>
            </trkpt>
            <trkpt lat="46.665266" lon="8.153260">
                <ele>2210</ele>
            </trkpt>
            <trkpt lat="46.665273" lon="8.153275">
                <ele>2210</ele>
            </trkpt>
            <trkpt lat="46.665266" lon="8.153260">
                <ele>2210</ele>
            </trkpt>
            <trkpt lat="46.665266" lon="8.153260">
                <ele>2210</ele>
            </trkpt>
            <trkpt lat="46.665266" lon="8.153260">
                <ele>2210</ele>
            </trkpt>
            <trkpt lat="46.665266" lon="8.153260">
                <ele>2210</ele>
            </trkpt>
            <trkpt lat="46.665266" lon="8.153260">
                <ele>2210</ele>
            </trkpt>
            <trkpt lat="46.665266" lon="8.153260">
                <ele>2210</ele>
            </trkpt>
            <trkpt lat="46.665266" lon="8.153260">
                <ele>2210</ele>
            </trkpt>
            <trkpt lat="46.665266" lon="8.153260">
                <ele>2210</ele>
            </trkpt>
            <trkpt lat="46.665266" lon="8.153260">
                <ele>2210</ele>
            </trkpt>
            <trkpt lat="46.665266" lon="8.153260">
                <ele>2210</ele>
            </trkpt>
            <trkpt lat="46.665275" lon="8.153273">
                <ele>2210</ele>
            </trkpt>
            <trkpt lat="46.665266" lon="8.153260">
                <ele>2210</ele>
            </trkpt>
            <trkpt lat="46.665266" lon="8.153260">
                <ele>2210</ele>
            </trkpt>
            <trkpt lat="46.665271" lon="8.153272">
                <ele>2210</ele>
            </trkpt>
            <trkpt lat="46.665267" lon="8.153276">
                <ele>2210</ele>
            </trkpt>
            <trkpt lat="46.665272" lon="8.153291">
                <ele>2210</ele>
            </trkpt>
            <trkpt lat="46.665271" lon="8.153289">
                <ele>2210</ele>
            </trkpt>
            <trkpt lat="46.665266" lon="8.153304">
                <ele>2210</ele>
            </trkpt>
            <trkpt lat="46.665266" lon="8.153304">
                <ele>2210</ele>
            </trkpt>
            <trkpt lat="46.665266" lon="8.153304">
                <ele>2210</ele>
            </trkpt>
            <trkpt lat="46.665266" lon="8.153304">
                <ele>2210</ele>
            </trkpt>
            <trkpt lat="46.665266" lon="8.153304">
                <ele>2210</ele>
            </trkpt>
            <trkpt lat="46.665266" lon="8.153299">
                <ele>2210</ele>
            </trkpt>
            <trkpt lat="46.665264" lon="8.153301">
                <ele>2210</ele>
            </trkpt>
            <trkpt lat="46.665266" lon="8.153304">
                <ele>2210</ele>
            </trkpt>
            <trkpt lat="46.665266" lon="8.153304">
                <ele>2210</ele>
            </trkpt>
            <trkpt lat="46.665265" lon="8.153299">
                <ele>2210</ele>
            </trkpt>
            <trkpt lat="46.665268" lon="8.153283">
                <ele>2210</ele>
            </trkpt>
            <trkpt lat="46.665268" lon="8.153280">
                <ele>2210</ele>
            </trkpt>
            <trkpt lat="46.665267" lon="8.153276">
                <ele>2210</ele>
            </trkpt>
            <trkpt lat="46.665267" lon="8.153273">
                <ele>2210</ele>
            </trkpt>
            <trkpt lat="46.665275" lon="8.153266">
                <ele>2210</ele>
            </trkpt>
            <trkpt lat="46.665267" lon="8.153276">
                <ele>2210</ele>
            </trkpt>
            <trkpt lat="46.665267" lon="8.153276">
                <ele>2210</ele>
            </trkpt>
            <trkpt lat="46.665267" lon="8.153276">
                <ele>2210</ele>
            </trkpt>
            <trkpt lat="46.665267" lon="8.153276">
                <ele>2210</ele>
            </trkpt>
            <trkpt lat="46.665267" lon="8.153276">
                <ele>2210</ele>
            </trkpt>
            <trkpt lat="46.665276" lon="8.153257">
                <ele>2210</ele>
            </trkpt>
            <trkpt lat="46.665276" lon="8.153257">
                <ele>2210</ele>
            </trkpt>
            <trkpt lat="46.665276" lon="8.153257">
                <ele>2210</ele>
            </trkpt>
            <trkpt lat="46.665276" lon="8.153257">
                <ele>2210</ele>
            </trkpt>
            <trkpt lat="46.665276" lon="8.153257">
                <ele>2210</ele>
            </trkpt>
            <trkpt lat="46.665276" lon="8.153257">
                <ele>2210</ele>
            </trkpt>
            <trkpt lat="46.665265" lon="8.153254">
                <ele>2210</ele>
            </trkpt>
            <trkpt lat="46.665253" lon="8.153251">
                <ele>2210</ele>
            </trkpt>
            <trkpt lat="46.665241" lon="8.153267">
                <ele>2210</ele>
            </trkpt>
            <trkpt lat="46.665236" lon="8.153272">
                <ele>2210</ele>
            </trkpt>
            <trkpt lat="46.665233" lon="8.153274">
                <ele>2210</ele>
            </trkpt>
            <trkpt lat="46.665232" lon="8.153277">
                <ele>2210</ele>
            </trkpt>
            <trkpt lat="46.665220" lon="8.153286">
                <ele>2210</ele>
            </trkpt>
            <trkpt lat="46.665220" lon="8.153286">
                <ele>2210</ele>
            </trkpt>
            <trkpt lat="46.665220" lon="8.153286">
                <ele>2210</ele>
            </trkpt>
            <trkpt lat="46.665220" lon="8.153276">
                <ele>2210</ele>
            </trkpt>
            <trkpt lat="46.665221" lon="8.153275">
                <ele>2210</ele>
            </trkpt>
            <trkpt lat="46.665218" lon="8.153296">
                <ele>2210</ele>
            </trkpt>
            <trkpt lat="46.665220" lon="8.153292">
                <ele>2210</ele>
            </trkpt>
            <trkpt lat="46.665221" lon="8.153291">
                <ele>2210</ele>
            </trkpt>
            <trkpt lat="46.665222" lon="8.153287">
                <ele>2210</ele>
            </trkpt>
            <trkpt lat="46.665220" lon="8.153286">
                <ele>2210</ele>
            </trkpt>
            <trkpt lat="46.665220" lon="8.153286">
                <ele>2210</ele>
            </trkpt>
            <trkpt lat="46.665218" lon="8.153285">
                <ele>2210</ele>
            </trkpt>
            <trkpt lat="46.665218" lon="8.153288">
                <ele>2210</ele>
            </trkpt>
            <trkpt lat="46.665220" lon="8.153286">
                <ele>2210</ele>
            </trkpt>
            <trkpt lat="46.665216" lon="8.153290">
                <ele>2210</ele>
            </trkpt>
            <trkpt lat="46.665220" lon="8.153286">
                <ele>2210</ele>
            </trkpt>
            <trkpt lat="46.665212" lon="8.153294">
                <ele>2210</ele>
            </trkpt>
            <trkpt lat="46.665208" lon="8.153305">
                <ele>2210</ele>
            </trkpt>
            <trkpt lat="46.665208" lon="8.153304">
                <ele>2210</ele>
            </trkpt>
            <trkpt lat="46.665208" lon="8.153304">
                <ele>2210</ele>
            </trkpt>
            <trkpt lat="46.665208" lon="8.153304">
                <ele>2210</ele>
            </trkpt>
            <trkpt lat="46.665208" lon="8.153304">
                <ele>2210</ele>
            </trkpt>
            <trkpt lat="46.665208" lon="8.153304">
                <ele>2210</ele>
            </trkpt>
            <trkpt lat="46.665208" lon="8.153304">
                <ele>2210</ele>
            </trkpt>
            <trkpt lat="46.665203" lon="8.153301">
                <ele>2210</ele>
            </trkpt>
            <trkpt lat="46.665206" lon="8.153296">
                <ele>2210</ele>
            </trkpt>
            <trkpt lat="46.665207" lon="8.153295">
                <ele>2210</ele>
            </trkpt>
            <trkpt lat="46.665205" lon="8.153292">
                <ele>2210</ele>
            </trkpt>
            <trkpt lat="46.665199" lon="8.153289">
                <ele>2210</ele>
            </trkpt>
            <trkpt lat="46.665198" lon="8.153292">
                <ele>2210</ele>
            </trkpt>
            <trkpt lat="46.665198" lon="8.153292">
                <ele>2210</ele>
            </trkpt>
            <trkpt lat="46.665196" lon="8.153287">
                <ele>2210</ele>
            </trkpt>
            <trkpt lat="46.665184" lon="8.153285">
                <ele>2210</ele>
            </trkpt>
            <trkpt lat="46.665175" lon="8.153289">
                <ele>2210</ele>
            </trkpt>
            <trkpt lat="46.665175" lon="8.153290">
                <ele>2210</ele>
            </trkpt>
            <trkpt lat="46.665178" lon="8.153283">
                <ele>2210</ele>
            </trkpt>
            <trkpt lat="46.665175" lon="8.153290">
                <ele>2210</ele>
            </trkpt>
            <trkpt lat="46.665175" lon="8.153290">
                <ele>2210</ele>
            </trkpt>
            <trkpt lat="46.665175" lon="8.153290">
                <ele>2210</ele>
            </trkpt>
            <trkpt lat="46.665175" lon="8.153290">
                <ele>2210</ele>
            </trkpt>
            <trkpt lat="46.665175" lon="8.153290">
                <ele>2210</ele>
            </trkpt>
            <trkpt lat="46.665175" lon="8.153290">
                <ele>2210</ele>
            </trkpt>
            <trkpt lat="46.665175" lon="8.153290">
                <ele>2210</ele>
            </trkpt>
            <trkpt lat="46.665175" lon="8.153290">
                <ele>2210</ele>
            </trkpt>
            <trkpt lat="46.665175" lon="8.153290">
                <ele>2210</ele>
            </trkpt>
            <trkpt lat="46.665172" lon="8.153272">
                <ele>2210</ele>
            </trkpt>
            <trkpt lat="46.665163" lon="8.153276">
                <ele>2210</ele>
            </trkpt>
            <trkpt lat="46.665164" lon="8.153269">
                <ele>2210</ele>
            </trkpt>
            <trkpt lat="46.665151" lon="8.153274">
                <ele>2210</ele>
            </trkpt>
            <trkpt lat="46.665155" lon="8.153290">
                <ele>2210</ele>
            </trkpt>
            <trkpt lat="46.665152" lon="8.153297">
                <ele>2210</ele>
            </trkpt>
            <trkpt lat="46.665152" lon="8.153297">
                <ele>2210</ele>
            </trkpt>
            <trkpt lat="46.665152" lon="8.153297">
                <ele>2210</ele>
            </trkpt>
            <trkpt lat="46.665154" lon="8.153301">
                <ele>2210</ele>
            </trkpt>
            <trkpt lat="46.665152" lon="8.153297">
                <ele>2210</ele>
            </trkpt>
            <trkpt lat="46.665152" lon="8.153297">
                <ele>2210</ele>
            </trkpt>
            <trkpt lat="46.665152" lon="8.153297">
                <ele>2210</ele>
            </trkpt>
            <trkpt lat="46.665152" lon="8.153301">
                <ele>2210</ele>
            </trkpt>
            <trkpt lat="46.665152" lon="8.153308">
                <ele>2210</ele>
            </trkpt>
            <trkpt lat="46.665150" lon="8.153306">
                <ele>2210</ele>
            </trkpt>
            <trkpt lat="46.665155" lon="8.153304">
                <ele>2210</ele>
            </trkpt>
            <trkpt lat="46.665152" lon="8.153316">
                <ele>2210</ele>
            </trkpt>
            <trkpt lat="46.665151" lon="8.153318">
                <ele>2210</ele>
            </trkpt>
            <trkpt lat="46.665146" lon="8.153319">
                <ele>2210</ele>
            </trkpt>
            <trkpt lat="46.665144" lon="8.153320">
                <ele>2210</ele>
            </trkpt>
            <trkpt lat="46.665152" lon="8.153307">
                <ele>2210</ele>
            </trkpt>
            <trkpt lat="46.665152" lon="8.153297">
                <ele>2210</ele>
            </trkpt>
            <trkpt lat="46.665155" lon="8.153299">
                <ele>2210</ele>
            </trkpt>
            <trkpt lat="46.665157" lon="8.153294">
                <ele>2210</ele>
            </trkpt>
            <trkpt lat="46.665149" lon="8.153300">
                <ele>2210</ele>
            </trkpt>
            <trkpt lat="46.665130" lon="8.153306">
                <ele>2190</ele>
            </trkpt>
            <trkpt lat="46.665129" lon="8.153302">
                <ele>2190</ele>
            </trkpt>
            <trkpt lat="46.665129" lon="8.153302">
                <ele>2190</ele>
            </trkpt>
            <trkpt lat="46.665127" lon="8.153296">
                <ele>2190</ele>
            </trkpt>
            <trkpt lat="46.665131" lon="8.153303">
                <ele>2190</ele>
            </trkpt>
            <trkpt lat="46.665133" lon="8.153296">
                <ele>2190</ele>
            </trkpt>
            <trkpt lat="46.665130" lon="8.153292">
                <ele>2190</ele>
            </trkpt>
            <trkpt lat="46.665129" lon="8.153302">
                <ele>2190</ele>
            </trkpt>
            <trkpt lat="46.665120" lon="8.153309">
                <ele>2190</ele>
            </trkpt>
            <trkpt lat="46.665110" lon="8.153330">
                <ele>2190</ele>
            </trkpt>
            <trkpt lat="46.665110" lon="8.153328">
                <ele>2190</ele>
            </trkpt>
            <trkpt lat="46.665101" lon="8.153322">
                <ele>2190</ele>
            </trkpt>
            <trkpt lat="46.665093" lon="8.153306">
                <ele>2190</ele>
            </trkpt>
            <trkpt lat="46.665083" lon="8.153316">
                <ele>2190</ele>
            </trkpt>
            <trkpt lat="46.665076" lon="8.153318">
                <ele>2190</ele>
            </trkpt>
            <trkpt lat="46.665074" lon="8.153306">
                <ele>2190</ele>
            </trkpt>
            <trkpt lat="46.665079" lon="8.153319">
                <ele>2190</ele>
            </trkpt>
            <trkpt lat="46.665079" lon="8.153319">
                <ele>2190</ele>
            </trkpt>
            <trkpt lat="46.665079" lon="8.153319">
                <ele>2190</ele>
            </trkpt>
            <trkpt lat="46.665079" lon="8.153319">
                <ele>2190</ele>
            </trkpt>
            <trkpt lat="46.665079" lon="8.153319">
                <ele>2190</ele>
            </trkpt>
            <trkpt lat="46.665079" lon="8.153319">
                <ele>2190</ele>
            </trkpt>
            <trkpt lat="46.665079" lon="8.153319">
                <ele>2190</ele>
            </trkpt>
            <trkpt lat="46.665079" lon="8.153319">
                <ele>2190</ele>
            </trkpt>
            <trkpt lat="46.665079" lon="8.153319">
                <ele>2190</ele>
            </trkpt>
            <trkpt lat="46.665074" lon="8.153303">
                <ele>2190</ele>
            </trkpt>
            <trkpt lat="46.665074" lon="8.153314">
                <ele>2190</ele>
            </trkpt>
            <trkpt lat="46.665082" lon="8.153299">
                <ele>2190</ele>
            </trkpt>
            <trkpt lat="46.665085" lon="8.153298">
                <ele>2190</ele>
            </trkpt>
            <trkpt lat="46.665086" lon="8.153298">
                <ele>2190</ele>
            </trkpt>
            <trkpt lat="46.665083" lon="8.153300">
                <ele>2190</ele>
            </trkpt>
            <trkpt lat="46.665087" lon="8.153292">
                <ele>2190</ele>
            </trkpt>
            <trkpt lat="46.665083" lon="8.153285">
                <ele>2190</ele>
            </trkpt>
            <trkpt lat="46.665084" lon="8.153285">
                <ele>2190</ele>
            </trkpt>
            <trkpt lat="46.665082" lon="8.153287">
                <ele>2190</ele>
            </trkpt>
            <trkpt lat="46.665083" lon="8.153287">
                <ele>2190</ele>
            </trkpt>
            <trkpt lat="46.665083" lon="8.153276">
                <ele>2190</ele>
            </trkpt>
            <trkpt lat="46.665084" lon="8.153279">
                <ele>2190</ele>
            </trkpt>
            <trkpt lat="46.665084" lon="8.153281">
                <ele>2190</ele>
            </trkpt>
            <trkpt lat="46.665079" lon="8.153281">
                <ele>2190</ele>
            </trkpt>
            <trkpt lat="46.665085" lon="8.153280">
                <ele>2190</ele>
            </trkpt>
            <trkpt lat="46.665082" lon="8.153282">
                <ele>2190</ele>
            </trkpt>
            <trkpt lat="46.665079" lon="8.153284">
                <ele>2190</ele>
            </trkpt>
            <trkpt lat="46.665068" lon="8.153283">
                <ele>2190</ele>
            </trkpt>
            <trkpt lat="46.665066" lon="8.153283">
                <ele>2190</ele>
            </trkpt>
            <trkpt lat="46.665066" lon="8.153283">
                <ele>2190</ele>
            </trkpt>
            <trkpt lat="46.665066" lon="8.153283">
                <ele>2190</ele>
            </trkpt>
            <trkpt lat="46.665066" lon="8.153283">
                <ele>2190</ele>
            </trkpt>
            <trkpt lat="46.665066" lon="8.153283">
                <ele>2190</ele>
            </trkpt>
            <trkpt lat="46.665066" lon="8.153283">
                <ele>2190</ele>
            </trkpt>
            <trkpt lat="46.665066" lon="8.153283">
                <ele>2190</ele>
            </trkpt>
            <trkpt lat="46.665066" lon="8.153283">
                <ele>2190</ele>
            </trkpt>
            <trkpt lat="46.665066" lon="8.153283">
                <ele>2190</ele>
            </trkpt>
            <trkpt lat="46.665066" lon="8.153283">
                <ele>2190</ele>
            </trkpt>
            <trkpt lat="46.665066" lon="8.153283">
                <ele>2190</ele>
            </trkpt>
            <trkpt lat="46.665066" lon="8.153283">
                <ele>2190</ele>
            </trkpt>
            <trkpt lat="46.665066" lon="8.153283">
                <ele>2190</ele>
            </trkpt>
            <trkpt lat="46.665066" lon="8.153283">
                <ele>2190</ele>
            </trkpt>
            <trkpt lat="46.665066" lon="8.153283">
                <ele>2190</ele>
            </trkpt>
            <trkpt lat="46.665066" lon="8.153283">
                <ele>2190</ele>
            </trkpt>
            <trkpt lat="46.665066" lon="8.153283">
                <ele>2190</ele>
            </trkpt>
            <trkpt lat="46.665066" lon="8.153283">
                <ele>2190</ele>
            </trkpt>
            <trkpt lat="46.665066" lon="8.153283">
                <ele>2190</ele>
            </trkpt>
            <trkpt lat="46.665066" lon="8.153283">
                <ele>2190</ele>
            </trkpt>
            <trkpt lat="46.665066" lon="8.153283">
                <ele>2190</ele>
            </trkpt>
            <trkpt lat="46.665066" lon="8.153283">
                <ele>2190</ele>
            </trkpt>
            <trkpt lat="46.665066" lon="8.153283">
                <ele>2190</ele>
            </trkpt>
            <trkpt lat="46.665066" lon="8.153283">
                <ele>2190</ele>
            </trkpt>
            <trkpt lat="46.665066" lon="8.153283">
                <ele>2190</ele>
            </trkpt>
            <trkpt lat="46.665066" lon="8.153283">
                <ele>2190</ele>
            </trkpt>
            <trkpt lat="46.665080" lon="8.153300">
                <ele>2190</ele>
            </trkpt>
            <trkpt lat="46.665080" lon="8.153300">
                <ele>2190</ele>
            </trkpt>
            <trkpt lat="46.665079" lon="8.153305">
                <ele>2190</ele>
            </trkpt>
            <trkpt lat="46.665080" lon="8.153300">
                <ele>2190</ele>
            </trkpt>
            <trkpt lat="46.665080" lon="8.153300">
                <ele>2190</ele>
            </trkpt>
            <trkpt lat="46.665080" lon="8.153300">
                <ele>2190</ele>
            </trkpt>
            <trkpt lat="46.665080" lon="8.153300">
                <ele>2190</ele>
            </trkpt>
            <trkpt lat="46.665083" lon="8.153291">
                <ele>2190</ele>
            </trkpt>
            <trkpt lat="46.665084" lon="8.153291">
                <ele>2190</ele>
            </trkpt>
            <trkpt lat="46.665080" lon="8.153300">
                <ele>2190</ele>
            </trkpt>
            <trkpt lat="46.665079" lon="8.153295">
                <ele>2190</ele>
            </trkpt>
            <trkpt lat="46.665080" lon="8.153300">
                <ele>2190</ele>
            </trkpt>
            <trkpt lat="46.665064" lon="8.153294">
                <ele>2190</ele>
            </trkpt>
            <trkpt lat="46.665061" lon="8.153293">
                <ele>2190</ele>
            </trkpt>
            <trkpt lat="46.665062" lon="8.153290">
                <ele>2190</ele>
            </trkpt>
            <trkpt lat="46.665062" lon="8.153290">
                <ele>2190</ele>
            </trkpt>
            <trkpt lat="46.665050" lon="8.153287">
                <ele>2190</ele>
            </trkpt>
            <trkpt lat="46.665047" lon="8.153287">
                <ele>2190</ele>
            </trkpt>
            <trkpt lat="46.665045" lon="8.153288">
                <ele>2190</ele>
            </trkpt>
            <trkpt lat="46.665039" lon="8.153280">
                <ele>2190</ele>
            </trkpt>
            <trkpt lat="46.665045" lon="8.153265">
                <ele>2190</ele>
            </trkpt>
            <trkpt lat="46.665042" lon="8.153271">
                <ele>2190</ele>
            </trkpt>
            <trkpt lat="46.665035" lon="8.153259">
                <ele>2190</ele>
            </trkpt>
            <trkpt lat="46.665034" lon="8.153261">
                <ele>2190</ele>
            </trkpt>
            <trkpt lat="46.665033" lon="8.153263">
                <ele>2190</ele>
            </trkpt>
            <trkpt lat="46.665028" lon="8.153254">
                <ele>2190</ele>
            </trkpt>
            <trkpt lat="46.665021" lon="8.153254">
                <ele>2190</ele>
            </trkpt>
            <trkpt lat="46.665022" lon="8.153249">
                <ele>2190</ele>
            </trkpt>
            <trkpt lat="46.665020" lon="8.153255">
                <ele>2190</ele>
            </trkpt>
            <trkpt lat="46.665021" lon="8.153249">
                <ele>2190</ele>
            </trkpt>
            <trkpt lat="46.665020" lon="8.153255">
                <ele>2190</ele>
            </trkpt>
            <trkpt lat="46.665018" lon="8.153253">
                <ele>2190</ele>
            </trkpt>
            <trkpt lat="46.665005" lon="8.153241">
                <ele>2190</ele>
            </trkpt>
            <trkpt lat="46.665005" lon="8.153241">
                <ele>2190</ele>
            </trkpt>
            <trkpt lat="46.665005" lon="8.153242">
                <ele>2190</ele>
            </trkpt>
            <trkpt lat="46.664993" lon="8.153238">
                <ele>2190</ele>
            </trkpt>
            <trkpt lat="46.664992" lon="8.153235">
                <ele>2190</ele>
            </trkpt>
            <trkpt lat="46.664990" lon="8.153233">
                <ele>2190</ele>
            </trkpt>
            <trkpt lat="46.664989" lon="8.153236">
                <ele>2190</ele>
            </trkpt>
            <trkpt lat="46.664985" lon="8.153232">
                <ele>2190</ele>
            </trkpt>
            <trkpt lat="46.664981" lon="8.153232">
                <ele>2190</ele>
            </trkpt>
            <trkpt lat="46.664977" lon="8.153231">
                <ele>2190</ele>
            </trkpt>
            <trkpt lat="46.664981" lon="8.153229">
                <ele>2190</ele>
            </trkpt>
            <trkpt lat="46.664977" lon="8.153224">
                <ele>2190</ele>
            </trkpt>
            <trkpt lat="46.664972" lon="8.153228">
                <ele>2190</ele>
            </trkpt>
            <trkpt lat="46.664970" lon="8.153231">
                <ele>2190</ele>
            </trkpt>
            <trkpt lat="46.664972" lon="8.153228">
                <ele>2190</ele>
            </trkpt>
            <trkpt lat="46.664972" lon="8.153228">
                <ele>2190</ele>
            </trkpt>
            <trkpt lat="46.664968" lon="8.153235">
                <ele>2190</ele>
            </trkpt>
            <trkpt lat="46.664968" lon="8.153233">
                <ele>2190</ele>
            </trkpt>
            <trkpt lat="46.664972" lon="8.153228">
                <ele>2190</ele>
            </trkpt>
            <trkpt lat="46.664967" lon="8.153221">
                <ele>2190</ele>
            </trkpt>
            <trkpt lat="46.664972" lon="8.153228">
                <ele>2190</ele>
            </trkpt>
            <trkpt lat="46.664963" lon="8.153218">
                <ele>2190</ele>
            </trkpt>
            <trkpt lat="46.664964" lon="8.153210">
                <ele>2190</ele>
            </trkpt>
            <trkpt lat="46.664959" lon="8.153216">
                <ele>2190</ele>
            </trkpt>
            <trkpt lat="46.664960" lon="8.153211">
                <ele>2190</ele>
            </trkpt>
            <trkpt lat="46.664959" lon="8.153199">
                <ele>2190</ele>
            </trkpt>
            <trkpt lat="46.664946" lon="8.153186">
                <ele>2275</ele>
            </trkpt>
            <trkpt lat="46.664932" lon="8.153178">
                <ele>2275</ele>
            </trkpt>
            <trkpt lat="46.664928" lon="8.153175">
                <ele>2275</ele>
            </trkpt>
            <trkpt lat="46.664927" lon="8.153164">
                <ele>2275</ele>
            </trkpt>
            <trkpt lat="46.664927" lon="8.153164">
                <ele>2275</ele>
            </trkpt>
            <trkpt lat="46.664927" lon="8.153164">
                <ele>2275</ele>
            </trkpt>
            <trkpt lat="46.664927" lon="8.153164">
                <ele>2275</ele>
            </trkpt>
            <trkpt lat="46.664919" lon="8.153159">
                <ele>2275</ele>
            </trkpt>
            <trkpt lat="46.664910" lon="8.153156">
                <ele>2275</ele>
            </trkpt>
            <trkpt lat="46.664908" lon="8.153155">
                <ele>2275</ele>
            </trkpt>
            <trkpt lat="46.664910" lon="8.153156">
                <ele>2275</ele>
            </trkpt>
            <trkpt lat="46.664907" lon="8.153153">
                <ele>2275</ele>
            </trkpt>
            <trkpt lat="46.664904" lon="8.153145">
                <ele>2275</ele>
            </trkpt>
            <trkpt lat="46.664896" lon="8.153143">
                <ele>2275</ele>
            </trkpt>
            <trkpt lat="46.664898" lon="8.153142">
                <ele>2275</ele>
            </trkpt>
            <trkpt lat="46.664921" lon="8.153118">
                <ele>2275</ele>
            </trkpt>
            <trkpt lat="46.664920" lon="8.153118">
                <ele>2275</ele>
            </trkpt>
            <trkpt lat="46.664920" lon="8.153118">
                <ele>2275</ele>
            </trkpt>
            <trkpt lat="46.664919" lon="8.153127">
                <ele>2275</ele>
            </trkpt>
            <trkpt lat="46.664916" lon="8.153096">
                <ele>2275</ele>
            </trkpt>
            <trkpt lat="46.664919" lon="8.153096">
                <ele>2275</ele>
            </trkpt>
            <trkpt lat="46.664918" lon="8.153084">
                <ele>2275</ele>
            </trkpt>
            <trkpt lat="46.664918" lon="8.153080">
                <ele>2275</ele>
            </trkpt>
            <trkpt lat="46.664918" lon="8.153080">
                <ele>2275</ele>
            </trkpt>
            <trkpt lat="46.664918" lon="8.153080">
                <ele>2275</ele>
            </trkpt>
            <trkpt lat="46.664913" lon="8.153078">
                <ele>2275</ele>
            </trkpt>
            <trkpt lat="46.664918" lon="8.153080">
                <ele>2275</ele>
            </trkpt>
            <trkpt lat="46.664918" lon="8.153080">
                <ele>2275</ele>
            </trkpt>
            <trkpt lat="46.664918" lon="8.153080">
                <ele>2275</ele>
            </trkpt>
            <trkpt lat="46.664918" lon="8.153080">
                <ele>2275</ele>
            </trkpt>
            <trkpt lat="46.664918" lon="8.153080">
                <ele>2275</ele>
            </trkpt>
            <trkpt lat="46.664923" lon="8.153077">
                <ele>2275</ele>
            </trkpt>
            <trkpt lat="46.664918" lon="8.153080">
                <ele>2275</ele>
            </trkpt>
            <trkpt lat="46.664918" lon="8.153080">
                <ele>2275</ele>
            </trkpt>
            <trkpt lat="46.664918" lon="8.153070">
                <ele>2275</ele>
            </trkpt>
            <trkpt lat="46.664916" lon="8.153068">
                <ele>2275</ele>
            </trkpt>
            <trkpt lat="46.664914" lon="8.153076">
                <ele>2275</ele>
            </trkpt>
            <trkpt lat="46.664918" lon="8.153080">
                <ele>2275</ele>
            </trkpt>
            <trkpt lat="46.664918" lon="8.153080">
                <ele>2275</ele>
            </trkpt>
            <trkpt lat="46.664918" lon="8.153080">
                <ele>2275</ele>
            </trkpt>
            <trkpt lat="46.664918" lon="8.153080">
                <ele>2275</ele>
            </trkpt>
            <trkpt lat="46.664917" lon="8.153070">
                <ele>2275</ele>
            </trkpt>
            <trkpt lat="46.664918" lon="8.153080">
                <ele>2275</ele>
            </trkpt>
            <trkpt lat="46.664918" lon="8.153080">
                <ele>2275</ele>
            </trkpt>
            <trkpt lat="46.664918" lon="8.153080">
                <ele>2275</ele>
            </trkpt>
            <trkpt lat="46.664918" lon="8.153080">
                <ele>2275</ele>
            </trkpt>
            <trkpt lat="46.664918" lon="8.153080">
                <ele>2275</ele>
            </trkpt>
            <trkpt lat="46.664918" lon="8.153080">
                <ele>2275</ele>
            </trkpt>
            <trkpt lat="46.664918" lon="8.153080">
                <ele>2275</ele>
            </trkpt>
            <trkpt lat="46.664918" lon="8.153080">
                <ele>2275</ele>
            </trkpt>
            <trkpt lat="46.664918" lon="8.153080">
                <ele>2275</ele>
            </trkpt>
            <trkpt lat="46.664918" lon="8.153080">
                <ele>2275</ele>
            </trkpt>
            <trkpt lat="46.664914" lon="8.153078">
                <ele>2275</ele>
            </trkpt>
            <trkpt lat="46.664918" lon="8.153080">
                <ele>2275</ele>
            </trkpt>
            <trkpt lat="46.664918" lon="8.153093">
                <ele>2275</ele>
            </trkpt>
            <trkpt lat="46.664914" lon="8.153099">
                <ele>2275</ele>
            </trkpt>
            <trkpt lat="46.664920" lon="8.153081">
                <ele>2275</ele>
            </trkpt>
            <trkpt lat="46.664914" lon="8.153088">
                <ele>2275</ele>
            </trkpt>
            <trkpt lat="46.664918" lon="8.153080">
                <ele>2275</ele>
            </trkpt>
            <trkpt lat="46.664918" lon="8.153080">
                <ele>2275</ele>
            </trkpt>
            <trkpt lat="46.664918" lon="8.153080">
                <ele>2275</ele>
            </trkpt>
            <trkpt lat="46.664918" lon="8.153080">
                <ele>2275</ele>
            </trkpt>
            <trkpt lat="46.664918" lon="8.153080">
                <ele>2275</ele>
            </trkpt>
            <trkpt lat="46.664918" lon="8.153080">
                <ele>2275</ele>
            </trkpt>
            <trkpt lat="46.664918" lon="8.153080">
                <ele>2275</ele>
            </trkpt>
            <trkpt lat="46.664918" lon="8.153080">
                <ele>2275</ele>
            </trkpt>
            <trkpt lat="46.664918" lon="8.153080">
                <ele>2275</ele>
            </trkpt>
            <trkpt lat="46.664918" lon="8.153080">
                <ele>2275</ele>
            </trkpt>
            <trkpt lat="46.664918" lon="8.153080">
                <ele>2275</ele>
            </trkpt>
            <trkpt lat="46.664918" lon="8.153080">
                <ele>2275</ele>
            </trkpt>
            <trkpt lat="46.664918" lon="8.153080">
                <ele>2275</ele>
            </trkpt>
            <trkpt lat="46.664918" lon="8.153080">
                <ele>2275</ele>
            </trkpt>
            <trkpt lat="46.664918" lon="8.153080">
                <ele>2275</ele>
            </trkpt>
            <trkpt lat="46.664918" lon="8.153080">
                <ele>2275</ele>
            </trkpt>
            <trkpt lat="46.664918" lon="8.153080">
                <ele>2275</ele>
            </trkpt>
            <trkpt lat="46.664918" lon="8.153080">
                <ele>2275</ele>
            </trkpt>
            <trkpt lat="46.664918" lon="8.153080">
                <ele>2275</ele>
            </trkpt>
            <trkpt lat="46.664918" lon="8.153080">
                <ele>2275</ele>
            </trkpt>
            <trkpt lat="46.664918" lon="8.153080">
                <ele>2275</ele>
            </trkpt>
            <trkpt lat="46.664918" lon="8.153080">
                <ele>2275</ele>
            </trkpt>
            <trkpt lat="46.664918" lon="8.153080">
                <ele>2275</ele>
            </trkpt>
            <trkpt lat="46.664918" lon="8.153080">
                <ele>2275</ele>
            </trkpt>
            <trkpt lat="46.664918" lon="8.153080">
                <ele>2275</ele>
            </trkpt>
            <trkpt lat="46.664918" lon="8.153080">
                <ele>2275</ele>
            </trkpt>
            <trkpt lat="46.664918" lon="8.153080">
                <ele>2275</ele>
            </trkpt>
            <trkpt lat="46.664918" lon="8.153080">
                <ele>2275</ele>
            </trkpt>
            <trkpt lat="46.664918" lon="8.153080">
                <ele>2275</ele>
            </trkpt>
            <trkpt lat="46.664918" lon="8.153080">
                <ele>2275</ele>
            </trkpt>
            <trkpt lat="46.664918" lon="8.153080">
                <ele>2275</ele>
            </trkpt>
            <trkpt lat="46.664918" lon="8.153080">
                <ele>2275</ele>
            </trkpt>
            <trkpt lat="46.664918" lon="8.153080">
                <ele>2275</ele>
            </trkpt>
            <trkpt lat="46.664918" lon="8.153080">
                <ele>2275</ele>
            </trkpt>
            <trkpt lat="46.664918" lon="8.153080">
                <ele>2275</ele>
            </trkpt>
            <trkpt lat="46.664918" lon="8.153080">
                <ele>2275</ele>
            </trkpt>
            <trkpt lat="46.664918" lon="8.153080">
                <ele>2275</ele>
            </trkpt>
            <trkpt lat="46.664918" lon="8.153080">
                <ele>2275</ele>
            </trkpt>
            <trkpt lat="46.664918" lon="8.153080">
                <ele>2275</ele>
            </trkpt>
            <trkpt lat="46.664918" lon="8.153080">
                <ele>2275</ele>
            </trkpt>
            <trkpt lat="46.664918" lon="8.153080">
                <ele>2275</ele>
            </trkpt>
            <trkpt lat="46.664918" lon="8.153080">
                <ele>2275</ele>
            </trkpt>
            <trkpt lat="46.664918" lon="8.153080">
                <ele>2275</ele>
            </trkpt>
            <trkpt lat="46.664918" lon="8.153080">
                <ele>2275</ele>
            </trkpt>
            <trkpt lat="46.664918" lon="8.153080">
                <ele>2275</ele>
            </trkpt>
            <trkpt lat="46.664918" lon="8.153080">
                <ele>2275</ele>
            </trkpt>
            <trkpt lat="46.664918" lon="8.153080">
                <ele>2275</ele>
            </trkpt>
            <trkpt lat="46.664918" lon="8.153080">
                <ele>2275</ele>
            </trkpt>
            <trkpt lat="46.664918" lon="8.153080">
                <ele>2275</ele>
            </trkpt>
            <trkpt lat="46.664919" lon="8.153082">
                <ele>2275</ele>
            </trkpt>
            <trkpt lat="46.664918" lon="8.153080">
                <ele>2275</ele>
            </trkpt>
            <trkpt lat="46.664921" lon="8.153080">
                <ele>2275</ele>
            </trkpt>
            <trkpt lat="46.664918" lon="8.153080">
                <ele>2275</ele>
            </trkpt>
            <trkpt lat="46.664918" lon="8.153080">
                <ele>2275</ele>
            </trkpt>
            <trkpt lat="46.664916" lon="8.153089">
                <ele>2275</ele>
            </trkpt>
            <trkpt lat="46.664913" lon="8.153098">
                <ele>2275</ele>
            </trkpt>
            <trkpt lat="46.664918" lon="8.153080">
                <ele>2275</ele>
            </trkpt>
            <trkpt lat="46.664918" lon="8.153080">
                <ele>2275</ele>
            </trkpt>
            <trkpt lat="46.664918" lon="8.153080">
                <ele>2275</ele>
            </trkpt>
            <trkpt lat="46.664918" lon="8.153080">
                <ele>2275</ele>
            </trkpt>
            <trkpt lat="46.664918" lon="8.153080">
                <ele>2275</ele>
            </trkpt>
            <trkpt lat="46.664917" lon="8.153090">
                <ele>2275</ele>
            </trkpt>
            <trkpt lat="46.664915" lon="8.153087">
                <ele>2275</ele>
            </trkpt>
            <trkpt lat="46.664912" lon="8.153091">
                <ele>2275</ele>
            </trkpt>
            <trkpt lat="46.664911" lon="8.153093">
                <ele>2275</ele>
            </trkpt>
            <trkpt lat="46.664914" lon="8.153098">
                <ele>2275</ele>
            </trkpt>
            <trkpt lat="46.664913" lon="8.153100">
                <ele>2275</ele>
            </trkpt>
            <trkpt lat="46.664913" lon="8.153106">
                <ele>2275</ele>
            </trkpt>
            <trkpt lat="46.664913" lon="8.153106">
                <ele>2275</ele>
            </trkpt>
            <trkpt lat="46.664913" lon="8.153106">
                <ele>2275</ele>
            </trkpt>
            <trkpt lat="46.664913" lon="8.153106">
                <ele>2275</ele>
            </trkpt>
            <trkpt lat="46.664913" lon="8.153106">
                <ele>2275</ele>
            </trkpt>
            <trkpt lat="46.664913" lon="8.153106">
                <ele>2275</ele>
            </trkpt>
            <trkpt lat="46.664913" lon="8.153106">
                <ele>2275</ele>
            </trkpt>
            <trkpt lat="46.664913" lon="8.153106">
                <ele>2275</ele>
            </trkpt>
            <trkpt lat="46.664913" lon="8.153106">
                <ele>2275</ele>
            </trkpt>
            <trkpt lat="46.664913" lon="8.153106">
                <ele>2275</ele>
            </trkpt>
            <trkpt lat="46.664913" lon="8.153098">
                <ele>2275</ele>
            </trkpt>
            <trkpt lat="46.664913" lon="8.153106">
                <ele>2275</ele>
            </trkpt>
            <trkpt lat="46.664913" lon="8.153106">
                <ele>2275</ele>
            </trkpt>
            <trkpt lat="46.664913" lon="8.153106">
                <ele>2275</ele>
            </trkpt>
            <trkpt lat="46.664913" lon="8.153106">
                <ele>2275</ele>
            </trkpt>
            <trkpt lat="46.664913" lon="8.153106">
                <ele>2275</ele>
            </trkpt>
            <trkpt lat="46.664913" lon="8.153106">
                <ele>2275</ele>
            </trkpt>
            <trkpt lat="46.664913" lon="8.153106">
                <ele>2275</ele>
            </trkpt>
            <trkpt lat="46.664913" lon="8.153106">
                <ele>2275</ele>
            </trkpt>
            <trkpt lat="46.664913" lon="8.153106">
                <ele>2275</ele>
            </trkpt>
            <trkpt lat="46.664913" lon="8.153106">
                <ele>2275</ele>
            </trkpt>
            <trkpt lat="46.664913" lon="8.153102">
                <ele>2275</ele>
            </trkpt>
            <trkpt lat="46.664919" lon="8.153084">
                <ele>2275</ele>
            </trkpt>
            <trkpt lat="46.664920" lon="8.153082">
                <ele>2275</ele>
            </trkpt>
            <trkpt lat="46.664920" lon="8.153082">
                <ele>2275</ele>
            </trkpt>
            <trkpt lat="46.664920" lon="8.153082">
                <ele>2275</ele>
            </trkpt>
            <trkpt lat="46.664920" lon="8.153082">
                <ele>2275</ele>
            </trkpt>
            <trkpt lat="46.664920" lon="8.153082">
                <ele>2275</ele>
            </trkpt>
            <trkpt lat="46.664920" lon="8.153082">
                <ele>2275</ele>
            </trkpt>
            <trkpt lat="46.664920" lon="8.153082">
                <ele>2275</ele>
            </trkpt>
            <trkpt lat="46.664920" lon="8.153082">
                <ele>2275</ele>
            </trkpt>
            <trkpt lat="46.664920" lon="8.153082">
                <ele>2275</ele>
            </trkpt>
            <trkpt lat="46.664920" lon="8.153082">
                <ele>2275</ele>
            </trkpt>
            <trkpt lat="46.664920" lon="8.153082">
                <ele>2275</ele>
            </trkpt>
            <trkpt lat="46.664920" lon="8.153082">
                <ele>2275</ele>
            </trkpt>
            <trkpt lat="46.664920" lon="8.153088">
                <ele>2275</ele>
            </trkpt>
            <trkpt lat="46.664920" lon="8.153082">
                <ele>2275</ele>
            </trkpt>
            <trkpt lat="46.664920" lon="8.153082">
                <ele>2275</ele>
            </trkpt>
            <trkpt lat="46.664920" lon="8.153082">
                <ele>2275</ele>
            </trkpt>
            <trkpt lat="46.664920" lon="8.153082">
                <ele>2275</ele>
            </trkpt>
            <trkpt lat="46.664920" lon="8.153082">
                <ele>2275</ele>
            </trkpt>
            <trkpt lat="46.664920" lon="8.153082">
                <ele>2275</ele>
            </trkpt>
            <trkpt lat="46.664920" lon="8.153082">
                <ele>2275</ele>
            </trkpt>
            <trkpt lat="46.664920" lon="8.153082">
                <ele>2275</ele>
            </trkpt>
            <trkpt lat="46.664920" lon="8.153082">
                <ele>2275</ele>
            </trkpt>
            <trkpt lat="46.664920" lon="8.153082">
                <ele>2275</ele>
            </trkpt>
            <trkpt lat="46.664913" lon="8.153097">
                <ele>2275</ele>
            </trkpt>
            <trkpt lat="46.664912" lon="8.153099">
                <ele>2275</ele>
            </trkpt>
            <trkpt lat="46.664912" lon="8.153100">
                <ele>2275</ele>
            </trkpt>
            <trkpt lat="46.664907" lon="8.153099">
                <ele>2275</ele>
            </trkpt>
            <trkpt lat="46.664912" lon="8.153100">
                <ele>2275</ele>
            </trkpt>
            <trkpt lat="46.664912" lon="8.153100">
                <ele>2275</ele>
            </trkpt>
            <trkpt lat="46.664912" lon="8.153100">
                <ele>2275</ele>
            </trkpt>
            <trkpt lat="46.664912" lon="8.153100">
                <ele>2275</ele>
            </trkpt>
            <trkpt lat="46.664912" lon="8.153100">
                <ele>2275</ele>
            </trkpt>
            <trkpt lat="46.664912" lon="8.153100">
                <ele>2275</ele>
            </trkpt>
            <trkpt lat="46.664913" lon="8.153082">
                <ele>2275</ele>
            </trkpt>
            <trkpt lat="46.664909" lon="8.153085">
                <ele>2275</ele>
            </trkpt>
            <trkpt lat="46.664911" lon="8.153088">
                <ele>2275</ele>
            </trkpt>
            <trkpt lat="46.664910" lon="8.153097">
                <ele>2275</ele>
            </trkpt>
            <trkpt lat="46.664912" lon="8.153100">
                <ele>2275</ele>
            </trkpt>
            <trkpt lat="46.664911" lon="8.153093">
                <ele>2275</ele>
            </trkpt>
            <trkpt lat="46.664917" lon="8.153093">
                <ele>2275</ele>
            </trkpt>
            <trkpt lat="46.664902" lon="8.153077">
                <ele>2275</ele>
            </trkpt>
            <trkpt lat="46.664897" lon="8.153091">
                <ele>2275</ele>
            </trkpt>
            <trkpt lat="46.664898" lon="8.153089">
                <ele>2275</ele>
            </trkpt>
            <trkpt lat="46.664898" lon="8.153089">
                <ele>2275</ele>
            </trkpt>
            <trkpt lat="46.664885" lon="8.153082">
                <ele>2275</ele>
            </trkpt>
            <trkpt lat="46.664887" lon="8.153069">
                <ele>2275</ele>
            </trkpt>
            <trkpt lat="46.664881" lon="8.153064">
                <ele>2275</ele>
            </trkpt>
            <trkpt lat="46.664877" lon="8.153055">
                <ele>2275</ele>
            </trkpt>
            <trkpt lat="46.664877" lon="8.153055">
                <ele>2275</ele>
            </trkpt>
            <trkpt lat="46.664877" lon="8.153055">
                <ele>2275</ele>
            </trkpt>
            <trkpt lat="46.664877" lon="8.153055">
                <ele>2275</ele>
            </trkpt>
            <trkpt lat="46.664877" lon="8.153055">
                <ele>2275</ele>
            </trkpt>
            <trkpt lat="46.664869" lon="8.153045">
                <ele>2275</ele>
            </trkpt>
            <trkpt lat="46.664857" lon="8.153022">
                <ele>2197</ele>
            </trkpt>
            <trkpt lat="46.664837" lon="8.153011">
                <ele>2197</ele>
            </trkpt>
            <trkpt lat="46.664837" lon="8.152998">
                <ele>2197</ele>
            </trkpt>
            <trkpt lat="46.664844" lon="8.152982">
                <ele>2197</ele>
            </trkpt>
            <trkpt lat="46.664849" lon="8.152973">
                <ele>2197</ele>
            </trkpt>
            <trkpt lat="46.664851" lon="8.152972">
                <ele>2197</ele>
            </trkpt>
            <trkpt lat="46.664851" lon="8.152973">
                <ele>2197</ele>
            </trkpt>
            <trkpt lat="46.664846" lon="8.152979">
                <ele>2197</ele>
            </trkpt>
            <trkpt lat="46.664845" lon="8.152981">
                <ele>2197</ele>
            </trkpt>
            <trkpt lat="46.664840" lon="8.152975">
                <ele>2197</ele>
            </trkpt>
            <trkpt lat="46.664836" lon="8.152968">
                <ele>2197</ele>
            </trkpt>
            <trkpt lat="46.664834" lon="8.152960">
                <ele>2197</ele>
            </trkpt>
            <trkpt lat="46.664836" lon="8.152968">
                <ele>2197</ele>
            </trkpt>
            <trkpt lat="46.664836" lon="8.152968">
                <ele>2197</ele>
            </trkpt>
            <trkpt lat="46.664836" lon="8.152968">
                <ele>2197</ele>
            </trkpt>
            <trkpt lat="46.664836" lon="8.152968">
                <ele>2197</ele>
            </trkpt>
            <trkpt lat="46.664836" lon="8.152968">
                <ele>2197</ele>
            </trkpt>
            <trkpt lat="46.664836" lon="8.152968">
                <ele>2197</ele>
            </trkpt>
            <trkpt lat="46.664828" lon="8.152955">
                <ele>2197</ele>
            </trkpt>
            <trkpt lat="46.664821" lon="8.152945">
                <ele>2197</ele>
            </trkpt>
            <trkpt lat="46.664814" lon="8.152932">
                <ele>2197</ele>
            </trkpt>
            <trkpt lat="46.664820" lon="8.152940">
                <ele>2197</ele>
            </trkpt>
            <trkpt lat="46.664801" lon="8.152910">
                <ele>2273</ele>
            </trkpt>
            <trkpt lat="46.664808" lon="8.152880">
                <ele>2273</ele>
            </trkpt>
            <trkpt lat="46.664806" lon="8.152888">
                <ele>2273</ele>
            </trkpt>
            <trkpt lat="46.664818" lon="8.152885">
                <ele>2273</ele>
            </trkpt>
            <trkpt lat="46.664819" lon="8.152884">
                <ele>2273</ele>
            </trkpt>
            <trkpt lat="46.664827" lon="8.152882">
                <ele>2273</ele>
            </trkpt>
            <trkpt lat="46.664828" lon="8.152879">
                <ele>2273</ele>
            </trkpt>
            <trkpt lat="46.664835" lon="8.152874">
                <ele>2273</ele>
            </trkpt>
            <trkpt lat="46.664849" lon="8.152860">
                <ele>2273</ele>
            </trkpt>
            <trkpt lat="46.664850" lon="8.152861">
                <ele>2273</ele>
            </trkpt>
            <trkpt lat="46.664857" lon="8.152847">
                <ele>2273</ele>
            </trkpt>
            <trkpt lat="46.664858" lon="8.152845">
                <ele>2273</ele>
            </trkpt>
            <trkpt lat="46.664852" lon="8.152837">
                <ele>2273</ele>
            </trkpt>
            <trkpt lat="46.664852" lon="8.152837">
                <ele>2273</ele>
            </trkpt>
            <trkpt lat="46.664852" lon="8.152837">
                <ele>2273</ele>
            </trkpt>
            <trkpt lat="46.664852" lon="8.152834">
                <ele>2273</ele>
            </trkpt>
            <trkpt lat="46.664852" lon="8.152837">
                <ele>2273</ele>
            </trkpt>
            <trkpt lat="46.664850" lon="8.152835">
                <ele>2273</ele>
            </trkpt>
            <trkpt lat="46.664850" lon="8.152832">
                <ele>2273</ele>
            </trkpt>
            <trkpt lat="46.664852" lon="8.152837">
                <ele>2273</ele>
            </trkpt>
            <trkpt lat="46.664842" lon="8.152815">
                <ele>2273</ele>
            </trkpt>
            <trkpt lat="46.664852" lon="8.152807">
                <ele>2273</ele>
            </trkpt>
            <trkpt lat="46.664852" lon="8.152807">
                <ele>2273</ele>
            </trkpt>
            <trkpt lat="46.664852" lon="8.152807">
                <ele>2273</ele>
            </trkpt>
            <trkpt lat="46.664840" lon="8.152804">
                <ele>2273</ele>
            </trkpt>
            <trkpt lat="46.664813" lon="8.152800">
                <ele>2273</ele>
            </trkpt>
            <trkpt lat="46.664805" lon="8.152777">
                <ele>2273</ele>
            </trkpt>
            <trkpt lat="46.664806" lon="8.152775">
                <ele>2273</ele>
            </trkpt>
            <trkpt lat="46.664806" lon="8.152775">
                <ele>2273</ele>
            </trkpt>
            <trkpt lat="46.664806" lon="8.152775">
                <ele>2273</ele>
            </trkpt>
            <trkpt lat="46.664815" lon="8.152762">
                <ele>2273</ele>
            </trkpt>
            <trkpt lat="46.664821" lon="8.152752">
                <ele>2273</ele>
            </trkpt>
            <trkpt lat="46.664823" lon="8.152752">
                <ele>2273</ele>
            </trkpt>
            <trkpt lat="46.664823" lon="8.152752">
                <ele>2273</ele>
            </trkpt>
            <trkpt lat="46.664823" lon="8.152752">
                <ele>2273</ele>
            </trkpt>
            <trkpt lat="46.664829" lon="8.152750">
                <ele>2273</ele>
            </trkpt>
            <trkpt lat="46.664837" lon="8.152749">
                <ele>2273</ele>
            </trkpt>
            <trkpt lat="46.664836" lon="8.152747">
                <ele>2273</ele>
            </trkpt>
            <trkpt lat="46.664836" lon="8.152747">
                <ele>2273</ele>
            </trkpt>
            <trkpt lat="46.664839" lon="8.152737">
                <ele>2273</ele>
            </trkpt>
            <trkpt lat="46.664839" lon="8.152729">
                <ele>2273</ele>
            </trkpt>
            <trkpt lat="46.664849" lon="8.152696">
                <ele>2273</ele>
            </trkpt>
            <trkpt lat="46.664850" lon="8.152695">
                <ele>2273</ele>
            </trkpt>
            <trkpt lat="46.664849" lon="8.152704">
                <ele>2273</ele>
            </trkpt>
            <trkpt lat="46.664847" lon="8.152695">
                <ele>2273</ele>
            </trkpt>
            <trkpt lat="46.664851" lon="8.152704">
                <ele>2273</ele>
            </trkpt>
            <trkpt lat="46.664851" lon="8.152704">
                <ele>2273</ele>
            </trkpt>
            <trkpt lat="46.664851" lon="8.152704">
                <ele>2273</ele>
            </trkpt>
            <trkpt lat="46.664848" lon="8.152690">
                <ele>2273</ele>
            </trkpt>
            <trkpt lat="46.664851" lon="8.152704">
                <ele>2273</ele>
            </trkpt>
            <trkpt lat="46.664851" lon="8.152704">
                <ele>2273</ele>
            </trkpt>
            <trkpt lat="46.664841" lon="8.152690">
                <ele>2273</ele>
            </trkpt>
            <trkpt lat="46.664841" lon="8.152700">
                <ele>2273</ele>
            </trkpt>
            <trkpt lat="46.664851" lon="8.152704">
                <ele>2273</ele>
            </trkpt>
            <trkpt lat="46.664851" lon="8.152704">
                <ele>2273</ele>
            </trkpt>
            <trkpt lat="46.664851" lon="8.152704">
                <ele>2273</ele>
            </trkpt>
            <trkpt lat="46.664851" lon="8.152704">
                <ele>2273</ele>
            </trkpt>
            <trkpt lat="46.664843" lon="8.152694">
                <ele>2273</ele>
            </trkpt>
            <trkpt lat="46.664843" lon="8.152687">
                <ele>2273</ele>
            </trkpt>
            <trkpt lat="46.664851" lon="8.152704">
                <ele>2273</ele>
            </trkpt>
            <trkpt lat="46.664851" lon="8.152704">
                <ele>2273</ele>
            </trkpt>
            <trkpt lat="46.664851" lon="8.152704">
                <ele>2273</ele>
            </trkpt>
            <trkpt lat="46.664851" lon="8.152704">
                <ele>2273</ele>
            </trkpt>
            <trkpt lat="46.664848" lon="8.152687">
                <ele>2273</ele>
            </trkpt>
            <trkpt lat="46.664840" lon="8.152687">
                <ele>2273</ele>
            </trkpt>
            <trkpt lat="46.664840" lon="8.152686">
                <ele>2273</ele>
            </trkpt>
            <trkpt lat="46.664840" lon="8.152688">
                <ele>2273</ele>
            </trkpt>
            <trkpt lat="46.664840" lon="8.152686">
                <ele>2273</ele>
            </trkpt>
            <trkpt lat="46.664844" lon="8.152689">
                <ele>2273</ele>
            </trkpt>
            <trkpt lat="46.664840" lon="8.152686">
                <ele>2273</ele>
            </trkpt>
            <trkpt lat="46.664840" lon="8.152686">
                <ele>2273</ele>
            </trkpt>
            <trkpt lat="46.664840" lon="8.152686">
                <ele>2273</ele>
            </trkpt>
            <trkpt lat="46.664840" lon="8.152686">
                <ele>2273</ele>
            </trkpt>
            <trkpt lat="46.664847" lon="8.152691">
                <ele>2273</ele>
            </trkpt>
            <trkpt lat="46.664848" lon="8.152694">
                <ele>2273</ele>
            </trkpt>
            <trkpt lat="46.664840" lon="8.152686">
                <ele>2273</ele>
            </trkpt>
            <trkpt lat="46.664840" lon="8.152686">
                <ele>2273</ele>
            </trkpt>
            <trkpt lat="46.664840" lon="8.152686">
                <ele>2273</ele>
            </trkpt>
            <trkpt lat="46.664851" lon="8.152698">
                <ele>2273</ele>
            </trkpt>
            <trkpt lat="46.664850" lon="8.152699">
                <ele>2273</ele>
            </trkpt>
            <trkpt lat="46.664850" lon="8.152699">
                <ele>2273</ele>
            </trkpt>
            <trkpt lat="46.664850" lon="8.152699">
                <ele>2273</ele>
            </trkpt>
            <trkpt lat="46.664855" lon="8.152698">
                <ele>2273</ele>
            </trkpt>
            <trkpt lat="46.664872" lon="8.152699">
                <ele>2292</ele>
            </trkpt>
            <trkpt lat="46.664865" lon="8.152701">
                <ele>2292</ele>
            </trkpt>
            <trkpt lat="46.664871" lon="8.152709">
                <ele>2292</ele>
            </trkpt>
            <trkpt lat="46.664861" lon="8.152681">
                <ele>2292</ele>
            </trkpt>
            <trkpt lat="46.664862" lon="8.152680">
                <ele>2292</ele>
            </trkpt>
            <trkpt lat="46.664867" lon="8.152671">
                <ele>2292</ele>
            </trkpt>
            <trkpt lat="46.664861" lon="8.152680">
                <ele>2292</ele>
            </trkpt>
            <trkpt lat="46.664872" lon="8.152662">
                <ele>2292</ele>
            </trkpt>
            <trkpt lat="46.664872" lon="8.152662">
                <ele>2292</ele>
            </trkpt>
            <trkpt lat="46.664881" lon="8.152648">
                <ele>2292</ele>
            </trkpt>
            <trkpt lat="46.664882" lon="8.152645">
                <ele>2292</ele>
            </trkpt>
            <trkpt lat="46.664887" lon="8.152644">
                <ele>2292</ele>
            </trkpt>
            <trkpt lat="46.664887" lon="8.152644">
                <ele>2292</ele>
            </trkpt>
            <trkpt lat="46.664887" lon="8.152644">
                <ele>2292</ele>
            </trkpt>
            <trkpt lat="46.664887" lon="8.152645">
                <ele>2292</ele>
            </trkpt>
            <trkpt lat="46.664887" lon="8.152644">
                <ele>2292</ele>
            </trkpt>
            <trkpt lat="46.664887" lon="8.152644">
                <ele>2292</ele>
            </trkpt>
            <trkpt lat="46.664887" lon="8.152644">
                <ele>2292</ele>
            </trkpt>
            <trkpt lat="46.664887" lon="8.152644">
                <ele>2292</ele>
            </trkpt>
            <trkpt lat="46.664900" lon="8.152629">
                <ele>2307</ele>
            </trkpt>
            <trkpt lat="46.664900" lon="8.152629">
                <ele>2307</ele>
            </trkpt>
            <trkpt lat="46.664900" lon="8.152629">
                <ele>2307</ele>
            </trkpt>
            <trkpt lat="46.664900" lon="8.152629">
                <ele>2307</ele>
            </trkpt>
            <trkpt lat="46.664908" lon="8.152621">
                <ele>2307</ele>
            </trkpt>
            <trkpt lat="46.664900" lon="8.152629">
                <ele>2307</ele>
            </trkpt>
            <trkpt lat="46.664900" lon="8.152629">
                <ele>2307</ele>
            </trkpt>
            <trkpt lat="46.664900" lon="8.152629">
                <ele>2307</ele>
            </trkpt>
            <trkpt lat="46.664900" lon="8.152629">
                <ele>2307</ele>
            </trkpt>
            <trkpt lat="46.664900" lon="8.152629">
                <ele>2307</ele>
            </trkpt>
            <trkpt lat="46.664900" lon="8.152629">
                <ele>2307</ele>
            </trkpt>
            <trkpt lat="46.664908" lon="8.152609">
                <ele>2307</ele>
            </trkpt>
            <trkpt lat="46.664911" lon="8.152612">
                <ele>2307</ele>
            </trkpt>
            <trkpt lat="46.664911" lon="8.152611">
                <ele>2307</ele>
            </trkpt>
            <trkpt lat="46.664911" lon="8.152611">
                <ele>2307</ele>
            </trkpt>
            <trkpt lat="46.664911" lon="8.152611">
                <ele>2307</ele>
            </trkpt>
            <trkpt lat="46.664911" lon="8.152611">
                <ele>2307</ele>
            </trkpt>
            <trkpt lat="46.664911" lon="8.152611">
                <ele>2307</ele>
            </trkpt>
            <trkpt lat="46.664911" lon="8.152611">
                <ele>2307</ele>
            </trkpt>
            <trkpt lat="46.664911" lon="8.152611">
                <ele>2307</ele>
            </trkpt>
            <trkpt lat="46.664911" lon="8.152611">
                <ele>2307</ele>
            </trkpt>
            <trkpt lat="46.664911" lon="8.152611">
                <ele>2307</ele>
            </trkpt>
            <trkpt lat="46.664911" lon="8.152611">
                <ele>2307</ele>
            </trkpt>
            <trkpt lat="46.664923" lon="8.152628">
                <ele>2307</ele>
            </trkpt>
            <trkpt lat="46.664924" lon="8.152627">
                <ele>2307</ele>
            </trkpt>
            <trkpt lat="46.664924" lon="8.152627">
                <ele>2307</ele>
            </trkpt>
            <trkpt lat="46.664928" lon="8.152639">
                <ele>2307</ele>
            </trkpt>
            <trkpt lat="46.664931" lon="8.152668">
                <ele>2292</ele>
            </trkpt>
            <trkpt lat="46.664927" lon="8.152671">
                <ele>2292</ele>
            </trkpt>
            <trkpt lat="46.664926" lon="8.152679">
                <ele>2292</ele>
            </trkpt>
            <trkpt lat="46.664931" lon="8.152669">
                <ele>2292</ele>
            </trkpt>
            <trkpt lat="46.664935" lon="8.152689">
                <ele>2292</ele>
            </trkpt>
            <trkpt lat="46.664926" lon="8.152706">
                <ele>2292</ele>
            </trkpt>
            <trkpt lat="46.664934" lon="8.152694">
                <ele>2292</ele>
            </trkpt>
            <trkpt lat="46.664934" lon="8.152685">
                <ele>2292</ele>
            </trkpt>
            <trkpt lat="46.664911" lon="8.152685">
                <ele>2292</ele>
            </trkpt>
            <trkpt lat="46.664923" lon="8.152693">
                <ele>2292</ele>
            </trkpt>
            <trkpt lat="46.664924" lon="8.152697">
                <ele>2292</ele>
            </trkpt>
            <trkpt lat="46.664934" lon="8.152685">
                <ele>2292</ele>
            </trkpt>
            <trkpt lat="46.664934" lon="8.152685">
                <ele>2292</ele>
            </trkpt>
            <trkpt lat="46.664934" lon="8.152685">
                <ele>2292</ele>
            </trkpt>
            <trkpt lat="46.664934" lon="8.152685">
                <ele>2292</ele>
            </trkpt>
            <trkpt lat="46.664934" lon="8.152685">
                <ele>2292</ele>
            </trkpt>
            <trkpt lat="46.664934" lon="8.152685">
                <ele>2292</ele>
            </trkpt>
            <trkpt lat="46.664934" lon="8.152685">
                <ele>2292</ele>
            </trkpt>
            <trkpt lat="46.664934" lon="8.152707">
                <ele>2292</ele>
            </trkpt>
            <trkpt lat="46.664942" lon="8.152702">
                <ele>2292</ele>
            </trkpt>
            <trkpt lat="46.664938" lon="8.152707">
                <ele>2292</ele>
            </trkpt>
            <trkpt lat="46.664936" lon="8.152713">
                <ele>2292</ele>
            </trkpt>
            <trkpt lat="46.664936" lon="8.152712">
                <ele>2292</ele>
            </trkpt>
            <trkpt lat="46.664934" lon="8.152712">
                <ele>2292</ele>
            </trkpt>
            <trkpt lat="46.664932" lon="8.152712">
                <ele>2292</ele>
            </trkpt>
            <trkpt lat="46.664933" lon="8.152716">
                <ele>2292</ele>
            </trkpt>
            <trkpt lat="46.664936" lon="8.152712">
                <ele>2292</ele>
            </trkpt>
            <trkpt lat="46.664936" lon="8.152712">
                <ele>2292</ele>
            </trkpt>
            <trkpt lat="46.664936" lon="8.152712">
                <ele>2292</ele>
            </trkpt>
            <trkpt lat="46.664936" lon="8.152712">
                <ele>2292</ele>
            </trkpt>
            <trkpt lat="46.664936" lon="8.152712">
                <ele>2292</ele>
            </trkpt>
            <trkpt lat="46.664936" lon="8.152712">
                <ele>2292</ele>
            </trkpt>
            <trkpt lat="46.664936" lon="8.152712">
                <ele>2292</ele>
            </trkpt>
            <trkpt lat="46.664936" lon="8.152712">
                <ele>2292</ele>
            </trkpt>
            <trkpt lat="46.664936" lon="8.152712">
                <ele>2292</ele>
            </trkpt>
            <trkpt lat="46.664936" lon="8.152712">
                <ele>2292</ele>
            </trkpt>
            <trkpt lat="46.664936" lon="8.152712">
                <ele>2292</ele>
            </trkpt>
            <trkpt lat="46.664936" lon="8.152712">
                <ele>2292</ele>
            </trkpt>
            <trkpt lat="46.664936" lon="8.152712">
                <ele>2292</ele>
            </trkpt>
            <trkpt lat="46.664936" lon="8.152712">
                <ele>2292</ele>
            </trkpt>
            <trkpt lat="46.664936" lon="8.152712">
                <ele>2292</ele>
            </trkpt>
            <trkpt lat="46.664936" lon="8.152712">
                <ele>2292</ele>
            </trkpt>
            <trkpt lat="46.664936" lon="8.152712">
                <ele>2292</ele>
            </trkpt>
            <trkpt lat="46.664936" lon="8.152712">
                <ele>2292</ele>
            </trkpt>
            <trkpt lat="46.664936" lon="8.152712">
                <ele>2292</ele>
            </trkpt>
            <trkpt lat="46.664936" lon="8.152712">
                <ele>2292</ele>
            </trkpt>
            <trkpt lat="46.664936" lon="8.152712">
                <ele>2292</ele>
            </trkpt>
            <trkpt lat="46.664936" lon="8.152712">
                <ele>2292</ele>
            </trkpt>
            <trkpt lat="46.664936" lon="8.152712">
                <ele>2292</ele>
            </trkpt>
            <trkpt lat="46.664936" lon="8.152712">
                <ele>2292</ele>
            </trkpt>
            <trkpt lat="46.664936" lon="8.152712">
                <ele>2292</ele>
            </trkpt>
            <trkpt lat="46.664936" lon="8.152712">
                <ele>2292</ele>
            </trkpt>
            <trkpt lat="46.664936" lon="8.152712">
                <ele>2292</ele>
            </trkpt>
            <trkpt lat="46.664936" lon="8.152712">
                <ele>2292</ele>
            </trkpt>
            <trkpt lat="46.664936" lon="8.152712">
                <ele>2292</ele>
            </trkpt>
            <trkpt lat="46.664936" lon="8.152712">
                <ele>2292</ele>
            </trkpt>
            <trkpt lat="46.664936" lon="8.152712">
                <ele>2292</ele>
            </trkpt>
            <trkpt lat="46.664937" lon="8.152710">
                <ele>2292</ele>
            </trkpt>
            <trkpt lat="46.664936" lon="8.152712">
                <ele>2292</ele>
            </trkpt>
            <trkpt lat="46.664936" lon="8.152712">
                <ele>2292</ele>
            </trkpt>
            <trkpt lat="46.664936" lon="8.152712">
                <ele>2292</ele>
            </trkpt>
            <trkpt lat="46.664939" lon="8.152732">
                <ele>2292</ele>
            </trkpt>
            <trkpt lat="46.664938" lon="8.152736">
                <ele>2292</ele>
            </trkpt>
            <trkpt lat="46.664938" lon="8.152736">
                <ele>2292</ele>
            </trkpt>
            <trkpt lat="46.664938" lon="8.152736">
                <ele>2292</ele>
            </trkpt>
            <trkpt lat="46.664938" lon="8.152736">
                <ele>2292</ele>
            </trkpt>
            <trkpt lat="46.664938" lon="8.152736">
                <ele>2292</ele>
            </trkpt>
            <trkpt lat="46.664938" lon="8.152736">
                <ele>2292</ele>
            </trkpt>
            <trkpt lat="46.664938" lon="8.152736">
                <ele>2292</ele>
            </trkpt>
            <trkpt lat="46.664938" lon="8.152736">
                <ele>2292</ele>
            </trkpt>
            <trkpt lat="46.664938" lon="8.152736">
                <ele>2292</ele>
            </trkpt>
            <trkpt lat="46.664938" lon="8.152736">
                <ele>2292</ele>
            </trkpt>
            <trkpt lat="46.664938" lon="8.152736">
                <ele>2292</ele>
            </trkpt>
            <trkpt lat="46.664938" lon="8.152736">
                <ele>2292</ele>
            </trkpt>
            <trkpt lat="46.664938" lon="8.152736">
                <ele>2292</ele>
            </trkpt>
            <trkpt lat="46.664938" lon="8.152736">
                <ele>2292</ele>
            </trkpt>
            <trkpt lat="46.664938" lon="8.152736">
                <ele>2292</ele>
            </trkpt>
            <trkpt lat="46.664938" lon="8.152736">
                <ele>2292</ele>
            </trkpt>
            <trkpt lat="46.664938" lon="8.152736">
                <ele>2292</ele>
            </trkpt>
            <trkpt lat="46.664938" lon="8.152736">
                <ele>2292</ele>
            </trkpt>
            <trkpt lat="46.664938" lon="8.152736">
                <ele>2292</ele>
            </trkpt>
            <trkpt lat="46.664938" lon="8.152736">
                <ele>2292</ele>
            </trkpt>
            <trkpt lat="46.664938" lon="8.152736">
                <ele>2292</ele>
            </trkpt>
            <trkpt lat="46.664938" lon="8.152736">
                <ele>2292</ele>
            </trkpt>
            <trkpt lat="46.664938" lon="8.152736">
                <ele>2292</ele>
            </trkpt>
            <trkpt lat="46.664938" lon="8.152736">
                <ele>2292</ele>
            </trkpt>
            <trkpt lat="46.664938" lon="8.152736">
                <ele>2292</ele>
            </trkpt>
            <trkpt lat="46.664928" lon="8.152730">
                <ele>2292</ele>
            </trkpt>
            <trkpt lat="46.664927" lon="8.152722">
                <ele>2292</ele>
            </trkpt>
            <trkpt lat="46.664927" lon="8.152722">
                <ele>2292</ele>
            </trkpt>
            <trkpt lat="46.664927" lon="8.152722">
                <ele>2292</ele>
            </trkpt>
            <trkpt lat="46.664927" lon="8.152722">
                <ele>2292</ele>
            </trkpt>
            <trkpt lat="46.664927" lon="8.152722">
                <ele>2292</ele>
            </trkpt>
            <trkpt lat="46.664927" lon="8.152722">
                <ele>2292</ele>
            </trkpt>
            <trkpt lat="46.664925" lon="8.152718">
                <ele>2292</ele>
            </trkpt>
            <trkpt lat="46.664927" lon="8.152716">
                <ele>2292</ele>
            </trkpt>
            <trkpt lat="46.664931" lon="8.152722">
                <ele>2292</ele>
            </trkpt>
            <trkpt lat="46.664934" lon="8.152720">
                <ele>2292</ele>
            </trkpt>
            <trkpt lat="46.664937" lon="8.152714">
                <ele>2292</ele>
            </trkpt>
            <trkpt lat="46.664927" lon="8.152722">
                <ele>2292</ele>
            </trkpt>
            <trkpt lat="46.664927" lon="8.152722">
                <ele>2292</ele>
            </trkpt>
            <trkpt lat="46.664927" lon="8.152722">
                <ele>2292</ele>
            </trkpt>
            <trkpt lat="46.664927" lon="8.152722">
                <ele>2292</ele>
            </trkpt>
            <trkpt lat="46.664927" lon="8.152722">
                <ele>2292</ele>
            </trkpt>
            <trkpt lat="46.664927" lon="8.152722">
                <ele>2292</ele>
            </trkpt>
            <trkpt lat="46.664927" lon="8.152722">
                <ele>2292</ele>
            </trkpt>
            <trkpt lat="46.664927" lon="8.152722">
                <ele>2292</ele>
            </trkpt>
            <trkpt lat="46.664927" lon="8.152722">
                <ele>2292</ele>
            </trkpt>
            <trkpt lat="46.664927" lon="8.152722">
                <ele>2292</ele>
            </trkpt>
            <trkpt lat="46.664940" lon="8.152723">
                <ele>2292</ele>
            </trkpt>
            <trkpt lat="46.664941" lon="8.152721">
                <ele>2292</ele>
            </trkpt>
            <trkpt lat="46.664941" lon="8.152721">
                <ele>2292</ele>
            </trkpt>
            <trkpt lat="46.664942" lon="8.152723">
                <ele>2292</ele>
            </trkpt>
            <trkpt lat="46.664941" lon="8.152713">
                <ele>2292</ele>
            </trkpt>
            <trkpt lat="46.664941" lon="8.152721">
                <ele>2292</ele>
            </trkpt>
            <trkpt lat="46.664941" lon="8.152721">
                <ele>2292</ele>
            </trkpt>
            <trkpt lat="46.664941" lon="8.152721">
                <ele>2292</ele>
            </trkpt>
            <trkpt lat="46.664941" lon="8.152721">
                <ele>2292</ele>
            </trkpt>
            <trkpt lat="46.664941" lon="8.152721">
                <ele>2292</ele>
            </trkpt>
            <trkpt lat="46.664941" lon="8.152721">
                <ele>2292</ele>
            </trkpt>
            <trkpt lat="46.664941" lon="8.152721">
                <ele>2292</ele>
            </trkpt>
            <trkpt lat="46.664941" lon="8.152721">
                <ele>2292</ele>
            </trkpt>
            <trkpt lat="46.664941" lon="8.152721">
                <ele>2292</ele>
            </trkpt>
            <trkpt lat="46.664941" lon="8.152721">
                <ele>2292</ele>
            </trkpt>
            <trkpt lat="46.664941" lon="8.152721">
                <ele>2292</ele>
            </trkpt>
            <trkpt lat="46.664941" lon="8.152721">
                <ele>2292</ele>
            </trkpt>
            <trkpt lat="46.664945" lon="8.152713">
                <ele>2292</ele>
            </trkpt>
            <trkpt lat="46.664944" lon="8.152708">
                <ele>2292</ele>
            </trkpt>
            <trkpt lat="46.664941" lon="8.152721">
                <ele>2292</ele>
            </trkpt>
            <trkpt lat="46.664941" lon="8.152721">
                <ele>2292</ele>
            </trkpt>
            <trkpt lat="46.664941" lon="8.152721">
                <ele>2292</ele>
            </trkpt>
            <trkpt lat="46.664941" lon="8.152721">
                <ele>2292</ele>
            </trkpt>
            <trkpt lat="46.664941" lon="8.152721">
                <ele>2292</ele>
            </trkpt>
            <trkpt lat="46.664941" lon="8.152721">
                <ele>2292</ele>
            </trkpt>
            <trkpt lat="46.664941" lon="8.152721">
                <ele>2292</ele>
            </trkpt>
            <trkpt lat="46.664941" lon="8.152721">
                <ele>2292</ele>
            </trkpt>
            <trkpt lat="46.664941" lon="8.152721">
                <ele>2292</ele>
            </trkpt>
            <trkpt lat="46.664941" lon="8.152721">
                <ele>2292</ele>
            </trkpt>
            <trkpt lat="46.664941" lon="8.152721">
                <ele>2292</ele>
            </trkpt>
            <trkpt lat="46.664941" lon="8.152721">
                <ele>2292</ele>
            </trkpt>
            <trkpt lat="46.664941" lon="8.152721">
                <ele>2292</ele>
            </trkpt>
            <trkpt lat="46.664941" lon="8.152721">
                <ele>2292</ele>
            </trkpt>
            <trkpt lat="46.664941" lon="8.152721">
                <ele>2292</ele>
            </trkpt>
            <trkpt lat="46.664941" lon="8.152721">
                <ele>2292</ele>
            </trkpt>
            <trkpt lat="46.664941" lon="8.152721">
                <ele>2292</ele>
            </trkpt>
            <trkpt lat="46.664941" lon="8.152721">
                <ele>2292</ele>
            </trkpt>
            <trkpt lat="46.664941" lon="8.152721">
                <ele>2292</ele>
            </trkpt>
            <trkpt lat="46.664941" lon="8.152721">
                <ele>2292</ele>
            </trkpt>
            <trkpt lat="46.664941" lon="8.152721">
                <ele>2292</ele>
            </trkpt>
            <trkpt lat="46.664927" lon="8.152710">
                <ele>2292</ele>
            </trkpt>
            <trkpt lat="46.664926" lon="8.152709">
                <ele>2292</ele>
            </trkpt>
            <trkpt lat="46.664926" lon="8.152709">
                <ele>2292</ele>
            </trkpt>
            <trkpt lat="46.664926" lon="8.152709">
                <ele>2292</ele>
            </trkpt>
            <trkpt lat="46.664926" lon="8.152709">
                <ele>2292</ele>
            </trkpt>
            <trkpt lat="46.664926" lon="8.152709">
                <ele>2292</ele>
            </trkpt>
            <trkpt lat="46.664926" lon="8.152709">
                <ele>2292</ele>
            </trkpt>
            <trkpt lat="46.664926" lon="8.152709">
                <ele>2292</ele>
            </trkpt>
            <trkpt lat="46.664926" lon="8.152709">
                <ele>2292</ele>
            </trkpt>
            <trkpt lat="46.664930" lon="8.152710">
                <ele>2292</ele>
            </trkpt>
            <trkpt lat="46.664926" lon="8.152709">
                <ele>2292</ele>
            </trkpt>
            <trkpt lat="46.664926" lon="8.152709">
                <ele>2292</ele>
            </trkpt>
            <trkpt lat="46.664931" lon="8.152709">
                <ele>2292</ele>
            </trkpt>
            <trkpt lat="46.664926" lon="8.152709">
                <ele>2292</ele>
            </trkpt>
            <trkpt lat="46.664926" lon="8.152709">
                <ele>2292</ele>
            </trkpt>
            <trkpt lat="46.664926" lon="8.152709">
                <ele>2292</ele>
            </trkpt>
            <trkpt lat="46.664926" lon="8.152709">
                <ele>2292</ele>
            </trkpt>
            <trkpt lat="46.664926" lon="8.152709">
                <ele>2292</ele>
            </trkpt>
            <trkpt lat="46.664926" lon="8.152709">
                <ele>2292</ele>
            </trkpt>
            <trkpt lat="46.664926" lon="8.152709">
                <ele>2292</ele>
            </trkpt>
            <trkpt lat="46.664926" lon="8.152709">
                <ele>2292</ele>
            </trkpt>
            <trkpt lat="46.664926" lon="8.152709">
                <ele>2292</ele>
            </trkpt>
            <trkpt lat="46.664926" lon="8.152723">
                <ele>2292</ele>
            </trkpt>
            <trkpt lat="46.664926" lon="8.152709">
                <ele>2292</ele>
            </trkpt>
            <trkpt lat="46.664926" lon="8.152709">
                <ele>2292</ele>
            </trkpt>
            <trkpt lat="46.664926" lon="8.152709">
                <ele>2292</ele>
            </trkpt>
            <trkpt lat="46.664926" lon="8.152709">
                <ele>2292</ele>
            </trkpt>
            <trkpt lat="46.664926" lon="8.152709">
                <ele>2292</ele>
            </trkpt>
            <trkpt lat="46.664926" lon="8.152709">
                <ele>2292</ele>
            </trkpt>
            <trkpt lat="46.664926" lon="8.152709">
                <ele>2292</ele>
            </trkpt>
            <trkpt lat="46.664926" lon="8.152709">
                <ele>2292</ele>
            </trkpt>
            <trkpt lat="46.664937" lon="8.152713">
                <ele>2292</ele>
            </trkpt>
            <trkpt lat="46.664926" lon="8.152709">
                <ele>2292</ele>
            </trkpt>
            <trkpt lat="46.664926" lon="8.152709">
                <ele>2292</ele>
            </trkpt>
            <trkpt lat="46.664926" lon="8.152709">
                <ele>2292</ele>
            </trkpt>
            <trkpt lat="46.664926" lon="8.152709">
                <ele>2292</ele>
            </trkpt>
            <trkpt lat="46.664926" lon="8.152709">
                <ele>2292</ele>
            </trkpt>
            <trkpt lat="46.664926" lon="8.152709">
                <ele>2292</ele>
            </trkpt>
            <trkpt lat="46.664926" lon="8.152709">
                <ele>2292</ele>
            </trkpt>
            <trkpt lat="46.664926" lon="8.152709">
                <ele>2292</ele>
            </trkpt>
            <trkpt lat="46.664926" lon="8.152709">
                <ele>2292</ele>
            </trkpt>
            <trkpt lat="46.664938" lon="8.152707">
                <ele>2292</ele>
            </trkpt>
            <trkpt lat="46.664939" lon="8.152706">
                <ele>2292</ele>
            </trkpt>
            <trkpt lat="46.664939" lon="8.152706">
                <ele>2292</ele>
            </trkpt>
            <trkpt lat="46.664936" lon="8.152707">
                <ele>2292</ele>
            </trkpt>
            <trkpt lat="46.664929" lon="8.152727">
                <ele>2292</ele>
            </trkpt>
            <trkpt lat="46.664929" lon="8.152727">
                <ele>2292</ele>
            </trkpt>
            <trkpt lat="46.664929" lon="8.152727">
                <ele>2292</ele>
            </trkpt>
            <trkpt lat="46.664929" lon="8.152727">
                <ele>2292</ele>
            </trkpt>
            <trkpt lat="46.664929" lon="8.152727">
                <ele>2292</ele>
            </trkpt>
            <trkpt lat="46.664929" lon="8.152727">
                <ele>2292</ele>
            </trkpt>
            <trkpt lat="46.664929" lon="8.152727">
                <ele>2292</ele>
            </trkpt>
            <trkpt lat="46.664929" lon="8.152727">
                <ele>2292</ele>
            </trkpt>
            <trkpt lat="46.664929" lon="8.152727">
                <ele>2292</ele>
            </trkpt>
            <trkpt lat="46.664929" lon="8.152727">
                <ele>2292</ele>
            </trkpt>
            <trkpt lat="46.664929" lon="8.152727">
                <ele>2292</ele>
            </trkpt>
            <trkpt lat="46.664929" lon="8.152727">
                <ele>2292</ele>
            </trkpt>
            <trkpt lat="46.664929" lon="8.152727">
                <ele>2292</ele>
            </trkpt>
            <trkpt lat="46.664929" lon="8.152727">
                <ele>2292</ele>
            </trkpt>
            <trkpt lat="46.664929" lon="8.152727">
                <ele>2292</ele>
            </trkpt>
            <trkpt lat="46.664939" lon="8.152712">
                <ele>2292</ele>
            </trkpt>
            <trkpt lat="46.664939" lon="8.152712">
                <ele>2292</ele>
            </trkpt>
            <trkpt lat="46.664939" lon="8.152717">
                <ele>2292</ele>
            </trkpt>
            <trkpt lat="46.664939" lon="8.152712">
                <ele>2292</ele>
            </trkpt>
            <trkpt lat="46.664939" lon="8.152712">
                <ele>2292</ele>
            </trkpt>
            <trkpt lat="46.664939" lon="8.152712">
                <ele>2292</ele>
            </trkpt>
            <trkpt lat="46.664939" lon="8.152712">
                <ele>2292</ele>
            </trkpt>
            <trkpt lat="46.664929" lon="8.152721">
                <ele>2292</ele>
            </trkpt>
            <trkpt lat="46.664923" lon="8.152707">
                <ele>2292</ele>
            </trkpt>
            <trkpt lat="46.664924" lon="8.152694">
                <ele>2292</ele>
            </trkpt>
            <trkpt lat="46.664921" lon="8.152683">
                <ele>2292</ele>
            </trkpt>
            <trkpt lat="46.664929" lon="8.152659">
                <ele>2292</ele>
            </trkpt>
            <trkpt lat="46.664929" lon="8.152659">
                <ele>2292</ele>
            </trkpt>
            <trkpt lat="46.664926" lon="8.152654">
                <ele>2292</ele>
            </trkpt>
            <trkpt lat="46.664924" lon="8.152650">
                <ele>2292</ele>
            </trkpt>
            <trkpt lat="46.664915" lon="8.152642">
                <ele>2292</ele>
            </trkpt>
            <trkpt lat="46.664909" lon="8.152622">
                <ele>2307</ele>
            </trkpt>
            <trkpt lat="46.664911" lon="8.152618">
                <ele>2307</ele>
            </trkpt>
            <trkpt lat="46.664910" lon="8.152620">
                <ele>2307</ele>
            </trkpt>
            <trkpt lat="46.664909" lon="8.152618">
                <ele>2307</ele>
            </trkpt>
            <trkpt lat="46.664910" lon="8.152620">
                <ele>2307</ele>
            </trkpt>
            <trkpt lat="46.664910" lon="8.152620">
                <ele>2307</ele>
            </trkpt>
            <trkpt lat="46.664909" lon="8.152622">
                <ele>2307</ele>
            </trkpt>
            <trkpt lat="46.664913" lon="8.152617">
                <ele>2307</ele>
            </trkpt>
            <trkpt lat="46.664910" lon="8.152620">
                <ele>2307</ele>
            </trkpt>
            <trkpt lat="46.664910" lon="8.152620">
                <ele>2307</ele>
            </trkpt>
            <trkpt lat="46.664924" lon="8.152596">
                <ele>2307</ele>
            </trkpt>
            <trkpt lat="46.664925" lon="8.152584">
                <ele>2307</ele>
            </trkpt>
            <trkpt lat="46.664926" lon="8.152579">
                <ele>2307</ele>
            </trkpt>
            <trkpt lat="46.664932" lon="8.152582">
                <ele>2307</ele>
            </trkpt>
            <trkpt lat="46.664932" lon="8.152584">
                <ele>2307</ele>
            </trkpt>
            <trkpt lat="46.664926" lon="8.152587">
                <ele>2307</ele>
            </trkpt>
            <trkpt lat="46.664926" lon="8.152587">
                <ele>2307</ele>
            </trkpt>
            <trkpt lat="46.664926" lon="8.152587">
                <ele>2307</ele>
            </trkpt>
            <trkpt lat="46.664923" lon="8.152593">
                <ele>2307</ele>
            </trkpt>
            <trkpt lat="46.664924" lon="8.152605">
                <ele>2307</ele>
            </trkpt>
            <trkpt lat="46.664929" lon="8.152610">
                <ele>2307</ele>
            </trkpt>
            <trkpt lat="46.664938" lon="8.152577">
                <ele>2307</ele>
            </trkpt>
            <trkpt lat="46.664947" lon="8.152557">
                <ele>2307</ele>
            </trkpt>
            <trkpt lat="46.664946" lon="8.152558">
                <ele>2307</ele>
            </trkpt>
            <trkpt lat="46.664950" lon="8.152554">
                <ele>2307</ele>
            </trkpt>
            <trkpt lat="46.664945" lon="8.152555">
                <ele>2307</ele>
            </trkpt>
            <trkpt lat="46.664944" lon="8.152551">
                <ele>2307</ele>
            </trkpt>
            <trkpt lat="46.664947" lon="8.152545">
                <ele>2307</ele>
            </trkpt>
            <trkpt lat="46.664947" lon="8.152539">
                <ele>2307</ele>
            </trkpt>
            <trkpt lat="46.664954" lon="8.152539">
                <ele>2307</ele>
            </trkpt>
            <trkpt lat="46.664955" lon="8.152541">
                <ele>2307</ele>
            </trkpt>
            <trkpt lat="46.664961" lon="8.152540">
                <ele>2307</ele>
            </trkpt>
            <trkpt lat="46.664962" lon="8.152524">
                <ele>2307</ele>
            </trkpt>
            <trkpt lat="46.664966" lon="8.152513">
                <ele>2307</ele>
            </trkpt>
            <trkpt lat="46.664956" lon="8.152519">
                <ele>2307</ele>
            </trkpt>
            <trkpt lat="46.664961" lon="8.152514">
                <ele>2307</ele>
            </trkpt>
            <trkpt lat="46.664958" lon="8.152513">
                <ele>2307</ele>
            </trkpt>
            <trkpt lat="46.664957" lon="8.152514">
                <ele>2307</ele>
            </trkpt>
            <trkpt lat="46.664957" lon="8.152514">
                <ele>2307</ele>
            </trkpt>
            <trkpt lat="46.664957" lon="8.152514">
                <ele>2307</ele>
            </trkpt>
            <trkpt lat="46.664969" lon="8.152497">
                <ele>2307</ele>
            </trkpt>
            <trkpt lat="46.664971" lon="8.152504">
                <ele>2307</ele>
            </trkpt>
            <trkpt lat="46.664971" lon="8.152505">
                <ele>2307</ele>
            </trkpt>
            <trkpt lat="46.664970" lon="8.152511">
                <ele>2307</ele>
            </trkpt>
            <trkpt lat="46.664971" lon="8.152505">
                <ele>2307</ele>
            </trkpt>
            <trkpt lat="46.664971" lon="8.152505">
                <ele>2307</ele>
            </trkpt>
            <trkpt lat="46.664975" lon="8.152516">
                <ele>2307</ele>
            </trkpt>
            <trkpt lat="46.664976" lon="8.152518">
                <ele>2307</ele>
            </trkpt>
            <trkpt lat="46.664971" lon="8.152505">
                <ele>2307</ele>
            </trkpt>
            <trkpt lat="46.664971" lon="8.152505">
                <ele>2307</ele>
            </trkpt>
            <trkpt lat="46.664984" lon="8.152516">
                <ele>2307</ele>
            </trkpt>
            <trkpt lat="46.664987" lon="8.152516">
                <ele>2307</ele>
            </trkpt>
            <trkpt lat="46.664986" lon="8.152511">
                <ele>2307</ele>
            </trkpt>
            <trkpt lat="46.664991" lon="8.152511">
                <ele>2307</ele>
            </trkpt>
            <trkpt lat="46.664994" lon="8.152515">
                <ele>2307</ele>
            </trkpt>
            <trkpt lat="46.664984" lon="8.152516">
                <ele>2307</ele>
            </trkpt>
            <trkpt lat="46.664999" lon="8.152521">
                <ele>2307</ele>
            </trkpt>
            <trkpt lat="46.665015" lon="8.152526">
                <ele>2307</ele>
            </trkpt>
            <trkpt lat="46.665015" lon="8.152530">
                <ele>2307</ele>
            </trkpt>
            <trkpt lat="46.665027" lon="8.152537">
                <ele>2307</ele>
            </trkpt>
            <trkpt lat="46.665015" lon="8.152530">
                <ele>2307</ele>
            </trkpt>
            <trkpt lat="46.665031" lon="8.152541">
                <ele>2307</ele>
            </trkpt>
            <trkpt lat="46.665037" lon="8.152547">
                <ele>2307</ele>
            </trkpt>
            <trkpt lat="46.665037" lon="8.152546">
                <ele>2307</ele>
            </trkpt>
            <trkpt lat="46.665037" lon="8.152546">
                <ele>2307</ele>
            </trkpt>
            <trkpt lat="46.665038" lon="8.152555">
                <ele>2307</ele>
            </trkpt>
            <trkpt lat="46.665041" lon="8.152551">
                <ele>2307</ele>
            </trkpt>
            <trkpt lat="46.665046" lon="8.152540">
                <ele>2307</ele>
            </trkpt>
            <trkpt lat="46.665047" lon="8.152538">
                <ele>2307</ele>
            </trkpt>
            <trkpt lat="46.665048" lon="8.152537">
                <ele>2307</ele>
            </trkpt>
            <trkpt lat="46.665049" lon="8.152536">
                <ele>2307</ele>
            </trkpt>
            <trkpt lat="46.665048" lon="8.152534">
                <ele>2307</ele>
            </trkpt>
            <trkpt lat="46.665048" lon="8.152534">
                <ele>2307</ele>
            </trkpt>
            <trkpt lat="46.665048" lon="8.152534">
                <ele>2307</ele>
            </trkpt>
            <trkpt lat="46.665055" lon="8.152531">
                <ele>2307</ele>
            </trkpt>
            <trkpt lat="46.665049" lon="8.152520">
                <ele>2307</ele>
            </trkpt>
            <trkpt lat="46.665056" lon="8.152510">
                <ele>2307</ele>
            </trkpt>
            <trkpt lat="46.665063" lon="8.152508">
                <ele>2307</ele>
            </trkpt>
            <trkpt lat="46.665068" lon="8.152501">
                <ele>2307</ele>
            </trkpt>
            <trkpt lat="46.665066" lon="8.152497">
                <ele>2307</ele>
            </trkpt>
            <trkpt lat="46.665063" lon="8.152493">
                <ele>2307</ele>
            </trkpt>
            <trkpt lat="46.665063" lon="8.152504">
                <ele>2307</ele>
            </trkpt>
            <trkpt lat="46.665067" lon="8.152485">
                <ele>2307</ele>
            </trkpt>
            <trkpt lat="46.665067" lon="8.152501">
                <ele>2307</ele>
            </trkpt>
            <trkpt lat="46.665067" lon="8.152501">
                <ele>2307</ele>
            </trkpt>
            <trkpt lat="46.665067" lon="8.152501">
                <ele>2307</ele>
            </trkpt>
            <trkpt lat="46.665067" lon="8.152501">
                <ele>2307</ele>
            </trkpt>
            <trkpt lat="46.665067" lon="8.152501">
                <ele>2307</ele>
            </trkpt>
            <trkpt lat="46.665068" lon="8.152481">
                <ele>2307</ele>
            </trkpt>
            <trkpt lat="46.665068" lon="8.152481">
                <ele>2307</ele>
            </trkpt>
            <trkpt lat="46.665068" lon="8.152481">
                <ele>2307</ele>
            </trkpt>
            <trkpt lat="46.665073" lon="8.152478">
                <ele>2307</ele>
            </trkpt>
            <trkpt lat="46.665068" lon="8.152481">
                <ele>2307</ele>
            </trkpt>
            <trkpt lat="46.665068" lon="8.152481">
                <ele>2307</ele>
            </trkpt>
            <trkpt lat="46.665075" lon="8.152480">
                <ele>2307</ele>
            </trkpt>
            <trkpt lat="46.665076" lon="8.152475">
                <ele>2307</ele>
            </trkpt>
            <trkpt lat="46.665075" lon="8.152483">
                <ele>2307</ele>
            </trkpt>
            <trkpt lat="46.665081" lon="8.152471">
                <ele>2307</ele>
            </trkpt>
            <trkpt lat="46.665088" lon="8.152465">
                <ele>2307</ele>
            </trkpt>
            <trkpt lat="46.665096" lon="8.152464">
                <ele>2307</ele>
            </trkpt>
            <trkpt lat="46.665102" lon="8.152457">
                <ele>2307</ele>
            </trkpt>
            <trkpt lat="46.665102" lon="8.152457">
                <ele>2307</ele>
            </trkpt>
            <trkpt lat="46.665114" lon="8.152444">
                <ele>2307</ele>
            </trkpt>
            <trkpt lat="46.665114" lon="8.152444">
                <ele>2307</ele>
            </trkpt>
            <trkpt lat="46.665114" lon="8.152444">
                <ele>2307</ele>
            </trkpt>
            <trkpt lat="46.665114" lon="8.152444">
                <ele>2307</ele>
            </trkpt>
            <trkpt lat="46.665115" lon="8.152447">
                <ele>2307</ele>
            </trkpt>
            <trkpt lat="46.665114" lon="8.152444">
                <ele>2307</ele>
            </trkpt>
            <trkpt lat="46.665123" lon="8.152459">
                <ele>2307</ele>
            </trkpt>
            <trkpt lat="46.665123" lon="8.152466">
                <ele>2307</ele>
            </trkpt>
            <trkpt lat="46.665128" lon="8.152466">
                <ele>2307</ele>
            </trkpt>
            <trkpt lat="46.665129" lon="8.152463">
                <ele>2307</ele>
            </trkpt>
            <trkpt lat="46.665127" lon="8.152463">
                <ele>2307</ele>
            </trkpt>
            <trkpt lat="46.665127" lon="8.152463">
                <ele>2307</ele>
            </trkpt>
            <trkpt lat="46.665115" lon="8.152468">
                <ele>2307</ele>
            </trkpt>
            <trkpt lat="46.665114" lon="8.152454">
                <ele>2307</ele>
            </trkpt>
            <trkpt lat="46.665107" lon="8.152465">
                <ele>2307</ele>
            </trkpt>
            <trkpt lat="46.665107" lon="8.152465">
                <ele>2307</ele>
            </trkpt>
            <trkpt lat="46.665107" lon="8.152465">
                <ele>2307</ele>
            </trkpt>
            <trkpt lat="46.665107" lon="8.152465">
                <ele>2307</ele>
            </trkpt>
            <trkpt lat="46.665107" lon="8.152465">
                <ele>2307</ele>
            </trkpt>
            <trkpt lat="46.665115" lon="8.152459">
                <ele>2307</ele>
            </trkpt>
            <trkpt lat="46.665120" lon="8.152452">
                <ele>2307</ele>
            </trkpt>
            <trkpt lat="46.665120" lon="8.152453">
                <ele>2307</ele>
            </trkpt>
            <trkpt lat="46.665124" lon="8.152455">
                <ele>2307</ele>
            </trkpt>
            <trkpt lat="46.665122" lon="8.152457">
                <ele>2307</ele>
            </trkpt>
            <trkpt lat="46.665120" lon="8.152452">
                <ele>2307</ele>
            </trkpt>
            <trkpt lat="46.665120" lon="8.152452">
                <ele>2307</ele>
            </trkpt>
            <trkpt lat="46.665120" lon="8.152452">
                <ele>2307</ele>
            </trkpt>
            <trkpt lat="46.665120" lon="8.152452">
                <ele>2307</ele>
            </trkpt>
            <trkpt lat="46.665120" lon="8.152452">
                <ele>2307</ele>
            </trkpt>
            <trkpt lat="46.665109" lon="8.152469">
                <ele>2307</ele>
            </trkpt>
            <trkpt lat="46.665104" lon="8.152462">
                <ele>2307</ele>
            </trkpt>
            <trkpt lat="46.665113" lon="8.152469">
                <ele>2307</ele>
            </trkpt>
            <trkpt lat="46.665110" lon="8.152468">
                <ele>2307</ele>
            </trkpt>
            <trkpt lat="46.665111" lon="8.152469">
                <ele>2307</ele>
            </trkpt>
            <trkpt lat="46.665118" lon="8.152481">
                <ele>2307</ele>
            </trkpt>
            <trkpt lat="46.665121" lon="8.152485">
                <ele>2307</ele>
            </trkpt>
            <trkpt lat="46.665110" lon="8.152468">
                <ele>2307</ele>
            </trkpt>
            <trkpt lat="46.665110" lon="8.152468">
                <ele>2307</ele>
            </trkpt>
            <trkpt lat="46.665116" lon="8.152475">
                <ele>2307</ele>
            </trkpt>
            <trkpt lat="46.665120" lon="8.152477">
                <ele>2307</ele>
            </trkpt>
            <trkpt lat="46.665110" lon="8.152468">
                <ele>2307</ele>
            </trkpt>
            <trkpt lat="46.665110" lon="8.152468">
                <ele>2307</ele>
            </trkpt>
            <trkpt lat="46.665110" lon="8.152468">
                <ele>2307</ele>
            </trkpt>
            <trkpt lat="46.665110" lon="8.152468">
                <ele>2307</ele>
            </trkpt>
            <trkpt lat="46.665110" lon="8.152468">
                <ele>2307</ele>
            </trkpt>
            <trkpt lat="46.665110" lon="8.152468">
                <ele>2307</ele>
            </trkpt>
            <trkpt lat="46.665110" lon="8.152468">
                <ele>2307</ele>
            </trkpt>
            <trkpt lat="46.665110" lon="8.152468">
                <ele>2307</ele>
            </trkpt>
            <trkpt lat="46.665110" lon="8.152468">
                <ele>2307</ele>
            </trkpt>
            <trkpt lat="46.665110" lon="8.152468">
                <ele>2307</ele>
            </trkpt>
            <trkpt lat="46.665110" lon="8.152468">
                <ele>2307</ele>
            </trkpt>
            <trkpt lat="46.665110" lon="8.152468">
                <ele>2307</ele>
            </trkpt>
            <trkpt lat="46.665110" lon="8.152468">
                <ele>2307</ele>
            </trkpt>
            <trkpt lat="46.665110" lon="8.152468">
                <ele>2307</ele>
            </trkpt>
            <trkpt lat="46.665110" lon="8.152468">
                <ele>2307</ele>
            </trkpt>
            <trkpt lat="46.665110" lon="8.152468">
                <ele>2307</ele>
            </trkpt>
            <trkpt lat="46.665110" lon="8.152468">
                <ele>2307</ele>
            </trkpt>
            <trkpt lat="46.665110" lon="8.152468">
                <ele>2307</ele>
            </trkpt>
            <trkpt lat="46.665110" lon="8.152468">
                <ele>2307</ele>
            </trkpt>
            <trkpt lat="46.665110" lon="8.152468">
                <ele>2307</ele>
            </trkpt>
            <trkpt lat="46.665110" lon="8.152468">
                <ele>2307</ele>
            </trkpt>
            <trkpt lat="46.665122" lon="8.152481">
                <ele>2307</ele>
            </trkpt>
            <trkpt lat="46.665124" lon="8.152486">
                <ele>2307</ele>
            </trkpt>
            <trkpt lat="46.665129" lon="8.152484">
                <ele>2307</ele>
            </trkpt>
            <trkpt lat="46.665117" lon="8.152477">
                <ele>2307</ele>
            </trkpt>
            <trkpt lat="46.665120" lon="8.152480">
                <ele>2307</ele>
            </trkpt>
            <trkpt lat="46.665106" lon="8.152472">
                <ele>2307</ele>
            </trkpt>
            <trkpt lat="46.665106" lon="8.152472">
                <ele>2307</ele>
            </trkpt>
            <trkpt lat="46.665106" lon="8.152472">
                <ele>2307</ele>
            </trkpt>
            <trkpt lat="46.665106" lon="8.152472">
                <ele>2307</ele>
            </trkpt>
            <trkpt lat="46.665106" lon="8.152472">
                <ele>2307</ele>
            </trkpt>
            <trkpt lat="46.665106" lon="8.152472">
                <ele>2307</ele>
            </trkpt>
            <trkpt lat="46.665106" lon="8.152472">
                <ele>2307</ele>
            </trkpt>
            <trkpt lat="46.665106" lon="8.152472">
                <ele>2307</ele>
            </trkpt>
            <trkpt lat="46.665106" lon="8.152472">
                <ele>2307</ele>
            </trkpt>
            <trkpt lat="46.665106" lon="8.152472">
                <ele>2307</ele>
            </trkpt>
            <trkpt lat="46.665110" lon="8.152454">
                <ele>2307</ele>
            </trkpt>
            <trkpt lat="46.665123" lon="8.152443">
                <ele>2307</ele>
            </trkpt>
            <trkpt lat="46.665112" lon="8.152445">
                <ele>2307</ele>
            </trkpt>
            <trkpt lat="46.665112" lon="8.152445">
                <ele>2307</ele>
            </trkpt>
            <trkpt lat="46.665112" lon="8.152445">
                <ele>2307</ele>
            </trkpt>
            <trkpt lat="46.665112" lon="8.152445">
                <ele>2307</ele>
            </trkpt>
            <trkpt lat="46.665112" lon="8.152445">
                <ele>2307</ele>
            </trkpt>
            <trkpt lat="46.665112" lon="8.152445">
                <ele>2307</ele>
            </trkpt>
            <trkpt lat="46.665112" lon="8.152445">
                <ele>2307</ele>
            </trkpt>
            <trkpt lat="46.665112" lon="8.152445">
                <ele>2307</ele>
            </trkpt>
            <trkpt lat="46.665108" lon="8.152453">
                <ele>2307</ele>
            </trkpt>
            <trkpt lat="46.665099" lon="8.152454">
                <ele>2307</ele>
            </trkpt>
            <trkpt lat="46.665096" lon="8.152451">
                <ele>2307</ele>
            </trkpt>
            <trkpt lat="46.665096" lon="8.152451">
                <ele>2307</ele>
            </trkpt>
            <trkpt lat="46.665096" lon="8.152451">
                <ele>2307</ele>
            </trkpt>
            <trkpt lat="46.665096" lon="8.152451">
                <ele>2307</ele>
            </trkpt>
            <trkpt lat="46.665096" lon="8.152451">
                <ele>2307</ele>
            </trkpt>
            <trkpt lat="46.665108" lon="8.152462">
                <ele>2307</ele>
            </trkpt>
            <trkpt lat="46.665101" lon="8.152455">
                <ele>2307</ele>
            </trkpt>
            <trkpt lat="46.665106" lon="8.152449">
                <ele>2307</ele>
            </trkpt>
            <trkpt lat="46.665096" lon="8.152451">
                <ele>2307</ele>
            </trkpt>
            <trkpt lat="46.665103" lon="8.152444">
                <ele>2307</ele>
            </trkpt>
            <trkpt lat="46.665108" lon="8.152446">
                <ele>2307</ele>
            </trkpt>
            <trkpt lat="46.665103" lon="8.152455">
                <ele>2307</ele>
            </trkpt>
            <trkpt lat="46.665104" lon="8.152453">
                <ele>2307</ele>
            </trkpt>
            <trkpt lat="46.665111" lon="8.152453">
                <ele>2307</ele>
            </trkpt>
            <trkpt lat="46.665112" lon="8.152451">
                <ele>2307</ele>
            </trkpt>
            <trkpt lat="46.665116" lon="8.152455">
                <ele>2307</ele>
            </trkpt>
            <trkpt lat="46.665119" lon="8.152452">
                <ele>2307</ele>
            </trkpt>
            <trkpt lat="46.665111" lon="8.152453">
                <ele>2307</ele>
            </trkpt>
            <trkpt lat="46.665111" lon="8.152454">
                <ele>2307</ele>
            </trkpt>
            <trkpt lat="46.665111" lon="8.152453">
                <ele>2307</ele>
            </trkpt>
            <trkpt lat="46.665111" lon="8.152453">
                <ele>2307</ele>
            </trkpt>
            <trkpt lat="46.665111" lon="8.152453">
                <ele>2307</ele>
            </trkpt>
            <trkpt lat="46.665111" lon="8.152453">
                <ele>2307</ele>
            </trkpt>
            <trkpt lat="46.665113" lon="8.152461">
                <ele>2307</ele>
            </trkpt>
            <trkpt lat="46.665114" lon="8.152461">
                <ele>2307</ele>
            </trkpt>
            <trkpt lat="46.665111" lon="8.152453">
                <ele>2307</ele>
            </trkpt>
            <trkpt lat="46.665111" lon="8.152453">
                <ele>2307</ele>
            </trkpt>
            <trkpt lat="46.665111" lon="8.152453">
                <ele>2307</ele>
            </trkpt>
            <trkpt lat="46.665106" lon="8.152466">
                <ele>2307</ele>
            </trkpt>
            <trkpt lat="46.665098" lon="8.152467">
                <ele>2307</ele>
            </trkpt>
            <trkpt lat="46.665096" lon="8.152467">
                <ele>2307</ele>
            </trkpt>
            <trkpt lat="46.665090" lon="8.152463">
                <ele>2307</ele>
            </trkpt>
            <trkpt lat="46.665094" lon="8.152467">
                <ele>2307</ele>
            </trkpt>
            <trkpt lat="46.665094" lon="8.152467">
                <ele>2307</ele>
            </trkpt>
            <trkpt lat="46.665094" lon="8.152467">
                <ele>2307</ele>
            </trkpt>
            <trkpt lat="46.665094" lon="8.152467">
                <ele>2307</ele>
            </trkpt>
            <trkpt lat="46.665094" lon="8.152467">
                <ele>2307</ele>
            </trkpt>
            <trkpt lat="46.665094" lon="8.152467">
                <ele>2307</ele>
            </trkpt>
            <trkpt lat="46.665094" lon="8.152467">
                <ele>2307</ele>
            </trkpt>
            <trkpt lat="46.665094" lon="8.152467">
                <ele>2307</ele>
            </trkpt>
            <trkpt lat="46.665098" lon="8.152474">
                <ele>2307</ele>
            </trkpt>
            <trkpt lat="46.665101" lon="8.152465">
                <ele>2307</ele>
            </trkpt>
            <trkpt lat="46.665104" lon="8.152469">
                <ele>2307</ele>
            </trkpt>
            <trkpt lat="46.665106" lon="8.152470">
                <ele>2307</ele>
            </trkpt>
            <trkpt lat="46.665100" lon="8.152466">
                <ele>2307</ele>
            </trkpt>
            <trkpt lat="46.665094" lon="8.152467">
                <ele>2307</ele>
            </trkpt>
            <trkpt lat="46.665095" lon="8.152463">
                <ele>2307</ele>
            </trkpt>
            <trkpt lat="46.665095" lon="8.152471">
                <ele>2307</ele>
            </trkpt>
            <trkpt lat="46.665101" lon="8.152476">
                <ele>2307</ele>
            </trkpt>
            <trkpt lat="46.665094" lon="8.152467">
                <ele>2307</ele>
            </trkpt>
            <trkpt lat="46.665094" lon="8.152467">
                <ele>2307</ele>
            </trkpt>
            <trkpt lat="46.665098" lon="8.152470">
                <ele>2307</ele>
            </trkpt>
            <trkpt lat="46.665099" lon="8.152468">
                <ele>2307</ele>
            </trkpt>
            <trkpt lat="46.665100" lon="8.152465">
                <ele>2307</ele>
            </trkpt>
            <trkpt lat="46.665094" lon="8.152467">
                <ele>2307</ele>
            </trkpt>
            <trkpt lat="46.665102" lon="8.152458">
                <ele>2307</ele>
            </trkpt>
            <trkpt lat="46.665101" lon="8.152442">
                <ele>2307</ele>
            </trkpt>
            <trkpt lat="46.665109" lon="8.152430">
                <ele>2307</ele>
            </trkpt>
            <trkpt lat="46.665110" lon="8.152430">
                <ele>2307</ele>
            </trkpt>
            <trkpt lat="46.665110" lon="8.152432">
                <ele>2307</ele>
            </trkpt>
            <trkpt lat="46.665113" lon="8.152431">
                <ele>2307</ele>
            </trkpt>
            <trkpt lat="46.665124" lon="8.152432">
                <ele>2307</ele>
            </trkpt>
            <trkpt lat="46.665124" lon="8.152432">
                <ele>2307</ele>
            </trkpt>
            <trkpt lat="46.665130" lon="8.152435">
                <ele>2307</ele>
            </trkpt>
            <trkpt lat="46.665133" lon="8.152447">
                <ele>2307</ele>
            </trkpt>
            <trkpt lat="46.665127" lon="8.152445">
                <ele>2307</ele>
            </trkpt>
            <trkpt lat="46.665129" lon="8.152448">
                <ele>2307</ele>
            </trkpt>
            <trkpt lat="46.665126" lon="8.152448">
                <ele>2307</ele>
            </trkpt>
            <trkpt lat="46.665118" lon="8.152454">
                <ele>2307</ele>
            </trkpt>
            <trkpt lat="46.665128" lon="8.152455">
                <ele>2307</ele>
            </trkpt>
            <trkpt lat="46.665137" lon="8.152463">
                <ele>2307</ele>
            </trkpt>
            <trkpt lat="46.665150" lon="8.152460">
                <ele>2366</ele>
            </trkpt>
            <trkpt lat="46.665153" lon="8.152460">
                <ele>2366</ele>
            </trkpt>
            <trkpt lat="46.665155" lon="8.152462">
                <ele>2366</ele>
            </trkpt>
            <trkpt lat="46.665153" lon="8.152461">
                <ele>2366</ele>
            </trkpt>
            <trkpt lat="46.665157" lon="8.152459">
                <ele>2366</ele>
            </trkpt>
            <trkpt lat="46.665152" lon="8.152456">
                <ele>2366</ele>
            </trkpt>
            <trkpt lat="46.665153" lon="8.152461">
                <ele>2366</ele>
            </trkpt>
            <trkpt lat="46.665153" lon="8.152461">
                <ele>2366</ele>
            </trkpt>
            <trkpt lat="46.665154" lon="8.152454">
                <ele>2366</ele>
            </trkpt>
            <trkpt lat="46.665150" lon="8.152457">
                <ele>2366</ele>
            </trkpt>
            <trkpt lat="46.665172" lon="8.152427">
                <ele>2366</ele>
            </trkpt>
            <trkpt lat="46.665190" lon="8.152435">
                <ele>2366</ele>
            </trkpt>
            <trkpt lat="46.665192" lon="8.152438">
                <ele>2366</ele>
            </trkpt>
            <trkpt lat="46.665195" lon="8.152435">
                <ele>2366</ele>
            </trkpt>
            <trkpt lat="46.665195" lon="8.152434">
                <ele>2366</ele>
            </trkpt>
            <trkpt lat="46.665195" lon="8.152434">
                <ele>2366</ele>
            </trkpt>
            <trkpt lat="46.665195" lon="8.152434">
                <ele>2366</ele>
            </trkpt>
            <trkpt lat="46.665195" lon="8.152434">
                <ele>2366</ele>
            </trkpt>
            <trkpt lat="46.665195" lon="8.152434">
                <ele>2366</ele>
            </trkpt>
            <trkpt lat="46.665195" lon="8.152434">
                <ele>2366</ele>
            </trkpt>
            <trkpt lat="46.665195" lon="8.152434">
                <ele>2366</ele>
            </trkpt>
            <trkpt lat="46.665195" lon="8.152434">
                <ele>2366</ele>
            </trkpt>
            <trkpt lat="46.665195" lon="8.152434">
                <ele>2366</ele>
            </trkpt>
            <trkpt lat="46.665204" lon="8.152435">
                <ele>2366</ele>
            </trkpt>
            <trkpt lat="46.665195" lon="8.152434">
                <ele>2366</ele>
            </trkpt>
            <trkpt lat="46.665195" lon="8.152434">
                <ele>2366</ele>
            </trkpt>
            <trkpt lat="46.665213" lon="8.152440">
                <ele>2366</ele>
            </trkpt>
            <trkpt lat="46.665226" lon="8.152441">
                <ele>2366</ele>
            </trkpt>
            <trkpt lat="46.665229" lon="8.152441">
                <ele>2366</ele>
            </trkpt>
            <trkpt lat="46.665229" lon="8.152441">
                <ele>2366</ele>
            </trkpt>
            <trkpt lat="46.665229" lon="8.152441">
                <ele>2366</ele>
            </trkpt>
            <trkpt lat="46.665229" lon="8.152441">
                <ele>2366</ele>
            </trkpt>
            <trkpt lat="46.665234" lon="8.152450">
                <ele>2366</ele>
            </trkpt>
            <trkpt lat="46.665229" lon="8.152441">
                <ele>2366</ele>
            </trkpt>
            <trkpt lat="46.665229" lon="8.152441">
                <ele>2366</ele>
            </trkpt>
            <trkpt lat="46.665229" lon="8.152441">
                <ele>2366</ele>
            </trkpt>
            <trkpt lat="46.665229" lon="8.152441">
                <ele>2366</ele>
            </trkpt>
            <trkpt lat="46.665229" lon="8.152441">
                <ele>2366</ele>
            </trkpt>
            <trkpt lat="46.665221" lon="8.152439">
                <ele>2366</ele>
            </trkpt>
            <trkpt lat="46.665216" lon="8.152431">
                <ele>2366</ele>
            </trkpt>
            <trkpt lat="46.665216" lon="8.152428">
                <ele>2366</ele>
            </trkpt>
            <trkpt lat="46.665217" lon="8.152431">
                <ele>2366</ele>
            </trkpt>
            <trkpt lat="46.665214" lon="8.152436">
                <ele>2366</ele>
            </trkpt>
            <trkpt lat="46.665214" lon="8.152437">
                <ele>2366</ele>
            </trkpt>
            <trkpt lat="46.665214" lon="8.152437">
                <ele>2366</ele>
            </trkpt>
            <trkpt lat="46.665205" lon="8.152452">
                <ele>2366</ele>
            </trkpt>
            <trkpt lat="46.665205" lon="8.152459">
                <ele>2366</ele>
            </trkpt>
            <trkpt lat="46.665201" lon="8.152451">
                <ele>2366</ele>
            </trkpt>
            <trkpt lat="46.665201" lon="8.152449">
                <ele>2366</ele>
            </trkpt>
            <trkpt lat="46.665202" lon="8.152445">
                <ele>2366</ele>
            </trkpt>
            <trkpt lat="46.665200" lon="8.152446">
                <ele>2366</ele>
            </trkpt>
            <trkpt lat="46.665198" lon="8.152452">
                <ele>2366</ele>
            </trkpt>
            <trkpt lat="46.665195" lon="8.152445">
                <ele>2366</ele>
            </trkpt>
            <trkpt lat="46.665193" lon="8.152444">
                <ele>2366</ele>
            </trkpt>
            <trkpt lat="46.665193" lon="8.152444">
                <ele>2366</ele>
            </trkpt>
            <trkpt lat="46.665194" lon="8.152453">
                <ele>2366</ele>
            </trkpt>
            <trkpt lat="46.665198" lon="8.152462">
                <ele>2366</ele>
            </trkpt>
            <trkpt lat="46.665195" lon="8.152456">
                <ele>2366</ele>
            </trkpt>
            <trkpt lat="46.665199" lon="8.152467">
                <ele>2366</ele>
            </trkpt>
            <trkpt lat="46.665198" lon="8.152467">
                <ele>2366</ele>
            </trkpt>
            <trkpt lat="46.665198" lon="8.152462">
                <ele>2366</ele>
            </trkpt>
            <trkpt lat="46.665200" lon="8.152446">
                <ele>2366</ele>
            </trkpt>
            <trkpt lat="46.665200" lon="8.152446">
                <ele>2366</ele>
            </trkpt>
            <trkpt lat="46.665200" lon="8.152446">
                <ele>2366</ele>
            </trkpt>
            <trkpt lat="46.665200" lon="8.152446">
                <ele>2366</ele>
            </trkpt>
            <trkpt lat="46.665200" lon="8.152446">
                <ele>2366</ele>
            </trkpt>
            <trkpt lat="46.665200" lon="8.152446">
                <ele>2366</ele>
            </trkpt>
            <trkpt lat="46.665200" lon="8.152446">
                <ele>2366</ele>
            </trkpt>
            <trkpt lat="46.665200" lon="8.152446">
                <ele>2366</ele>
            </trkpt>
            <trkpt lat="46.665200" lon="8.152446">
                <ele>2366</ele>
            </trkpt>
            <trkpt lat="46.665201" lon="8.152469">
                <ele>2366</ele>
            </trkpt>
            <trkpt lat="46.665201" lon="8.152469">
                <ele>2366</ele>
            </trkpt>
            <trkpt lat="46.665201" lon="8.152465">
                <ele>2366</ele>
            </trkpt>
            <trkpt lat="46.665198" lon="8.152455">
                <ele>2366</ele>
            </trkpt>
            <trkpt lat="46.665197" lon="8.152446">
                <ele>2366</ele>
            </trkpt>
            <trkpt lat="46.665196" lon="8.152444">
                <ele>2366</ele>
            </trkpt>
            <trkpt lat="46.665201" lon="8.152445">
                <ele>2366</ele>
            </trkpt>
            <trkpt lat="46.665201" lon="8.152445">
                <ele>2366</ele>
            </trkpt>
            <trkpt lat="46.665201" lon="8.152444">
                <ele>2366</ele>
            </trkpt>
            <trkpt lat="46.665206" lon="8.152437">
                <ele>2366</ele>
            </trkpt>
            <trkpt lat="46.665202" lon="8.152433">
                <ele>2366</ele>
            </trkpt>
            <trkpt lat="46.665201" lon="8.152445">
                <ele>2366</ele>
            </trkpt>
            <trkpt lat="46.665201" lon="8.152445">
                <ele>2366</ele>
            </trkpt>
            <trkpt lat="46.665206" lon="8.152448">
                <ele>2366</ele>
            </trkpt>
            <trkpt lat="46.665203" lon="8.152444">
                <ele>2366</ele>
            </trkpt>
            <trkpt lat="46.665198" lon="8.152436">
                <ele>2366</ele>
            </trkpt>
            <trkpt lat="46.665201" lon="8.152445">
                <ele>2366</ele>
            </trkpt>
            <trkpt lat="46.665201" lon="8.152445">
                <ele>2366</ele>
            </trkpt>
            <trkpt lat="46.665193" lon="8.152423">
                <ele>2366</ele>
            </trkpt>
            <trkpt lat="46.665190" lon="8.152422">
                <ele>2366</ele>
            </trkpt>
            <trkpt lat="46.665193" lon="8.152426">
                <ele>2366</ele>
            </trkpt>
            <trkpt lat="46.665196" lon="8.152431">
                <ele>2366</ele>
            </trkpt>
            <trkpt lat="46.665199" lon="8.152435">
                <ele>2366</ele>
            </trkpt>
            <trkpt lat="46.665205" lon="8.152453">
                <ele>2366</ele>
            </trkpt>
            <trkpt lat="46.665206" lon="8.152452">
                <ele>2366</ele>
            </trkpt>
            <trkpt lat="46.665206" lon="8.152452">
                <ele>2366</ele>
            </trkpt>
            <trkpt lat="46.665206" lon="8.152452">
                <ele>2366</ele>
            </trkpt>
            <trkpt lat="46.665206" lon="8.152452">
                <ele>2366</ele>
            </trkpt>
            <trkpt lat="46.665206" lon="8.152452">
                <ele>2366</ele>
            </trkpt>
            <trkpt lat="46.665206" lon="8.152452">
                <ele>2366</ele>
            </trkpt>
            <trkpt lat="46.665206" lon="8.152452">
                <ele>2366</ele>
            </trkpt>
            <trkpt lat="46.665206" lon="8.152452">
                <ele>2366</ele>
            </trkpt>
            <trkpt lat="46.665206" lon="8.152456">
                <ele>2366</ele>
            </trkpt>
            <trkpt lat="46.665204" lon="8.152450">
                <ele>2366</ele>
            </trkpt>
            <trkpt lat="46.665203" lon="8.152457">
                <ele>2366</ele>
            </trkpt>
            <trkpt lat="46.665206" lon="8.152452">
                <ele>2366</ele>
            </trkpt>
            <trkpt lat="46.665202" lon="8.152468">
                <ele>2366</ele>
            </trkpt>
            <trkpt lat="46.665204" lon="8.152471">
                <ele>2366</ele>
            </trkpt>
            <trkpt lat="46.665198" lon="8.152470">
                <ele>2366</ele>
            </trkpt>
            <trkpt lat="46.665200" lon="8.152461">
                <ele>2366</ele>
            </trkpt>
            <trkpt lat="46.665198" lon="8.152465">
                <ele>2366</ele>
            </trkpt>
            <trkpt lat="46.665198" lon="8.152470">
                <ele>2366</ele>
            </trkpt>
            <trkpt lat="46.665198" lon="8.152453">
                <ele>2366</ele>
            </trkpt>
            <trkpt lat="46.665198" lon="8.152453">
                <ele>2366</ele>
            </trkpt>
            <trkpt lat="46.665198" lon="8.152453">
                <ele>2366</ele>
            </trkpt>
            <trkpt lat="46.665198" lon="8.152453">
                <ele>2366</ele>
            </trkpt>
            <trkpt lat="46.665198" lon="8.152453">
                <ele>2366</ele>
            </trkpt>
            <trkpt lat="46.665198" lon="8.152453">
                <ele>2366</ele>
            </trkpt>
            <trkpt lat="46.665194" lon="8.152447">
                <ele>2366</ele>
            </trkpt>
            <trkpt lat="46.665198" lon="8.152453">
                <ele>2366</ele>
            </trkpt>
            <trkpt lat="46.665198" lon="8.152453">
                <ele>2366</ele>
            </trkpt>
            <trkpt lat="46.665198" lon="8.152453">
                <ele>2366</ele>
            </trkpt>
            <trkpt lat="46.665198" lon="8.152453">
                <ele>2366</ele>
            </trkpt>
            <trkpt lat="46.665198" lon="8.152453">
                <ele>2366</ele>
            </trkpt>
            <trkpt lat="46.665198" lon="8.152453">
                <ele>2366</ele>
            </trkpt>
            <trkpt lat="46.665198" lon="8.152453">
                <ele>2366</ele>
            </trkpt>
            <trkpt lat="46.665189" lon="8.152438">
                <ele>2366</ele>
            </trkpt>
            <trkpt lat="46.665188" lon="8.152436">
                <ele>2366</ele>
            </trkpt>
            <trkpt lat="46.665191" lon="8.152436">
                <ele>2366</ele>
            </trkpt>
            <trkpt lat="46.665181" lon="8.152435">
                <ele>2366</ele>
            </trkpt>
            <trkpt lat="46.665174" lon="8.152425">
                <ele>2366</ele>
            </trkpt>
            <trkpt lat="46.665184" lon="8.152438">
                <ele>2366</ele>
            </trkpt>
            <trkpt lat="46.665184" lon="8.152439">
                <ele>2366</ele>
            </trkpt>
            <trkpt lat="46.665184" lon="8.152438">
                <ele>2366</ele>
            </trkpt>
            <trkpt lat="46.665184" lon="8.152438">
                <ele>2366</ele>
            </trkpt>
            <trkpt lat="46.665185" lon="8.152443">
                <ele>2366</ele>
            </trkpt>
            <trkpt lat="46.665185" lon="8.152484">
                <ele>2366</ele>
            </trkpt>
            <trkpt lat="46.665183" lon="8.152493">
                <ele>2366</ele>
            </trkpt>
            <trkpt lat="46.665188" lon="8.152492">
                <ele>2366</ele>
            </trkpt>
            <trkpt lat="46.665189" lon="8.152488">
                <ele>2366</ele>
            </trkpt>
            <trkpt lat="46.665189" lon="8.152488">
                <ele>2366</ele>
            </trkpt>
            <trkpt lat="46.665189" lon="8.152488">
                <ele>2366</ele>
            </trkpt>
            <trkpt lat="46.665189" lon="8.152488">
                <ele>2366</ele>
            </trkpt>
            <trkpt lat="46.665189" lon="8.152488">
                <ele>2366</ele>
            </trkpt>
            <trkpt lat="46.665189" lon="8.152488">
                <ele>2366</ele>
            </trkpt>
            <trkpt lat="46.665192" lon="8.152482">
                <ele>2366</ele>
            </trkpt>
            <trkpt lat="46.665189" lon="8.152488">
                <ele>2366</ele>
            </trkpt>
            <trkpt lat="46.665201" lon="8.152487">
                <ele>2366</ele>
            </trkpt>
            <trkpt lat="46.665195" lon="8.152489">
                <ele>2366</ele>
            </trkpt>
            <trkpt lat="46.665202" lon="8.152486">
                <ele>2366</ele>
            </trkpt>
            <trkpt lat="46.665208" lon="8.152497">
                <ele>2366</ele>
            </trkpt>
            <trkpt lat="46.665198" lon="8.152489">
                <ele>2366</ele>
            </trkpt>
            <trkpt lat="46.665186" lon="8.152477">
                <ele>2366</ele>
            </trkpt>
            <trkpt lat="46.665186" lon="8.152477">
                <ele>2366</ele>
            </trkpt>
            <trkpt lat="46.665186" lon="8.152477">
                <ele>2366</ele>
            </trkpt>
            <trkpt lat="46.665186" lon="8.152477">
                <ele>2366</ele>
            </trkpt>
            <trkpt lat="46.665186" lon="8.152477">
                <ele>2366</ele>
            </trkpt>
            <trkpt lat="46.665188" lon="8.152473">
                <ele>2366</ele>
            </trkpt>
            <trkpt lat="46.665194" lon="8.152471">
                <ele>2366</ele>
            </trkpt>
            <trkpt lat="46.665191" lon="8.152470">
                <ele>2366</ele>
            </trkpt>
            <trkpt lat="46.665186" lon="8.152477">
                <ele>2366</ele>
            </trkpt>
            <trkpt lat="46.665200" lon="8.152477">
                <ele>2366</ele>
            </trkpt>
            <trkpt lat="46.665200" lon="8.152477">
                <ele>2366</ele>
            </trkpt>
            <trkpt lat="46.665200" lon="8.152477">
                <ele>2366</ele>
            </trkpt>
            <trkpt lat="46.665229" lon="8.152486">
                <ele>2366</ele>
            </trkpt>
            <trkpt lat="46.665229" lon="8.152486">
                <ele>2366</ele>
            </trkpt>
            <trkpt lat="46.665229" lon="8.152486">
                <ele>2366</ele>
            </trkpt>
            <trkpt lat="46.665229" lon="8.152486">
                <ele>2366</ele>
            </trkpt>
            <trkpt lat="46.665229" lon="8.152486">
                <ele>2366</ele>
            </trkpt>
            <trkpt lat="46.665229" lon="8.152486">
                <ele>2366</ele>
            </trkpt>
            <trkpt lat="46.665229" lon="8.152486">
                <ele>2366</ele>
            </trkpt>
            <trkpt lat="46.665229" lon="8.152486">
                <ele>2366</ele>
            </trkpt>
            <trkpt lat="46.665229" lon="8.152486">
                <ele>2366</ele>
            </trkpt>
            <trkpt lat="46.665229" lon="8.152486">
                <ele>2366</ele>
            </trkpt>
            <trkpt lat="46.665229" lon="8.152486">
                <ele>2366</ele>
            </trkpt>
            <trkpt lat="46.665229" lon="8.152486">
                <ele>2366</ele>
            </trkpt>
            <trkpt lat="46.665229" lon="8.152486">
                <ele>2366</ele>
            </trkpt>
            <trkpt lat="46.665229" lon="8.152486">
                <ele>2366</ele>
            </trkpt>
            <trkpt lat="46.665229" lon="8.152486">
                <ele>2366</ele>
            </trkpt>
            <trkpt lat="46.665229" lon="8.152486">
                <ele>2366</ele>
            </trkpt>
            <trkpt lat="46.665229" lon="8.152486">
                <ele>2366</ele>
            </trkpt>
            <trkpt lat="46.665236" lon="8.152482">
                <ele>2366</ele>
            </trkpt>
            <trkpt lat="46.665240" lon="8.152476">
                <ele>2366</ele>
            </trkpt>
            <trkpt lat="46.665240" lon="8.152474">
                <ele>2366</ele>
            </trkpt>
            <trkpt lat="46.665240" lon="8.152473">
                <ele>2366</ele>
            </trkpt>
            <trkpt lat="46.665244" lon="8.152471">
                <ele>2366</ele>
            </trkpt>
            <trkpt lat="46.665245" lon="8.152474">
                <ele>2366</ele>
            </trkpt>
            <trkpt lat="46.665256" lon="8.152479">
                <ele>2366</ele>
            </trkpt>
            <trkpt lat="46.665260" lon="8.152479">
                <ele>2366</ele>
            </trkpt>
            <trkpt lat="46.665260" lon="8.152484">
                <ele>2366</ele>
            </trkpt>
            <trkpt lat="46.665260" lon="8.152479">
                <ele>2366</ele>
            </trkpt>
            <trkpt lat="46.665260" lon="8.152479">
                <ele>2366</ele>
            </trkpt>
            <trkpt lat="46.665266" lon="8.152485">
                <ele>2366</ele>
            </trkpt>
            <trkpt lat="46.665260" lon="8.152479">
                <ele>2366</ele>
            </trkpt>
            <trkpt lat="46.665269" lon="8.152483">
                <ele>2366</ele>
            </trkpt>
            <trkpt lat="46.665281" lon="8.152485">
                <ele>2366</ele>
            </trkpt>
            <trkpt lat="46.665285" lon="8.152475">
                <ele>2366</ele>
            </trkpt>
            <trkpt lat="46.665288" lon="8.152475">
                <ele>2366</ele>
            </trkpt>
            <trkpt lat="46.665288" lon="8.152475">
                <ele>2366</ele>
            </trkpt>
            <trkpt lat="46.665288" lon="8.152475">
                <ele>2366</ele>
            </trkpt>
            <trkpt lat="46.665288" lon="8.152475">
                <ele>2366</ele>
            </trkpt>
            <trkpt lat="46.665286" lon="8.152474">
                <ele>2366</ele>
            </trkpt>
            <trkpt lat="46.665288" lon="8.152475">
                <ele>2366</ele>
            </trkpt>
            <trkpt lat="46.665288" lon="8.152475">
                <ele>2366</ele>
            </trkpt>
            <trkpt lat="46.665288" lon="8.152475">
                <ele>2366</ele>
            </trkpt>
            <trkpt lat="46.665288" lon="8.152475">
                <ele>2366</ele>
            </trkpt>
            <trkpt lat="46.665288" lon="8.152475">
                <ele>2366</ele>
            </trkpt>
            <trkpt lat="46.665288" lon="8.152475">
                <ele>2366</ele>
            </trkpt>
            <trkpt lat="46.665288" lon="8.152475">
                <ele>2366</ele>
            </trkpt>
            <trkpt lat="46.665288" lon="8.152475">
                <ele>2366</ele>
            </trkpt>
            <trkpt lat="46.665288" lon="8.152475">
                <ele>2366</ele>
            </trkpt>
            <trkpt lat="46.665288" lon="8.152475">
                <ele>2366</ele>
            </trkpt>
            <trkpt lat="46.665288" lon="8.152475">
                <ele>2366</ele>
            </trkpt>
            <trkpt lat="46.665288" lon="8.152475">
                <ele>2366</ele>
            </trkpt>
            <trkpt lat="46.665288" lon="8.152475">
                <ele>2366</ele>
            </trkpt>
            <trkpt lat="46.665288" lon="8.152475">
                <ele>2366</ele>
            </trkpt>
            <trkpt lat="46.665288" lon="8.152475">
                <ele>2366</ele>
            </trkpt>
            <trkpt lat="46.665288" lon="8.152475">
                <ele>2366</ele>
            </trkpt>
            <trkpt lat="46.665288" lon="8.152475">
                <ele>2366</ele>
            </trkpt>
            <trkpt lat="46.665288" lon="8.152475">
                <ele>2366</ele>
            </trkpt>
            <trkpt lat="46.665288" lon="8.152475">
                <ele>2366</ele>
            </trkpt>
            <trkpt lat="46.665288" lon="8.152475">
                <ele>2366</ele>
            </trkpt>
            <trkpt lat="46.665288" lon="8.152475">
                <ele>2366</ele>
            </trkpt>
            <trkpt lat="46.665288" lon="8.152475">
                <ele>2366</ele>
            </trkpt>
            <trkpt lat="46.665288" lon="8.152475">
                <ele>2366</ele>
            </trkpt>
            <trkpt lat="46.665288" lon="8.152475">
                <ele>2366</ele>
            </trkpt>
            <trkpt lat="46.665288" lon="8.152497">
                <ele>2366</ele>
            </trkpt>
            <trkpt lat="46.665289" lon="8.152497">
                <ele>2366</ele>
            </trkpt>
            <trkpt lat="46.665302" lon="8.152490">
                <ele>2366</ele>
            </trkpt>
            <trkpt lat="46.665305" lon="8.152488">
                <ele>2366</ele>
            </trkpt>
            <trkpt lat="46.665317" lon="8.152486">
                <ele>2366</ele>
            </trkpt>
            <trkpt lat="46.665317" lon="8.152486">
                <ele>2366</ele>
            </trkpt>
            <trkpt lat="46.665317" lon="8.152486">
                <ele>2366</ele>
            </trkpt>
            <trkpt lat="46.665317" lon="8.152486">
                <ele>2366</ele>
            </trkpt>
            <trkpt lat="46.665317" lon="8.152486">
                <ele>2366</ele>
            </trkpt>
            <trkpt lat="46.665307" lon="8.152477">
                <ele>2366</ele>
            </trkpt>
            <trkpt lat="46.665300" lon="8.152490">
                <ele>2366</ele>
            </trkpt>
            <trkpt lat="46.665295" lon="8.152496">
                <ele>2366</ele>
            </trkpt>
            <trkpt lat="46.665294" lon="8.152496">
                <ele>2366</ele>
            </trkpt>
            <trkpt lat="46.665289" lon="8.152501">
                <ele>2366</ele>
            </trkpt>
            <trkpt lat="46.665289" lon="8.152501">
                <ele>2366</ele>
            </trkpt>
            <trkpt lat="46.665289" lon="8.152501">
                <ele>2366</ele>
            </trkpt>
            <trkpt lat="46.665289" lon="8.152501">
                <ele>2366</ele>
            </trkpt>
            <trkpt lat="46.665290" lon="8.152501">
                <ele>2366</ele>
            </trkpt>
            <trkpt lat="46.665294" lon="8.152502">
                <ele>2366</ele>
            </trkpt>
            <trkpt lat="46.665289" lon="8.152501">
                <ele>2366</ele>
            </trkpt>
            <trkpt lat="46.665289" lon="8.152501">
                <ele>2366</ele>
            </trkpt>
            <trkpt lat="46.665298" lon="8.152502">
                <ele>2366</ele>
            </trkpt>
            <trkpt lat="46.665309" lon="8.152501">
                <ele>2366</ele>
            </trkpt>
            <trkpt lat="46.665309" lon="8.152501">
                <ele>2366</ele>
            </trkpt>
            <trkpt lat="46.665309" lon="8.152501">
                <ele>2366</ele>
            </trkpt>
            <trkpt lat="46.665309" lon="8.152501">
                <ele>2366</ele>
            </trkpt>
            <trkpt lat="46.665309" lon="8.152501">
                <ele>2366</ele>
            </trkpt>
            <trkpt lat="46.665309" lon="8.152501">
                <ele>2366</ele>
            </trkpt>
            <trkpt lat="46.665309" lon="8.152501">
                <ele>2366</ele>
            </trkpt>
            <trkpt lat="46.665309" lon="8.152501">
                <ele>2366</ele>
            </trkpt>
            <trkpt lat="46.665309" lon="8.152501">
                <ele>2366</ele>
            </trkpt>
            <trkpt lat="46.665309" lon="8.152501">
                <ele>2366</ele>
            </trkpt>
            <trkpt lat="46.665309" lon="8.152501">
                <ele>2366</ele>
            </trkpt>
            <trkpt lat="46.665309" lon="8.152501">
                <ele>2366</ele>
            </trkpt>
            <trkpt lat="46.665307" lon="8.152485">
                <ele>2366</ele>
            </trkpt>
            <trkpt lat="46.665306" lon="8.152479">
                <ele>2366</ele>
            </trkpt>
            <trkpt lat="46.665312" lon="8.152479">
                <ele>2366</ele>
            </trkpt>
            <trkpt lat="46.665312" lon="8.152479">
                <ele>2366</ele>
            </trkpt>
            <trkpt lat="46.665313" lon="8.152475">
                <ele>2366</ele>
            </trkpt>
            <trkpt lat="46.665312" lon="8.152459">
                <ele>2366</ele>
            </trkpt>
            <trkpt lat="46.665312" lon="8.152459">
                <ele>2366</ele>
            </trkpt>
            <trkpt lat="46.665312" lon="8.152459">
                <ele>2366</ele>
            </trkpt>
            <trkpt lat="46.665309" lon="8.152448">
                <ele>2366</ele>
            </trkpt>
            <trkpt lat="46.665312" lon="8.152459">
                <ele>2366</ele>
            </trkpt>
            <trkpt lat="46.665312" lon="8.152459">
                <ele>2366</ele>
            </trkpt>
            <trkpt lat="46.665312" lon="8.152459">
                <ele>2366</ele>
            </trkpt>
            <trkpt lat="46.665312" lon="8.152459">
                <ele>2366</ele>
            </trkpt>
            <trkpt lat="46.665312" lon="8.152459">
                <ele>2366</ele>
            </trkpt>
            <trkpt lat="46.665312" lon="8.152459">
                <ele>2366</ele>
            </trkpt>
            <trkpt lat="46.665312" lon="8.152459">
                <ele>2366</ele>
            </trkpt>
            <trkpt lat="46.665319" lon="8.152436">
                <ele>2366</ele>
            </trkpt>
            <trkpt lat="46.665322" lon="8.152434">
                <ele>2366</ele>
            </trkpt>
            <trkpt lat="46.665331" lon="8.152431">
                <ele>2366</ele>
            </trkpt>
            <trkpt lat="46.665333" lon="8.152427">
                <ele>2366</ele>
            </trkpt>
            <trkpt lat="46.665329" lon="8.152429">
                <ele>2366</ele>
            </trkpt>
            <trkpt lat="46.665322" lon="8.152434">
                <ele>2366</ele>
            </trkpt>
            <trkpt lat="46.665323" lon="8.152430">
                <ele>2366</ele>
            </trkpt>
            <trkpt lat="46.665321" lon="8.152425">
                <ele>2366</ele>
            </trkpt>
            <trkpt lat="46.665320" lon="8.152429">
                <ele>2366</ele>
            </trkpt>
            <trkpt lat="46.665318" lon="8.152436">
                <ele>2366</ele>
            </trkpt>
            <trkpt lat="46.665314" lon="8.152435">
                <ele>2366</ele>
            </trkpt>
            <trkpt lat="46.665300" lon="8.152444">
                <ele>2366</ele>
            </trkpt>
            <trkpt lat="46.665300" lon="8.152443">
                <ele>2366</ele>
            </trkpt>
            <trkpt lat="46.665300" lon="8.152443">
                <ele>2366</ele>
            </trkpt>
            <trkpt lat="46.665300" lon="8.152454">
                <ele>2366</ele>
            </trkpt>
            <trkpt lat="46.665298" lon="8.152452">
                <ele>2366</ele>
            </trkpt>
            <trkpt lat="46.665300" lon="8.152443">
                <ele>2366</ele>
            </trkpt>
            <trkpt lat="46.665300" lon="8.152443">
                <ele>2366</ele>
            </trkpt>
            <trkpt lat="46.665300" lon="8.152443">
                <ele>2366</ele>
            </trkpt>
            <trkpt lat="46.665300" lon="8.152443">
                <ele>2366</ele>
            </trkpt>
            <trkpt lat="46.665300" lon="8.152443">
                <ele>2366</ele>
            </trkpt>
            <trkpt lat="46.665300" lon="8.152443">
                <ele>2366</ele>
            </trkpt>
            <trkpt lat="46.665298" lon="8.152462">
                <ele>2366</ele>
            </trkpt>
            <trkpt lat="46.665298" lon="8.152464">
                <ele>2366</ele>
            </trkpt>
            <trkpt lat="46.665298" lon="8.152464">
                <ele>2366</ele>
            </trkpt>
            <trkpt lat="46.665298" lon="8.152464">
                <ele>2366</ele>
            </trkpt>
            <trkpt lat="46.665298" lon="8.152464">
                <ele>2366</ele>
            </trkpt>
            <trkpt lat="46.665297" lon="8.152489">
                <ele>2366</ele>
            </trkpt>
            <trkpt lat="46.665295" lon="8.152488">
                <ele>2366</ele>
            </trkpt>
            <trkpt lat="46.665290" lon="8.152493">
                <ele>2366</ele>
            </trkpt>
            <trkpt lat="46.665290" lon="8.152496">
                <ele>2366</ele>
            </trkpt>
            <trkpt lat="46.665290" lon="8.152496">
                <ele>2366</ele>
            </trkpt>
            <trkpt lat="46.665290" lon="8.152496">
                <ele>2366</ele>
            </trkpt>
            <trkpt lat="46.665290" lon="8.152496">
                <ele>2366</ele>
            </trkpt>
            <trkpt lat="46.665290" lon="8.152496">
                <ele>2366</ele>
            </trkpt>
            <trkpt lat="46.665290" lon="8.152496">
                <ele>2366</ele>
            </trkpt>
            <trkpt lat="46.665290" lon="8.152496">
                <ele>2366</ele>
            </trkpt>
            <trkpt lat="46.665287" lon="8.152492">
                <ele>2366</ele>
            </trkpt>
            <trkpt lat="46.665290" lon="8.152496">
                <ele>2366</ele>
            </trkpt>
            <trkpt lat="46.665290" lon="8.152496">
                <ele>2366</ele>
            </trkpt>
            <trkpt lat="46.665290" lon="8.152496">
                <ele>2366</ele>
            </trkpt>
            <trkpt lat="46.665290" lon="8.152496">
                <ele>2366</ele>
            </trkpt>
            <trkpt lat="46.665290" lon="8.152496">
                <ele>2366</ele>
            </trkpt>
            <trkpt lat="46.665290" lon="8.152496">
                <ele>2366</ele>
            </trkpt>
            <trkpt lat="46.665290" lon="8.152496">
                <ele>2366</ele>
            </trkpt>
            <trkpt lat="46.665290" lon="8.152496">
                <ele>2366</ele>
            </trkpt>
            <trkpt lat="46.665286" lon="8.152499">
                <ele>2366</ele>
            </trkpt>
            <trkpt lat="46.665290" lon="8.152499">
                <ele>2366</ele>
            </trkpt>
            <trkpt lat="46.665290" lon="8.152496">
                <ele>2366</ele>
            </trkpt>
            <trkpt lat="46.665290" lon="8.152496">
                <ele>2366</ele>
            </trkpt>
            <trkpt lat="46.665290" lon="8.152496">
                <ele>2366</ele>
            </trkpt>
            <trkpt lat="46.665290" lon="8.152496">
                <ele>2366</ele>
            </trkpt>
            <trkpt lat="46.665290" lon="8.152496">
                <ele>2366</ele>
            </trkpt>
            <trkpt lat="46.665290" lon="8.152496">
                <ele>2366</ele>
            </trkpt>
            <trkpt lat="46.665290" lon="8.152496">
                <ele>2366</ele>
            </trkpt>
            <trkpt lat="46.665290" lon="8.152496">
                <ele>2366</ele>
            </trkpt>
            <trkpt lat="46.665294" lon="8.152465">
                <ele>2366</ele>
            </trkpt>
            <trkpt lat="46.665290" lon="8.152496">
                <ele>2366</ele>
            </trkpt>
            <trkpt lat="46.665295" lon="8.152478">
                <ele>2366</ele>
            </trkpt>
            <trkpt lat="46.665291" lon="8.152472">
                <ele>2366</ele>
            </trkpt>
            <trkpt lat="46.665285" lon="8.152466">
                <ele>2366</ele>
            </trkpt>
            <trkpt lat="46.665288" lon="8.152477">
                <ele>2366</ele>
            </trkpt>
            <trkpt lat="46.665295" lon="8.152478">
                <ele>2366</ele>
            </trkpt>
            <trkpt lat="46.665295" lon="8.152478">
                <ele>2366</ele>
            </trkpt>
            <trkpt lat="46.665295" lon="8.152478">
                <ele>2366</ele>
            </trkpt>
            <trkpt lat="46.665287" lon="8.152480">
                <ele>2366</ele>
            </trkpt>
            <trkpt lat="46.665295" lon="8.152478">
                <ele>2366</ele>
            </trkpt>
            <trkpt lat="46.665295" lon="8.152478">
                <ele>2366</ele>
            </trkpt>
            <trkpt lat="46.665295" lon="8.152478">
                <ele>2366</ele>
            </trkpt>
            <trkpt lat="46.665295" lon="8.152478">
                <ele>2366</ele>
            </trkpt>
            <trkpt lat="46.665295" lon="8.152478">
                <ele>2366</ele>
            </trkpt>
            <trkpt lat="46.665295" lon="8.152478">
                <ele>2366</ele>
            </trkpt>
            <trkpt lat="46.665295" lon="8.152478">
                <ele>2366</ele>
            </trkpt>
            <trkpt lat="46.665295" lon="8.152478">
                <ele>2366</ele>
            </trkpt>
            <trkpt lat="46.665295" lon="8.152478">
                <ele>2366</ele>
            </trkpt>
            <trkpt lat="46.665295" lon="8.152478">
                <ele>2366</ele>
            </trkpt>
            <trkpt lat="46.665295" lon="8.152478">
                <ele>2366</ele>
            </trkpt>
            <trkpt lat="46.665295" lon="8.152478">
                <ele>2366</ele>
            </trkpt>
            <trkpt lat="46.665295" lon="8.152478">
                <ele>2366</ele>
            </trkpt>
            <trkpt lat="46.665295" lon="8.152478">
                <ele>2366</ele>
            </trkpt>
            <trkpt lat="46.665281" lon="8.152478">
                <ele>2366</ele>
            </trkpt>
            <trkpt lat="46.665279" lon="8.152480">
                <ele>2366</ele>
            </trkpt>
            <trkpt lat="46.665279" lon="8.152480">
                <ele>2366</ele>
            </trkpt>
            <trkpt lat="46.665279" lon="8.152480">
                <ele>2366</ele>
            </trkpt>
            <trkpt lat="46.665266" lon="8.152479">
                <ele>2366</ele>
            </trkpt>
            <trkpt lat="46.665266" lon="8.152479">
                <ele>2366</ele>
            </trkpt>
            <trkpt lat="46.665266" lon="8.152479">
                <ele>2366</ele>
            </trkpt>
            <trkpt lat="46.665266" lon="8.152479">
                <ele>2366</ele>
            </trkpt>
            <trkpt lat="46.665266" lon="8.152479">
                <ele>2366</ele>
            </trkpt>
            <trkpt lat="46.665266" lon="8.152479">
                <ele>2366</ele>
            </trkpt>
            <trkpt lat="46.665266" lon="8.152479">
                <ele>2366</ele>
            </trkpt>
            <trkpt lat="46.665266" lon="8.152479">
                <ele>2366</ele>
            </trkpt>
            <trkpt lat="46.665266" lon="8.152479">
                <ele>2366</ele>
            </trkpt>
            <trkpt lat="46.665266" lon="8.152479">
                <ele>2366</ele>
            </trkpt>
            <trkpt lat="46.665281" lon="8.152480">
                <ele>2366</ele>
            </trkpt>
            <trkpt lat="46.665282" lon="8.152481">
                <ele>2366</ele>
            </trkpt>
            <trkpt lat="46.665282" lon="8.152481">
                <ele>2366</ele>
            </trkpt>
            <trkpt lat="46.665282" lon="8.152481">
                <ele>2366</ele>
            </trkpt>
            <trkpt lat="46.665289" lon="8.152483">
                <ele>2366</ele>
            </trkpt>
            <trkpt lat="46.665282" lon="8.152481">
                <ele>2366</ele>
            </trkpt>
            <trkpt lat="46.665282" lon="8.152481">
                <ele>2366</ele>
            </trkpt>
            <trkpt lat="46.665282" lon="8.152481">
                <ele>2366</ele>
            </trkpt>
            <trkpt lat="46.665282" lon="8.152481">
                <ele>2366</ele>
            </trkpt>
            <trkpt lat="46.665288" lon="8.152480">
                <ele>2366</ele>
            </trkpt>
            <trkpt lat="46.665282" lon="8.152481">
                <ele>2366</ele>
            </trkpt>
            <trkpt lat="46.665282" lon="8.152481">
                <ele>2366</ele>
            </trkpt>
            <trkpt lat="46.665282" lon="8.152481">
                <ele>2366</ele>
            </trkpt>
            <trkpt lat="46.665277" lon="8.152488">
                <ele>2366</ele>
            </trkpt>
            <trkpt lat="46.665275" lon="8.152485">
                <ele>2366</ele>
            </trkpt>
            <trkpt lat="46.665282" lon="8.152481">
                <ele>2366</ele>
            </trkpt>
            <trkpt lat="46.665282" lon="8.152481">
                <ele>2366</ele>
            </trkpt>
            <trkpt lat="46.665282" lon="8.152481">
                <ele>2366</ele>
            </trkpt>
            <trkpt lat="46.665282" lon="8.152481">
                <ele>2366</ele>
            </trkpt>
            <trkpt lat="46.665282" lon="8.152481">
                <ele>2366</ele>
            </trkpt>
            <trkpt lat="46.665282" lon="8.152481">
                <ele>2366</ele>
            </trkpt>
            <trkpt lat="46.665282" lon="8.152481">
                <ele>2366</ele>
            </trkpt>
            <trkpt lat="46.665282" lon="8.152481">
                <ele>2366</ele>
            </trkpt>
            <trkpt lat="46.665282" lon="8.152481">
                <ele>2366</ele>
            </trkpt>
            <trkpt lat="46.665282" lon="8.152481">
                <ele>2366</ele>
            </trkpt>
            <trkpt lat="46.665282" lon="8.152481">
                <ele>2366</ele>
            </trkpt>
            <trkpt lat="46.665312" lon="8.152468">
                <ele>2366</ele>
            </trkpt>
            <trkpt lat="46.665320" lon="8.152466">
                <ele>2366</ele>
            </trkpt>
            <trkpt lat="46.665320" lon="8.152466">
                <ele>2366</ele>
            </trkpt>
            <trkpt lat="46.665320" lon="8.152466">
                <ele>2366</ele>
            </trkpt>
            <trkpt lat="46.665320" lon="8.152466">
                <ele>2366</ele>
            </trkpt>
            <trkpt lat="46.665320" lon="8.152466">
                <ele>2366</ele>
            </trkpt>
            <trkpt lat="46.665320" lon="8.152466">
                <ele>2366</ele>
            </trkpt>
            <trkpt lat="46.665320" lon="8.152466">
                <ele>2366</ele>
            </trkpt>
            <trkpt lat="46.665320" lon="8.152466">
                <ele>2366</ele>
            </trkpt>
            <trkpt lat="46.665320" lon="8.152466">
                <ele>2366</ele>
            </trkpt>
            <trkpt lat="46.665320" lon="8.152466">
                <ele>2366</ele>
            </trkpt>
            <trkpt lat="46.665320" lon="8.152466">
                <ele>2366</ele>
            </trkpt>
            <trkpt lat="46.665291" lon="8.152477">
                <ele>2366</ele>
            </trkpt>
            <trkpt lat="46.665287" lon="8.152491">
                <ele>2366</ele>
            </trkpt>
            <trkpt lat="46.665287" lon="8.152491">
                <ele>2366</ele>
            </trkpt>
            <trkpt lat="46.665266" lon="8.152524">
                <ele>2366</ele>
            </trkpt>
            <trkpt lat="46.665261" lon="8.152530">
                <ele>2366</ele>
            </trkpt>
            <trkpt lat="46.665261" lon="8.152530">
                <ele>2366</ele>
            </trkpt>
            <trkpt lat="46.665261" lon="8.152530">
                <ele>2366</ele>
            </trkpt>
            <trkpt lat="46.665261" lon="8.152530">
                <ele>2366</ele>
            </trkpt>
            <trkpt lat="46.665261" lon="8.152530">
                <ele>2366</ele>
            </trkpt>
            <trkpt lat="46.665261" lon="8.152530">
                <ele>2366</ele>
            </trkpt>
            <trkpt lat="46.665261" lon="8.152530">
                <ele>2366</ele>
            </trkpt>
            <trkpt lat="46.665261" lon="8.152530">
                <ele>2366</ele>
            </trkpt>
            <trkpt lat="46.665261" lon="8.152530">
                <ele>2366</ele>
            </trkpt>
            <trkpt lat="46.665264" lon="8.152524">
                <ele>2366</ele>
            </trkpt>
            <trkpt lat="46.665291" lon="8.152522">
                <ele>2366</ele>
            </trkpt>
            <trkpt lat="46.665294" lon="8.152512">
                <ele>2366</ele>
            </trkpt>
            <trkpt lat="46.665296" lon="8.152510">
                <ele>2366</ele>
            </trkpt>
            <trkpt lat="46.665294" lon="8.152513">
                <ele>2366</ele>
            </trkpt>
            <trkpt lat="46.665294" lon="8.152513">
                <ele>2366</ele>
            </trkpt>
            <trkpt lat="46.665294" lon="8.152513">
                <ele>2366</ele>
            </trkpt>
            <trkpt lat="46.665294" lon="8.152513">
                <ele>2366</ele>
            </trkpt>
            <trkpt lat="46.665295" lon="8.152499">
                <ele>2366</ele>
            </trkpt>
            <trkpt lat="46.665296" lon="8.152493">
                <ele>2366</ele>
            </trkpt>
            <trkpt lat="46.665295" lon="8.152491">
                <ele>2366</ele>
            </trkpt>
            <trkpt lat="46.665295" lon="8.152491">
                <ele>2366</ele>
            </trkpt>
            <trkpt lat="46.665295" lon="8.152488">
                <ele>2366</ele>
            </trkpt>
            <trkpt lat="46.665295" lon="8.152481">
                <ele>2366</ele>
            </trkpt>
            <trkpt lat="46.665290" lon="8.152483">
                <ele>2366</ele>
            </trkpt>
            <trkpt lat="46.665286" lon="8.152481">
                <ele>2366</ele>
            </trkpt>
            <trkpt lat="46.665290" lon="8.152483">
                <ele>2366</ele>
            </trkpt>
            <trkpt lat="46.665295" lon="8.152491">
                <ele>2366</ele>
            </trkpt>
            <trkpt lat="46.665295" lon="8.152491">
                <ele>2366</ele>
            </trkpt>
            <trkpt lat="46.665288" lon="8.152485">
                <ele>2366</ele>
            </trkpt>
            <trkpt lat="46.665294" lon="8.152482">
                <ele>2366</ele>
            </trkpt>
            <trkpt lat="46.665280" lon="8.152492">
                <ele>2366</ele>
            </trkpt>
            <trkpt lat="46.665283" lon="8.152485">
                <ele>2366</ele>
            </trkpt>
            <trkpt lat="46.665293" lon="8.152478">
                <ele>2366</ele>
            </trkpt>
            <trkpt lat="46.665282" lon="8.152478">
                <ele>2366</ele>
            </trkpt>
            <trkpt lat="46.665285" lon="8.152478">
                <ele>2366</ele>
            </trkpt>
            <trkpt lat="46.665281" lon="8.152483">
                <ele>2366</ele>
            </trkpt>
            <trkpt lat="46.665279" lon="8.152493">
                <ele>2366</ele>
            </trkpt>
            <trkpt lat="46.665279" lon="8.152488">
                <ele>2366</ele>
            </trkpt>
            <trkpt lat="46.665292" lon="8.152484">
                <ele>2366</ele>
            </trkpt>
            <trkpt lat="46.665299" lon="8.152486">
                <ele>2366</ele>
            </trkpt>
            <trkpt lat="46.665301" lon="8.152483">
                <ele>2366</ele>
            </trkpt>
            <trkpt lat="46.665299" lon="8.152486">
                <ele>2366</ele>
            </trkpt>
            <trkpt lat="46.665299" lon="8.152486">
                <ele>2366</ele>
            </trkpt>
            <trkpt lat="46.665305" lon="8.152480">
                <ele>2366</ele>
            </trkpt>
            <trkpt lat="46.665322" lon="8.152487">
                <ele>2366</ele>
            </trkpt>
            <trkpt lat="46.665325" lon="8.152487">
                <ele>2366</ele>
            </trkpt>
            <trkpt lat="46.665320" lon="8.152482">
                <ele>2366</ele>
            </trkpt>
            <trkpt lat="46.665321" lon="8.152496">
                <ele>2366</ele>
            </trkpt>
            <trkpt lat="46.665356" lon="8.152478">
                <ele>2366</ele>
            </trkpt>
            <trkpt lat="46.665358" lon="8.152479">
                <ele>2366</ele>
            </trkpt>
            <trkpt lat="46.665359" lon="8.152478">
                <ele>2366</ele>
            </trkpt>
            <trkpt lat="46.665360" lon="8.152471">
                <ele>2366</ele>
            </trkpt>
            <trkpt lat="46.665351" lon="8.152502">
                <ele>2366</ele>
            </trkpt>
            <trkpt lat="46.665353" lon="8.152500">
                <ele>2366</ele>
            </trkpt>
            <trkpt lat="46.665357" lon="8.152509">
                <ele>2366</ele>
            </trkpt>
            <trkpt lat="46.665360" lon="8.152513">
                <ele>2366</ele>
            </trkpt>
            <trkpt lat="46.665357" lon="8.152506">
                <ele>2366</ele>
            </trkpt>
            <trkpt lat="46.665346" lon="8.152524">
                <ele>2366</ele>
            </trkpt>
            <trkpt lat="46.665346" lon="8.152523">
                <ele>2366</ele>
            </trkpt>
            <trkpt lat="46.665346" lon="8.152523">
                <ele>2366</ele>
            </trkpt>
            <trkpt lat="46.665346" lon="8.152523">
                <ele>2366</ele>
            </trkpt>
            <trkpt lat="46.665346" lon="8.152523">
                <ele>2366</ele>
            </trkpt>
            <trkpt lat="46.665346" lon="8.152523">
                <ele>2366</ele>
            </trkpt>
            <trkpt lat="46.665344" lon="8.152530">
                <ele>2366</ele>
            </trkpt>
            <trkpt lat="46.665349" lon="8.152546">
                <ele>2366</ele>
            </trkpt>
            <trkpt lat="46.665346" lon="8.152551">
                <ele>2366</ele>
            </trkpt>
            <trkpt lat="46.665346" lon="8.152551">
                <ele>2366</ele>
            </trkpt>
            <trkpt lat="46.665339" lon="8.152542">
                <ele>2366</ele>
            </trkpt>
            <trkpt lat="46.665343" lon="8.152544">
                <ele>2366</ele>
            </trkpt>
            <trkpt lat="46.665349" lon="8.152548">
                <ele>2366</ele>
            </trkpt>
            <trkpt lat="46.665346" lon="8.152551">
                <ele>2366</ele>
            </trkpt>
            <trkpt lat="46.665346" lon="8.152551">
                <ele>2366</ele>
            </trkpt>
            <trkpt lat="46.665346" lon="8.152551">
                <ele>2366</ele>
            </trkpt>
            <trkpt lat="46.665346" lon="8.152551">
                <ele>2366</ele>
            </trkpt>
            <trkpt lat="46.665346" lon="8.152551">
                <ele>2366</ele>
            </trkpt>
            <trkpt lat="46.665346" lon="8.152551">
                <ele>2366</ele>
            </trkpt>
            <trkpt lat="46.665346" lon="8.152551">
                <ele>2366</ele>
            </trkpt>
            <trkpt lat="46.665346" lon="8.152551">
                <ele>2366</ele>
            </trkpt>
            <trkpt lat="46.665346" lon="8.152551">
                <ele>2366</ele>
            </trkpt>
            <trkpt lat="46.665346" lon="8.152551">
                <ele>2366</ele>
            </trkpt>
            <trkpt lat="46.665341" lon="8.152551">
                <ele>2366</ele>
            </trkpt>
            <trkpt lat="46.665346" lon="8.152551">
                <ele>2366</ele>
            </trkpt>
            <trkpt lat="46.665346" lon="8.152551">
                <ele>2366</ele>
            </trkpt>
            <trkpt lat="46.665341" lon="8.152557">
                <ele>2366</ele>
            </trkpt>
            <trkpt lat="46.665351" lon="8.152560">
                <ele>2366</ele>
            </trkpt>
            <trkpt lat="46.665346" lon="8.152551">
                <ele>2366</ele>
            </trkpt>
            <trkpt lat="46.665346" lon="8.152551">
                <ele>2366</ele>
            </trkpt>
            <trkpt lat="46.665351" lon="8.152560">
                <ele>2366</ele>
            </trkpt>
            <trkpt lat="46.665346" lon="8.152551">
                <ele>2366</ele>
            </trkpt>
            <trkpt lat="46.665346" lon="8.152551">
                <ele>2366</ele>
            </trkpt>
            <trkpt lat="46.665346" lon="8.152551">
                <ele>2366</ele>
            </trkpt>
            <trkpt lat="46.665350" lon="8.152554">
                <ele>2366</ele>
            </trkpt>
            <trkpt lat="46.665346" lon="8.152551">
                <ele>2366</ele>
            </trkpt>
            <trkpt lat="46.665352" lon="8.152555">
                <ele>2366</ele>
            </trkpt>
            <trkpt lat="46.665346" lon="8.152551">
                <ele>2366</ele>
            </trkpt>
            <trkpt lat="46.665346" lon="8.152551">
                <ele>2366</ele>
            </trkpt>
            <trkpt lat="46.665346" lon="8.152551">
                <ele>2366</ele>
            </trkpt>
            <trkpt lat="46.665346" lon="8.152551">
                <ele>2366</ele>
            </trkpt>
            <trkpt lat="46.665359" lon="8.152558">
                <ele>2366</ele>
            </trkpt>
            <trkpt lat="46.665360" lon="8.152559">
                <ele>2366</ele>
            </trkpt>
            <trkpt lat="46.665368" lon="8.152556">
                <ele>2366</ele>
            </trkpt>
            <trkpt lat="46.665374" lon="8.152555">
                <ele>2366</ele>
            </trkpt>
            <trkpt lat="46.665387" lon="8.152554">
                <ele>2366</ele>
            </trkpt>
            <trkpt lat="46.665387" lon="8.152554">
                <ele>2366</ele>
            </trkpt>
            <trkpt lat="46.665387" lon="8.152554">
                <ele>2366</ele>
            </trkpt>
            <trkpt lat="46.665387" lon="8.152554">
                <ele>2366</ele>
            </trkpt>
            <trkpt lat="46.665393" lon="8.152555">
                <ele>2366</ele>
            </trkpt>
            <trkpt lat="46.665396" lon="8.152560">
                <ele>2366</ele>
            </trkpt>
            <trkpt lat="46.665409" lon="8.152564">
                <ele>2366</ele>
            </trkpt>
            <trkpt lat="46.665413" lon="8.152565">
                <ele>2366</ele>
            </trkpt>
            <trkpt lat="46.665418" lon="8.152573">
                <ele>2426</ele>
            </trkpt>
            <trkpt lat="46.665416" lon="8.152582">
                <ele>2366</ele>
            </trkpt>
            <trkpt lat="46.665421" lon="8.152584">
                <ele>2426</ele>
            </trkpt>
            <trkpt lat="46.665421" lon="8.152584">
                <ele>2426</ele>
            </trkpt>
            <trkpt lat="46.665421" lon="8.152584">
                <ele>2426</ele>
            </trkpt>
            <trkpt lat="46.665421" lon="8.152584">
                <ele>2426</ele>
            </trkpt>
            <trkpt lat="46.665422" lon="8.152593">
                <ele>2426</ele>
            </trkpt>
            <trkpt lat="46.665421" lon="8.152584">
                <ele>2426</ele>
            </trkpt>
            <trkpt lat="46.665421" lon="8.152584">
                <ele>2426</ele>
            </trkpt>
            <trkpt lat="46.665422" lon="8.152589">
                <ele>2426</ele>
            </trkpt>
            <trkpt lat="46.665439" lon="8.152582">
                <ele>2426</ele>
            </trkpt>
            <trkpt lat="46.665442" lon="8.152581">
                <ele>2426</ele>
            </trkpt>
            <trkpt lat="46.665442" lon="8.152587">
                <ele>2426</ele>
            </trkpt>
            <trkpt lat="46.665442" lon="8.152587">
                <ele>2426</ele>
            </trkpt>
            <trkpt lat="46.665442" lon="8.152587">
                <ele>2426</ele>
            </trkpt>
            <trkpt lat="46.665431" lon="8.152586">
                <ele>2426</ele>
            </trkpt>
            <trkpt lat="46.665442" lon="8.152587">
                <ele>2426</ele>
            </trkpt>
            <trkpt lat="46.665431" lon="8.152591">
                <ele>2426</ele>
            </trkpt>
            <trkpt lat="46.665442" lon="8.152587">
                <ele>2426</ele>
            </trkpt>
            <trkpt lat="46.665434" lon="8.152593">
                <ele>2426</ele>
            </trkpt>
            <trkpt lat="46.665440" lon="8.152585">
                <ele>2426</ele>
            </trkpt>
            <trkpt lat="46.665442" lon="8.152587">
                <ele>2426</ele>
            </trkpt>
            <trkpt lat="46.665450" lon="8.152585">
                <ele>2426</ele>
            </trkpt>
            <trkpt lat="46.665442" lon="8.152587">
                <ele>2426</ele>
            </trkpt>
            <trkpt lat="46.665452" lon="8.152584">
                <ele>2426</ele>
            </trkpt>
            <trkpt lat="46.665469" lon="8.152586">
                <ele>2426</ele>
            </trkpt>
            <trkpt lat="46.665459" lon="8.152597">
                <ele>2426</ele>
            </trkpt>
            <trkpt lat="46.665459" lon="8.152605">
                <ele>2426</ele>
            </trkpt>
            <trkpt lat="46.665467" lon="8.152627">
                <ele>2426</ele>
            </trkpt>
            <trkpt lat="46.665469" lon="8.152634">
                <ele>2426</ele>
            </trkpt>
            <trkpt lat="46.665474" lon="8.152636">
                <ele>2426</ele>
            </trkpt>
            <trkpt lat="46.665467" lon="8.152633">
                <ele>2426</ele>
            </trkpt>
            <trkpt lat="46.665467" lon="8.152633">
                <ele>2426</ele>
            </trkpt>
            <trkpt lat="46.665467" lon="8.152633">
                <ele>2426</ele>
            </trkpt>
            <trkpt lat="46.665478" lon="8.152649">
                <ele>2409</ele>
            </trkpt>
            <trkpt lat="46.665478" lon="8.152649">
                <ele>2409</ele>
            </trkpt>
            <trkpt lat="46.665478" lon="8.152649">
                <ele>2409</ele>
            </trkpt>
            <trkpt lat="46.665478" lon="8.152649">
                <ele>2409</ele>
            </trkpt>
            <trkpt lat="46.665478" lon="8.152649">
                <ele>2409</ele>
            </trkpt>
            <trkpt lat="46.665478" lon="8.152649">
                <ele>2409</ele>
            </trkpt>
            <trkpt lat="46.665478" lon="8.152649">
                <ele>2409</ele>
            </trkpt>
            <trkpt lat="46.665478" lon="8.152649">
                <ele>2409</ele>
            </trkpt>
            <trkpt lat="46.665478" lon="8.152649">
                <ele>2409</ele>
            </trkpt>
            <trkpt lat="46.665478" lon="8.152649">
                <ele>2409</ele>
            </trkpt>
            <trkpt lat="46.665478" lon="8.152649">
                <ele>2409</ele>
            </trkpt>
            <trkpt lat="46.665478" lon="8.152649">
                <ele>2409</ele>
            </trkpt>
            <trkpt lat="46.665478" lon="8.152649">
                <ele>2409</ele>
            </trkpt>
            <trkpt lat="46.665478" lon="8.152649">
                <ele>2409</ele>
            </trkpt>
            <trkpt lat="46.665478" lon="8.152649">
                <ele>2409</ele>
            </trkpt>
            <trkpt lat="46.665496" lon="8.152646">
                <ele>2409</ele>
            </trkpt>
            <trkpt lat="46.665496" lon="8.152646">
                <ele>2409</ele>
            </trkpt>
            <trkpt lat="46.665496" lon="8.152646">
                <ele>2409</ele>
            </trkpt>
            <trkpt lat="46.665501" lon="8.152651">
                <ele>2409</ele>
            </trkpt>
            <trkpt lat="46.665505" lon="8.152704">
                <ele>2409</ele>
            </trkpt>
            <trkpt lat="46.665507" lon="8.152707">
                <ele>2409</ele>
            </trkpt>
            <trkpt lat="46.665507" lon="8.152707">
                <ele>2409</ele>
            </trkpt>
            <trkpt lat="46.665507" lon="8.152707">
                <ele>2409</ele>
            </trkpt>
            <trkpt lat="46.665507" lon="8.152707">
                <ele>2409</ele>
            </trkpt>
            <trkpt lat="46.665507" lon="8.152707">
                <ele>2409</ele>
            </trkpt>
            <trkpt lat="46.665493" lon="8.152704">
                <ele>2409</ele>
            </trkpt>
            <trkpt lat="46.665492" lon="8.152703">
                <ele>2409</ele>
            </trkpt>
            <trkpt lat="46.665492" lon="8.152703">
                <ele>2409</ele>
            </trkpt>
            <trkpt lat="46.665492" lon="8.152703">
                <ele>2409</ele>
            </trkpt>
            <trkpt lat="46.665476" lon="8.152678">
                <ele>2409</ele>
            </trkpt>
            <trkpt lat="46.665476" lon="8.152678">
                <ele>2409</ele>
            </trkpt>
            <trkpt lat="46.665476" lon="8.152678">
                <ele>2409</ele>
            </trkpt>
            <trkpt lat="46.665477" lon="8.152656">
                <ele>2409</ele>
            </trkpt>
            <trkpt lat="46.665480" lon="8.152650">
                <ele>2409</ele>
            </trkpt>
            <trkpt lat="46.665480" lon="8.152650">
                <ele>2409</ele>
            </trkpt>
            <trkpt lat="46.665481" lon="8.152640">
                <ele>2409</ele>
            </trkpt>
            <trkpt lat="46.665485" lon="8.152600">
                <ele>2426</ele>
            </trkpt>
            <trkpt lat="46.665488" lon="8.152590">
                <ele>2426</ele>
            </trkpt>
            <trkpt lat="46.665489" lon="8.152586">
                <ele>2426</ele>
            </trkpt>
            <trkpt lat="46.665491" lon="8.152584">
                <ele>2426</ele>
            </trkpt>
            <trkpt lat="46.665492" lon="8.152588">
                <ele>2426</ele>
            </trkpt>
            <trkpt lat="46.665492" lon="8.152588">
                <ele>2426</ele>
            </trkpt>
            <trkpt lat="46.665502" lon="8.152590">
                <ele>2426</ele>
            </trkpt>
            <trkpt lat="46.665507" lon="8.152589">
                <ele>2426</ele>
            </trkpt>
            <trkpt lat="46.665507" lon="8.152587">
                <ele>2426</ele>
            </trkpt>
            <trkpt lat="46.665521" lon="8.152588">
                <ele>2426</ele>
            </trkpt>
            <trkpt lat="46.665534" lon="8.152588">
                <ele>2426</ele>
            </trkpt>
            <trkpt lat="46.665535" lon="8.152585">
                <ele>2426</ele>
            </trkpt>
            <trkpt lat="46.665540" lon="8.152585">
                <ele>2426</ele>
            </trkpt>
            <trkpt lat="46.665544" lon="8.152586">
                <ele>2426</ele>
            </trkpt>
            <trkpt lat="46.665545" lon="8.152581">
                <ele>2426</ele>
            </trkpt>
            <trkpt lat="46.665551" lon="8.152573">
                <ele>2426</ele>
            </trkpt>
            <trkpt lat="46.665555" lon="8.152564">
                <ele>2426</ele>
            </trkpt>
            <trkpt lat="46.665550" lon="8.152556">
                <ele>2426</ele>
            </trkpt>
            <trkpt lat="46.665554" lon="8.152545">
                <ele>2426</ele>
            </trkpt>
            <trkpt lat="46.665557" lon="8.152531">
                <ele>2426</ele>
            </trkpt>
            <trkpt lat="46.665555" lon="8.152515">
                <ele>2426</ele>
            </trkpt>
            <trkpt lat="46.665554" lon="8.152508">
                <ele>2426</ele>
            </trkpt>
            <trkpt lat="46.665548" lon="8.152516">
                <ele>2426</ele>
            </trkpt>
            <trkpt lat="46.665539" lon="8.152529">
                <ele>2426</ele>
            </trkpt>
            <trkpt lat="46.665528" lon="8.152534">
                <ele>2426</ele>
            </trkpt>
            <trkpt lat="46.665530" lon="8.152526">
                <ele>2426</ele>
            </trkpt>
            <trkpt lat="46.665546" lon="8.152536">
                <ele>2426</ele>
            </trkpt>
            <trkpt lat="46.665552" lon="8.152539">
                <ele>2426</ele>
            </trkpt>
            <trkpt lat="46.665555" lon="8.152543">
                <ele>2426</ele>
            </trkpt>
            <trkpt lat="46.665552" lon="8.152548">
                <ele>2426</ele>
            </trkpt>
            <trkpt lat="46.665546" lon="8.152547">
                <ele>2426</ele>
            </trkpt>
            <trkpt lat="46.665533" lon="8.152535">
                <ele>2426</ele>
            </trkpt>
            <trkpt lat="46.665523" lon="8.152553">
                <ele>2426</ele>
            </trkpt>
            <trkpt lat="46.665515" lon="8.152587">
                <ele>2426</ele>
            </trkpt>
            <trkpt lat="46.665519" lon="8.152608">
                <ele>2426</ele>
            </trkpt>
            <trkpt lat="46.665519" lon="8.152613">
                <ele>2426</ele>
            </trkpt>
            <trkpt lat="46.665524" lon="8.152628">
                <ele>2426</ele>
            </trkpt>
            <trkpt lat="46.665529" lon="8.152621">
                <ele>2426</ele>
            </trkpt>
            <trkpt lat="46.665530" lon="8.152601">
                <ele>2426</ele>
            </trkpt>
            <trkpt lat="46.665538" lon="8.152569">
                <ele>2426</ele>
            </trkpt>
            <trkpt lat="46.665529" lon="8.152517">
                <ele>2426</ele>
            </trkpt>
            <trkpt lat="46.665532" lon="8.152515">
                <ele>2426</ele>
            </trkpt>
            <trkpt lat="46.665532" lon="8.152513">
                <ele>2426</ele>
            </trkpt>
            <trkpt lat="46.665530" lon="8.152513">
                <ele>2426</ele>
            </trkpt>
            <trkpt lat="46.665531" lon="8.152515">
                <ele>2426</ele>
            </trkpt>
            <trkpt lat="46.665531" lon="8.152517">
                <ele>2426</ele>
            </trkpt>
            <trkpt lat="46.665528" lon="8.152536">
                <ele>2426</ele>
            </trkpt>
            <trkpt lat="46.665527" lon="8.152552">
                <ele>2426</ele>
            </trkpt>
            <trkpt lat="46.665519" lon="8.152559">
                <ele>2426</ele>
            </trkpt>
            <trkpt lat="46.665519" lon="8.152568">
                <ele>2426</ele>
            </trkpt>
            <trkpt lat="46.665519" lon="8.152570">
                <ele>2426</ele>
            </trkpt>
            <trkpt lat="46.665520" lon="8.152574">
                <ele>2426</ele>
            </trkpt>
            <trkpt lat="46.665508" lon="8.152582">
                <ele>2426</ele>
            </trkpt>
            <trkpt lat="46.665514" lon="8.152568">
                <ele>2426</ele>
            </trkpt>
            <trkpt lat="46.665513" lon="8.152567">
                <ele>2426</ele>
            </trkpt>
            <trkpt lat="46.665519" lon="8.152545">
                <ele>2426</ele>
            </trkpt>
            <trkpt lat="46.665520" lon="8.152544">
                <ele>2426</ele>
            </trkpt>
            <trkpt lat="46.665525" lon="8.152552">
                <ele>2426</ele>
            </trkpt>
            <trkpt lat="46.665525" lon="8.152564">
                <ele>2426</ele>
            </trkpt>
            <trkpt lat="46.665524" lon="8.152570">
                <ele>2426</ele>
            </trkpt>
            <trkpt lat="46.665512" lon="8.152586">
                <ele>2426</ele>
            </trkpt>
            <trkpt lat="46.665506" lon="8.152591">
                <ele>2426</ele>
            </trkpt>
            <trkpt lat="46.665494" lon="8.152616">
                <ele>2426</ele>
            </trkpt>
            <trkpt lat="46.665504" lon="8.152605">
                <ele>2426</ele>
            </trkpt>
            <trkpt lat="46.665508" lon="8.152599">
                <ele>2426</ele>
            </trkpt>
            <trkpt lat="46.665520" lon="8.152572">
                <ele>2426</ele>
            </trkpt>
            <trkpt lat="46.665525" lon="8.152562">
                <ele>2426</ele>
            </trkpt>
            <trkpt lat="46.665541" lon="8.152531">
                <ele>2426</ele>
            </trkpt>
            <trkpt lat="46.665548" lon="8.152529">
                <ele>2426</ele>
            </trkpt>
            <trkpt lat="46.665541" lon="8.152539">
                <ele>2426</ele>
            </trkpt>
            <trkpt lat="46.665539" lon="8.152546">
                <ele>2426</ele>
            </trkpt>
            <trkpt lat="46.665538" lon="8.152557">
                <ele>2426</ele>
            </trkpt>
            <trkpt lat="46.665538" lon="8.152556">
                <ele>2426</ele>
            </trkpt>
            <trkpt lat="46.665532" lon="8.152580">
                <ele>2426</ele>
            </trkpt>
            <trkpt lat="46.665526" lon="8.152582">
                <ele>2426</ele>
            </trkpt>
            <trkpt lat="46.665527" lon="8.152598">
                <ele>2426</ele>
            </trkpt>
            <trkpt lat="46.665523" lon="8.152590">
                <ele>2426</ele>
            </trkpt>
            <trkpt lat="46.665523" lon="8.152585">
                <ele>2426</ele>
            </trkpt>
            <trkpt lat="46.665514" lon="8.152579">
                <ele>2426</ele>
            </trkpt>
            <trkpt lat="46.665513" lon="8.152583">
                <ele>2426</ele>
            </trkpt>
            <trkpt lat="46.665499" lon="8.152605">
                <ele>2426</ele>
            </trkpt>
            <trkpt lat="46.665489" lon="8.152608">
                <ele>2426</ele>
            </trkpt>
            <trkpt lat="46.665502" lon="8.152598">
                <ele>2426</ele>
            </trkpt>
            <trkpt lat="46.665516" lon="8.152580">
                <ele>2426</ele>
            </trkpt>
            <trkpt lat="46.665517" lon="8.152589">
                <ele>2426</ele>
            </trkpt>
            <trkpt lat="46.665515" lon="8.152588">
                <ele>2426</ele>
            </trkpt>
            <trkpt lat="46.665526" lon="8.152582">
                <ele>2426</ele>
            </trkpt>
            <trkpt lat="46.665519" lon="8.152581">
                <ele>2426</ele>
            </trkpt>
            <trkpt lat="46.665519" lon="8.152584">
                <ele>2426</ele>
            </trkpt>
            <trkpt lat="46.665531" lon="8.152567">
                <ele>2426</ele>
            </trkpt>
            <trkpt lat="46.665532" lon="8.152558">
                <ele>2426</ele>
            </trkpt>
            <trkpt lat="46.665534" lon="8.152556">
                <ele>2426</ele>
            </trkpt>
            <trkpt lat="46.665539" lon="8.152553">
                <ele>2426</ele>
            </trkpt>
            <trkpt lat="46.665546" lon="8.152547">
                <ele>2426</ele>
            </trkpt>
            <trkpt lat="46.665543" lon="8.152546">
                <ele>2426</ele>
            </trkpt>
            <trkpt lat="46.665544" lon="8.152553">
                <ele>2426</ele>
            </trkpt>
            <trkpt lat="46.665540" lon="8.152565">
                <ele>2426</ele>
            </trkpt>
            <trkpt lat="46.665541" lon="8.152568">
                <ele>2426</ele>
            </trkpt>
            <trkpt lat="46.665542" lon="8.152569">
                <ele>2426</ele>
            </trkpt>
            <trkpt lat="46.665529" lon="8.152586">
                <ele>2426</ele>
            </trkpt>
            <trkpt lat="46.665525" lon="8.152591">
                <ele>2426</ele>
            </trkpt>
            <trkpt lat="46.665523" lon="8.152581">
                <ele>2426</ele>
            </trkpt>
            <trkpt lat="46.665520" lon="8.152584">
                <ele>2426</ele>
            </trkpt>
            <trkpt lat="46.665518" lon="8.152589">
                <ele>2426</ele>
            </trkpt>
            <trkpt lat="46.665518" lon="8.152591">
                <ele>2426</ele>
            </trkpt>
            <trkpt lat="46.665515" lon="8.152596">
                <ele>2426</ele>
            </trkpt>
            <trkpt lat="46.665511" lon="8.152609">
                <ele>2426</ele>
            </trkpt>
            <trkpt lat="46.665511" lon="8.152610">
                <ele>2426</ele>
            </trkpt>
            <trkpt lat="46.665514" lon="8.152603">
                <ele>2426</ele>
            </trkpt>
            <trkpt lat="46.665515" lon="8.152602">
                <ele>2426</ele>
            </trkpt>
            <trkpt lat="46.665519" lon="8.152597">
                <ele>2426</ele>
            </trkpt>
            <trkpt lat="46.665525" lon="8.152595">
                <ele>2426</ele>
            </trkpt>
            <trkpt lat="46.665525" lon="8.152595">
                <ele>2426</ele>
            </trkpt>
            <trkpt lat="46.665525" lon="8.152595">
                <ele>2426</ele>
            </trkpt>
            <trkpt lat="46.665525" lon="8.152595">
                <ele>2426</ele>
            </trkpt>
            <trkpt lat="46.665525" lon="8.152595">
                <ele>2426</ele>
            </trkpt>
            <trkpt lat="46.665525" lon="8.152595">
                <ele>2426</ele>
            </trkpt>
            <trkpt lat="46.665525" lon="8.152595">
                <ele>2426</ele>
            </trkpt>
            <trkpt lat="46.665525" lon="8.152595">
                <ele>2426</ele>
            </trkpt>
            <trkpt lat="46.665525" lon="8.152595">
                <ele>2426</ele>
            </trkpt>
            <trkpt lat="46.665520" lon="8.152577">
                <ele>2426</ele>
            </trkpt>
            <trkpt lat="46.665516" lon="8.152570">
                <ele>2426</ele>
            </trkpt>
            <trkpt lat="46.665526" lon="8.152572">
                <ele>2426</ele>
            </trkpt>
            <trkpt lat="46.665533" lon="8.152555">
                <ele>2426</ele>
            </trkpt>
            <trkpt lat="46.665531" lon="8.152546">
                <ele>2426</ele>
            </trkpt>
            <trkpt lat="46.665531" lon="8.152546">
                <ele>2426</ele>
            </trkpt>
            <trkpt lat="46.665530" lon="8.152539">
                <ele>2426</ele>
            </trkpt>
            <trkpt lat="46.665523" lon="8.152536">
                <ele>2426</ele>
            </trkpt>
            <trkpt lat="46.665524" lon="8.152535">
                <ele>2426</ele>
            </trkpt>
            <trkpt lat="46.665524" lon="8.152535">
                <ele>2426</ele>
            </trkpt>
            <trkpt lat="46.665524" lon="8.152535">
                <ele>2426</ele>
            </trkpt>
            <trkpt lat="46.665524" lon="8.152535">
                <ele>2426</ele>
            </trkpt>
            <trkpt lat="46.665524" lon="8.152535">
                <ele>2426</ele>
            </trkpt>
            <trkpt lat="46.665524" lon="8.152535">
                <ele>2426</ele>
            </trkpt>
            <trkpt lat="46.665524" lon="8.152535">
                <ele>2426</ele>
            </trkpt>
            <trkpt lat="46.665524" lon="8.152535">
                <ele>2426</ele>
            </trkpt>
            <trkpt lat="46.665524" lon="8.152535">
                <ele>2426</ele>
            </trkpt>
            <trkpt lat="46.665524" lon="8.152535">
                <ele>2426</ele>
            </trkpt>
            <trkpt lat="46.665524" lon="8.152535">
                <ele>2426</ele>
            </trkpt>
            <trkpt lat="46.665522" lon="8.152547">
                <ele>2426</ele>
            </trkpt>
            <trkpt lat="46.665518" lon="8.152556">
                <ele>2426</ele>
            </trkpt>
            <trkpt lat="46.665510" lon="8.152553">
                <ele>2426</ele>
            </trkpt>
            <trkpt lat="46.665513" lon="8.152553">
                <ele>2426</ele>
            </trkpt>
            <trkpt lat="46.665524" lon="8.152535">
                <ele>2426</ele>
            </trkpt>
            <trkpt lat="46.665523" lon="8.152553">
                <ele>2426</ele>
            </trkpt>
            <trkpt lat="46.665529" lon="8.152533">
                <ele>2426</ele>
            </trkpt>
            <trkpt lat="46.665526" lon="8.152529">
                <ele>2426</ele>
            </trkpt>
            <trkpt lat="46.665523" lon="8.152524">
                <ele>2426</ele>
            </trkpt>
            <trkpt lat="46.665521" lon="8.152532">
                <ele>2426</ele>
            </trkpt>
            <trkpt lat="46.665532" lon="8.152529">
                <ele>2426</ele>
            </trkpt>
            <trkpt lat="46.665529" lon="8.152530">
                <ele>2426</ele>
            </trkpt>
            <trkpt lat="46.665526" lon="8.152555">
                <ele>2426</ele>
            </trkpt>
            <trkpt lat="46.665524" lon="8.152555">
                <ele>2426</ele>
            </trkpt>
            <trkpt lat="46.665524" lon="8.152555">
                <ele>2426</ele>
            </trkpt>
            <trkpt lat="46.665524" lon="8.152555">
                <ele>2426</ele>
            </trkpt>
            <trkpt lat="46.665515" lon="8.152573">
                <ele>2426</ele>
            </trkpt>
            <trkpt lat="46.665514" lon="8.152573">
                <ele>2426</ele>
            </trkpt>
            <trkpt lat="46.665507" lon="8.152589">
                <ele>2426</ele>
            </trkpt>
            <trkpt lat="46.665510" lon="8.152586">
                <ele>2426</ele>
            </trkpt>
            <trkpt lat="46.665502" lon="8.152592">
                <ele>2426</ele>
            </trkpt>
            <trkpt lat="46.665507" lon="8.152615">
                <ele>2426</ele>
            </trkpt>
            <trkpt lat="46.665509" lon="8.152619">
                <ele>2426</ele>
            </trkpt>
            <trkpt lat="46.665509" lon="8.152619">
                <ele>2426</ele>
            </trkpt>
            <trkpt lat="46.665508" lon="8.152656">
                <ele>2409</ele>
            </trkpt>
            <trkpt lat="46.665503" lon="8.152678">
                <ele>2409</ele>
            </trkpt>
            <trkpt lat="46.665502" lon="8.152678">
                <ele>2409</ele>
            </trkpt>
            <trkpt lat="46.665499" lon="8.152691">
                <ele>2409</ele>
            </trkpt>
            <trkpt lat="46.665515" lon="8.152696">
                <ele>2409</ele>
            </trkpt>
            <trkpt lat="46.665515" lon="8.152696">
                <ele>2409</ele>
            </trkpt>
            <trkpt lat="46.665515" lon="8.152696">
                <ele>2409</ele>
            </trkpt>
            <trkpt lat="46.665517" lon="8.152700">
                <ele>2409</ele>
            </trkpt>
            <trkpt lat="46.665523" lon="8.152700">
                <ele>2409</ele>
            </trkpt>
            <trkpt lat="46.665520" lon="8.152687">
                <ele>2409</ele>
            </trkpt>
            <trkpt lat="46.665515" lon="8.152696">
                <ele>2409</ele>
            </trkpt>
            <trkpt lat="46.665517" lon="8.152684">
                <ele>2409</ele>
            </trkpt>
            <trkpt lat="46.665518" lon="8.152703">
                <ele>2409</ele>
            </trkpt>
            <trkpt lat="46.665523" lon="8.152703">
                <ele>2409</ele>
            </trkpt>
            <trkpt lat="46.665530" lon="8.152711">
                <ele>2409</ele>
            </trkpt>
            <trkpt lat="46.665533" lon="8.152712">
                <ele>2409</ele>
            </trkpt>
            <trkpt lat="46.665533" lon="8.152712">
                <ele>2409</ele>
            </trkpt>
            <trkpt lat="46.665533" lon="8.152712">
                <ele>2409</ele>
            </trkpt>
            <trkpt lat="46.665557" lon="8.152731">
                <ele>2409</ele>
            </trkpt>
            <trkpt lat="46.665566" lon="8.152745">
                <ele>2409</ele>
            </trkpt>
            <trkpt lat="46.665569" lon="8.152748">
                <ele>2409</ele>
            </trkpt>
            <trkpt lat="46.665569" lon="8.152748">
                <ele>2409</ele>
            </trkpt>
            <trkpt lat="46.665569" lon="8.152748">
                <ele>2409</ele>
            </trkpt>
            <trkpt lat="46.665581" lon="8.152746">
                <ele>2409</ele>
            </trkpt>
            <trkpt lat="46.665569" lon="8.152748">
                <ele>2409</ele>
            </trkpt>
            <trkpt lat="46.665569" lon="8.152748">
                <ele>2409</ele>
            </trkpt>
            <trkpt lat="46.665575" lon="8.152745">
                <ele>2409</ele>
            </trkpt>
            <trkpt lat="46.665569" lon="8.152748">
                <ele>2409</ele>
            </trkpt>
            <trkpt lat="46.665569" lon="8.152748">
                <ele>2409</ele>
            </trkpt>
            <trkpt lat="46.665567" lon="8.152736">
                <ele>2409</ele>
            </trkpt>
            <trkpt lat="46.665565" lon="8.152734">
                <ele>2409</ele>
            </trkpt>
            <trkpt lat="46.665568" lon="8.152711">
                <ele>2409</ele>
            </trkpt>
            <trkpt lat="46.665561" lon="8.152716">
                <ele>2409</ele>
            </trkpt>
            <trkpt lat="46.665562" lon="8.152709">
                <ele>2409</ele>
            </trkpt>
            <trkpt lat="46.665563" lon="8.152710">
                <ele>2409</ele>
            </trkpt>
            <trkpt lat="46.665562" lon="8.152709">
                <ele>2409</ele>
            </trkpt>
            <trkpt lat="46.665562" lon="8.152709">
                <ele>2409</ele>
            </trkpt>
            <trkpt lat="46.665559" lon="8.152709">
                <ele>2409</ele>
            </trkpt>
            <trkpt lat="46.665562" lon="8.152709">
                <ele>2409</ele>
            </trkpt>
            <trkpt lat="46.665556" lon="8.152708">
                <ele>2409</ele>
            </trkpt>
            <trkpt lat="46.665562" lon="8.152709">
                <ele>2409</ele>
            </trkpt>
            <trkpt lat="46.665562" lon="8.152709">
                <ele>2409</ele>
            </trkpt>
            <trkpt lat="46.665550" lon="8.152714">
                <ele>2409</ele>
            </trkpt>
            <trkpt lat="46.665549" lon="8.152720">
                <ele>2409</ele>
            </trkpt>
            <trkpt lat="46.665566" lon="8.152723">
                <ele>2409</ele>
            </trkpt>
            <trkpt lat="46.665572" lon="8.152712">
                <ele>2409</ele>
            </trkpt>
            <trkpt lat="46.665583" lon="8.152713">
                <ele>2409</ele>
            </trkpt>
            <trkpt lat="46.665581" lon="8.152722">
                <ele>2409</ele>
            </trkpt>
            <trkpt lat="46.665581" lon="8.152722">
                <ele>2409</ele>
            </trkpt>
            <trkpt lat="46.665581" lon="8.152722">
                <ele>2409</ele>
            </trkpt>
            <trkpt lat="46.665581" lon="8.152722">
                <ele>2409</ele>
            </trkpt>
            <trkpt lat="46.665581" lon="8.152722">
                <ele>2409</ele>
            </trkpt>
            <trkpt lat="46.665581" lon="8.152722">
                <ele>2409</ele>
            </trkpt>
            <trkpt lat="46.665590" lon="8.152733">
                <ele>2409</ele>
            </trkpt>
            <trkpt lat="46.665592" lon="8.152733">
                <ele>2409</ele>
            </trkpt>
            <trkpt lat="46.665593" lon="8.152739">
                <ele>2409</ele>
            </trkpt>
            <trkpt lat="46.665587" lon="8.152733">
                <ele>2409</ele>
            </trkpt>
            <trkpt lat="46.665585" lon="8.152731">
                <ele>2409</ele>
            </trkpt>
            <trkpt lat="46.665592" lon="8.152733">
                <ele>2409</ele>
            </trkpt>
            <trkpt lat="46.665581" lon="8.152731">
                <ele>2409</ele>
            </trkpt>
            <trkpt lat="46.665581" lon="8.152729">
                <ele>2409</ele>
            </trkpt>
            <trkpt lat="46.665578" lon="8.152720">
                <ele>2409</ele>
            </trkpt>
            <trkpt lat="46.665580" lon="8.152717">
                <ele>2409</ele>
            </trkpt>
            <trkpt lat="46.665585" lon="8.152705">
                <ele>2409</ele>
            </trkpt>
            <trkpt lat="46.665584" lon="8.152696">
                <ele>2409</ele>
            </trkpt>
            <trkpt lat="46.665585" lon="8.152695">
                <ele>2409</ele>
            </trkpt>
            <trkpt lat="46.665585" lon="8.152695">
                <ele>2409</ele>
            </trkpt>
            <trkpt lat="46.665593" lon="8.152695">
                <ele>2409</ele>
            </trkpt>
            <trkpt lat="46.665599" lon="8.152691">
                <ele>2409</ele>
            </trkpt>
            <trkpt lat="46.665599" lon="8.152691">
                <ele>2409</ele>
            </trkpt>
            <trkpt lat="46.665599" lon="8.152691">
                <ele>2409</ele>
            </trkpt>
            <trkpt lat="46.665599" lon="8.152691">
                <ele>2409</ele>
            </trkpt>
            <trkpt lat="46.665599" lon="8.152691">
                <ele>2409</ele>
            </trkpt>
            <trkpt lat="46.665599" lon="8.152691">
                <ele>2409</ele>
            </trkpt>
            <trkpt lat="46.665599" lon="8.152691">
                <ele>2409</ele>
            </trkpt>
            <trkpt lat="46.665599" lon="8.152691">
                <ele>2409</ele>
            </trkpt>
            <trkpt lat="46.665603" lon="8.152698">
                <ele>2409</ele>
            </trkpt>
            <trkpt lat="46.665607" lon="8.152700">
                <ele>2409</ele>
            </trkpt>
            <trkpt lat="46.665615" lon="8.152695">
                <ele>2409</ele>
            </trkpt>
            <trkpt lat="46.665612" lon="8.152698">
                <ele>2409</ele>
            </trkpt>
            <trkpt lat="46.665611" lon="8.152696">
                <ele>2409</ele>
            </trkpt>
            <trkpt lat="46.665616" lon="8.152700">
                <ele>2409</ele>
            </trkpt>
            <trkpt lat="46.665616" lon="8.152697">
                <ele>2409</ele>
            </trkpt>
            <trkpt lat="46.665606" lon="8.152695">
                <ele>2409</ele>
            </trkpt>
            <trkpt lat="46.665599" lon="8.152693">
                <ele>2409</ele>
            </trkpt>
            <trkpt lat="46.665601" lon="8.152709">
                <ele>2409</ele>
            </trkpt>
            <trkpt lat="46.665602" lon="8.152710">
                <ele>2409</ele>
            </trkpt>
            <trkpt lat="46.665602" lon="8.152710">
                <ele>2409</ele>
            </trkpt>
            <trkpt lat="46.665602" lon="8.152710">
                <ele>2409</ele>
            </trkpt>
            <trkpt lat="46.665602" lon="8.152710">
                <ele>2409</ele>
            </trkpt>
            <trkpt lat="46.665602" lon="8.152710">
                <ele>2409</ele>
            </trkpt>
            <trkpt lat="46.665602" lon="8.152710">
                <ele>2409</ele>
            </trkpt>
            <trkpt lat="46.665602" lon="8.152710">
                <ele>2409</ele>
            </trkpt>
            <trkpt lat="46.665602" lon="8.152710">
                <ele>2409</ele>
            </trkpt>
            <trkpt lat="46.665602" lon="8.152710">
                <ele>2409</ele>
            </trkpt>
            <trkpt lat="46.665602" lon="8.152710">
                <ele>2409</ele>
            </trkpt>
            <trkpt lat="46.665602" lon="8.152710">
                <ele>2409</ele>
            </trkpt>
            <trkpt lat="46.665602" lon="8.152710">
                <ele>2409</ele>
            </trkpt>
            <trkpt lat="46.665602" lon="8.152710">
                <ele>2409</ele>
            </trkpt>
            <trkpt lat="46.665602" lon="8.152710">
                <ele>2409</ele>
            </trkpt>
            <trkpt lat="46.665602" lon="8.152710">
                <ele>2409</ele>
            </trkpt>
            <trkpt lat="46.665602" lon="8.152710">
                <ele>2409</ele>
            </trkpt>
            <trkpt lat="46.665602" lon="8.152710">
                <ele>2409</ele>
            </trkpt>
            <trkpt lat="46.665599" lon="8.152710">
                <ele>2409</ele>
            </trkpt>
            <trkpt lat="46.665596" lon="8.152709">
                <ele>2409</ele>
            </trkpt>
            <trkpt lat="46.665604" lon="8.152706">
                <ele>2409</ele>
            </trkpt>
            <trkpt lat="46.665602" lon="8.152710">
                <ele>2409</ele>
            </trkpt>
            <trkpt lat="46.665602" lon="8.152710">
                <ele>2409</ele>
            </trkpt>
            <trkpt lat="46.665602" lon="8.152710">
                <ele>2409</ele>
            </trkpt>
            <trkpt lat="46.665607" lon="8.152695">
                <ele>2409</ele>
            </trkpt>
            <trkpt lat="46.665608" lon="8.152703">
                <ele>2409</ele>
            </trkpt>
            <trkpt lat="46.665610" lon="8.152700">
                <ele>2409</ele>
            </trkpt>
            <trkpt lat="46.665615" lon="8.152686">
                <ele>2409</ele>
            </trkpt>
            <trkpt lat="46.665616" lon="8.152684">
                <ele>2409</ele>
            </trkpt>
            <trkpt lat="46.665616" lon="8.152684">
                <ele>2409</ele>
            </trkpt>
            <trkpt lat="46.665620" lon="8.152674">
                <ele>2409</ele>
            </trkpt>
            <trkpt lat="46.665613" lon="8.152674">
                <ele>2409</ele>
            </trkpt>
            <trkpt lat="46.665616" lon="8.152684">
                <ele>2409</ele>
            </trkpt>
            <trkpt lat="46.665609" lon="8.152677">
                <ele>2409</ele>
            </trkpt>
            <trkpt lat="46.665604" lon="8.152687">
                <ele>2409</ele>
            </trkpt>
            <trkpt lat="46.665588" lon="8.152702">
                <ele>2409</ele>
            </trkpt>
            <trkpt lat="46.665594" lon="8.152701">
                <ele>2409</ele>
            </trkpt>
            <trkpt lat="46.665592" lon="8.152695">
                <ele>2409</ele>
            </trkpt>
            <trkpt lat="46.665582" lon="8.152696">
                <ele>2409</ele>
            </trkpt>
            <trkpt lat="46.665581" lon="8.152696">
                <ele>2409</ele>
            </trkpt>
            <trkpt lat="46.665581" lon="8.152696">
                <ele>2409</ele>
            </trkpt>
            <trkpt lat="46.665581" lon="8.152696">
                <ele>2409</ele>
            </trkpt>
            <trkpt lat="46.665581" lon="8.152696">
                <ele>2409</ele>
            </trkpt>
            <trkpt lat="46.665581" lon="8.152696">
                <ele>2409</ele>
            </trkpt>
            <trkpt lat="46.665595" lon="8.152702">
                <ele>2409</ele>
            </trkpt>
            <trkpt lat="46.665595" lon="8.152703">
                <ele>2409</ele>
            </trkpt>
            <trkpt lat="46.665588" lon="8.152705">
                <ele>2409</ele>
            </trkpt>
            <trkpt lat="46.665587" lon="8.152705">
                <ele>2409</ele>
            </trkpt>
            <trkpt lat="46.665595" lon="8.152703">
                <ele>2409</ele>
            </trkpt>
            <trkpt lat="46.665595" lon="8.152703">
                <ele>2409</ele>
            </trkpt>
            <trkpt lat="46.665595" lon="8.152703">
                <ele>2409</ele>
            </trkpt>
            <trkpt lat="46.665595" lon="8.152703">
                <ele>2409</ele>
            </trkpt>
            <trkpt lat="46.665595" lon="8.152703">
                <ele>2409</ele>
            </trkpt>
            <trkpt lat="46.665595" lon="8.152703">
                <ele>2409</ele>
            </trkpt>
            <trkpt lat="46.665595" lon="8.152703">
                <ele>2409</ele>
            </trkpt>
            <trkpt lat="46.665595" lon="8.152703">
                <ele>2409</ele>
            </trkpt>
            <trkpt lat="46.665595" lon="8.152703">
                <ele>2409</ele>
            </trkpt>
            <trkpt lat="46.665595" lon="8.152703">
                <ele>2409</ele>
            </trkpt>
            <trkpt lat="46.665595" lon="8.152703">
                <ele>2409</ele>
            </trkpt>
            <trkpt lat="46.665595" lon="8.152703">
                <ele>2409</ele>
            </trkpt>
            <trkpt lat="46.665595" lon="8.152703">
                <ele>2409</ele>
            </trkpt>
            <trkpt lat="46.665595" lon="8.152703">
                <ele>2409</ele>
            </trkpt>
            <trkpt lat="46.665595" lon="8.152703">
                <ele>2409</ele>
            </trkpt>
            <trkpt lat="46.665595" lon="8.152703">
                <ele>2409</ele>
            </trkpt>
            <trkpt lat="46.665595" lon="8.152703">
                <ele>2409</ele>
            </trkpt>
            <trkpt lat="46.665595" lon="8.152703">
                <ele>2409</ele>
            </trkpt>
            <trkpt lat="46.665595" lon="8.152703">
                <ele>2409</ele>
            </trkpt>
            <trkpt lat="46.665595" lon="8.152703">
                <ele>2409</ele>
            </trkpt>
            <trkpt lat="46.665595" lon="8.152703">
                <ele>2409</ele>
            </trkpt>
            <trkpt lat="46.665595" lon="8.152703">
                <ele>2409</ele>
            </trkpt>
            <trkpt lat="46.665595" lon="8.152703">
                <ele>2409</ele>
            </trkpt>
            <trkpt lat="46.665595" lon="8.152703">
                <ele>2409</ele>
            </trkpt>
            <trkpt lat="46.665595" lon="8.152703">
                <ele>2409</ele>
            </trkpt>
            <trkpt lat="46.665595" lon="8.152703">
                <ele>2409</ele>
            </trkpt>
            <trkpt lat="46.665595" lon="8.152703">
                <ele>2409</ele>
            </trkpt>
            <trkpt lat="46.665595" lon="8.152703">
                <ele>2409</ele>
            </trkpt>
            <trkpt lat="46.665595" lon="8.152703">
                <ele>2409</ele>
            </trkpt>
            <trkpt lat="46.665604" lon="8.152703">
                <ele>2409</ele>
            </trkpt>
            <trkpt lat="46.665595" lon="8.152703">
                <ele>2409</ele>
            </trkpt>
            <trkpt lat="46.665595" lon="8.152703">
                <ele>2409</ele>
            </trkpt>
            <trkpt lat="46.665595" lon="8.152703">
                <ele>2409</ele>
            </trkpt>
            <trkpt lat="46.665595" lon="8.152703">
                <ele>2409</ele>
            </trkpt>
            <trkpt lat="46.665595" lon="8.152703">
                <ele>2409</ele>
            </trkpt>
            <trkpt lat="46.665595" lon="8.152703">
                <ele>2409</ele>
            </trkpt>
            <trkpt lat="46.665595" lon="8.152703">
                <ele>2409</ele>
            </trkpt>
            <trkpt lat="46.665595" lon="8.152703">
                <ele>2409</ele>
            </trkpt>
            <trkpt lat="46.665595" lon="8.152703">
                <ele>2409</ele>
            </trkpt>
            <trkpt lat="46.665598" lon="8.152702">
                <ele>2409</ele>
            </trkpt>
            <trkpt lat="46.665595" lon="8.152703">
                <ele>2409</ele>
            </trkpt>
            <trkpt lat="46.665595" lon="8.152703">
                <ele>2409</ele>
            </trkpt>
            <trkpt lat="46.665595" lon="8.152703">
                <ele>2409</ele>
            </trkpt>
            <trkpt lat="46.665595" lon="8.152703">
                <ele>2409</ele>
            </trkpt>
            <trkpt lat="46.665595" lon="8.152703">
                <ele>2409</ele>
            </trkpt>
            <trkpt lat="46.665595" lon="8.152703">
                <ele>2409</ele>
            </trkpt>
            <trkpt lat="46.665595" lon="8.152703">
                <ele>2409</ele>
            </trkpt>
            <trkpt lat="46.665595" lon="8.152703">
                <ele>2409</ele>
            </trkpt>
            <trkpt lat="46.665595" lon="8.152703">
                <ele>2409</ele>
            </trkpt>
            <trkpt lat="46.665595" lon="8.152703">
                <ele>2409</ele>
            </trkpt>
            <trkpt lat="46.665595" lon="8.152703">
                <ele>2409</ele>
            </trkpt>
            <trkpt lat="46.665595" lon="8.152703">
                <ele>2409</ele>
            </trkpt>
            <trkpt lat="46.665595" lon="8.152703">
                <ele>2409</ele>
            </trkpt>
            <trkpt lat="46.665595" lon="8.152703">
                <ele>2409</ele>
            </trkpt>
            <trkpt lat="46.665592" lon="8.152696">
                <ele>2409</ele>
            </trkpt>
            <trkpt lat="46.665595" lon="8.152703">
                <ele>2409</ele>
            </trkpt>
            <trkpt lat="46.665595" lon="8.152703">
                <ele>2409</ele>
            </trkpt>
            <trkpt lat="46.665595" lon="8.152703">
                <ele>2409</ele>
            </trkpt>
            <trkpt lat="46.665595" lon="8.152703">
                <ele>2409</ele>
            </trkpt>
            <trkpt lat="46.665595" lon="8.152703">
                <ele>2409</ele>
            </trkpt>
            <trkpt lat="46.665595" lon="8.152703">
                <ele>2409</ele>
            </trkpt>
            <trkpt lat="46.665595" lon="8.152703">
                <ele>2409</ele>
            </trkpt>
            <trkpt lat="46.665595" lon="8.152703">
                <ele>2409</ele>
            </trkpt>
            <trkpt lat="46.665595" lon="8.152703">
                <ele>2409</ele>
            </trkpt>
            <trkpt lat="46.665595" lon="8.152703">
                <ele>2409</ele>
            </trkpt>
            <trkpt lat="46.665595" lon="8.152703">
                <ele>2409</ele>
            </trkpt>
            <trkpt lat="46.665595" lon="8.152703">
                <ele>2409</ele>
            </trkpt>
            <trkpt lat="46.665595" lon="8.152703">
                <ele>2409</ele>
            </trkpt>
            <trkpt lat="46.665595" lon="8.152703">
                <ele>2409</ele>
            </trkpt>
            <trkpt lat="46.665595" lon="8.152703">
                <ele>2409</ele>
            </trkpt>
            <trkpt lat="46.665595" lon="8.152703">
                <ele>2409</ele>
            </trkpt>
            <trkpt lat="46.665595" lon="8.152703">
                <ele>2409</ele>
            </trkpt>
            <trkpt lat="46.665595" lon="8.152703">
                <ele>2409</ele>
            </trkpt>
            <trkpt lat="46.665595" lon="8.152703">
                <ele>2409</ele>
            </trkpt>
            <trkpt lat="46.665595" lon="8.152703">
                <ele>2409</ele>
            </trkpt>
            <trkpt lat="46.665595" lon="8.152703">
                <ele>2409</ele>
            </trkpt>
            <trkpt lat="46.665595" lon="8.152703">
                <ele>2409</ele>
            </trkpt>
            <trkpt lat="46.665595" lon="8.152703">
                <ele>2409</ele>
            </trkpt>
            <trkpt lat="46.665588" lon="8.152698">
                <ele>2409</ele>
            </trkpt>
            <trkpt lat="46.665595" lon="8.152703">
                <ele>2409</ele>
            </trkpt>
            <trkpt lat="46.665595" lon="8.152703">
                <ele>2409</ele>
            </trkpt>
            <trkpt lat="46.665595" lon="8.152703">
                <ele>2409</ele>
            </trkpt>
            <trkpt lat="46.665595" lon="8.152703">
                <ele>2409</ele>
            </trkpt>
            <trkpt lat="46.665595" lon="8.152703">
                <ele>2409</ele>
            </trkpt>
            <trkpt lat="46.665595" lon="8.152703">
                <ele>2409</ele>
            </trkpt>
            <trkpt lat="46.665595" lon="8.152703">
                <ele>2409</ele>
            </trkpt>
            <trkpt lat="46.665595" lon="8.152703">
                <ele>2409</ele>
            </trkpt>
            <trkpt lat="46.665595" lon="8.152703">
                <ele>2409</ele>
            </trkpt>
            <trkpt lat="46.665595" lon="8.152703">
                <ele>2409</ele>
            </trkpt>
            <trkpt lat="46.665595" lon="8.152703">
                <ele>2409</ele>
            </trkpt>
            <trkpt lat="46.665595" lon="8.152703">
                <ele>2409</ele>
            </trkpt>
            <trkpt lat="46.665595" lon="8.152703">
                <ele>2409</ele>
            </trkpt>
            <trkpt lat="46.665595" lon="8.152703">
                <ele>2409</ele>
            </trkpt>
            <trkpt lat="46.665595" lon="8.152703">
                <ele>2409</ele>
            </trkpt>
            <trkpt lat="46.665595" lon="8.152703">
                <ele>2409</ele>
            </trkpt>
            <trkpt lat="46.665595" lon="8.152703">
                <ele>2409</ele>
            </trkpt>
            <trkpt lat="46.665595" lon="8.152703">
                <ele>2409</ele>
            </trkpt>
            <trkpt lat="46.665581" lon="8.152687">
                <ele>2409</ele>
            </trkpt>
            <trkpt lat="46.665572" lon="8.152679">
                <ele>2409</ele>
            </trkpt>
            <trkpt lat="46.665572" lon="8.152679">
                <ele>2409</ele>
            </trkpt>
            <trkpt lat="46.665571" lon="8.152677">
                <ele>2409</ele>
            </trkpt>
            <trkpt lat="46.665572" lon="8.152679">
                <ele>2409</ele>
            </trkpt>
            <trkpt lat="46.665572" lon="8.152679">
                <ele>2409</ele>
            </trkpt>
            <trkpt lat="46.665572" lon="8.152679">
                <ele>2409</ele>
            </trkpt>
            <trkpt lat="46.665572" lon="8.152679">
                <ele>2409</ele>
            </trkpt>
            <trkpt lat="46.665572" lon="8.152679">
                <ele>2409</ele>
            </trkpt>
            <trkpt lat="46.665572" lon="8.152679">
                <ele>2409</ele>
            </trkpt>
            <trkpt lat="46.665572" lon="8.152679">
                <ele>2409</ele>
            </trkpt>
            <trkpt lat="46.665574" lon="8.152692">
                <ele>2409</ele>
            </trkpt>
            <trkpt lat="46.665573" lon="8.152692">
                <ele>2409</ele>
            </trkpt>
            <trkpt lat="46.665572" lon="8.152679">
                <ele>2409</ele>
            </trkpt>
            <trkpt lat="46.665568" lon="8.152697">
                <ele>2409</ele>
            </trkpt>
            <trkpt lat="46.665568" lon="8.152697">
                <ele>2409</ele>
            </trkpt>
            <trkpt lat="46.665568" lon="8.152697">
                <ele>2409</ele>
            </trkpt>
            <trkpt lat="46.665569" lon="8.152688">
                <ele>2409</ele>
            </trkpt>
            <trkpt lat="46.665583" lon="8.152681">
                <ele>2409</ele>
            </trkpt>
            <trkpt lat="46.665595" lon="8.152670">
                <ele>2409</ele>
            </trkpt>
            <trkpt lat="46.665596" lon="8.152670">
                <ele>2409</ele>
            </trkpt>
            <trkpt lat="46.665598" lon="8.152669">
                <ele>2409</ele>
            </trkpt>
            <trkpt lat="46.665609" lon="8.152671">
                <ele>2409</ele>
            </trkpt>
            <trkpt lat="46.665615" lon="8.152667">
                <ele>2409</ele>
            </trkpt>
            <trkpt lat="46.665632" lon="8.152660">
                <ele>2409</ele>
            </trkpt>
            <trkpt lat="46.665637" lon="8.152657">
                <ele>2409</ele>
            </trkpt>
            <trkpt lat="46.665637" lon="8.152657">
                <ele>2409</ele>
            </trkpt>
            <trkpt lat="46.665637" lon="8.152657">
                <ele>2409</ele>
            </trkpt>
            <trkpt lat="46.665648" lon="8.152642">
                <ele>2409</ele>
            </trkpt>
            <trkpt lat="46.665648" lon="8.152642">
                <ele>2409</ele>
            </trkpt>
            <trkpt lat="46.665648" lon="8.152642">
                <ele>2409</ele>
            </trkpt>
            <trkpt lat="46.665648" lon="8.152642">
                <ele>2409</ele>
            </trkpt>
            <trkpt lat="46.665649" lon="8.152631">
                <ele>2426</ele>
            </trkpt>
            <trkpt lat="46.665658" lon="8.152612">
                <ele>2426</ele>
            </trkpt>
            <trkpt lat="46.665661" lon="8.152608">
                <ele>2426</ele>
            </trkpt>
            <trkpt lat="46.665660" lon="8.152608">
                <ele>2426</ele>
            </trkpt>
            <trkpt lat="46.665662" lon="8.152602">
                <ele>2426</ele>
            </trkpt>
            <trkpt lat="46.665661" lon="8.152607">
                <ele>2426</ele>
            </trkpt>
            <trkpt lat="46.665652" lon="8.152629">
                <ele>2426</ele>
            </trkpt>
            <trkpt lat="46.665652" lon="8.152629">
                <ele>2426</ele>
            </trkpt>
            <trkpt lat="46.665667" lon="8.152655">
                <ele>2409</ele>
            </trkpt>
            <trkpt lat="46.665680" lon="8.152664">
                <ele>2409</ele>
            </trkpt>
            <trkpt lat="46.665692" lon="8.152665">
                <ele>2409</ele>
            </trkpt>
            <trkpt lat="46.665693" lon="8.152665">
                <ele>2409</ele>
            </trkpt>
            <trkpt lat="46.665702" lon="8.152664">
                <ele>2439</ele>
            </trkpt>
            <trkpt lat="46.665710" lon="8.152663">
                <ele>2439</ele>
            </trkpt>
            <trkpt lat="46.665713" lon="8.152668">
                <ele>2439</ele>
            </trkpt>
            <trkpt lat="46.665713" lon="8.152668">
                <ele>2439</ele>
            </trkpt>
            <trkpt lat="46.665713" lon="8.152668">
                <ele>2439</ele>
            </trkpt>
            <trkpt lat="46.665711" lon="8.152675">
                <ele>2439</ele>
            </trkpt>
            <trkpt lat="46.665704" lon="8.152690">
                <ele>2439</ele>
            </trkpt>
            <trkpt lat="46.665705" lon="8.152678">
                <ele>2439</ele>
            </trkpt>
            <trkpt lat="46.665714" lon="8.152676">
                <ele>2439</ele>
            </trkpt>
            <trkpt lat="46.665735" lon="8.152663">
                <ele>2439</ele>
            </trkpt>
            <trkpt lat="46.665737" lon="8.152661">
                <ele>2439</ele>
            </trkpt>
            <trkpt lat="46.665735" lon="8.152663">
                <ele>2439</ele>
            </trkpt>
            <trkpt lat="46.665738" lon="8.152659">
                <ele>2439</ele>
            </trkpt>
            <trkpt lat="46.665746" lon="8.152655">
                <ele>2439</ele>
            </trkpt>
            <trkpt lat="46.665757" lon="8.152650">
                <ele>2439</ele>
            </trkpt>
            <trkpt lat="46.665758" lon="8.152649">
                <ele>2439</ele>
            </trkpt>
            <trkpt lat="46.665763" lon="8.152633">
                <ele>2476</ele>
            </trkpt>
            <trkpt lat="46.665764" lon="8.152632">
                <ele>2476</ele>
            </trkpt>
            <trkpt lat="46.665764" lon="8.152630">
                <ele>2476</ele>
            </trkpt>
            <trkpt lat="46.665783" lon="8.152616">
                <ele>2476</ele>
            </trkpt>
            <trkpt lat="46.665797" lon="8.152614">
                <ele>2476</ele>
            </trkpt>
            <trkpt lat="46.665797" lon="8.152613">
                <ele>2476</ele>
            </trkpt>
            <trkpt lat="46.665812" lon="8.152590">
                <ele>2476</ele>
            </trkpt>
            <trkpt lat="46.665811" lon="8.152584">
                <ele>2476</ele>
            </trkpt>
            <trkpt lat="46.665812" lon="8.152590">
                <ele>2476</ele>
            </trkpt>
            <trkpt lat="46.665812" lon="8.152590">
                <ele>2476</ele>
            </trkpt>
            <trkpt lat="46.665809" lon="8.152583">
                <ele>2476</ele>
            </trkpt>
            <trkpt lat="46.665811" lon="8.152582">
                <ele>2476</ele>
            </trkpt>
            <trkpt lat="46.665812" lon="8.152590">
                <ele>2476</ele>
            </trkpt>
            <trkpt lat="46.665812" lon="8.152590">
                <ele>2476</ele>
            </trkpt>
            <trkpt lat="46.665812" lon="8.152590">
                <ele>2476</ele>
            </trkpt>
            <trkpt lat="46.665812" lon="8.152590">
                <ele>2476</ele>
            </trkpt>
            <trkpt lat="46.665812" lon="8.152590">
                <ele>2476</ele>
            </trkpt>
            <trkpt lat="46.665812" lon="8.152590">
                <ele>2476</ele>
            </trkpt>
            <trkpt lat="46.665812" lon="8.152590">
                <ele>2476</ele>
            </trkpt>
            <trkpt lat="46.665812" lon="8.152590">
                <ele>2476</ele>
            </trkpt>
            <trkpt lat="46.665804" lon="8.152601">
                <ele>2476</ele>
            </trkpt>
            <trkpt lat="46.665812" lon="8.152590">
                <ele>2476</ele>
            </trkpt>
            <trkpt lat="46.665802" lon="8.152599">
                <ele>2476</ele>
            </trkpt>
            <trkpt lat="46.665812" lon="8.152590">
                <ele>2476</ele>
            </trkpt>
            <trkpt lat="46.665806" lon="8.152591">
                <ele>2476</ele>
            </trkpt>
            <trkpt lat="46.665797" lon="8.152599">
                <ele>2476</ele>
            </trkpt>
            <trkpt lat="46.665812" lon="8.152590">
                <ele>2476</ele>
            </trkpt>
            <trkpt lat="46.665805" lon="8.152585">
                <ele>2476</ele>
            </trkpt>
            <trkpt lat="46.665812" lon="8.152590">
                <ele>2476</ele>
            </trkpt>
            <trkpt lat="46.665812" lon="8.152590">
                <ele>2476</ele>
            </trkpt>
            <trkpt lat="46.665812" lon="8.152590">
                <ele>2476</ele>
            </trkpt>
            <trkpt lat="46.665812" lon="8.152590">
                <ele>2476</ele>
            </trkpt>
            <trkpt lat="46.665812" lon="8.152590">
                <ele>2476</ele>
            </trkpt>
            <trkpt lat="46.665812" lon="8.152590">
                <ele>2476</ele>
            </trkpt>
            <trkpt lat="46.665812" lon="8.152590">
                <ele>2476</ele>
            </trkpt>
            <trkpt lat="46.665812" lon="8.152590">
                <ele>2476</ele>
            </trkpt>
            <trkpt lat="46.665812" lon="8.152590">
                <ele>2476</ele>
            </trkpt>
            <trkpt lat="46.665812" lon="8.152590">
                <ele>2476</ele>
            </trkpt>
            <trkpt lat="46.665812" lon="8.152590">
                <ele>2476</ele>
            </trkpt>
            <trkpt lat="46.665806" lon="8.152585">
                <ele>2476</ele>
            </trkpt>
            <trkpt lat="46.665807" lon="8.152585">
                <ele>2476</ele>
            </trkpt>
            <trkpt lat="46.665812" lon="8.152590">
                <ele>2476</ele>
            </trkpt>
            <trkpt lat="46.665812" lon="8.152590">
                <ele>2476</ele>
            </trkpt>
            <trkpt lat="46.665812" lon="8.152590">
                <ele>2476</ele>
            </trkpt>
            <trkpt lat="46.665812" lon="8.152590">
                <ele>2476</ele>
            </trkpt>
            <trkpt lat="46.665812" lon="8.152590">
                <ele>2476</ele>
            </trkpt>
            <trkpt lat="46.665812" lon="8.152590">
                <ele>2476</ele>
            </trkpt>
            <trkpt lat="46.665812" lon="8.152590">
                <ele>2476</ele>
            </trkpt>
            <trkpt lat="46.665812" lon="8.152590">
                <ele>2476</ele>
            </trkpt>
            <trkpt lat="46.665812" lon="8.152590">
                <ele>2476</ele>
            </trkpt>
            <trkpt lat="46.665812" lon="8.152590">
                <ele>2476</ele>
            </trkpt>
            <trkpt lat="46.665812" lon="8.152590">
                <ele>2476</ele>
            </trkpt>
            <trkpt lat="46.665812" lon="8.152590">
                <ele>2476</ele>
            </trkpt>
            <trkpt lat="46.665807" lon="8.152588">
                <ele>2476</ele>
            </trkpt>
            <trkpt lat="46.665804" lon="8.152593">
                <ele>2476</ele>
            </trkpt>
            <trkpt lat="46.665804" lon="8.152592">
                <ele>2476</ele>
            </trkpt>
            <trkpt lat="46.665812" lon="8.152590">
                <ele>2476</ele>
            </trkpt>
            <trkpt lat="46.665812" lon="8.152590">
                <ele>2476</ele>
            </trkpt>
            <trkpt lat="46.665800" lon="8.152594">
                <ele>2476</ele>
            </trkpt>
            <trkpt lat="46.665812" lon="8.152590">
                <ele>2476</ele>
            </trkpt>
            <trkpt lat="46.665812" lon="8.152590">
                <ele>2476</ele>
            </trkpt>
            <trkpt lat="46.665812" lon="8.152590">
                <ele>2476</ele>
            </trkpt>
            <trkpt lat="46.665812" lon="8.152590">
                <ele>2476</ele>
            </trkpt>
            <trkpt lat="46.665812" lon="8.152590">
                <ele>2476</ele>
            </trkpt>
            <trkpt lat="46.665812" lon="8.152590">
                <ele>2476</ele>
            </trkpt>
            <trkpt lat="46.665810" lon="8.152591">
                <ele>2476</ele>
            </trkpt>
            <trkpt lat="46.665795" lon="8.152568">
                <ele>2476</ele>
            </trkpt>
            <trkpt lat="46.665797" lon="8.152564">
                <ele>2476</ele>
            </trkpt>
            <trkpt lat="46.665786" lon="8.152540">
                <ele>2476</ele>
            </trkpt>
            <trkpt lat="46.665787" lon="8.152532">
                <ele>2476</ele>
            </trkpt>
            <trkpt lat="46.665787" lon="8.152531">
                <ele>2476</ele>
            </trkpt>
            <trkpt lat="46.665789" lon="8.152524">
                <ele>2476</ele>
            </trkpt>
            <trkpt lat="46.665788" lon="8.152508">
                <ele>2476</ele>
            </trkpt>
            <trkpt lat="46.665787" lon="8.152495">
                <ele>2476</ele>
            </trkpt>
            <trkpt lat="46.665792" lon="8.152479">
                <ele>2476</ele>
            </trkpt>
            <trkpt lat="46.665793" lon="8.152479">
                <ele>2476</ele>
            </trkpt>
            <trkpt lat="46.665793" lon="8.152479">
                <ele>2476</ele>
            </trkpt>
            <trkpt lat="46.665793" lon="8.152479">
                <ele>2476</ele>
            </trkpt>
            <trkpt lat="46.665784" lon="8.152487">
                <ele>2476</ele>
            </trkpt>
            <trkpt lat="46.665783" lon="8.152490">
                <ele>2476</ele>
            </trkpt>
            <trkpt lat="46.665793" lon="8.152479">
                <ele>2476</ele>
            </trkpt>
            <trkpt lat="46.665793" lon="8.152479">
                <ele>2476</ele>
            </trkpt>
            <trkpt lat="46.665793" lon="8.152479">
                <ele>2476</ele>
            </trkpt>
            <trkpt lat="46.665784" lon="8.152489">
                <ele>2476</ele>
            </trkpt>
            <trkpt lat="46.665793" lon="8.152479">
                <ele>2476</ele>
            </trkpt>
            <trkpt lat="46.665793" lon="8.152479">
                <ele>2476</ele>
            </trkpt>
            <trkpt lat="46.665783" lon="8.152496">
                <ele>2476</ele>
            </trkpt>
            <trkpt lat="46.665783" lon="8.152496">
                <ele>2476</ele>
            </trkpt>
            <trkpt lat="46.665784" lon="8.152502">
                <ele>2476</ele>
            </trkpt>
            <trkpt lat="46.665780" lon="8.152497">
                <ele>2476</ele>
            </trkpt>
            <trkpt lat="46.665778" lon="8.152503">
                <ele>2476</ele>
            </trkpt>
            <trkpt lat="46.665785" lon="8.152507">
                <ele>2476</ele>
            </trkpt>
            <trkpt lat="46.665783" lon="8.152496">
                <ele>2476</ele>
            </trkpt>
            <trkpt lat="46.665783" lon="8.152496">
                <ele>2476</ele>
            </trkpt>
            <trkpt lat="46.665790" lon="8.152503">
                <ele>2476</ele>
            </trkpt>
            <trkpt lat="46.665791" lon="8.152499">
                <ele>2476</ele>
            </trkpt>
            <trkpt lat="46.665800" lon="8.152503">
                <ele>2476</ele>
            </trkpt>
            <trkpt lat="46.665804" lon="8.152496">
                <ele>2476</ele>
            </trkpt>
            <trkpt lat="46.665804" lon="8.152490">
                <ele>2476</ele>
            </trkpt>
            <trkpt lat="46.665803" lon="8.152479">
                <ele>2476</ele>
            </trkpt>
            <trkpt lat="46.665808" lon="8.152456">
                <ele>2476</ele>
            </trkpt>
            <trkpt lat="46.665810" lon="8.152451">
                <ele>2476</ele>
            </trkpt>
            <trkpt lat="46.665810" lon="8.152454">
                <ele>2476</ele>
            </trkpt>
            <trkpt lat="46.665812" lon="8.152450">
                <ele>2476</ele>
            </trkpt>
            <trkpt lat="46.665801" lon="8.152488">
                <ele>2476</ele>
            </trkpt>
            <trkpt lat="46.665797" lon="8.152482">
                <ele>2476</ele>
            </trkpt>
            <trkpt lat="46.665795" lon="8.152487">
                <ele>2476</ele>
            </trkpt>
            <trkpt lat="46.665797" lon="8.152488">
                <ele>2476</ele>
            </trkpt>
            <trkpt lat="46.665791" lon="8.152497">
                <ele>2476</ele>
            </trkpt>
            <trkpt lat="46.665791" lon="8.152498">
                <ele>2476</ele>
            </trkpt>
            <trkpt lat="46.665788" lon="8.152514">
                <ele>2476</ele>
            </trkpt>
            <trkpt lat="46.665792" lon="8.152496">
                <ele>2476</ele>
            </trkpt>
            <trkpt lat="46.665787" lon="8.152486">
                <ele>2476</ele>
            </trkpt>
            <trkpt lat="46.665786" lon="8.152488">
                <ele>2476</ele>
            </trkpt>
            <trkpt lat="46.665792" lon="8.152483">
                <ele>2476</ele>
            </trkpt>
            <trkpt lat="46.665796" lon="8.152493">
                <ele>2476</ele>
            </trkpt>
            <trkpt lat="46.665796" lon="8.152484">
                <ele>2476</ele>
            </trkpt>
            <trkpt lat="46.665794" lon="8.152491">
                <ele>2476</ele>
            </trkpt>
            <trkpt lat="46.665798" lon="8.152500">
                <ele>2476</ele>
            </trkpt>
            <trkpt lat="46.665797" lon="8.152503">
                <ele>2476</ele>
            </trkpt>
            <trkpt lat="46.665802" lon="8.152496">
                <ele>2476</ele>
            </trkpt>
            <trkpt lat="46.665798" lon="8.152490">
                <ele>2476</ele>
            </trkpt>
            <trkpt lat="46.665808" lon="8.152492">
                <ele>2476</ele>
            </trkpt>
            <trkpt lat="46.665812" lon="8.152493">
                <ele>2476</ele>
            </trkpt>
            <trkpt lat="46.665810" lon="8.152495">
                <ele>2476</ele>
            </trkpt>
            <trkpt lat="46.665815" lon="8.152502">
                <ele>2476</ele>
            </trkpt>
            <trkpt lat="46.665813" lon="8.152503">
                <ele>2476</ele>
            </trkpt>
            <trkpt lat="46.665809" lon="8.152493">
                <ele>2476</ele>
            </trkpt>
            <trkpt lat="46.665806" lon="8.152496">
                <ele>2476</ele>
            </trkpt>
            <trkpt lat="46.665809" lon="8.152499">
                <ele>2476</ele>
            </trkpt>
            <trkpt lat="46.665808" lon="8.152501">
                <ele>2476</ele>
            </trkpt>
            <trkpt lat="46.665804" lon="8.152496">
                <ele>2476</ele>
            </trkpt>
            <trkpt lat="46.665802" lon="8.152489">
                <ele>2476</ele>
            </trkpt>
            <trkpt lat="46.665801" lon="8.152492">
                <ele>2476</ele>
            </trkpt>
            <trkpt lat="46.665801" lon="8.152492">
                <ele>2476</ele>
            </trkpt>
            <trkpt lat="46.665801" lon="8.152492">
                <ele>2476</ele>
            </trkpt>
            <trkpt lat="46.665801" lon="8.152492">
                <ele>2476</ele>
            </trkpt>
            <trkpt lat="46.665801" lon="8.152492">
                <ele>2476</ele>
            </trkpt>
            <trkpt lat="46.665801" lon="8.152492">
                <ele>2476</ele>
            </trkpt>
            <trkpt lat="46.665801" lon="8.152492">
                <ele>2476</ele>
            </trkpt>
            <trkpt lat="46.665793" lon="8.152510">
                <ele>2476</ele>
            </trkpt>
            <trkpt lat="46.665787" lon="8.152514">
                <ele>2476</ele>
            </trkpt>
            <trkpt lat="46.665787" lon="8.152509">
                <ele>2476</ele>
            </trkpt>
            <trkpt lat="46.665781" lon="8.152511">
                <ele>2476</ele>
            </trkpt>
            <trkpt lat="46.665781" lon="8.152513">
                <ele>2476</ele>
            </trkpt>
            <trkpt lat="46.665789" lon="8.152525">
                <ele>2476</ele>
            </trkpt>
            <trkpt lat="46.665792" lon="8.152515">
                <ele>2476</ele>
            </trkpt>
            <trkpt lat="46.665783" lon="8.152510">
                <ele>2476</ele>
            </trkpt>
            <trkpt lat="46.665783" lon="8.152510">
                <ele>2476</ele>
            </trkpt>
            <trkpt lat="46.665786" lon="8.152506">
                <ele>2476</ele>
            </trkpt>
            <trkpt lat="46.665788" lon="8.152501">
                <ele>2476</ele>
            </trkpt>
            <trkpt lat="46.665789" lon="8.152509">
                <ele>2476</ele>
            </trkpt>
            <trkpt lat="46.665785" lon="8.152512">
                <ele>2476</ele>
            </trkpt>
            <trkpt lat="46.665791" lon="8.152506">
                <ele>2476</ele>
            </trkpt>
            <trkpt lat="46.665789" lon="8.152499">
                <ele>2476</ele>
            </trkpt>
            <trkpt lat="46.665788" lon="8.152495">
                <ele>2476</ele>
            </trkpt>
            <trkpt lat="46.665787" lon="8.152496">
                <ele>2476</ele>
            </trkpt>
            <trkpt lat="46.665790" lon="8.152505">
                <ele>2476</ele>
            </trkpt>
            <trkpt lat="46.665790" lon="8.152505">
                <ele>2476</ele>
            </trkpt>
            <trkpt lat="46.665790" lon="8.152505">
                <ele>2476</ele>
            </trkpt>
            <trkpt lat="46.665790" lon="8.152505">
                <ele>2476</ele>
            </trkpt>
            <trkpt lat="46.665790" lon="8.152505">
                <ele>2476</ele>
            </trkpt>
            <trkpt lat="46.665790" lon="8.152505">
                <ele>2476</ele>
            </trkpt>
            <trkpt lat="46.665790" lon="8.152505">
                <ele>2476</ele>
            </trkpt>
            <trkpt lat="46.665790" lon="8.152505">
                <ele>2476</ele>
            </trkpt>
            <trkpt lat="46.665790" lon="8.152505">
                <ele>2476</ele>
            </trkpt>
            <trkpt lat="46.665790" lon="8.152505">
                <ele>2476</ele>
            </trkpt>
            <trkpt lat="46.665790" lon="8.152505">
                <ele>2476</ele>
            </trkpt>
            <trkpt lat="46.665790" lon="8.152505">
                <ele>2476</ele>
            </trkpt>
            <trkpt lat="46.665810" lon="8.152529">
                <ele>2476</ele>
            </trkpt>
            <trkpt lat="46.665810" lon="8.152529">
                <ele>2476</ele>
            </trkpt>
            <trkpt lat="46.665810" lon="8.152529">
                <ele>2476</ele>
            </trkpt>
            <trkpt lat="46.665812" lon="8.152525">
                <ele>2476</ele>
            </trkpt>
            <trkpt lat="46.665810" lon="8.152529">
                <ele>2476</ele>
            </trkpt>
            <trkpt lat="46.665810" lon="8.152529">
                <ele>2476</ele>
            </trkpt>
            <trkpt lat="46.665810" lon="8.152529">
                <ele>2476</ele>
            </trkpt>
            <trkpt lat="46.665810" lon="8.152529">
                <ele>2476</ele>
            </trkpt>
            <trkpt lat="46.665809" lon="8.152522">
                <ele>2476</ele>
            </trkpt>
            <trkpt lat="46.665810" lon="8.152529">
                <ele>2476</ele>
            </trkpt>
            <trkpt lat="46.665825" lon="8.152508">
                <ele>2476</ele>
            </trkpt>
            <trkpt lat="46.665826" lon="8.152506">
                <ele>2476</ele>
            </trkpt>
            <trkpt lat="46.665826" lon="8.152506">
                <ele>2476</ele>
            </trkpt>
            <trkpt lat="46.665826" lon="8.152506">
                <ele>2476</ele>
            </trkpt>
            <trkpt lat="46.665827" lon="8.152506">
                <ele>2476</ele>
            </trkpt>
            <trkpt lat="46.665828" lon="8.152500">
                <ele>2476</ele>
            </trkpt>
            <trkpt lat="46.665826" lon="8.152506">
                <ele>2476</ele>
            </trkpt>
            <trkpt lat="46.665826" lon="8.152506">
                <ele>2476</ele>
            </trkpt>
            <trkpt lat="46.665826" lon="8.152506">
                <ele>2476</ele>
            </trkpt>
            <trkpt lat="46.665826" lon="8.152506">
                <ele>2476</ele>
            </trkpt>
            <trkpt lat="46.665826" lon="8.152506">
                <ele>2476</ele>
            </trkpt>
            <trkpt lat="46.665833" lon="8.152489">
                <ele>2476</ele>
            </trkpt>
            <trkpt lat="46.665833" lon="8.152489">
                <ele>2476</ele>
            </trkpt>
            <trkpt lat="46.665837" lon="8.152475">
                <ele>2476</ele>
            </trkpt>
            <trkpt lat="46.665833" lon="8.152489">
                <ele>2476</ele>
            </trkpt>
            <trkpt lat="46.665843" lon="8.152455">
                <ele>2476</ele>
            </trkpt>
            <trkpt lat="46.665840" lon="8.152465">
                <ele>2476</ele>
            </trkpt>
            <trkpt lat="46.665835" lon="8.152448">
                <ele>2476</ele>
            </trkpt>
            <trkpt lat="46.665834" lon="8.152433">
                <ele>2476</ele>
            </trkpt>
            <trkpt lat="46.665835" lon="8.152427">
                <ele>2476</ele>
            </trkpt>
            <trkpt lat="46.665830" lon="8.152425">
                <ele>2476</ele>
            </trkpt>
            <trkpt lat="46.665838" lon="8.152414">
                <ele>2476</ele>
            </trkpt>
            <trkpt lat="46.665842" lon="8.152406">
                <ele>2476</ele>
            </trkpt>
            <trkpt lat="46.665841" lon="8.152400">
                <ele>2476</ele>
            </trkpt>
            <trkpt lat="46.665844" lon="8.152392">
                <ele>2476</ele>
            </trkpt>
            <trkpt lat="46.665849" lon="8.152408">
                <ele>2476</ele>
            </trkpt>
            <trkpt lat="46.665851" lon="8.152403">
                <ele>2476</ele>
            </trkpt>
            <trkpt lat="46.665850" lon="8.152405">
                <ele>2476</ele>
            </trkpt>
            <trkpt lat="46.665854" lon="8.152404">
                <ele>2476</ele>
            </trkpt>
            <trkpt lat="46.665855" lon="8.152398">
                <ele>2476</ele>
            </trkpt>
            <trkpt lat="46.665855" lon="8.152395">
                <ele>2476</ele>
            </trkpt>
            <trkpt lat="46.665873" lon="8.152393">
                <ele>2476</ele>
            </trkpt>
            <trkpt lat="46.665875" lon="8.152387">
                <ele>2476</ele>
            </trkpt>
            <trkpt lat="46.665891" lon="8.152349">
                <ele>2562</ele>
            </trkpt>
            <trkpt lat="46.665893" lon="8.152343">
                <ele>2562</ele>
            </trkpt>
            <trkpt lat="46.665876" lon="8.152370">
                <ele>2476</ele>
            </trkpt>
            <trkpt lat="46.665866" lon="8.152323">
                <ele>2562</ele>
            </trkpt>
            <trkpt lat="46.665840" lon="8.152304">
                <ele>2562</ele>
            </trkpt>
            <trkpt lat="46.665841" lon="8.152301">
                <ele>2562</ele>
            </trkpt>
            <trkpt lat="46.665825" lon="8.152362">
                <ele>2476</ele>
            </trkpt>
            <trkpt lat="46.665823" lon="8.152362">
                <ele>2476</ele>
            </trkpt>
            <trkpt lat="46.665813" lon="8.152380">
                <ele>2476</ele>
            </trkpt>
            <trkpt lat="46.665813" lon="8.152403">
                <ele>2476</ele>
            </trkpt>
            <trkpt lat="46.665818" lon="8.152435">
                <ele>2476</ele>
            </trkpt>
            <trkpt lat="46.665826" lon="8.152475">
                <ele>2476</ele>
            </trkpt>
            <trkpt lat="46.665829" lon="8.152479">
                <ele>2476</ele>
            </trkpt>
            <trkpt lat="46.665837" lon="8.152480">
                <ele>2476</ele>
            </trkpt>
            <trkpt lat="46.665848" lon="8.152472">
                <ele>2476</ele>
            </trkpt>
            <trkpt lat="46.665856" lon="8.152474">
                <ele>2476</ele>
            </trkpt>
            <trkpt lat="46.665862" lon="8.152467">
                <ele>2476</ele>
            </trkpt>
            <trkpt lat="46.665873" lon="8.152454">
                <ele>2476</ele>
            </trkpt>
            <trkpt lat="46.665874" lon="8.152439">
                <ele>2476</ele>
            </trkpt>
            <trkpt lat="46.665860" lon="8.152442">
                <ele>2476</ele>
            </trkpt>
            <trkpt lat="46.665844" lon="8.152469">
                <ele>2476</ele>
            </trkpt>
            <trkpt lat="46.665844" lon="8.152476">
                <ele>2476</ele>
            </trkpt>
            <trkpt lat="46.665840" lon="8.152477">
                <ele>2476</ele>
            </trkpt>
            <trkpt lat="46.665846" lon="8.152472">
                <ele>2476</ele>
            </trkpt>
            <trkpt lat="46.665837" lon="8.152480">
                <ele>2476</ele>
            </trkpt>
            <trkpt lat="46.665834" lon="8.152481">
                <ele>2476</ele>
            </trkpt>
            <trkpt lat="46.665830" lon="8.152493">
                <ele>2476</ele>
            </trkpt>
            <trkpt lat="46.665844" lon="8.152481">
                <ele>2476</ele>
            </trkpt>
            <trkpt lat="46.665845" lon="8.152478">
                <ele>2476</ele>
            </trkpt>
            <trkpt lat="46.665858" lon="8.152487">
                <ele>2476</ele>
            </trkpt>
            <trkpt lat="46.665866" lon="8.152490">
                <ele>2476</ele>
            </trkpt>
            <trkpt lat="46.665861" lon="8.152492">
                <ele>2476</ele>
            </trkpt>
            <trkpt lat="46.665866" lon="8.152495">
                <ele>2476</ele>
            </trkpt>
            <trkpt lat="46.665828" lon="8.152488">
                <ele>2476</ele>
            </trkpt>
            <trkpt lat="46.665844" lon="8.152491">
                <ele>2476</ele>
            </trkpt>
            <trkpt lat="46.665853" lon="8.152491">
                <ele>2476</ele>
            </trkpt>
            <trkpt lat="46.665856" lon="8.152490">
                <ele>2476</ele>
            </trkpt>
            <trkpt lat="46.665870" lon="8.152475">
                <ele>2476</ele>
            </trkpt>
            <trkpt lat="46.665882" lon="8.152451">
                <ele>2476</ele>
            </trkpt>
            <trkpt lat="46.665887" lon="8.152443">
                <ele>2476</ele>
            </trkpt>
            <trkpt lat="46.665881" lon="8.152462">
                <ele>2476</ele>
            </trkpt>
            <trkpt lat="46.665868" lon="8.152465">
                <ele>2476</ele>
            </trkpt>
            <trkpt lat="46.665857" lon="8.152492">
                <ele>2476</ele>
            </trkpt>
            <trkpt lat="46.665848" lon="8.152517">
                <ele>2476</ele>
            </trkpt>
            <trkpt lat="46.665849" lon="8.152515">
                <ele>2476</ele>
            </trkpt>
            <trkpt lat="46.665853" lon="8.152501">
                <ele>2476</ele>
            </trkpt>
            <trkpt lat="46.665849" lon="8.152491">
                <ele>2476</ele>
            </trkpt>
            <trkpt lat="46.665847" lon="8.152482">
                <ele>2476</ele>
            </trkpt>
            <trkpt lat="46.665850" lon="8.152480">
                <ele>2476</ele>
            </trkpt>
            <trkpt lat="46.665862" lon="8.152456">
                <ele>2476</ele>
            </trkpt>
            <trkpt lat="46.665875" lon="8.152447">
                <ele>2476</ele>
            </trkpt>
            <trkpt lat="46.665880" lon="8.152469">
                <ele>2476</ele>
            </trkpt>
            <trkpt lat="46.665880" lon="8.152493">
                <ele>2476</ele>
            </trkpt>
            <trkpt lat="46.665895" lon="8.152506">
                <ele>2476</ele>
            </trkpt>
            <trkpt lat="46.665850" lon="8.152480">
                <ele>2476</ele>
            </trkpt>
            <trkpt lat="46.665836" lon="8.152489">
                <ele>2476</ele>
            </trkpt>
            <trkpt lat="46.665835" lon="8.152506">
                <ele>2476</ele>
            </trkpt>
            <trkpt lat="46.665832" lon="8.152516">
                <ele>2476</ele>
            </trkpt>
            <trkpt lat="46.665827" lon="8.152519">
                <ele>2476</ele>
            </trkpt>
            <trkpt lat="46.665827" lon="8.152499">
                <ele>2476</ele>
            </trkpt>
            <trkpt lat="46.665827" lon="8.152480">
                <ele>2476</ele>
            </trkpt>
            <trkpt lat="46.665790" lon="8.152522">
                <ele>2476</ele>
            </trkpt>
            <trkpt lat="46.665790" lon="8.152534">
                <ele>2476</ele>
            </trkpt>
            <trkpt lat="46.665789" lon="8.152539">
                <ele>2476</ele>
            </trkpt>
            <trkpt lat="46.665855" lon="8.152487">
                <ele>2476</ele>
            </trkpt>
            <trkpt lat="46.665859" lon="8.152479">
                <ele>2476</ele>
            </trkpt>
            <trkpt lat="46.665885" lon="8.152444">
                <ele>2476</ele>
            </trkpt>
            <trkpt lat="46.665894" lon="8.152412">
                <ele>2476</ele>
            </trkpt>
            <trkpt lat="46.665892" lon="8.152406">
                <ele>2476</ele>
            </trkpt>
            <trkpt lat="46.665886" lon="8.152406">
                <ele>2476</ele>
            </trkpt>
            <trkpt lat="46.665881" lon="8.152415">
                <ele>2476</ele>
            </trkpt>
            <trkpt lat="46.665876" lon="8.152430">
                <ele>2476</ele>
            </trkpt>
            <trkpt lat="46.665851" lon="8.152430">
                <ele>2476</ele>
            </trkpt>
            <trkpt lat="46.665829" lon="8.152460">
                <ele>2476</ele>
            </trkpt>
            <trkpt lat="46.665817" lon="8.152466">
                <ele>2476</ele>
            </trkpt>
            <trkpt lat="46.665807" lon="8.152470">
                <ele>2476</ele>
            </trkpt>
            <trkpt lat="46.665807" lon="8.152470">
                <ele>2476</ele>
            </trkpt>
            <trkpt lat="46.665799" lon="8.152477">
                <ele>2476</ele>
            </trkpt>
            <trkpt lat="46.665799" lon="8.152487">
                <ele>2476</ele>
            </trkpt>
            <trkpt lat="46.665812" lon="8.152486">
                <ele>2476</ele>
            </trkpt>
            <trkpt lat="46.665826" lon="8.152480">
                <ele>2476</ele>
            </trkpt>
            <trkpt lat="46.665827" lon="8.152462">
                <ele>2476</ele>
            </trkpt>
            <trkpt lat="46.665836" lon="8.152463">
                <ele>2476</ele>
            </trkpt>
            <trkpt lat="46.665831" lon="8.152460">
                <ele>2476</ele>
            </trkpt>
            <trkpt lat="46.665852" lon="8.152448">
                <ele>2476</ele>
            </trkpt>
            <trkpt lat="46.665855" lon="8.152464">
                <ele>2476</ele>
            </trkpt>
            <trkpt lat="46.665854" lon="8.152477">
                <ele>2476</ele>
            </trkpt>
            <trkpt lat="46.665857" lon="8.152477">
                <ele>2476</ele>
            </trkpt>
            <trkpt lat="46.665857" lon="8.152476">
                <ele>2476</ele>
            </trkpt>
            <trkpt lat="46.665855" lon="8.152467">
                <ele>2476</ele>
            </trkpt>
            <trkpt lat="46.665861" lon="8.152519">
                <ele>2476</ele>
            </trkpt>
            <trkpt lat="46.665858" lon="8.152528">
                <ele>2476</ele>
            </trkpt>
            <trkpt lat="46.665855" lon="8.152516">
                <ele>2476</ele>
            </trkpt>
            <trkpt lat="46.665847" lon="8.152488">
                <ele>2476</ele>
            </trkpt>
            <trkpt lat="46.665854" lon="8.152490">
                <ele>2476</ele>
            </trkpt>
            <trkpt lat="46.665856" lon="8.152486">
                <ele>2476</ele>
            </trkpt>
            <trkpt lat="46.665868" lon="8.152426">
                <ele>2476</ele>
            </trkpt>
            <trkpt lat="46.665876" lon="8.152418">
                <ele>2476</ele>
            </trkpt>
            <trkpt lat="46.665882" lon="8.152421">
                <ele>2476</ele>
            </trkpt>
            <trkpt lat="46.665880" lon="8.152414">
                <ele>2476</ele>
            </trkpt>
            <trkpt lat="46.665888" lon="8.152416">
                <ele>2476</ele>
            </trkpt>
            <trkpt lat="46.665877" lon="8.152408">
                <ele>2476</ele>
            </trkpt>
            <trkpt lat="46.665876" lon="8.152391">
                <ele>2476</ele>
            </trkpt>
            <trkpt lat="46.665872" lon="8.152345">
                <ele>2562</ele>
            </trkpt>
            <trkpt lat="46.665895" lon="8.152359">
                <ele>2562</ele>
            </trkpt>
            <trkpt lat="46.665897" lon="8.152368">
                <ele>2476</ele>
            </trkpt>
            <trkpt lat="46.665898" lon="8.152372">
                <ele>2476</ele>
            </trkpt>
            <trkpt lat="46.665910" lon="8.152398">
                <ele>2476</ele>
            </trkpt>
            <trkpt lat="46.665911" lon="8.152401">
                <ele>2476</ele>
            </trkpt>
            <trkpt lat="46.665921" lon="8.152413">
                <ele>2476</ele>
            </trkpt>
            <trkpt lat="46.665924" lon="8.152410">
                <ele>2476</ele>
            </trkpt>
            <trkpt lat="46.665924" lon="8.152407">
                <ele>2476</ele>
            </trkpt>
            <trkpt lat="46.665921" lon="8.152405">
                <ele>2476</ele>
            </trkpt>
            <trkpt lat="46.665896" lon="8.152410">
                <ele>2476</ele>
            </trkpt>
            <trkpt lat="46.665854" lon="8.152371">
                <ele>2476</ele>
            </trkpt>
            <trkpt lat="46.665861" lon="8.152364">
                <ele>2476</ele>
            </trkpt>
            <trkpt lat="46.665867" lon="8.152369">
                <ele>2476</ele>
            </trkpt>
            <trkpt lat="46.665909" lon="8.152370">
                <ele>2476</ele>
            </trkpt>
            <trkpt lat="46.665897" lon="8.152372">
                <ele>2476</ele>
            </trkpt>
            <trkpt lat="46.665871" lon="8.152377">
                <ele>2476</ele>
            </trkpt>
            <trkpt lat="46.665867" lon="8.152373">
                <ele>2476</ele>
            </trkpt>
            <trkpt lat="46.665860" lon="8.152375">
                <ele>2476</ele>
            </trkpt>
            <trkpt lat="46.665845" lon="8.152369">
                <ele>2476</ele>
            </trkpt>
            <trkpt lat="46.665847" lon="8.152371">
                <ele>2476</ele>
            </trkpt>
            <trkpt lat="46.665831" lon="8.152368">
                <ele>2476</ele>
            </trkpt>
            <trkpt lat="46.665829" lon="8.152374">
                <ele>2476</ele>
            </trkpt>
            <trkpt lat="46.665847" lon="8.152364">
                <ele>2476</ele>
            </trkpt>
            <trkpt lat="46.665875" lon="8.152371">
                <ele>2476</ele>
            </trkpt>
            <trkpt lat="46.665874" lon="8.152364">
                <ele>2476</ele>
            </trkpt>
            <trkpt lat="46.665876" lon="8.152356">
                <ele>2562</ele>
            </trkpt>
            <trkpt lat="46.665886" lon="8.152354">
                <ele>2562</ele>
            </trkpt>
            <trkpt lat="46.665923" lon="8.152315">
                <ele>2562</ele>
            </trkpt>
            <trkpt lat="46.665941" lon="8.152324">
                <ele>2562</ele>
            </trkpt>
            <trkpt lat="46.665952" lon="8.152344">
                <ele>2562</ele>
            </trkpt>
            <trkpt lat="46.665963" lon="8.152370">
                <ele>2476</ele>
            </trkpt>
            <trkpt lat="46.665947" lon="8.152376">
                <ele>2476</ele>
            </trkpt>
            <trkpt lat="46.665946" lon="8.152394">
                <ele>2476</ele>
            </trkpt>
            <trkpt lat="46.665915" lon="8.152416">
                <ele>2476</ele>
            </trkpt>
            <trkpt lat="46.665898" lon="8.152428">
                <ele>2476</ele>
            </trkpt>
            <trkpt lat="46.665893" lon="8.152443">
                <ele>2476</ele>
            </trkpt>
            <trkpt lat="46.665898" lon="8.152417">
                <ele>2476</ele>
            </trkpt>
            <trkpt lat="46.665890" lon="8.152434">
                <ele>2476</ele>
            </trkpt>
            <trkpt lat="46.665894" lon="8.152427">
                <ele>2476</ele>
            </trkpt>
            <trkpt lat="46.665896" lon="8.152437">
                <ele>2476</ele>
            </trkpt>
            <trkpt lat="46.665887" lon="8.152446">
                <ele>2476</ele>
            </trkpt>
            <trkpt lat="46.665881" lon="8.152449">
                <ele>2476</ele>
            </trkpt>
            <trkpt lat="46.665869" lon="8.152450">
                <ele>2476</ele>
            </trkpt>
            <trkpt lat="46.665882" lon="8.152460">
                <ele>2476</ele>
            </trkpt>
            <trkpt lat="46.665886" lon="8.152458">
                <ele>2476</ele>
            </trkpt>
            <trkpt lat="46.665873" lon="8.152462">
                <ele>2476</ele>
            </trkpt>
            <trkpt lat="46.665868" lon="8.152448">
                <ele>2476</ele>
            </trkpt>
            <trkpt lat="46.665869" lon="8.152455">
                <ele>2476</ele>
            </trkpt>
            <trkpt lat="46.665866" lon="8.152467">
                <ele>2476</ele>
            </trkpt>
            <trkpt lat="46.665874" lon="8.152469">
                <ele>2476</ele>
            </trkpt>
            <trkpt lat="46.665874" lon="8.152469">
                <ele>2476</ele>
            </trkpt>
            <trkpt lat="46.665877" lon="8.152467">
                <ele>2476</ele>
            </trkpt>
            <trkpt lat="46.665882" lon="8.152465">
                <ele>2476</ele>
            </trkpt>
            <trkpt lat="46.665882" lon="8.152462">
                <ele>2476</ele>
            </trkpt>
            <trkpt lat="46.665884" lon="8.152467">
                <ele>2476</ele>
            </trkpt>
            <trkpt lat="46.665870" lon="8.152438">
                <ele>2476</ele>
            </trkpt>
            <trkpt lat="46.665865" lon="8.152438">
                <ele>2476</ele>
            </trkpt>
            <trkpt lat="46.665840" lon="8.152468">
                <ele>2476</ele>
            </trkpt>
            <trkpt lat="46.665830" lon="8.152480">
                <ele>2476</ele>
            </trkpt>
            <trkpt lat="46.665815" lon="8.152489">
                <ele>2476</ele>
            </trkpt>
            <trkpt lat="46.665819" lon="8.152494">
                <ele>2476</ele>
            </trkpt>
            <trkpt lat="46.665818" lon="8.152497">
                <ele>2476</ele>
            </trkpt>
            <trkpt lat="46.665817" lon="8.152490">
                <ele>2476</ele>
            </trkpt>
            <trkpt lat="46.665820" lon="8.152483">
                <ele>2476</ele>
            </trkpt>
            <trkpt lat="46.665819" lon="8.152484">
                <ele>2476</ele>
            </trkpt>
            <trkpt lat="46.665823" lon="8.152484">
                <ele>2476</ele>
            </trkpt>
            <trkpt lat="46.665839" lon="8.152471">
                <ele>2476</ele>
            </trkpt>
            <trkpt lat="46.665842" lon="8.152460">
                <ele>2476</ele>
            </trkpt>
            <trkpt lat="46.665834" lon="8.152470">
                <ele>2476</ele>
            </trkpt>
            <trkpt lat="46.665808" lon="8.152511">
                <ele>2476</ele>
            </trkpt>
            <trkpt lat="46.665804" lon="8.152516">
                <ele>2476</ele>
            </trkpt>
            <trkpt lat="46.665798" lon="8.152521">
                <ele>2476</ele>
            </trkpt>
            <trkpt lat="46.665782" lon="8.152518">
                <ele>2476</ele>
            </trkpt>
            <trkpt lat="46.665788" lon="8.152512">
                <ele>2476</ele>
            </trkpt>
            <trkpt lat="46.665780" lon="8.152607">
                <ele>2476</ele>
            </trkpt>
            <trkpt lat="46.665818" lon="8.152584">
                <ele>2476</ele>
            </trkpt>
            <trkpt lat="46.665805" lon="8.152527">
                <ele>2476</ele>
            </trkpt>
            <trkpt lat="46.665799" lon="8.152519">
                <ele>2476</ele>
            </trkpt>
            <trkpt lat="46.665820" lon="8.152446">
                <ele>2476</ele>
            </trkpt>
            <trkpt lat="46.665830" lon="8.152427">
                <ele>2476</ele>
            </trkpt>
            <trkpt lat="46.665832" lon="8.152420">
                <ele>2476</ele>
            </trkpt>
            <trkpt lat="46.665840" lon="8.152383">
                <ele>2476</ele>
            </trkpt>
            <trkpt lat="46.665852" lon="8.152349">
                <ele>2562</ele>
            </trkpt>
            <trkpt lat="46.665854" lon="8.152351">
                <ele>2562</ele>
            </trkpt>
            <trkpt lat="46.665862" lon="8.152330">
                <ele>2562</ele>
            </trkpt>
            <trkpt lat="46.665876" lon="8.152329">
                <ele>2562</ele>
            </trkpt>
            <trkpt lat="46.665883" lon="8.152310">
                <ele>2562</ele>
            </trkpt>
            <trkpt lat="46.665889" lon="8.152292">
                <ele>2562</ele>
            </trkpt>
            <trkpt lat="46.665890" lon="8.152288">
                <ele>2562</ele>
            </trkpt>
            <trkpt lat="46.665896" lon="8.152300">
                <ele>2562</ele>
            </trkpt>
            <trkpt lat="46.665900" lon="8.152283">
                <ele>2562</ele>
            </trkpt>
            <trkpt lat="46.665899" lon="8.152251">
                <ele>2562</ele>
            </trkpt>
            <trkpt lat="46.665897" lon="8.152243">
                <ele>2562</ele>
            </trkpt>
            <trkpt lat="46.665896" lon="8.152205">
                <ele>2562</ele>
            </trkpt>
            <trkpt lat="46.665901" lon="8.152198">
                <ele>2562</ele>
            </trkpt>
            <trkpt lat="46.665908" lon="8.152231">
                <ele>2562</ele>
            </trkpt>
            <trkpt lat="46.665918" lon="8.152250">
                <ele>2562</ele>
            </trkpt>
            <trkpt lat="46.665927" lon="8.152259">
                <ele>2562</ele>
            </trkpt>
            <trkpt lat="46.665945" lon="8.152240">
                <ele>2562</ele>
            </trkpt>
            <trkpt lat="46.665924" lon="8.152227">
                <ele>2562</ele>
            </trkpt>
            <trkpt lat="46.665887" lon="8.152217">
                <ele>2562</ele>
            </trkpt>
            <trkpt lat="46.665892" lon="8.152209">
                <ele>2562</ele>
            </trkpt>
            <trkpt lat="46.665913" lon="8.152200">
                <ele>2562</ele>
            </trkpt>
            <trkpt lat="46.665911" lon="8.152155">
                <ele>2562</ele>
            </trkpt>
            <trkpt lat="46.665899" lon="8.152115">
                <ele>2562</ele>
            </trkpt>
            <trkpt lat="46.665868" lon="8.152103">
                <ele>2562</ele>
            </trkpt>
            <trkpt lat="46.665890" lon="8.152125">
                <ele>2562</ele>
            </trkpt>
            <trkpt lat="46.665816" lon="8.152100">
                <ele>2562</ele>
            </trkpt>
            <trkpt lat="46.665823" lon="8.152105">
                <ele>2562</ele>
            </trkpt>
            <trkpt lat="46.665833" lon="8.152097">
                <ele>2562</ele>
            </trkpt>
            <trkpt lat="46.665856" lon="8.152087">
                <ele>2562</ele>
            </trkpt>
            <trkpt lat="46.665796" lon="8.152154">
                <ele>2562</ele>
            </trkpt>
            <trkpt lat="46.665811" lon="8.152138">
                <ele>2562</ele>
            </trkpt>
            <trkpt lat="46.665830" lon="8.152119">
                <ele>2562</ele>
            </trkpt>
            <trkpt lat="46.665863" lon="8.152176">
                <ele>2562</ele>
            </trkpt>
            <trkpt lat="46.665918" lon="8.152124">
                <ele>2562</ele>
            </trkpt>
            <trkpt lat="46.665821" lon="8.152207">
                <ele>2562</ele>
            </trkpt>
            <trkpt lat="46.665815" lon="8.152178">
                <ele>2562</ele>
            </trkpt>
            <trkpt lat="46.665766" lon="8.152258">
                <ele>2562</ele>
            </trkpt>
            <trkpt lat="46.665754" lon="8.152258">
                <ele>2562</ele>
            </trkpt>
            <trkpt lat="46.665703" lon="8.152184">
                <ele>2562</ele>
            </trkpt>
            <trkpt lat="46.665716" lon="8.152241">
                <ele>2562</ele>
            </trkpt>
            <trkpt lat="46.665769" lon="8.152346">
                <ele>2562</ele>
            </trkpt>
            <trkpt lat="46.665759" lon="8.152299">
                <ele>2562</ele>
            </trkpt>
            <trkpt lat="46.665774" lon="8.152310">
                <ele>2562</ele>
            </trkpt>
            <trkpt lat="46.665764" lon="8.152269">
                <ele>2562</ele>
            </trkpt>
            <trkpt lat="46.665763" lon="8.152263">
                <ele>2562</ele>
            </trkpt>
            <trkpt lat="46.665764" lon="8.152263">
                <ele>2562</ele>
            </trkpt>
            <trkpt lat="46.665747" lon="8.152237">
                <ele>2562</ele>
            </trkpt>
            <trkpt lat="46.665745" lon="8.152208">
                <ele>2562</ele>
            </trkpt>
            <trkpt lat="46.665732" lon="8.152152">
                <ele>2562</ele>
            </trkpt>
            <trkpt lat="46.665725" lon="8.152123">
                <ele>2562</ele>
            </trkpt>
            <trkpt lat="46.665727" lon="8.152176">
                <ele>2562</ele>
            </trkpt>
            <trkpt lat="46.665716" lon="8.152133">
                <ele>2562</ele>
            </trkpt>
            <trkpt lat="46.665712" lon="8.152120">
                <ele>2562</ele>
            </trkpt>
            <trkpt lat="46.665620" lon="8.152095">
                <ele>2458</ele>
            </trkpt>
            <trkpt lat="46.665623" lon="8.152096">
                <ele>2458</ele>
            </trkpt>
            <trkpt lat="46.665755" lon="8.152334">
                <ele>2562</ele>
            </trkpt>
            <trkpt lat="46.665782" lon="8.152374">
                <ele>2476</ele>
            </trkpt>
            <trkpt lat="46.665783" lon="8.152374">
                <ele>2476</ele>
            </trkpt>
            <trkpt lat="46.665793" lon="8.152393">
                <ele>2476</ele>
            </trkpt>
            <trkpt lat="46.665795" lon="8.152398">
                <ele>2476</ele>
            </trkpt>
            <trkpt lat="46.665812" lon="8.152419">
                <ele>2476</ele>
            </trkpt>
            <trkpt lat="46.665825" lon="8.152413">
                <ele>2476</ele>
            </trkpt>
            <trkpt lat="46.665830" lon="8.152410">
                <ele>2476</ele>
            </trkpt>
            <trkpt lat="46.665846" lon="8.152394">
                <ele>2476</ele>
            </trkpt>
            <trkpt lat="46.665878" lon="8.152367">
                <ele>2476</ele>
            </trkpt>
            <trkpt lat="46.665897" lon="8.152345">
                <ele>2562</ele>
            </trkpt>
            <trkpt lat="46.665901" lon="8.152332">
                <ele>2562</ele>
            </trkpt>
            <trkpt lat="46.665914" lon="8.152320">
                <ele>2562</ele>
            </trkpt>
            <trkpt lat="46.665919" lon="8.152316">
                <ele>2562</ele>
            </trkpt>
            <trkpt lat="46.665912" lon="8.152327">
                <ele>2562</ele>
            </trkpt>
            <trkpt lat="46.665900" lon="8.152332">
                <ele>2562</ele>
            </trkpt>
            <trkpt lat="46.665893" lon="8.152353">
                <ele>2562</ele>
            </trkpt>
            <trkpt lat="46.665884" lon="8.152397">
                <ele>2476</ele>
            </trkpt>
            <trkpt lat="46.665877" lon="8.152401">
                <ele>2476</ele>
            </trkpt>
            <trkpt lat="46.665870" lon="8.152427">
                <ele>2476</ele>
            </trkpt>
            <trkpt lat="46.665857" lon="8.152433">
                <ele>2476</ele>
            </trkpt>
            <trkpt lat="46.665837" lon="8.152429">
                <ele>2476</ele>
            </trkpt>
            <trkpt lat="46.665834" lon="8.152427">
                <ele>2476</ele>
            </trkpt>
            <trkpt lat="46.665838" lon="8.152419">
                <ele>2476</ele>
            </trkpt>
            <trkpt lat="46.665843" lon="8.152421">
                <ele>2476</ele>
            </trkpt>
            <trkpt lat="46.665839" lon="8.152418">
                <ele>2476</ele>
            </trkpt>
            <trkpt lat="46.665846" lon="8.152397">
                <ele>2476</ele>
            </trkpt>
            <trkpt lat="46.665849" lon="8.152358">
                <ele>2562</ele>
            </trkpt>
            <trkpt lat="46.665856" lon="8.152356">
                <ele>2562</ele>
            </trkpt>
            <trkpt lat="46.665852" lon="8.152345">
                <ele>2562</ele>
            </trkpt>
            <trkpt lat="46.665854" lon="8.152328">
                <ele>2562</ele>
            </trkpt>
            <trkpt lat="46.665864" lon="8.152331">
                <ele>2562</ele>
            </trkpt>
            <trkpt lat="46.665860" lon="8.152341">
                <ele>2562</ele>
            </trkpt>
            <trkpt lat="46.665830" lon="8.152337">
                <ele>2562</ele>
            </trkpt>
            <trkpt lat="46.665820" lon="8.152367">
                <ele>2476</ele>
            </trkpt>
            <trkpt lat="46.665826" lon="8.152366">
                <ele>2476</ele>
            </trkpt>
            <trkpt lat="46.665831" lon="8.152363">
                <ele>2476</ele>
            </trkpt>
            <trkpt lat="46.665840" lon="8.152366">
                <ele>2476</ele>
            </trkpt>
            <trkpt lat="46.665841" lon="8.152362">
                <ele>2476</ele>
            </trkpt>
            <trkpt lat="46.665883" lon="8.152373">
                <ele>2476</ele>
            </trkpt>
            <trkpt lat="46.665897" lon="8.152404">
                <ele>2476</ele>
            </trkpt>
            <trkpt lat="46.665902" lon="8.152418">
                <ele>2476</ele>
            </trkpt>
            <trkpt lat="46.665921" lon="8.152429">
                <ele>2476</ele>
            </trkpt>
            <trkpt lat="46.665938" lon="8.152442">
                <ele>2476</ele>
            </trkpt>
            <trkpt lat="46.665782" lon="8.152595">
                <ele>2476</ele>
            </trkpt>
            <trkpt lat="46.666261" lon="8.152296">
                <ele>2573</ele>
            </trkpt>
            <trkpt lat="46.666350" lon="8.152254">
                <ele>2573</ele>
            </trkpt>
            <trkpt lat="46.666393" lon="8.152250">
                <ele>2573</ele>
            </trkpt>
            <trkpt lat="46.666411" lon="8.152250">
                <ele>2573</ele>
            </trkpt>
            <trkpt lat="46.666448" lon="8.152238">
                <ele>2573</ele>
            </trkpt>
            <trkpt lat="46.666453" lon="8.152237">
                <ele>2573</ele>
            </trkpt>
            <trkpt lat="46.666459" lon="8.152236">
                <ele>2573</ele>
            </trkpt>
            <trkpt lat="46.666437" lon="8.152217">
                <ele>2573</ele>
            </trkpt>
            <trkpt lat="46.666418" lon="8.152195">
                <ele>2573</ele>
            </trkpt>
            <trkpt lat="46.666433" lon="8.152220">
                <ele>2573</ele>
            </trkpt>
            <trkpt lat="46.666435" lon="8.152223">
                <ele>2573</ele>
            </trkpt>
            <trkpt lat="46.666435" lon="8.152223">
                <ele>2573</ele>
            </trkpt>
            <trkpt lat="46.666431" lon="8.152309">
                <ele>2573</ele>
            </trkpt>
            <trkpt lat="46.666430" lon="8.152305">
                <ele>2573</ele>
            </trkpt>
            <trkpt lat="46.666418" lon="8.152287">
                <ele>2573</ele>
            </trkpt>
            <trkpt lat="46.666417" lon="8.152243">
                <ele>2573</ele>
            </trkpt>
            <trkpt lat="46.666405" lon="8.152184">
                <ele>2573</ele>
            </trkpt>
            <trkpt lat="46.666378" lon="8.152149">
                <ele>2573</ele>
            </trkpt>
            <trkpt lat="46.666365" lon="8.152148">
                <ele>2573</ele>
            </trkpt>
            <trkpt lat="46.666356" lon="8.152145">
                <ele>2573</ele>
            </trkpt>
            <trkpt lat="46.666358" lon="8.152144">
                <ele>2573</ele>
            </trkpt>
            <trkpt lat="46.666321" lon="8.152127">
                <ele>2573</ele>
            </trkpt>
            <trkpt lat="46.666352" lon="8.152162">
                <ele>2573</ele>
            </trkpt>
            <trkpt lat="46.666352" lon="8.152162">
                <ele>2573</ele>
            </trkpt>
            <trkpt lat="46.666354" lon="8.152168">
                <ele>2573</ele>
            </trkpt>
            <trkpt lat="46.666367" lon="8.152181">
                <ele>2573</ele>
            </trkpt>
            <trkpt lat="46.666455" lon="8.152141">
                <ele>2573</ele>
            </trkpt>
            <trkpt lat="46.666461" lon="8.152138">
                <ele>2573</ele>
            </trkpt>
            <trkpt lat="46.666460" lon="8.152145">
                <ele>2573</ele>
            </trkpt>
            <trkpt lat="46.666459" lon="8.152141">
                <ele>2573</ele>
            </trkpt>
            <trkpt lat="46.666457" lon="8.152147">
                <ele>2573</ele>
            </trkpt>
            <trkpt lat="46.666453" lon="8.152149">
                <ele>2573</ele>
            </trkpt>
            <trkpt lat="46.666448" lon="8.152151">
                <ele>2573</ele>
            </trkpt>
            <trkpt lat="46.666444" lon="8.152151">
                <ele>2573</ele>
            </trkpt>
            <trkpt lat="46.666438" lon="8.152117">
                <ele>2573</ele>
            </trkpt>
            <trkpt lat="46.666437" lon="8.152117">
                <ele>2573</ele>
            </trkpt>
            <trkpt lat="46.666437" lon="8.152117">
                <ele>2573</ele>
            </trkpt>
            <trkpt lat="46.666419" lon="8.152115">
                <ele>2573</ele>
            </trkpt>
            <trkpt lat="46.666412" lon="8.152094">
                <ele>2573</ele>
            </trkpt>
            <trkpt lat="46.666410" lon="8.152094">
                <ele>2573</ele>
            </trkpt>
            <trkpt lat="46.666405" lon="8.152092">
                <ele>2573</ele>
            </trkpt>
            <trkpt lat="46.666385" lon="8.152067">
                <ele>2578</ele>
            </trkpt>
            <trkpt lat="46.666387" lon="8.152064">
                <ele>2578</ele>
            </trkpt>
            <trkpt lat="46.666376" lon="8.152064">
                <ele>2578</ele>
            </trkpt>
            <trkpt lat="46.666368" lon="8.152058">
                <ele>2578</ele>
            </trkpt>
            <trkpt lat="46.666360" lon="8.152033">
                <ele>2578</ele>
            </trkpt>
            <trkpt lat="46.666346" lon="8.152022">
                <ele>2578</ele>
            </trkpt>
            <trkpt lat="46.666344" lon="8.152012">
                <ele>2578</ele>
            </trkpt>
            <trkpt lat="46.666341" lon="8.152010">
                <ele>2578</ele>
            </trkpt>
            <trkpt lat="46.666338" lon="8.152010">
                <ele>2578</ele>
            </trkpt>
            <trkpt lat="46.666324" lon="8.151988">
                <ele>2578</ele>
            </trkpt>
            <trkpt lat="46.666327" lon="8.151987">
                <ele>2578</ele>
            </trkpt>
            <trkpt lat="46.666331" lon="8.151975">
                <ele>2578</ele>
            </trkpt>
            <trkpt lat="46.666331" lon="8.151975">
                <ele>2578</ele>
            </trkpt>
            <trkpt lat="46.666328" lon="8.151935">
                <ele>2578</ele>
            </trkpt>
            <trkpt lat="46.666321" lon="8.151928">
                <ele>2578</ele>
            </trkpt>
            <trkpt lat="46.666323" lon="8.151923">
                <ele>2578</ele>
            </trkpt>
            <trkpt lat="46.666323" lon="8.151924">
                <ele>2578</ele>
            </trkpt>
            <trkpt lat="46.666307" lon="8.151932">
                <ele>2578</ele>
            </trkpt>
            <trkpt lat="46.666310" lon="8.151911">
                <ele>2578</ele>
            </trkpt>
            <trkpt lat="46.666307" lon="8.151906">
                <ele>2578</ele>
            </trkpt>
            <trkpt lat="46.666287" lon="8.151884">
                <ele>2578</ele>
            </trkpt>
            <trkpt lat="46.666283" lon="8.151879">
                <ele>2578</ele>
            </trkpt>
            <trkpt lat="46.666272" lon="8.151879">
                <ele>2578</ele>
            </trkpt>
            <trkpt lat="46.666271" lon="8.151879">
                <ele>2578</ele>
            </trkpt>
            <trkpt lat="46.666268" lon="8.151879">
                <ele>2578</ele>
            </trkpt>
            <trkpt lat="46.666271" lon="8.151879">
                <ele>2578</ele>
            </trkpt>
            <trkpt lat="46.666268" lon="8.151884">
                <ele>2578</ele>
            </trkpt>
            <trkpt lat="46.666271" lon="8.151879">
                <ele>2578</ele>
            </trkpt>
            <trkpt lat="46.666271" lon="8.151879">
                <ele>2578</ele>
            </trkpt>
            <trkpt lat="46.666271" lon="8.151879">
                <ele>2578</ele>
            </trkpt>
            <trkpt lat="46.666271" lon="8.151879">
                <ele>2578</ele>
            </trkpt>
            <trkpt lat="46.666271" lon="8.151879">
                <ele>2578</ele>
            </trkpt>
            <trkpt lat="46.666259" lon="8.151895">
                <ele>2578</ele>
            </trkpt>
            <trkpt lat="46.666258" lon="8.151901">
                <ele>2578</ele>
            </trkpt>
            <trkpt lat="46.666256" lon="8.151907">
                <ele>2578</ele>
            </trkpt>
            <trkpt lat="46.666250" lon="8.151919">
                <ele>2627</ele>
            </trkpt>
            <trkpt lat="46.666257" lon="8.151913">
                <ele>2578</ele>
            </trkpt>
            <trkpt lat="46.666256" lon="8.151907">
                <ele>2578</ele>
            </trkpt>
            <trkpt lat="46.666256" lon="8.151907">
                <ele>2578</ele>
            </trkpt>
            <trkpt lat="46.666254" lon="8.151933">
                <ele>2578</ele>
            </trkpt>
            <trkpt lat="46.666253" lon="8.151941">
                <ele>2578</ele>
            </trkpt>
            <trkpt lat="46.666254" lon="8.151933">
                <ele>2578</ele>
            </trkpt>
            <trkpt lat="46.666254" lon="8.151933">
                <ele>2578</ele>
            </trkpt>
            <trkpt lat="46.666254" lon="8.151933">
                <ele>2578</ele>
            </trkpt>
            <trkpt lat="46.666254" lon="8.151933">
                <ele>2578</ele>
            </trkpt>
            <trkpt lat="46.666254" lon="8.151933">
                <ele>2578</ele>
            </trkpt>
            <trkpt lat="46.666254" lon="8.151933">
                <ele>2578</ele>
            </trkpt>
            <trkpt lat="46.666254" lon="8.151933">
                <ele>2578</ele>
            </trkpt>
            <trkpt lat="46.666254" lon="8.151933">
                <ele>2578</ele>
            </trkpt>
            <trkpt lat="46.666254" lon="8.151933">
                <ele>2578</ele>
            </trkpt>
            <trkpt lat="46.666254" lon="8.151933">
                <ele>2578</ele>
            </trkpt>
            <trkpt lat="46.666254" lon="8.151933">
                <ele>2578</ele>
            </trkpt>
            <trkpt lat="46.666249" lon="8.151953">
                <ele>2627</ele>
            </trkpt>
            <trkpt lat="46.666262" lon="8.151950">
                <ele>2578</ele>
            </trkpt>
            <trkpt lat="46.666262" lon="8.151950">
                <ele>2578</ele>
            </trkpt>
            <trkpt lat="46.666262" lon="8.151950">
                <ele>2578</ele>
            </trkpt>
            <trkpt lat="46.666262" lon="8.151950">
                <ele>2578</ele>
            </trkpt>
            <trkpt lat="46.666262" lon="8.151950">
                <ele>2578</ele>
            </trkpt>
            <trkpt lat="46.666255" lon="8.151924">
                <ele>2578</ele>
            </trkpt>
            <trkpt lat="46.666255" lon="8.151924">
                <ele>2578</ele>
            </trkpt>
            <trkpt lat="46.666255" lon="8.151924">
                <ele>2578</ele>
            </trkpt>
            <trkpt lat="46.666252" lon="8.151929">
                <ele>2578</ele>
            </trkpt>
            <trkpt lat="46.666250" lon="8.151930">
                <ele>2578</ele>
            </trkpt>
            <trkpt lat="46.666255" lon="8.151931">
                <ele>2578</ele>
            </trkpt>
            <trkpt lat="46.666259" lon="8.151932">
                <ele>2578</ele>
            </trkpt>
            <trkpt lat="46.666259" lon="8.151941">
                <ele>2578</ele>
            </trkpt>
            <trkpt lat="46.666260" lon="8.151945">
                <ele>2578</ele>
            </trkpt>
            <trkpt lat="46.666260" lon="8.151946">
                <ele>2578</ele>
            </trkpt>
            <trkpt lat="46.666261" lon="8.151948">
                <ele>2578</ele>
            </trkpt>
            <trkpt lat="46.666260" lon="8.151946">
                <ele>2578</ele>
            </trkpt>
            <trkpt lat="46.666260" lon="8.151951">
                <ele>2578</ele>
            </trkpt>
            <trkpt lat="46.666262" lon="8.151942">
                <ele>2578</ele>
            </trkpt>
            <trkpt lat="46.666268" lon="8.151932">
                <ele>2578</ele>
            </trkpt>
            <trkpt lat="46.666270" lon="8.151933">
                <ele>2578</ele>
            </trkpt>
            <trkpt lat="46.666267" lon="8.151953">
                <ele>2578</ele>
            </trkpt>
            <trkpt lat="46.666261" lon="8.151961">
                <ele>2578</ele>
            </trkpt>
            <trkpt lat="46.666259" lon="8.151973">
                <ele>2578</ele>
            </trkpt>
            <trkpt lat="46.666259" lon="8.151975">
                <ele>2578</ele>
            </trkpt>
            <trkpt lat="46.666261" lon="8.151974">
                <ele>2578</ele>
            </trkpt>
            <trkpt lat="46.666278" lon="8.151979">
                <ele>2578</ele>
            </trkpt>
            <trkpt lat="46.666280" lon="8.151977">
                <ele>2578</ele>
            </trkpt>
            <trkpt lat="46.666280" lon="8.151977">
                <ele>2578</ele>
            </trkpt>
            <trkpt lat="46.666280" lon="8.151977">
                <ele>2578</ele>
            </trkpt>
            <trkpt lat="46.666280" lon="8.151977">
                <ele>2578</ele>
            </trkpt>
            <trkpt lat="46.666280" lon="8.151977">
                <ele>2578</ele>
            </trkpt>
            <trkpt lat="46.666270" lon="8.151992">
                <ele>2578</ele>
            </trkpt>
            <trkpt lat="46.666271" lon="8.151998">
                <ele>2578</ele>
            </trkpt>
            <trkpt lat="46.666272" lon="8.152002">
                <ele>2578</ele>
            </trkpt>
            <trkpt lat="46.666272" lon="8.152002">
                <ele>2578</ele>
            </trkpt>
            <trkpt lat="46.666271" lon="8.152000">
                <ele>2578</ele>
            </trkpt>
            <trkpt lat="46.666272" lon="8.151997">
                <ele>2578</ele>
            </trkpt>
            <trkpt lat="46.666273" lon="8.151996">
                <ele>2578</ele>
            </trkpt>
            <trkpt lat="46.666280" lon="8.151977">
                <ele>2578</ele>
            </trkpt>
            <trkpt lat="46.666280" lon="8.151977">
                <ele>2578</ele>
            </trkpt>
            <trkpt lat="46.666280" lon="8.151977">
                <ele>2578</ele>
            </trkpt>
            <trkpt lat="46.666280" lon="8.151977">
                <ele>2578</ele>
            </trkpt>
            <trkpt lat="46.666280" lon="8.151977">
                <ele>2578</ele>
            </trkpt>
            <trkpt lat="46.666280" lon="8.151977">
                <ele>2578</ele>
            </trkpt>
            <trkpt lat="46.666269" lon="8.151991">
                <ele>2578</ele>
            </trkpt>
            <trkpt lat="46.666269" lon="8.151991">
                <ele>2578</ele>
            </trkpt>
            <trkpt lat="46.666257" lon="8.152008">
                <ele>2578</ele>
            </trkpt>
            <trkpt lat="46.666255" lon="8.152015">
                <ele>2578</ele>
            </trkpt>
            <trkpt lat="46.666256" lon="8.152012">
                <ele>2578</ele>
            </trkpt>
            <trkpt lat="46.666253" lon="8.152016">
                <ele>2578</ele>
            </trkpt>
            <trkpt lat="46.666250" lon="8.152030">
                <ele>2627</ele>
            </trkpt>
            <trkpt lat="46.666252" lon="8.152022">
                <ele>2578</ele>
            </trkpt>
            <trkpt lat="46.666255" lon="8.152029">
                <ele>2578</ele>
            </trkpt>
            <trkpt lat="46.666258" lon="8.152024">
                <ele>2578</ele>
            </trkpt>
            <trkpt lat="46.666263" lon="8.152016">
                <ele>2578</ele>
            </trkpt>
            <trkpt lat="46.666253" lon="8.152016">
                <ele>2578</ele>
            </trkpt>
            <trkpt lat="46.666253" lon="8.152016">
                <ele>2578</ele>
            </trkpt>
            <trkpt lat="46.666253" lon="8.152016">
                <ele>2578</ele>
            </trkpt>
            <trkpt lat="46.666252" lon="8.152007">
                <ele>2578</ele>
            </trkpt>
            <trkpt lat="46.666248" lon="8.152016">
                <ele>2627</ele>
            </trkpt>
            <trkpt lat="46.666253" lon="8.152016">
                <ele>2578</ele>
            </trkpt>
            <trkpt lat="46.666253" lon="8.152016">
                <ele>2578</ele>
            </trkpt>
            <trkpt lat="46.666253" lon="8.152016">
                <ele>2578</ele>
            </trkpt>
            <trkpt lat="46.666253" lon="8.152016">
                <ele>2578</ele>
            </trkpt>
            <trkpt lat="46.666257" lon="8.152017">
                <ele>2578</ele>
            </trkpt>
            <trkpt lat="46.666254" lon="8.152016">
                <ele>2578</ele>
            </trkpt>
            <trkpt lat="46.666249" lon="8.152020">
                <ele>2627</ele>
            </trkpt>
            <trkpt lat="46.666243" lon="8.152001">
                <ele>2627</ele>
            </trkpt>
            <trkpt lat="46.666242" lon="8.152032">
                <ele>2627</ele>
            </trkpt>
            <trkpt lat="46.666244" lon="8.152032">
                <ele>2627</ele>
            </trkpt>
            <trkpt lat="46.666246" lon="8.152024">
                <ele>2627</ele>
            </trkpt>
            <trkpt lat="46.666247" lon="8.152036">
                <ele>2627</ele>
            </trkpt>
            <trkpt lat="46.666247" lon="8.152036">
                <ele>2627</ele>
            </trkpt>
            <trkpt lat="46.666247" lon="8.152036">
                <ele>2627</ele>
            </trkpt>
            <trkpt lat="46.666247" lon="8.152036">
                <ele>2627</ele>
            </trkpt>
            <trkpt lat="46.666247" lon="8.152036">
                <ele>2627</ele>
            </trkpt>
            <trkpt lat="46.666247" lon="8.152036">
                <ele>2627</ele>
            </trkpt>
            <trkpt lat="46.666247" lon="8.152036">
                <ele>2627</ele>
            </trkpt>
            <trkpt lat="46.666247" lon="8.152036">
                <ele>2627</ele>
            </trkpt>
            <trkpt lat="46.666247" lon="8.152036">
                <ele>2627</ele>
            </trkpt>
            <trkpt lat="46.666247" lon="8.152036">
                <ele>2627</ele>
            </trkpt>
            <trkpt lat="46.666247" lon="8.152036">
                <ele>2627</ele>
            </trkpt>
            <trkpt lat="46.666247" lon="8.152036">
                <ele>2627</ele>
            </trkpt>
            <trkpt lat="46.666247" lon="8.152036">
                <ele>2627</ele>
            </trkpt>
            <trkpt lat="46.666247" lon="8.152036">
                <ele>2627</ele>
            </trkpt>
            <trkpt lat="46.666237" lon="8.152044">
                <ele>2627</ele>
            </trkpt>
            <trkpt lat="46.666236" lon="8.152047">
                <ele>2627</ele>
            </trkpt>
            <trkpt lat="46.666247" lon="8.152036">
                <ele>2627</ele>
            </trkpt>
            <trkpt lat="46.666247" lon="8.152036">
                <ele>2627</ele>
            </trkpt>
            <trkpt lat="46.666247" lon="8.152036">
                <ele>2627</ele>
            </trkpt>
            <trkpt lat="46.666247" lon="8.152036">
                <ele>2627</ele>
            </trkpt>
            <trkpt lat="46.666247" lon="8.152036">
                <ele>2627</ele>
            </trkpt>
            <trkpt lat="46.666247" lon="8.152036">
                <ele>2627</ele>
            </trkpt>
            <trkpt lat="46.666247" lon="8.152036">
                <ele>2627</ele>
            </trkpt>
            <trkpt lat="46.666247" lon="8.152036">
                <ele>2627</ele>
            </trkpt>
            <trkpt lat="46.666247" lon="8.152036">
                <ele>2627</ele>
            </trkpt>
            <trkpt lat="46.666231" lon="8.152060">
                <ele>2627</ele>
            </trkpt>
            <trkpt lat="46.666226" lon="8.152061">
                <ele>2627</ele>
            </trkpt>
            <trkpt lat="46.666227" lon="8.152057">
                <ele>2627</ele>
            </trkpt>
            <trkpt lat="46.666227" lon="8.152057">
                <ele>2627</ele>
            </trkpt>
            <trkpt lat="46.666227" lon="8.152057">
                <ele>2627</ele>
            </trkpt>
            <trkpt lat="46.666227" lon="8.152057">
                <ele>2627</ele>
            </trkpt>
            <trkpt lat="46.666227" lon="8.152057">
                <ele>2627</ele>
            </trkpt>
            <trkpt lat="46.666227" lon="8.152057">
                <ele>2627</ele>
            </trkpt>
            <trkpt lat="46.666227" lon="8.152057">
                <ele>2627</ele>
            </trkpt>
            <trkpt lat="46.666227" lon="8.152057">
                <ele>2627</ele>
            </trkpt>
            <trkpt lat="46.666227" lon="8.152057">
                <ele>2627</ele>
            </trkpt>
            <trkpt lat="46.666227" lon="8.152057">
                <ele>2627</ele>
            </trkpt>
            <trkpt lat="46.666227" lon="8.152057">
                <ele>2627</ele>
            </trkpt>
            <trkpt lat="46.666227" lon="8.152057">
                <ele>2627</ele>
            </trkpt>
            <trkpt lat="46.666227" lon="8.152057">
                <ele>2627</ele>
            </trkpt>
            <trkpt lat="46.666232" lon="8.152080">
                <ele>2627</ele>
            </trkpt>
            <trkpt lat="46.666235" lon="8.152080">
                <ele>2627</ele>
            </trkpt>
            <trkpt lat="46.666220" lon="8.152095">
                <ele>2611</ele>
            </trkpt>
            <trkpt lat="46.666221" lon="8.152100">
                <ele>2611</ele>
            </trkpt>
            <trkpt lat="46.666220" lon="8.152102">
                <ele>2611</ele>
            </trkpt>
            <trkpt lat="46.666214" lon="8.152103">
                <ele>2611</ele>
            </trkpt>
            <trkpt lat="46.666212" lon="8.152105">
                <ele>2611</ele>
            </trkpt>
            <trkpt lat="46.666214" lon="8.152119">
                <ele>2611</ele>
            </trkpt>
            <trkpt lat="46.666212" lon="8.152107">
                <ele>2611</ele>
            </trkpt>
            <trkpt lat="46.666221" lon="8.152101">
                <ele>2611</ele>
            </trkpt>
            <trkpt lat="46.666211" lon="8.152096">
                <ele>2611</ele>
            </trkpt>
            <trkpt lat="46.666209" lon="8.152095">
                <ele>2611</ele>
            </trkpt>
            <trkpt lat="46.666209" lon="8.152100">
                <ele>2611</ele>
            </trkpt>
            <trkpt lat="46.666207" lon="8.152104">
                <ele>2611</ele>
            </trkpt>
            <trkpt lat="46.666207" lon="8.152104">
                <ele>2611</ele>
            </trkpt>
            <trkpt lat="46.666207" lon="8.152104">
                <ele>2611</ele>
            </trkpt>
            <trkpt lat="46.666205" lon="8.152102">
                <ele>2611</ele>
            </trkpt>
            <trkpt lat="46.666207" lon="8.152104">
                <ele>2611</ele>
            </trkpt>
            <trkpt lat="46.666207" lon="8.152104">
                <ele>2611</ele>
            </trkpt>
            <trkpt lat="46.666207" lon="8.152105">
                <ele>2611</ele>
            </trkpt>
            <trkpt lat="46.666207" lon="8.152104">
                <ele>2611</ele>
            </trkpt>
            <trkpt lat="46.666207" lon="8.152104">
                <ele>2611</ele>
            </trkpt>
            <trkpt lat="46.666207" lon="8.152104">
                <ele>2611</ele>
            </trkpt>
            <trkpt lat="46.666207" lon="8.152104">
                <ele>2611</ele>
            </trkpt>
            <trkpt lat="46.666207" lon="8.152104">
                <ele>2611</ele>
            </trkpt>
            <trkpt lat="46.666207" lon="8.152104">
                <ele>2611</ele>
            </trkpt>
            <trkpt lat="46.666207" lon="8.152104">
                <ele>2611</ele>
            </trkpt>
            <trkpt lat="46.666208" lon="8.152114">
                <ele>2611</ele>
            </trkpt>
            <trkpt lat="46.666204" lon="8.152117">
                <ele>2611</ele>
            </trkpt>
            <trkpt lat="46.666196" lon="8.152119">
                <ele>2611</ele>
            </trkpt>
            <trkpt lat="46.666190" lon="8.152118">
                <ele>2611</ele>
            </trkpt>
            <trkpt lat="46.666198" lon="8.152126">
                <ele>2611</ele>
            </trkpt>
            <trkpt lat="46.666191" lon="8.152126">
                <ele>2611</ele>
            </trkpt>
            <trkpt lat="46.666188" lon="8.152120">
                <ele>2611</ele>
            </trkpt>
            <trkpt lat="46.666188" lon="8.152120">
                <ele>2611</ele>
            </trkpt>
            <trkpt lat="46.666188" lon="8.152120">
                <ele>2611</ele>
            </trkpt>
            <trkpt lat="46.666188" lon="8.152120">
                <ele>2611</ele>
            </trkpt>
            <trkpt lat="46.666188" lon="8.152120">
                <ele>2611</ele>
            </trkpt>
            <trkpt lat="46.666188" lon="8.152120">
                <ele>2611</ele>
            </trkpt>
            <trkpt lat="46.666189" lon="8.152122">
                <ele>2611</ele>
            </trkpt>
            <trkpt lat="46.666178" lon="8.152130">
                <ele>2611</ele>
            </trkpt>
            <trkpt lat="46.666189" lon="8.152137">
                <ele>2611</ele>
            </trkpt>
            <trkpt lat="46.666178" lon="8.152142">
                <ele>2611</ele>
            </trkpt>
            <trkpt lat="46.666178" lon="8.152148">
                <ele>2611</ele>
            </trkpt>
            <trkpt lat="46.666180" lon="8.152141">
                <ele>2611</ele>
            </trkpt>
            <trkpt lat="46.666178" lon="8.152141">
                <ele>2611</ele>
            </trkpt>
            <trkpt lat="46.666178" lon="8.152141">
                <ele>2611</ele>
            </trkpt>
            <trkpt lat="46.666185" lon="8.152154">
                <ele>2611</ele>
            </trkpt>
            <trkpt lat="46.666181" lon="8.152150">
                <ele>2611</ele>
            </trkpt>
            <trkpt lat="46.666178" lon="8.152141">
                <ele>2611</ele>
            </trkpt>
            <trkpt lat="46.666178" lon="8.152141">
                <ele>2611</ele>
            </trkpt>
            <trkpt lat="46.666178" lon="8.152141">
                <ele>2611</ele>
            </trkpt>
            <trkpt lat="46.666182" lon="8.152167">
                <ele>2611</ele>
            </trkpt>
            <trkpt lat="46.666184" lon="8.152173">
                <ele>2611</ele>
            </trkpt>
            <trkpt lat="46.666179" lon="8.152176">
                <ele>2611</ele>
            </trkpt>
            <trkpt lat="46.666177" lon="8.152173">
                <ele>2611</ele>
            </trkpt>
            <trkpt lat="46.666177" lon="8.152173">
                <ele>2611</ele>
            </trkpt>
            <trkpt lat="46.666177" lon="8.152173">
                <ele>2611</ele>
            </trkpt>
            <trkpt lat="46.666177" lon="8.152173">
                <ele>2611</ele>
            </trkpt>
            <trkpt lat="46.666177" lon="8.152173">
                <ele>2611</ele>
            </trkpt>
            <trkpt lat="46.666177" lon="8.152173">
                <ele>2611</ele>
            </trkpt>
            <trkpt lat="46.666177" lon="8.152173">
                <ele>2611</ele>
            </trkpt>
            <trkpt lat="46.666177" lon="8.152173">
                <ele>2611</ele>
            </trkpt>
            <trkpt lat="46.666177" lon="8.152173">
                <ele>2611</ele>
            </trkpt>
            <trkpt lat="46.666177" lon="8.152173">
                <ele>2611</ele>
            </trkpt>
            <trkpt lat="46.666178" lon="8.152202">
                <ele>2611</ele>
            </trkpt>
            <trkpt lat="46.666181" lon="8.152201">
                <ele>2611</ele>
            </trkpt>
            <trkpt lat="46.666181" lon="8.152207">
                <ele>2611</ele>
            </trkpt>
            <trkpt lat="46.666182" lon="8.152221">
                <ele>2611</ele>
            </trkpt>
            <trkpt lat="46.666182" lon="8.152221">
                <ele>2611</ele>
            </trkpt>
            <trkpt lat="46.666182" lon="8.152221">
                <ele>2611</ele>
            </trkpt>
            <trkpt lat="46.666166" lon="8.152229">
                <ele>2611</ele>
            </trkpt>
            <trkpt lat="46.666163" lon="8.152226">
                <ele>2611</ele>
            </trkpt>
            <trkpt lat="46.666165" lon="8.152226">
                <ele>2611</ele>
            </trkpt>
            <trkpt lat="46.666163" lon="8.152226">
                <ele>2611</ele>
            </trkpt>
            <trkpt lat="46.666165" lon="8.152226">
                <ele>2611</ele>
            </trkpt>
            <trkpt lat="46.666163" lon="8.152226">
                <ele>2611</ele>
            </trkpt>
            <trkpt lat="46.666158" lon="8.152217">
                <ele>2611</ele>
            </trkpt>
            <trkpt lat="46.666149" lon="8.152223">
                <ele>2611</ele>
            </trkpt>
            <trkpt lat="46.666149" lon="8.152223">
                <ele>2611</ele>
            </trkpt>
            <trkpt lat="46.666149" lon="8.152223">
                <ele>2611</ele>
            </trkpt>
            <trkpt lat="46.666149" lon="8.152223">
                <ele>2611</ele>
            </trkpt>
            <trkpt lat="46.666149" lon="8.152223">
                <ele>2611</ele>
            </trkpt>
            <trkpt lat="46.666149" lon="8.152223">
                <ele>2611</ele>
            </trkpt>
            <trkpt lat="46.666149" lon="8.152223">
                <ele>2611</ele>
            </trkpt>
            <trkpt lat="46.666149" lon="8.152223">
                <ele>2611</ele>
            </trkpt>
            <trkpt lat="46.666149" lon="8.152223">
                <ele>2611</ele>
            </trkpt>
            <trkpt lat="46.666149" lon="8.152223">
                <ele>2611</ele>
            </trkpt>
            <trkpt lat="46.666149" lon="8.152223">
                <ele>2611</ele>
            </trkpt>
            <trkpt lat="46.666149" lon="8.152223">
                <ele>2611</ele>
            </trkpt>
            <trkpt lat="46.666149" lon="8.152223">
                <ele>2611</ele>
            </trkpt>
            <trkpt lat="46.666149" lon="8.152223">
                <ele>2611</ele>
            </trkpt>
            <trkpt lat="46.666148" lon="8.152243">
                <ele>2611</ele>
            </trkpt>
            <trkpt lat="46.666148" lon="8.152243">
                <ele>2611</ele>
            </trkpt>
            <trkpt lat="46.666146" lon="8.152267">
                <ele>2611</ele>
            </trkpt>
            <trkpt lat="46.666148" lon="8.152280">
                <ele>2611</ele>
            </trkpt>
            <trkpt lat="46.666148" lon="8.152280">
                <ele>2611</ele>
            </trkpt>
            <trkpt lat="46.666146" lon="8.152294">
                <ele>2611</ele>
            </trkpt>
            <trkpt lat="46.666143" lon="8.152300">
                <ele>2611</ele>
            </trkpt>
            <trkpt lat="46.666142" lon="8.152303">
                <ele>2611</ele>
            </trkpt>
            <trkpt lat="46.666145" lon="8.152316">
                <ele>2611</ele>
            </trkpt>
            <trkpt lat="46.666152" lon="8.152327">
                <ele>2611</ele>
            </trkpt>
            <trkpt lat="46.666166" lon="8.152343">
                <ele>2611</ele>
            </trkpt>
            <trkpt lat="46.666188" lon="8.152360">
                <ele>2611</ele>
            </trkpt>
            <trkpt lat="46.666184" lon="8.152357">
                <ele>2611</ele>
            </trkpt>
            <trkpt lat="46.666175" lon="8.152351">
                <ele>2611</ele>
            </trkpt>
            <trkpt lat="46.666178" lon="8.152354">
                <ele>2611</ele>
            </trkpt>
            <trkpt lat="46.666178" lon="8.152354">
                <ele>2611</ele>
            </trkpt>
            <trkpt lat="46.666178" lon="8.152354">
                <ele>2611</ele>
            </trkpt>
            <trkpt lat="46.666178" lon="8.152354">
                <ele>2611</ele>
            </trkpt>
            <trkpt lat="46.666178" lon="8.152354">
                <ele>2611</ele>
            </trkpt>
            <trkpt lat="46.666178" lon="8.152354">
                <ele>2611</ele>
            </trkpt>
            <trkpt lat="46.666172" lon="8.152336">
                <ele>2611</ele>
            </trkpt>
            <trkpt lat="46.666172" lon="8.152336">
                <ele>2611</ele>
            </trkpt>
            <trkpt lat="46.666179" lon="8.152339">
                <ele>2611</ele>
            </trkpt>
            <trkpt lat="46.666172" lon="8.152336">
                <ele>2611</ele>
            </trkpt>
            <trkpt lat="46.666172" lon="8.152336">
                <ele>2611</ele>
            </trkpt>
            <trkpt lat="46.666172" lon="8.152336">
                <ele>2611</ele>
            </trkpt>
            <trkpt lat="46.666179" lon="8.152352">
                <ele>2611</ele>
            </trkpt>
            <trkpt lat="46.666184" lon="8.152368">
                <ele>2541</ele>
            </trkpt>
            <trkpt lat="46.666184" lon="8.152368">
                <ele>2541</ele>
            </trkpt>
            <trkpt lat="46.666184" lon="8.152369">
                <ele>2541</ele>
            </trkpt>
            <trkpt lat="46.666184" lon="8.152368">
                <ele>2541</ele>
            </trkpt>
            <trkpt lat="46.666184" lon="8.152368">
                <ele>2541</ele>
            </trkpt>
            <trkpt lat="46.666189" lon="8.152393">
                <ele>2541</ele>
            </trkpt>
            <trkpt lat="46.666188" lon="8.152396">
                <ele>2541</ele>
            </trkpt>
            <trkpt lat="46.666188" lon="8.152396">
                <ele>2541</ele>
            </trkpt>
            <trkpt lat="46.666189" lon="8.152419">
                <ele>2541</ele>
            </trkpt>
            <trkpt lat="46.666205" lon="8.152442">
                <ele>2541</ele>
            </trkpt>
            <trkpt lat="46.666205" lon="8.152442">
                <ele>2541</ele>
            </trkpt>
            <trkpt lat="46.666205" lon="8.152442">
                <ele>2541</ele>
            </trkpt>
            <trkpt lat="46.666196" lon="8.152461">
                <ele>2541</ele>
            </trkpt>
            <trkpt lat="46.666196" lon="8.152461">
                <ele>2541</ele>
            </trkpt>
            <trkpt lat="46.666198" lon="8.152464">
                <ele>2541</ele>
            </trkpt>
            <trkpt lat="46.666195" lon="8.152461">
                <ele>2541</ele>
            </trkpt>
            <trkpt lat="46.666193" lon="8.152471">
                <ele>2541</ele>
            </trkpt>
            <trkpt lat="46.666194" lon="8.152475">
                <ele>2541</ele>
            </trkpt>
            <trkpt lat="46.666196" lon="8.152461">
                <ele>2541</ele>
            </trkpt>
            <trkpt lat="46.666196" lon="8.152461">
                <ele>2541</ele>
            </trkpt>
            <trkpt lat="46.666196" lon="8.152461">
                <ele>2541</ele>
            </trkpt>
            <trkpt lat="46.666207" lon="8.152482">
                <ele>2541</ele>
            </trkpt>
            <trkpt lat="46.666207" lon="8.152481">
                <ele>2541</ele>
            </trkpt>
            <trkpt lat="46.666205" lon="8.152479">
                <ele>2541</ele>
            </trkpt>
            <trkpt lat="46.666207" lon="8.152482">
                <ele>2541</ele>
            </trkpt>
            <trkpt lat="46.666207" lon="8.152482">
                <ele>2541</ele>
            </trkpt>
            <trkpt lat="46.666207" lon="8.152482">
                <ele>2541</ele>
            </trkpt>
            <trkpt lat="46.666207" lon="8.152482">
                <ele>2541</ele>
            </trkpt>
            <trkpt lat="46.666204" lon="8.152477">
                <ele>2541</ele>
            </trkpt>
            <trkpt lat="46.666205" lon="8.152474">
                <ele>2541</ele>
            </trkpt>
            <trkpt lat="46.666207" lon="8.152482">
                <ele>2541</ele>
            </trkpt>
            <trkpt lat="46.666207" lon="8.152482">
                <ele>2541</ele>
            </trkpt>
            <trkpt lat="46.666207" lon="8.152482">
                <ele>2541</ele>
            </trkpt>
            <trkpt lat="46.666204" lon="8.152474">
                <ele>2541</ele>
            </trkpt>
            <trkpt lat="46.666207" lon="8.152482">
                <ele>2541</ele>
            </trkpt>
            <trkpt lat="46.666207" lon="8.152482">
                <ele>2541</ele>
            </trkpt>
            <trkpt lat="46.666208" lon="8.152468">
                <ele>2541</ele>
            </trkpt>
            <trkpt lat="46.666223" lon="8.152472">
                <ele>2541</ele>
            </trkpt>
            <trkpt lat="46.666226" lon="8.152466">
                <ele>2541</ele>
            </trkpt>
            <trkpt lat="46.666226" lon="8.152466">
                <ele>2541</ele>
            </trkpt>
            <trkpt lat="46.666227" lon="8.152474">
                <ele>2541</ele>
            </trkpt>
            <trkpt lat="46.666237" lon="8.152469">
                <ele>2541</ele>
            </trkpt>
            <trkpt lat="46.666242" lon="8.152467">
                <ele>2541</ele>
            </trkpt>
            <trkpt lat="46.666245" lon="8.152471">
                <ele>2541</ele>
            </trkpt>
            <trkpt lat="46.666245" lon="8.152471">
                <ele>2541</ele>
            </trkpt>
            <trkpt lat="46.666245" lon="8.152471">
                <ele>2541</ele>
            </trkpt>
            <trkpt lat="46.666245" lon="8.152471">
                <ele>2541</ele>
            </trkpt>
            <trkpt lat="46.666245" lon="8.152471">
                <ele>2541</ele>
            </trkpt>
            <trkpt lat="46.666240" lon="8.152453">
                <ele>2541</ele>
            </trkpt>
            <trkpt lat="46.666232" lon="8.152412">
                <ele>2541</ele>
            </trkpt>
            <trkpt lat="46.666228" lon="8.152374">
                <ele>2541</ele>
            </trkpt>
            <trkpt lat="46.666228" lon="8.152375">
                <ele>2541</ele>
            </trkpt>
            <trkpt lat="46.666225" lon="8.152379">
                <ele>2541</ele>
            </trkpt>
            <trkpt lat="46.666226" lon="8.152376">
                <ele>2541</ele>
            </trkpt>
            <trkpt lat="46.666221" lon="8.152378">
                <ele>2541</ele>
            </trkpt>
            <trkpt lat="46.666228" lon="8.152375">
                <ele>2541</ele>
            </trkpt>
            <trkpt lat="46.666228" lon="8.152375">
                <ele>2541</ele>
            </trkpt>
            <trkpt lat="46.666228" lon="8.152375">
                <ele>2541</ele>
            </trkpt>
            <trkpt lat="46.666216" lon="8.152383">
                <ele>2541</ele>
            </trkpt>
            <trkpt lat="46.666215" lon="8.152384">
                <ele>2541</ele>
            </trkpt>
            <trkpt lat="46.666228" lon="8.152375">
                <ele>2541</ele>
            </trkpt>
            <trkpt lat="46.666228" lon="8.152375">
                <ele>2541</ele>
            </trkpt>
            <trkpt lat="46.666228" lon="8.152375">
                <ele>2541</ele>
            </trkpt>
            <trkpt lat="46.666228" lon="8.152375">
                <ele>2541</ele>
            </trkpt>
            <trkpt lat="46.666219" lon="8.152385">
                <ele>2541</ele>
            </trkpt>
            <trkpt lat="46.666216" lon="8.152392">
                <ele>2541</ele>
            </trkpt>
            <trkpt lat="46.666214" lon="8.152392">
                <ele>2541</ele>
            </trkpt>
            <trkpt lat="46.666214" lon="8.152392">
                <ele>2541</ele>
            </trkpt>
            <trkpt lat="46.666213" lon="8.152394">
                <ele>2541</ele>
            </trkpt>
            <trkpt lat="46.666212" lon="8.152392">
                <ele>2541</ele>
            </trkpt>
            <trkpt lat="46.666214" lon="8.152392">
                <ele>2541</ele>
            </trkpt>
            <trkpt lat="46.666217" lon="8.152387">
                <ele>2541</ele>
            </trkpt>
            <trkpt lat="46.666218" lon="8.152385">
                <ele>2541</ele>
            </trkpt>
            <trkpt lat="46.666214" lon="8.152392">
                <ele>2541</ele>
            </trkpt>
            <trkpt lat="46.666214" lon="8.152392">
                <ele>2541</ele>
            </trkpt>
            <trkpt lat="46.666222" lon="8.152391">
                <ele>2541</ele>
            </trkpt>
            <trkpt lat="46.666225" lon="8.152393">
                <ele>2541</ele>
            </trkpt>
            <trkpt lat="46.666229" lon="8.152393">
                <ele>2541</ele>
            </trkpt>
            <trkpt lat="46.666229" lon="8.152393">
                <ele>2541</ele>
            </trkpt>
            <trkpt lat="46.666229" lon="8.152393">
                <ele>2541</ele>
            </trkpt>
            <trkpt lat="46.666229" lon="8.152393">
                <ele>2541</ele>
            </trkpt>
            <trkpt lat="46.666229" lon="8.152393">
                <ele>2541</ele>
            </trkpt>
            <trkpt lat="46.666229" lon="8.152393">
                <ele>2541</ele>
            </trkpt>
            <trkpt lat="46.666229" lon="8.152393">
                <ele>2541</ele>
            </trkpt>
            <trkpt lat="46.666229" lon="8.152393">
                <ele>2541</ele>
            </trkpt>
            <trkpt lat="46.666229" lon="8.152393">
                <ele>2541</ele>
            </trkpt>
            <trkpt lat="46.666229" lon="8.152393">
                <ele>2541</ele>
            </trkpt>
            <trkpt lat="46.666229" lon="8.152393">
                <ele>2541</ele>
            </trkpt>
            <trkpt lat="46.666229" lon="8.152393">
                <ele>2541</ele>
            </trkpt>
            <trkpt lat="46.666229" lon="8.152393">
                <ele>2541</ele>
            </trkpt>
            <trkpt lat="46.666229" lon="8.152393">
                <ele>2541</ele>
            </trkpt>
            <trkpt lat="46.666229" lon="8.152393">
                <ele>2541</ele>
            </trkpt>
            <trkpt lat="46.666229" lon="8.152393">
                <ele>2541</ele>
            </trkpt>
            <trkpt lat="46.666229" lon="8.152393">
                <ele>2541</ele>
            </trkpt>
            <trkpt lat="46.666229" lon="8.152393">
                <ele>2541</ele>
            </trkpt>
            <trkpt lat="46.666217" lon="8.152403">
                <ele>2541</ele>
            </trkpt>
            <trkpt lat="46.666217" lon="8.152403">
                <ele>2541</ele>
            </trkpt>
            <trkpt lat="46.666216" lon="8.152404">
                <ele>2541</ele>
            </trkpt>
            <trkpt lat="46.666214" lon="8.152402">
                <ele>2541</ele>
            </trkpt>
            <trkpt lat="46.666213" lon="8.152405">
                <ele>2541</ele>
            </trkpt>
            <trkpt lat="46.666217" lon="8.152403">
                <ele>2541</ele>
            </trkpt>
            <trkpt lat="46.666217" lon="8.152403">
                <ele>2541</ele>
            </trkpt>
            <trkpt lat="46.666209" lon="8.152407">
                <ele>2541</ele>
            </trkpt>
            <trkpt lat="46.666210" lon="8.152407">
                <ele>2541</ele>
            </trkpt>
            <trkpt lat="46.666211" lon="8.152415">
                <ele>2541</ele>
            </trkpt>
            <trkpt lat="46.666204" lon="8.152439">
                <ele>2541</ele>
            </trkpt>
            <trkpt lat="46.666214" lon="8.152420">
                <ele>2541</ele>
            </trkpt>
            <trkpt lat="46.666207" lon="8.152433">
                <ele>2541</ele>
            </trkpt>
            <trkpt lat="46.666204" lon="8.152437">
                <ele>2541</ele>
            </trkpt>
            <trkpt lat="46.666211" lon="8.152415">
                <ele>2541</ele>
            </trkpt>
            <trkpt lat="46.666217" lon="8.152403">
                <ele>2541</ele>
            </trkpt>
            <trkpt lat="46.666217" lon="8.152403">
                <ele>2541</ele>
            </trkpt>
            <trkpt lat="46.666217" lon="8.152403">
                <ele>2541</ele>
            </trkpt>
            <trkpt lat="46.666217" lon="8.152403">
                <ele>2541</ele>
            </trkpt>
            <trkpt lat="46.666217" lon="8.152403">
                <ele>2541</ele>
            </trkpt>
            <trkpt lat="46.666217" lon="8.152403">
                <ele>2541</ele>
            </trkpt>
            <trkpt lat="46.666217" lon="8.152403">
                <ele>2541</ele>
            </trkpt>
            <trkpt lat="46.666213" lon="8.152414">
                <ele>2541</ele>
            </trkpt>
            <trkpt lat="46.666217" lon="8.152403">
                <ele>2541</ele>
            </trkpt>
            <trkpt lat="46.666217" lon="8.152403">
                <ele>2541</ele>
            </trkpt>
            <trkpt lat="46.666217" lon="8.152403">
                <ele>2541</ele>
            </trkpt>
            <trkpt lat="46.666208" lon="8.152420">
                <ele>2541</ele>
            </trkpt>
            <trkpt lat="46.666207" lon="8.152421">
                <ele>2541</ele>
            </trkpt>
            <trkpt lat="46.666208" lon="8.152429">
                <ele>2541</ele>
            </trkpt>
            <trkpt lat="46.666209" lon="8.152425">
                <ele>2541</ele>
            </trkpt>
            <trkpt lat="46.666207" lon="8.152421">
                <ele>2541</ele>
            </trkpt>
            <trkpt lat="46.666207" lon="8.152421">
                <ele>2541</ele>
            </trkpt>
            <trkpt lat="46.666207" lon="8.152421">
                <ele>2541</ele>
            </trkpt>
            <trkpt lat="46.666207" lon="8.152420">
                <ele>2541</ele>
            </trkpt>
            <trkpt lat="46.666207" lon="8.152421">
                <ele>2541</ele>
            </trkpt>
            <trkpt lat="46.666207" lon="8.152421">
                <ele>2541</ele>
            </trkpt>
            <trkpt lat="46.666207" lon="8.152421">
                <ele>2541</ele>
            </trkpt>
            <trkpt lat="46.666207" lon="8.152421">
                <ele>2541</ele>
            </trkpt>
            <trkpt lat="46.666201" lon="8.152424">
                <ele>2541</ele>
            </trkpt>
            <trkpt lat="46.666200" lon="8.152423">
                <ele>2541</ele>
            </trkpt>
            <trkpt lat="46.666200" lon="8.152421">
                <ele>2541</ele>
            </trkpt>
            <trkpt lat="46.666203" lon="8.152423">
                <ele>2541</ele>
            </trkpt>
            <trkpt lat="46.666207" lon="8.152421">
                <ele>2541</ele>
            </trkpt>
            <trkpt lat="46.666207" lon="8.152421">
                <ele>2541</ele>
            </trkpt>
            <trkpt lat="46.666207" lon="8.152421">
                <ele>2541</ele>
            </trkpt>
            <trkpt lat="46.666203" lon="8.152431">
                <ele>2541</ele>
            </trkpt>
            <trkpt lat="46.666207" lon="8.152421">
                <ele>2541</ele>
            </trkpt>
            <trkpt lat="46.666204" lon="8.152416">
                <ele>2541</ele>
            </trkpt>
            <trkpt lat="46.666207" lon="8.152421">
                <ele>2541</ele>
            </trkpt>
            <trkpt lat="46.666207" lon="8.152421">
                <ele>2541</ele>
            </trkpt>
            <trkpt lat="46.666207" lon="8.152421">
                <ele>2541</ele>
            </trkpt>
            <trkpt lat="46.666207" lon="8.152421">
                <ele>2541</ele>
            </trkpt>
            <trkpt lat="46.666207" lon="8.152421">
                <ele>2541</ele>
            </trkpt>
            <trkpt lat="46.666207" lon="8.152421">
                <ele>2541</ele>
            </trkpt>
            <trkpt lat="46.666207" lon="8.152421">
                <ele>2541</ele>
            </trkpt>
            <trkpt lat="46.666207" lon="8.152421">
                <ele>2541</ele>
            </trkpt>
            <trkpt lat="46.666207" lon="8.152421">
                <ele>2541</ele>
            </trkpt>
            <trkpt lat="46.666207" lon="8.152421">
                <ele>2541</ele>
            </trkpt>
            <trkpt lat="46.666203" lon="8.152427">
                <ele>2541</ele>
            </trkpt>
            <trkpt lat="46.666203" lon="8.152428">
                <ele>2541</ele>
            </trkpt>
            <trkpt lat="46.666203" lon="8.152441">
                <ele>2541</ele>
            </trkpt>
            <trkpt lat="46.666203" lon="8.152434">
                <ele>2541</ele>
            </trkpt>
            <trkpt lat="46.666203" lon="8.152441">
                <ele>2541</ele>
            </trkpt>
            <trkpt lat="46.666203" lon="8.152441">
                <ele>2541</ele>
            </trkpt>
            <trkpt lat="46.666203" lon="8.152441">
                <ele>2541</ele>
            </trkpt>
            <trkpt lat="46.666203" lon="8.152441">
                <ele>2541</ele>
            </trkpt>
            <trkpt lat="46.666203" lon="8.152441">
                <ele>2541</ele>
            </trkpt>
            <trkpt lat="46.666203" lon="8.152441">
                <ele>2541</ele>
            </trkpt>
            <trkpt lat="46.666203" lon="8.152441">
                <ele>2541</ele>
            </trkpt>
            <trkpt lat="46.666203" lon="8.152441">
                <ele>2541</ele>
            </trkpt>
            <trkpt lat="46.666203" lon="8.152441">
                <ele>2541</ele>
            </trkpt>
            <trkpt lat="46.666203" lon="8.152441">
                <ele>2541</ele>
            </trkpt>
            <trkpt lat="46.666203" lon="8.152441">
                <ele>2541</ele>
            </trkpt>
            <trkpt lat="46.666201" lon="8.152440">
                <ele>2541</ele>
            </trkpt>
            <trkpt lat="46.666203" lon="8.152441">
                <ele>2541</ele>
            </trkpt>
            <trkpt lat="46.666203" lon="8.152441">
                <ele>2541</ele>
            </trkpt>
            <trkpt lat="46.666203" lon="8.152441">
                <ele>2541</ele>
            </trkpt>
            <trkpt lat="46.666203" lon="8.152441">
                <ele>2541</ele>
            </trkpt>
            <trkpt lat="46.666203" lon="8.152441">
                <ele>2541</ele>
            </trkpt>
            <trkpt lat="46.666203" lon="8.152441">
                <ele>2541</ele>
            </trkpt>
            <trkpt lat="46.666203" lon="8.152441">
                <ele>2541</ele>
            </trkpt>
            <trkpt lat="46.666203" lon="8.152441">
                <ele>2541</ele>
            </trkpt>
            <trkpt lat="46.666203" lon="8.152441">
                <ele>2541</ele>
            </trkpt>
            <trkpt lat="46.666203" lon="8.152441">
                <ele>2541</ele>
            </trkpt>
            <trkpt lat="46.666203" lon="8.152441">
                <ele>2541</ele>
            </trkpt>
            <trkpt lat="46.666203" lon="8.152441">
                <ele>2541</ele>
            </trkpt>
            <trkpt lat="46.666203" lon="8.152432">
                <ele>2541</ele>
            </trkpt>
            <trkpt lat="46.666200" lon="8.152433">
                <ele>2541</ele>
            </trkpt>
            <trkpt lat="46.666197" lon="8.152432">
                <ele>2541</ele>
            </trkpt>
            <trkpt lat="46.666197" lon="8.152437">
                <ele>2541</ele>
            </trkpt>
            <trkpt lat="46.666204" lon="8.152438">
                <ele>2541</ele>
            </trkpt>
            <trkpt lat="46.666203" lon="8.152441">
                <ele>2541</ele>
            </trkpt>
            <trkpt lat="46.666203" lon="8.152441">
                <ele>2541</ele>
            </trkpt>
            <trkpt lat="46.666203" lon="8.152441">
                <ele>2541</ele>
            </trkpt>
            <trkpt lat="46.666203" lon="8.152447">
                <ele>2541</ele>
            </trkpt>
            <trkpt lat="46.666201" lon="8.152462">
                <ele>2541</ele>
            </trkpt>
            <trkpt lat="46.666203" lon="8.152472">
                <ele>2541</ele>
            </trkpt>
            <trkpt lat="46.666203" lon="8.152472">
                <ele>2541</ele>
            </trkpt>
            <trkpt lat="46.666203" lon="8.152472">
                <ele>2541</ele>
            </trkpt>
            <trkpt lat="46.666203" lon="8.152472">
                <ele>2541</ele>
            </trkpt>
            <trkpt lat="46.666203" lon="8.152472">
                <ele>2541</ele>
            </trkpt>
            <trkpt lat="46.666203" lon="8.152472">
                <ele>2541</ele>
            </trkpt>
            <trkpt lat="46.666199" lon="8.152469">
                <ele>2541</ele>
            </trkpt>
            <trkpt lat="46.666203" lon="8.152472">
                <ele>2541</ele>
            </trkpt>
            <trkpt lat="46.666203" lon="8.152472">
                <ele>2541</ele>
            </trkpt>
            <trkpt lat="46.666203" lon="8.152472">
                <ele>2541</ele>
            </trkpt>
            <trkpt lat="46.666203" lon="8.152472">
                <ele>2541</ele>
            </trkpt>
            <trkpt lat="46.666196" lon="8.152461">
                <ele>2541</ele>
            </trkpt>
            <trkpt lat="46.666199" lon="8.152456">
                <ele>2541</ele>
            </trkpt>
            <trkpt lat="46.666207" lon="8.152447">
                <ele>2541</ele>
            </trkpt>
            <trkpt lat="46.666208" lon="8.152451">
                <ele>2541</ele>
            </trkpt>
            <trkpt lat="46.666206" lon="8.152454">
                <ele>2541</ele>
            </trkpt>
            <trkpt lat="46.666206" lon="8.152454">
                <ele>2541</ele>
            </trkpt>
            <trkpt lat="46.666206" lon="8.152454">
                <ele>2541</ele>
            </trkpt>
            <trkpt lat="46.666206" lon="8.152454">
                <ele>2541</ele>
            </trkpt>
            <trkpt lat="46.666206" lon="8.152454">
                <ele>2541</ele>
            </trkpt>
            <trkpt lat="46.666206" lon="8.152454">
                <ele>2541</ele>
            </trkpt>
            <trkpt lat="46.666206" lon="8.152454">
                <ele>2541</ele>
            </trkpt>
            <trkpt lat="46.666208" lon="8.152430">
                <ele>2541</ele>
            </trkpt>
            <trkpt lat="46.666211" lon="8.152426">
                <ele>2541</ele>
            </trkpt>
            <trkpt lat="46.666206" lon="8.152454">
                <ele>2541</ele>
            </trkpt>
            <trkpt lat="46.666206" lon="8.152454">
                <ele>2541</ele>
            </trkpt>
            <trkpt lat="46.666201" lon="8.152438">
                <ele>2541</ele>
            </trkpt>
            <trkpt lat="46.666201" lon="8.152438">
                <ele>2541</ele>
            </trkpt>
            <trkpt lat="46.666196" lon="8.152455">
                <ele>2541</ele>
            </trkpt>
            <trkpt lat="46.666196" lon="8.152456">
                <ele>2541</ele>
            </trkpt>
            <trkpt lat="46.666197" lon="8.152450">
                <ele>2541</ele>
            </trkpt>
            <trkpt lat="46.666197" lon="8.152440">
                <ele>2541</ele>
            </trkpt>
            <trkpt lat="46.666197" lon="8.152433">
                <ele>2541</ele>
            </trkpt>
            <trkpt lat="46.666196" lon="8.152438">
                <ele>2541</ele>
            </trkpt>
            <trkpt lat="46.666193" lon="8.152443">
                <ele>2541</ele>
            </trkpt>
            <trkpt lat="46.666198" lon="8.152452">
                <ele>2541</ele>
            </trkpt>
            <trkpt lat="46.666198" lon="8.152453">
                <ele>2541</ele>
            </trkpt>
            <trkpt lat="46.666201" lon="8.152438">
                <ele>2541</ele>
            </trkpt>
            <trkpt lat="46.666201" lon="8.152438">
                <ele>2541</ele>
            </trkpt>
            <trkpt lat="46.666201" lon="8.152438">
                <ele>2541</ele>
            </trkpt>
            <trkpt lat="46.666190" lon="8.152443">
                <ele>2541</ele>
            </trkpt>
            <trkpt lat="46.666201" lon="8.152438">
                <ele>2541</ele>
            </trkpt>
            <trkpt lat="46.666201" lon="8.152438">
                <ele>2541</ele>
            </trkpt>
            <trkpt lat="46.666189" lon="8.152445">
                <ele>2541</ele>
            </trkpt>
            <trkpt lat="46.666186" lon="8.152443">
                <ele>2541</ele>
            </trkpt>
            <trkpt lat="46.666186" lon="8.152439">
                <ele>2541</ele>
            </trkpt>
            <trkpt lat="46.666186" lon="8.152439">
                <ele>2541</ele>
            </trkpt>
            <trkpt lat="46.666189" lon="8.152439">
                <ele>2541</ele>
            </trkpt>
            <trkpt lat="46.666197" lon="8.152437">
                <ele>2541</ele>
            </trkpt>
            <trkpt lat="46.666199" lon="8.152438">
                <ele>2541</ele>
            </trkpt>
            <trkpt lat="46.666174" lon="8.152430">
                <ele>2541</ele>
            </trkpt>
            <trkpt lat="46.666166" lon="8.152435">
                <ele>2541</ele>
            </trkpt>
            <trkpt lat="46.666141" lon="8.152414">
                <ele>2541</ele>
            </trkpt>
            <trkpt lat="46.666131" lon="8.152405">
                <ele>2541</ele>
            </trkpt>
            <trkpt lat="46.666126" lon="8.152407">
                <ele>2541</ele>
            </trkpt>
            <trkpt lat="46.666127" lon="8.152406">
                <ele>2541</ele>
            </trkpt>
            <trkpt lat="46.666123" lon="8.152397">
                <ele>2541</ele>
            </trkpt>
            <trkpt lat="46.666122" lon="8.152398">
                <ele>2541</ele>
            </trkpt>
            <trkpt lat="46.666121" lon="8.152395">
                <ele>2541</ele>
            </trkpt>
            <trkpt lat="46.666126" lon="8.152401">
                <ele>2541</ele>
            </trkpt>
            <trkpt lat="46.666133" lon="8.152398">
                <ele>2541</ele>
            </trkpt>
            <trkpt lat="46.666129" lon="8.152365">
                <ele>2541</ele>
            </trkpt>
            <trkpt lat="46.666127" lon="8.152346">
                <ele>2611</ele>
            </trkpt>
            <trkpt lat="46.666126" lon="8.152365">
                <ele>2541</ele>
            </trkpt>
            <trkpt lat="46.666119" lon="8.152361">
                <ele>2541</ele>
            </trkpt>
            <trkpt lat="46.666117" lon="8.152353">
                <ele>2611</ele>
            </trkpt>
            <trkpt lat="46.666115" lon="8.152344">
                <ele>2611</ele>
            </trkpt>
            <trkpt lat="46.666115" lon="8.152344">
                <ele>2611</ele>
            </trkpt>
            <trkpt lat="46.666114" lon="8.152359">
                <ele>2611</ele>
            </trkpt>
            <trkpt lat="46.666115" lon="8.152344">
                <ele>2611</ele>
            </trkpt>
            <trkpt lat="46.666106" lon="8.152366">
                <ele>2541</ele>
            </trkpt>
            <trkpt lat="46.666105" lon="8.152369">
                <ele>2541</ele>
            </trkpt>
            <trkpt lat="46.666105" lon="8.152369">
                <ele>2541</ele>
            </trkpt>
            <trkpt lat="46.666105" lon="8.152369">
                <ele>2541</ele>
            </trkpt>
            <trkpt lat="46.666099" lon="8.152385">
                <ele>2541</ele>
            </trkpt>
            <trkpt lat="46.666091" lon="8.152381">
                <ele>2541</ele>
            </trkpt>
            <trkpt lat="46.666091" lon="8.152381">
                <ele>2541</ele>
            </trkpt>
            <trkpt lat="46.666091" lon="8.152381">
                <ele>2541</ele>
            </trkpt>
            <trkpt lat="46.666091" lon="8.152381">
                <ele>2541</ele>
            </trkpt>
            <trkpt lat="46.666085" lon="8.152394">
                <ele>2541</ele>
            </trkpt>
            <trkpt lat="46.666083" lon="8.152394">
                <ele>2541</ele>
            </trkpt>
            <trkpt lat="46.666081" lon="8.152398">
                <ele>2541</ele>
            </trkpt>
            <trkpt lat="46.666080" lon="8.152398">
                <ele>2541</ele>
            </trkpt>
            <trkpt lat="46.666074" lon="8.152428">
                <ele>2541</ele>
            </trkpt>
            <trkpt lat="46.666073" lon="8.152433">
                <ele>2541</ele>
            </trkpt>
            <trkpt lat="46.666073" lon="8.152433">
                <ele>2541</ele>
            </trkpt>
            <trkpt lat="46.666067" lon="8.152413">
                <ele>2541</ele>
            </trkpt>
            <trkpt lat="46.666065" lon="8.152419">
                <ele>2541</ele>
            </trkpt>
            <trkpt lat="46.666073" lon="8.152433">
                <ele>2541</ele>
            </trkpt>
            <trkpt lat="46.666062" lon="8.152434">
                <ele>2541</ele>
            </trkpt>
            <trkpt lat="46.666060" lon="8.152435">
                <ele>2541</ele>
            </trkpt>
            <trkpt lat="46.666045" lon="8.152421">
                <ele>2541</ele>
            </trkpt>
            <trkpt lat="46.666027" lon="8.152407">
                <ele>2541</ele>
            </trkpt>
            <trkpt lat="46.666029" lon="8.152405">
                <ele>2541</ele>
            </trkpt>
            <trkpt lat="46.666016" lon="8.152364">
                <ele>2541</ele>
            </trkpt>
            <trkpt lat="46.666022" lon="8.152360">
                <ele>2611</ele>
            </trkpt>
            <trkpt lat="46.666024" lon="8.152359">
                <ele>2611</ele>
            </trkpt>
            <trkpt lat="46.666005" lon="8.152344">
                <ele>2611</ele>
            </trkpt>
            <trkpt lat="46.666008" lon="8.152334">
                <ele>2611</ele>
            </trkpt>
            <trkpt lat="46.665999" lon="8.152323">
                <ele>2611</ele>
            </trkpt>
            <trkpt lat="46.665991" lon="8.152324">
                <ele>2611</ele>
            </trkpt>
            <trkpt lat="46.665988" lon="8.152322">
                <ele>2611</ele>
            </trkpt>
            <trkpt lat="46.665990" lon="8.152317">
                <ele>2611</ele>
            </trkpt>
            <trkpt lat="46.665991" lon="8.152318">
                <ele>2611</ele>
            </trkpt>
            <trkpt lat="46.665993" lon="8.152313">
                <ele>2611</ele>
            </trkpt>
            <trkpt lat="46.665993" lon="8.152313">
                <ele>2611</ele>
            </trkpt>
            <trkpt lat="46.665993" lon="8.152313">
                <ele>2611</ele>
            </trkpt>
            <trkpt lat="46.665993" lon="8.152313">
                <ele>2611</ele>
            </trkpt>
            <trkpt lat="46.665993" lon="8.152303">
                <ele>2611</ele>
            </trkpt>
            <trkpt lat="46.665993" lon="8.152313">
                <ele>2611</ele>
            </trkpt>
            <trkpt lat="46.665993" lon="8.152313">
                <ele>2611</ele>
            </trkpt>
            <trkpt lat="46.665991" lon="8.152283">
                <ele>2611</ele>
            </trkpt>
            <trkpt lat="46.665996" lon="8.152285">
                <ele>2611</ele>
            </trkpt>
            <trkpt lat="46.665999" lon="8.152281">
                <ele>2611</ele>
            </trkpt>
            <trkpt lat="46.665997" lon="8.152277">
                <ele>2611</ele>
            </trkpt>
            <trkpt lat="46.665999" lon="8.152281">
                <ele>2611</ele>
            </trkpt>
            <trkpt lat="46.665996" lon="8.152270">
                <ele>2611</ele>
            </trkpt>
            <trkpt lat="46.666004" lon="8.152284">
                <ele>2611</ele>
            </trkpt>
            <trkpt lat="46.666001" lon="8.152291">
                <ele>2611</ele>
            </trkpt>
            <trkpt lat="46.666000" lon="8.152291">
                <ele>2611</ele>
            </trkpt>
            <trkpt lat="46.665996" lon="8.152283">
                <ele>2611</ele>
            </trkpt>
            <trkpt lat="46.665999" lon="8.152281">
                <ele>2611</ele>
            </trkpt>
            <trkpt lat="46.665998" lon="8.152288">
                <ele>2611</ele>
            </trkpt>
            <trkpt lat="46.665994" lon="8.152290">
                <ele>2611</ele>
            </trkpt>
            <trkpt lat="46.665995" lon="8.152299">
                <ele>2611</ele>
            </trkpt>
            <trkpt lat="46.665997" lon="8.152304">
                <ele>2611</ele>
            </trkpt>
            <trkpt lat="46.665990" lon="8.152306">
                <ele>2611</ele>
            </trkpt>
            <trkpt lat="46.665988" lon="8.152298">
                <ele>2611</ele>
            </trkpt>
            <trkpt lat="46.665986" lon="8.152320">
                <ele>2611</ele>
            </trkpt>
            <trkpt lat="46.665991" lon="8.152310">
                <ele>2611</ele>
            </trkpt>
            <trkpt lat="46.666003" lon="8.152314">
                <ele>2611</ele>
            </trkpt>
            <trkpt lat="46.666004" lon="8.152289">
                <ele>2611</ele>
            </trkpt>
            <trkpt lat="46.666000" lon="8.152310">
                <ele>2611</ele>
            </trkpt>
            <trkpt lat="46.666001" lon="8.152305">
                <ele>2611</ele>
            </trkpt>
            <trkpt lat="46.665997" lon="8.152300">
                <ele>2611</ele>
            </trkpt>
            <trkpt lat="46.665995" lon="8.152298">
                <ele>2611</ele>
            </trkpt>
            <trkpt lat="46.665999" lon="8.152273">
                <ele>2611</ele>
            </trkpt>
            <trkpt lat="46.665998" lon="8.152292">
                <ele>2611</ele>
            </trkpt>
            <trkpt lat="46.665999" lon="8.152297">
                <ele>2611</ele>
            </trkpt>
            <trkpt lat="46.665999" lon="8.152281">
                <ele>2611</ele>
            </trkpt>
            <trkpt lat="46.665999" lon="8.152281">
                <ele>2611</ele>
            </trkpt>
            <trkpt lat="46.665999" lon="8.152281">
                <ele>2611</ele>
            </trkpt>
            <trkpt lat="46.665991" lon="8.152282">
                <ele>2611</ele>
            </trkpt>
            <trkpt lat="46.665999" lon="8.152281">
                <ele>2611</ele>
            </trkpt>
            <trkpt lat="46.665999" lon="8.152281">
                <ele>2611</ele>
            </trkpt>
            <trkpt lat="46.665999" lon="8.152281">
                <ele>2611</ele>
            </trkpt>
            <trkpt lat="46.665996" lon="8.152287">
                <ele>2611</ele>
            </trkpt>
            <trkpt lat="46.665994" lon="8.152293">
                <ele>2611</ele>
            </trkpt>
            <trkpt lat="46.665995" lon="8.152288">
                <ele>2611</ele>
            </trkpt>
            <trkpt lat="46.665992" lon="8.152305">
                <ele>2611</ele>
            </trkpt>
            <trkpt lat="46.665996" lon="8.152306">
                <ele>2611</ele>
            </trkpt>
            <trkpt lat="46.665997" lon="8.152322">
                <ele>2611</ele>
            </trkpt>
            <trkpt lat="46.665997" lon="8.152314">
                <ele>2611</ele>
            </trkpt>
            <trkpt lat="46.665996" lon="8.152294">
                <ele>2611</ele>
            </trkpt>
            <trkpt lat="46.665996" lon="8.152291">
                <ele>2611</ele>
            </trkpt>
            <trkpt lat="46.665990" lon="8.152304">
                <ele>2611</ele>
            </trkpt>
            <trkpt lat="46.665993" lon="8.152298">
                <ele>2611</ele>
            </trkpt>
            <trkpt lat="46.665993" lon="8.152306">
                <ele>2611</ele>
            </trkpt>
            <trkpt lat="46.665994" lon="8.152306">
                <ele>2611</ele>
            </trkpt>
            <trkpt lat="46.665992" lon="8.152307">
                <ele>2611</ele>
            </trkpt>
            <trkpt lat="46.665992" lon="8.152301">
                <ele>2611</ele>
            </trkpt>
            <trkpt lat="46.665986" lon="8.152288">
                <ele>2611</ele>
            </trkpt>
            <trkpt lat="46.665992" lon="8.152287">
                <ele>2611</ele>
            </trkpt>
            <trkpt lat="46.665987" lon="8.152291">
                <ele>2611</ele>
            </trkpt>
            <trkpt lat="46.665993" lon="8.152314">
                <ele>2611</ele>
            </trkpt>
            <trkpt lat="46.665995" lon="8.152320">
                <ele>2611</ele>
            </trkpt>
            <trkpt lat="46.665996" lon="8.152319">
                <ele>2611</ele>
            </trkpt>
            <trkpt lat="46.665996" lon="8.152319">
                <ele>2611</ele>
            </trkpt>
            <trkpt lat="46.666001" lon="8.152309">
                <ele>2611</ele>
            </trkpt>
            <trkpt lat="46.666002" lon="8.152312">
                <ele>2611</ele>
            </trkpt>
            <trkpt lat="46.665985" lon="8.152285">
                <ele>2611</ele>
            </trkpt>
            <trkpt lat="46.665970" lon="8.152261">
                <ele>2562</ele>
            </trkpt>
            <trkpt lat="46.665963" lon="8.152257">
                <ele>2562</ele>
            </trkpt>
            <trkpt lat="46.665953" lon="8.152256">
                <ele>2562</ele>
            </trkpt>
            <trkpt lat="46.665954" lon="8.152262">
                <ele>2562</ele>
            </trkpt>
            <trkpt lat="46.665954" lon="8.152269">
                <ele>2562</ele>
            </trkpt>
            <trkpt lat="46.665944" lon="8.152268">
                <ele>2562</ele>
            </trkpt>
            <trkpt lat="46.665936" lon="8.152277">
                <ele>2562</ele>
            </trkpt>
            <trkpt lat="46.665930" lon="8.152271">
                <ele>2562</ele>
            </trkpt>
            <trkpt lat="46.665928" lon="8.152275">
                <ele>2562</ele>
            </trkpt>
            <trkpt lat="46.665928" lon="8.152275">
                <ele>2562</ele>
            </trkpt>
            <trkpt lat="46.665928" lon="8.152274">
                <ele>2562</ele>
            </trkpt>
            <trkpt lat="46.665921" lon="8.152269">
                <ele>2562</ele>
            </trkpt>
            <trkpt lat="46.665928" lon="8.152275">
                <ele>2562</ele>
            </trkpt>
            <trkpt lat="46.665928" lon="8.152275">
                <ele>2562</ele>
            </trkpt>
            <trkpt lat="46.665913" lon="8.152250">
                <ele>2562</ele>
            </trkpt>
            <trkpt lat="46.665910" lon="8.152235">
                <ele>2562</ele>
            </trkpt>
            <trkpt lat="46.665909" lon="8.152232">
                <ele>2562</ele>
            </trkpt>
            <trkpt lat="46.665909" lon="8.152231">
                <ele>2562</ele>
            </trkpt>
            <trkpt lat="46.665907" lon="8.152227">
                <ele>2562</ele>
            </trkpt>
            <trkpt lat="46.665896" lon="8.152230">
                <ele>2562</ele>
            </trkpt>
            <trkpt lat="46.665893" lon="8.152229">
                <ele>2562</ele>
            </trkpt>
            <trkpt lat="46.665893" lon="8.152229">
                <ele>2562</ele>
            </trkpt>
            <trkpt lat="46.665893" lon="8.152229">
                <ele>2562</ele>
            </trkpt>
            <trkpt lat="46.665892" lon="8.152231">
                <ele>2562</ele>
            </trkpt>
            <trkpt lat="46.665886" lon="8.152224">
                <ele>2562</ele>
            </trkpt>
            <trkpt lat="46.665885" lon="8.152225">
                <ele>2562</ele>
            </trkpt>
            <trkpt lat="46.665877" lon="8.152217">
                <ele>2562</ele>
            </trkpt>
            <trkpt lat="46.665876" lon="8.152213">
                <ele>2562</ele>
            </trkpt>
            <trkpt lat="46.665879" lon="8.152213">
                <ele>2562</ele>
            </trkpt>
            <trkpt lat="46.665883" lon="8.152214">
                <ele>2562</ele>
            </trkpt>
            <trkpt lat="46.665889" lon="8.152213">
                <ele>2562</ele>
            </trkpt>
            <trkpt lat="46.665879" lon="8.152206">
                <ele>2562</ele>
            </trkpt>
            <trkpt lat="46.665866" lon="8.152199">
                <ele>2562</ele>
            </trkpt>
            <trkpt lat="46.665866" lon="8.152204">
                <ele>2562</ele>
            </trkpt>
            <trkpt lat="46.665866" lon="8.152204">
                <ele>2562</ele>
            </trkpt>
            <trkpt lat="46.665866" lon="8.152206">
                <ele>2562</ele>
            </trkpt>
            <trkpt lat="46.665858" lon="8.152193">
                <ele>2562</ele>
            </trkpt>
            <trkpt lat="46.665853" lon="8.152214">
                <ele>2562</ele>
            </trkpt>
            <trkpt lat="46.665854" lon="8.152218">
                <ele>2562</ele>
            </trkpt>
            <trkpt lat="46.665854" lon="8.152218">
                <ele>2562</ele>
            </trkpt>
            <trkpt lat="46.665854" lon="8.152218">
                <ele>2562</ele>
            </trkpt>
            <trkpt lat="46.665854" lon="8.152218">
                <ele>2562</ele>
            </trkpt>
            <trkpt lat="46.665854" lon="8.152218">
                <ele>2562</ele>
            </trkpt>
            <trkpt lat="46.665869" lon="8.152209">
                <ele>2562</ele>
            </trkpt>
            <trkpt lat="46.665869" lon="8.152199">
                <ele>2562</ele>
            </trkpt>
            <trkpt lat="46.665882" lon="8.152190">
                <ele>2562</ele>
            </trkpt>
            <trkpt lat="46.665881" lon="8.152186">
                <ele>2562</ele>
            </trkpt>
            <trkpt lat="46.665877" lon="8.152190">
                <ele>2562</ele>
            </trkpt>
            <trkpt lat="46.665881" lon="8.152186">
                <ele>2562</ele>
            </trkpt>
            <trkpt lat="46.665881" lon="8.152186">
                <ele>2562</ele>
            </trkpt>
            <trkpt lat="46.665881" lon="8.152186">
                <ele>2562</ele>
            </trkpt>
            <trkpt lat="46.665872" lon="8.152187">
                <ele>2562</ele>
            </trkpt>
            <trkpt lat="46.665874" lon="8.152180">
                <ele>2562</ele>
            </trkpt>
            <trkpt lat="46.665872" lon="8.152174">
                <ele>2562</ele>
            </trkpt>
            <trkpt lat="46.665879" lon="8.152175">
                <ele>2562</ele>
            </trkpt>
            <trkpt lat="46.665879" lon="8.152179">
                <ele>2562</ele>
            </trkpt>
            <trkpt lat="46.665874" lon="8.152182">
                <ele>2562</ele>
            </trkpt>
            <trkpt lat="46.665881" lon="8.152186">
                <ele>2562</ele>
            </trkpt>
            <trkpt lat="46.665864" lon="8.152186">
                <ele>2562</ele>
            </trkpt>
            <trkpt lat="46.665863" lon="8.152183">
                <ele>2562</ele>
            </trkpt>
            <trkpt lat="46.665860" lon="8.152177">
                <ele>2562</ele>
            </trkpt>
            <trkpt lat="46.665851" lon="8.152180">
                <ele>2562</ele>
            </trkpt>
            <trkpt lat="46.665853" lon="8.152175">
                <ele>2562</ele>
            </trkpt>
            <trkpt lat="46.665851" lon="8.152164">
                <ele>2562</ele>
            </trkpt>
            <trkpt lat="46.665849" lon="8.152147">
                <ele>2562</ele>
            </trkpt>
            <trkpt lat="46.665851" lon="8.152145">
                <ele>2562</ele>
            </trkpt>
            <trkpt lat="46.665844" lon="8.152145">
                <ele>2562</ele>
            </trkpt>
            <trkpt lat="46.665845" lon="8.152116">
                <ele>2562</ele>
            </trkpt>
            <trkpt lat="46.665844" lon="8.152115">
                <ele>2562</ele>
            </trkpt>
            <trkpt lat="46.665842" lon="8.152132">
                <ele>2562</ele>
            </trkpt>
            <trkpt lat="46.665832" lon="8.152134">
                <ele>2562</ele>
            </trkpt>
            <trkpt lat="46.665839" lon="8.152111">
                <ele>2562</ele>
            </trkpt>
            <trkpt lat="46.665829" lon="8.152115">
                <ele>2562</ele>
            </trkpt>
            <trkpt lat="46.665823" lon="8.152115">
                <ele>2562</ele>
            </trkpt>
            <trkpt lat="46.665816" lon="8.152097">
                <ele>2562</ele>
            </trkpt>
            <trkpt lat="46.665817" lon="8.152092">
                <ele>2562</ele>
            </trkpt>
            <trkpt lat="46.665817" lon="8.152085">
                <ele>2562</ele>
            </trkpt>
            <trkpt lat="46.665817" lon="8.152085">
                <ele>2562</ele>
            </trkpt>
            <trkpt lat="46.665817" lon="8.152085">
                <ele>2562</ele>
            </trkpt>
            <trkpt lat="46.665817" lon="8.152085">
                <ele>2562</ele>
            </trkpt>
            <trkpt lat="46.665810" lon="8.152076">
                <ele>2616</ele>
            </trkpt>
            <trkpt lat="46.665804" lon="8.152074">
                <ele>2616</ele>
            </trkpt>
            <trkpt lat="46.665804" lon="8.152074">
                <ele>2616</ele>
            </trkpt>
            <trkpt lat="46.665802" lon="8.152075">
                <ele>2616</ele>
            </trkpt>
            <trkpt lat="46.665813" lon="8.152076">
                <ele>2616</ele>
            </trkpt>
            <trkpt lat="46.665814" lon="8.152076">
                <ele>2616</ele>
            </trkpt>
            <trkpt lat="46.665809" lon="8.152076">
                <ele>2616</ele>
            </trkpt>
            <trkpt lat="46.665805" lon="8.152081">
                <ele>2616</ele>
            </trkpt>
            <trkpt lat="46.665804" lon="8.152084">
                <ele>2562</ele>
            </trkpt>
            <trkpt lat="46.665805" lon="8.152086">
                <ele>2562</ele>
            </trkpt>
            <trkpt lat="46.665808" lon="8.152088">
                <ele>2562</ele>
            </trkpt>
            <trkpt lat="46.665809" lon="8.152087">
                <ele>2562</ele>
            </trkpt>
            <trkpt lat="46.665810" lon="8.152087">
                <ele>2562</ele>
            </trkpt>
            <trkpt lat="46.665810" lon="8.152089">
                <ele>2562</ele>
            </trkpt>
            <trkpt lat="46.665804" lon="8.152074">
                <ele>2616</ele>
            </trkpt>
            <trkpt lat="46.665804" lon="8.152074">
                <ele>2616</ele>
            </trkpt>
            <trkpt lat="46.665809" lon="8.152086">
                <ele>2562</ele>
            </trkpt>
            <trkpt lat="46.665803" lon="8.152091">
                <ele>2562</ele>
            </trkpt>
            <trkpt lat="46.665809" lon="8.152088">
                <ele>2562</ele>
            </trkpt>
            <trkpt lat="46.665802" lon="8.152096">
                <ele>2562</ele>
            </trkpt>
            <trkpt lat="46.665796" lon="8.152109">
                <ele>2562</ele>
            </trkpt>
            <trkpt lat="46.665794" lon="8.152111">
                <ele>2562</ele>
            </trkpt>
            <trkpt lat="46.665792" lon="8.152110">
                <ele>2562</ele>
            </trkpt>
            <trkpt lat="46.665799" lon="8.152097">
                <ele>2562</ele>
            </trkpt>
            <trkpt lat="46.665801" lon="8.152098">
                <ele>2562</ele>
            </trkpt>
            <trkpt lat="46.665800" lon="8.152100">
                <ele>2562</ele>
            </trkpt>
            <trkpt lat="46.665800" lon="8.152100">
                <ele>2562</ele>
            </trkpt>
            <trkpt lat="46.665802" lon="8.152099">
                <ele>2562</ele>
            </trkpt>
            <trkpt lat="46.665802" lon="8.152105">
                <ele>2562</ele>
            </trkpt>
            <trkpt lat="46.665800" lon="8.152105">
                <ele>2562</ele>
            </trkpt>
            <trkpt lat="46.665804" lon="8.152099">
                <ele>2562</ele>
            </trkpt>
            <trkpt lat="46.665811" lon="8.152093">
                <ele>2562</ele>
            </trkpt>
            <trkpt lat="46.665810" lon="8.152100">
                <ele>2562</ele>
            </trkpt>
            <trkpt lat="46.665807" lon="8.152104">
                <ele>2562</ele>
            </trkpt>
            <trkpt lat="46.665800" lon="8.152100">
                <ele>2562</ele>
            </trkpt>
            <trkpt lat="46.665808" lon="8.152108">
                <ele>2562</ele>
            </trkpt>
            <trkpt lat="46.665808" lon="8.152102">
                <ele>2562</ele>
            </trkpt>
            <trkpt lat="46.665800" lon="8.152100">
                <ele>2562</ele>
            </trkpt>
            <trkpt lat="46.665800" lon="8.152100">
                <ele>2562</ele>
            </trkpt>
            <trkpt lat="46.665809" lon="8.152101">
                <ele>2562</ele>
            </trkpt>
            <trkpt lat="46.665800" lon="8.152100">
                <ele>2562</ele>
            </trkpt>
            <trkpt lat="46.665801" lon="8.152107">
                <ele>2562</ele>
            </trkpt>
            <trkpt lat="46.665800" lon="8.152100">
                <ele>2562</ele>
            </trkpt>
            <trkpt lat="46.665793" lon="8.152101">
                <ele>2562</ele>
            </trkpt>
            <trkpt lat="46.665800" lon="8.152100">
                <ele>2562</ele>
            </trkpt>
            <trkpt lat="46.665800" lon="8.152100">
                <ele>2562</ele>
            </trkpt>
            <trkpt lat="46.665800" lon="8.152100">
                <ele>2562</ele>
            </trkpt>
            <trkpt lat="46.665800" lon="8.152100">
                <ele>2562</ele>
            </trkpt>
            <trkpt lat="46.665800" lon="8.152100">
                <ele>2562</ele>
            </trkpt>
            <trkpt lat="46.665800" lon="8.152100">
                <ele>2562</ele>
            </trkpt>
            <trkpt lat="46.665800" lon="8.152100">
                <ele>2562</ele>
            </trkpt>
            <trkpt lat="46.665796" lon="8.152098">
                <ele>2562</ele>
            </trkpt>
            <trkpt lat="46.665800" lon="8.152100">
                <ele>2562</ele>
            </trkpt>
            <trkpt lat="46.665800" lon="8.152100">
                <ele>2562</ele>
            </trkpt>
            <trkpt lat="46.665800" lon="8.152100">
                <ele>2562</ele>
            </trkpt>
            <trkpt lat="46.665800" lon="8.152100">
                <ele>2562</ele>
            </trkpt>
            <trkpt lat="46.665800" lon="8.152100">
                <ele>2562</ele>
            </trkpt>
            <trkpt lat="46.665800" lon="8.152100">
                <ele>2562</ele>
            </trkpt>
            <trkpt lat="46.665800" lon="8.152100">
                <ele>2562</ele>
            </trkpt>
            <trkpt lat="46.665800" lon="8.152100">
                <ele>2562</ele>
            </trkpt>
            <trkpt lat="46.665800" lon="8.152100">
                <ele>2562</ele>
            </trkpt>
            <trkpt lat="46.665800" lon="8.152109">
                <ele>2562</ele>
            </trkpt>
            <trkpt lat="46.665800" lon="8.152106">
                <ele>2562</ele>
            </trkpt>
            <trkpt lat="46.665800" lon="8.152100">
                <ele>2562</ele>
            </trkpt>
            <trkpt lat="46.665800" lon="8.152100">
                <ele>2562</ele>
            </trkpt>
            <trkpt lat="46.665800" lon="8.152100">
                <ele>2562</ele>
            </trkpt>
            <trkpt lat="46.665800" lon="8.152100">
                <ele>2562</ele>
            </trkpt>
            <trkpt lat="46.665800" lon="8.152100">
                <ele>2562</ele>
            </trkpt>
            <trkpt lat="46.665800" lon="8.152100">
                <ele>2562</ele>
            </trkpt>
            <trkpt lat="46.665800" lon="8.152100">
                <ele>2562</ele>
            </trkpt>
            <trkpt lat="46.665800" lon="8.152100">
                <ele>2562</ele>
            </trkpt>
            <trkpt lat="46.665800" lon="8.152100">
                <ele>2562</ele>
            </trkpt>
            <trkpt lat="46.665800" lon="8.152100">
                <ele>2562</ele>
            </trkpt>
            <trkpt lat="46.665798" lon="8.152111">
                <ele>2562</ele>
            </trkpt>
            <trkpt lat="46.665800" lon="8.152100">
                <ele>2562</ele>
            </trkpt>
            <trkpt lat="46.665800" lon="8.152100">
                <ele>2562</ele>
            </trkpt>
            <trkpt lat="46.665800" lon="8.152100">
                <ele>2562</ele>
            </trkpt>
            <trkpt lat="46.665800" lon="8.152100">
                <ele>2562</ele>
            </trkpt>
            <trkpt lat="46.665800" lon="8.152100">
                <ele>2562</ele>
            </trkpt>
            <trkpt lat="46.665800" lon="8.152100">
                <ele>2562</ele>
            </trkpt>
            <trkpt lat="46.665800" lon="8.152100">
                <ele>2562</ele>
            </trkpt>
            <trkpt lat="46.665800" lon="8.152100">
                <ele>2562</ele>
            </trkpt>
            <trkpt lat="46.665800" lon="8.152100">
                <ele>2562</ele>
            </trkpt>
            <trkpt lat="46.665800" lon="8.152100">
                <ele>2562</ele>
            </trkpt>
            <trkpt lat="46.665809" lon="8.152106">
                <ele>2562</ele>
            </trkpt>
            <trkpt lat="46.665811" lon="8.152100">
                <ele>2562</ele>
            </trkpt>
            <trkpt lat="46.665800" lon="8.152100">
                <ele>2562</ele>
            </trkpt>
            <trkpt lat="46.665800" lon="8.152100">
                <ele>2562</ele>
            </trkpt>
            <trkpt lat="46.665800" lon="8.152100">
                <ele>2562</ele>
            </trkpt>
            <trkpt lat="46.665800" lon="8.152100">
                <ele>2562</ele>
            </trkpt>
            <trkpt lat="46.665800" lon="8.152100">
                <ele>2562</ele>
            </trkpt>
            <trkpt lat="46.665800" lon="8.152100">
                <ele>2562</ele>
            </trkpt>
            <trkpt lat="46.665800" lon="8.152100">
                <ele>2562</ele>
            </trkpt>
            <trkpt lat="46.665800" lon="8.152100">
                <ele>2562</ele>
            </trkpt>
            <trkpt lat="46.665800" lon="8.152100">
                <ele>2562</ele>
            </trkpt>
            <trkpt lat="46.665800" lon="8.152100">
                <ele>2562</ele>
            </trkpt>
            <trkpt lat="46.665800" lon="8.152100">
                <ele>2562</ele>
            </trkpt>
            <trkpt lat="46.665800" lon="8.152100">
                <ele>2562</ele>
            </trkpt>
            <trkpt lat="46.665800" lon="8.152100">
                <ele>2562</ele>
            </trkpt>
            <trkpt lat="46.665800" lon="8.152100">
                <ele>2562</ele>
            </trkpt>
            <trkpt lat="46.665800" lon="8.152100">
                <ele>2562</ele>
            </trkpt>
            <trkpt lat="46.665800" lon="8.152100">
                <ele>2562</ele>
            </trkpt>
            <trkpt lat="46.665800" lon="8.152100">
                <ele>2562</ele>
            </trkpt>
            <trkpt lat="46.665800" lon="8.152100">
                <ele>2562</ele>
            </trkpt>
            <trkpt lat="46.665802" lon="8.152105">
                <ele>2562</ele>
            </trkpt>
            <trkpt lat="46.665790" lon="8.152095">
                <ele>2562</ele>
            </trkpt>
            <trkpt lat="46.665790" lon="8.152093">
                <ele>2562</ele>
            </trkpt>
            <trkpt lat="46.665794" lon="8.152080">
                <ele>2616</ele>
            </trkpt>
            <trkpt lat="46.665787" lon="8.152066">
                <ele>2616</ele>
            </trkpt>
            <trkpt lat="46.665789" lon="8.152064">
                <ele>2616</ele>
            </trkpt>
            <trkpt lat="46.665788" lon="8.152053">
                <ele>2616</ele>
            </trkpt>
            <trkpt lat="46.665775" lon="8.152032">
                <ele>2616</ele>
            </trkpt>
            <trkpt lat="46.665775" lon="8.152032">
                <ele>2616</ele>
            </trkpt>
            <trkpt lat="46.665775" lon="8.152032">
                <ele>2616</ele>
            </trkpt>
            <trkpt lat="46.665775" lon="8.152032">
                <ele>2616</ele>
            </trkpt>
            <trkpt lat="46.665764" lon="8.152014">
                <ele>2616</ele>
            </trkpt>
            <trkpt lat="46.665764" lon="8.152015">
                <ele>2616</ele>
            </trkpt>
            <trkpt lat="46.665750" lon="8.152001">
                <ele>2616</ele>
            </trkpt>
            <trkpt lat="46.665749" lon="8.152000">
                <ele>2616</ele>
            </trkpt>
            <trkpt lat="46.665748" lon="8.151998">
                <ele>2616</ele>
            </trkpt>
            <trkpt lat="46.665748" lon="8.151998">
                <ele>2616</ele>
            </trkpt>
            <trkpt lat="46.665750" lon="8.151995">
                <ele>2616</ele>
            </trkpt>
            <trkpt lat="46.665748" lon="8.151994">
                <ele>2616</ele>
            </trkpt>
            <trkpt lat="46.665761" lon="8.151994">
                <ele>2616</ele>
            </trkpt>
            <trkpt lat="46.665763" lon="8.151991">
                <ele>2616</ele>
            </trkpt>
            <trkpt lat="46.665766" lon="8.151988">
                <ele>2616</ele>
            </trkpt>
            <trkpt lat="46.665773" lon="8.151989">
                <ele>2616</ele>
            </trkpt>
            <trkpt lat="46.665766" lon="8.151988">
                <ele>2616</ele>
            </trkpt>
            <trkpt lat="46.665776" lon="8.151990">
                <ele>2616</ele>
            </trkpt>
            <trkpt lat="46.665778" lon="8.151987">
                <ele>2616</ele>
            </trkpt>
            <trkpt lat="46.665787" lon="8.151985">
                <ele>2616</ele>
            </trkpt>
            <trkpt lat="46.665789" lon="8.151982">
                <ele>2616</ele>
            </trkpt>
            <trkpt lat="46.665789" lon="8.151982">
                <ele>2616</ele>
            </trkpt>
            <trkpt lat="46.665789" lon="8.151982">
                <ele>2616</ele>
            </trkpt>
            <trkpt lat="46.665789" lon="8.151982">
                <ele>2616</ele>
            </trkpt>
            <trkpt lat="46.665790" lon="8.151983">
                <ele>2616</ele>
            </trkpt>
            <trkpt lat="46.665794" lon="8.151979">
                <ele>2616</ele>
            </trkpt>
            <trkpt lat="46.665807" lon="8.151980">
                <ele>2616</ele>
            </trkpt>
            <trkpt lat="46.665805" lon="8.151973">
                <ele>2616</ele>
            </trkpt>
            <trkpt lat="46.665805" lon="8.151974">
                <ele>2616</ele>
            </trkpt>
            <trkpt lat="46.665798" lon="8.151952">
                <ele>2616</ele>
            </trkpt>
            <trkpt lat="46.665796" lon="8.151949">
                <ele>2616</ele>
            </trkpt>
            <trkpt lat="46.665800" lon="8.151941">
                <ele>2616</ele>
            </trkpt>
            <trkpt lat="46.665802" lon="8.151939">
                <ele>2616</ele>
            </trkpt>
            <trkpt lat="46.665803" lon="8.151938">
                <ele>2616</ele>
            </trkpt>
            <trkpt lat="46.665803" lon="8.151938">
                <ele>2616</ele>
            </trkpt>
            <trkpt lat="46.665803" lon="8.151938">
                <ele>2616</ele>
            </trkpt>
            <trkpt lat="46.665803" lon="8.151938">
                <ele>2616</ele>
            </trkpt>
            <trkpt lat="46.665803" lon="8.151935">
                <ele>2616</ele>
            </trkpt>
            <trkpt lat="46.665802" lon="8.151936">
                <ele>2616</ele>
            </trkpt>
            <trkpt lat="46.665803" lon="8.151938">
                <ele>2616</ele>
            </trkpt>
            <trkpt lat="46.665803" lon="8.151938">
                <ele>2616</ele>
            </trkpt>
            <trkpt lat="46.665805" lon="8.151940">
                <ele>2616</ele>
            </trkpt>
            <trkpt lat="46.665806" lon="8.151944">
                <ele>2616</ele>
            </trkpt>
            <trkpt lat="46.665803" lon="8.151938">
                <ele>2616</ele>
            </trkpt>
            <trkpt lat="46.665803" lon="8.151938">
                <ele>2616</ele>
            </trkpt>
            <trkpt lat="46.665798" lon="8.151946">
                <ele>2616</ele>
            </trkpt>
            <trkpt lat="46.665794" lon="8.151952">
                <ele>2616</ele>
            </trkpt>
            <trkpt lat="46.665799" lon="8.151942">
                <ele>2616</ele>
            </trkpt>
            <trkpt lat="46.665803" lon="8.151938">
                <ele>2616</ele>
            </trkpt>
            <trkpt lat="46.665799" lon="8.151941">
                <ele>2616</ele>
            </trkpt>
            <trkpt lat="46.665806" lon="8.151948">
                <ele>2616</ele>
            </trkpt>
            <trkpt lat="46.665807" lon="8.151950">
                <ele>2616</ele>
            </trkpt>
            <trkpt lat="46.665799" lon="8.151956">
                <ele>2616</ele>
            </trkpt>
            <trkpt lat="46.665797" lon="8.151961">
                <ele>2616</ele>
            </trkpt>
            <trkpt lat="46.665798" lon="8.151952">
                <ele>2616</ele>
            </trkpt>
            <trkpt lat="46.665803" lon="8.151938">
                <ele>2616</ele>
            </trkpt>
            <trkpt lat="46.665803" lon="8.151949">
                <ele>2616</ele>
            </trkpt>
            <trkpt lat="46.665800" lon="8.151948">
                <ele>2616</ele>
            </trkpt>
            <trkpt lat="46.665803" lon="8.151938">
                <ele>2616</ele>
            </trkpt>
            <trkpt lat="46.665803" lon="8.151938">
                <ele>2616</ele>
            </trkpt>
            <trkpt lat="46.665803" lon="8.151938">
                <ele>2616</ele>
            </trkpt>
            <trkpt lat="46.665803" lon="8.151938">
                <ele>2616</ele>
            </trkpt>
            <trkpt lat="46.665802" lon="8.151944">
                <ele>2616</ele>
            </trkpt>
            <trkpt lat="46.665797" lon="8.151951">
                <ele>2616</ele>
            </trkpt>
            <trkpt lat="46.665793" lon="8.151967">
                <ele>2616</ele>
            </trkpt>
            <trkpt lat="46.665799" lon="8.151953">
                <ele>2616</ele>
            </trkpt>
            <trkpt lat="46.665800" lon="8.151944">
                <ele>2616</ele>
            </trkpt>
            <trkpt lat="46.665803" lon="8.151938">
                <ele>2616</ele>
            </trkpt>
            <trkpt lat="46.665803" lon="8.151938">
                <ele>2616</ele>
            </trkpt>
            <trkpt lat="46.665803" lon="8.151938">
                <ele>2616</ele>
            </trkpt>
            <trkpt lat="46.665803" lon="8.151938">
                <ele>2616</ele>
            </trkpt>
            <trkpt lat="46.665803" lon="8.151938">
                <ele>2616</ele>
            </trkpt>
            <trkpt lat="46.665803" lon="8.151938">
                <ele>2616</ele>
            </trkpt>
            <trkpt lat="46.665790" lon="8.151952">
                <ele>2616</ele>
            </trkpt>
            <trkpt lat="46.665791" lon="8.151948">
                <ele>2616</ele>
            </trkpt>
            <trkpt lat="46.665793" lon="8.151937">
                <ele>2616</ele>
            </trkpt>
            <trkpt lat="46.665803" lon="8.151938">
                <ele>2616</ele>
            </trkpt>
            <trkpt lat="46.665803" lon="8.151938">
                <ele>2616</ele>
            </trkpt>
            <trkpt lat="46.665803" lon="8.151938">
                <ele>2616</ele>
            </trkpt>
            <trkpt lat="46.665803" lon="8.151938">
                <ele>2616</ele>
            </trkpt>
            <trkpt lat="46.665803" lon="8.151938">
                <ele>2616</ele>
            </trkpt>
            <trkpt lat="46.665803" lon="8.151938">
                <ele>2616</ele>
            </trkpt>
            <trkpt lat="46.665803" lon="8.151938">
                <ele>2616</ele>
            </trkpt>
            <trkpt lat="46.665803" lon="8.151938">
                <ele>2616</ele>
            </trkpt>
            <trkpt lat="46.665803" lon="8.151938">
                <ele>2616</ele>
            </trkpt>
            <trkpt lat="46.665803" lon="8.151938">
                <ele>2616</ele>
            </trkpt>
            <trkpt lat="46.665803" lon="8.151938">
                <ele>2616</ele>
            </trkpt>
            <trkpt lat="46.665798" lon="8.151937">
                <ele>2616</ele>
            </trkpt>
            <trkpt lat="46.665800" lon="8.151931">
                <ele>2616</ele>
            </trkpt>
            <trkpt lat="46.665803" lon="8.151938">
                <ele>2616</ele>
            </trkpt>
            <trkpt lat="46.665801" lon="8.151939">
                <ele>2616</ele>
            </trkpt>
            <trkpt lat="46.665803" lon="8.151938">
                <ele>2616</ele>
            </trkpt>
            <trkpt lat="46.665803" lon="8.151938">
                <ele>2616</ele>
            </trkpt>
            <trkpt lat="46.665803" lon="8.151938">
                <ele>2616</ele>
            </trkpt>
            <trkpt lat="46.665803" lon="8.151938">
                <ele>2616</ele>
            </trkpt>
            <trkpt lat="46.665803" lon="8.151938">
                <ele>2616</ele>
            </trkpt>
            <trkpt lat="46.665801" lon="8.151952">
                <ele>2616</ele>
            </trkpt>
            <trkpt lat="46.665798" lon="8.151960">
                <ele>2616</ele>
            </trkpt>
            <trkpt lat="46.665797" lon="8.151963">
                <ele>2616</ele>
            </trkpt>
            <trkpt lat="46.665799" lon="8.151957">
                <ele>2616</ele>
            </trkpt>
            <trkpt lat="46.665800" lon="8.151962">
                <ele>2616</ele>
            </trkpt>
            <trkpt lat="46.665793" lon="8.151975">
                <ele>2616</ele>
            </trkpt>
            <trkpt lat="46.665796" lon="8.151963">
                <ele>2616</ele>
            </trkpt>
            <trkpt lat="46.665796" lon="8.151963">
                <ele>2616</ele>
            </trkpt>
            <trkpt lat="46.665796" lon="8.151963">
                <ele>2616</ele>
            </trkpt>
            <trkpt lat="46.665796" lon="8.151963">
                <ele>2616</ele>
            </trkpt>
            <trkpt lat="46.665796" lon="8.151963">
                <ele>2616</ele>
            </trkpt>
            <trkpt lat="46.665796" lon="8.151963">
                <ele>2616</ele>
            </trkpt>
            <trkpt lat="46.665796" lon="8.151963">
                <ele>2616</ele>
            </trkpt>
            <trkpt lat="46.665796" lon="8.151963">
                <ele>2616</ele>
            </trkpt>
            <trkpt lat="46.665796" lon="8.151963">
                <ele>2616</ele>
            </trkpt>
            <trkpt lat="46.665796" lon="8.151963">
                <ele>2616</ele>
            </trkpt>
            <trkpt lat="46.665796" lon="8.151978">
                <ele>2616</ele>
            </trkpt>
            <trkpt lat="46.665796" lon="8.151963">
                <ele>2616</ele>
            </trkpt>
            <trkpt lat="46.665796" lon="8.151963">
                <ele>2616</ele>
            </trkpt>
            <trkpt lat="46.665795" lon="8.151974">
                <ele>2616</ele>
            </trkpt>
            <trkpt lat="46.665794" lon="8.151979">
                <ele>2616</ele>
            </trkpt>
            <trkpt lat="46.665796" lon="8.151963">
                <ele>2616</ele>
            </trkpt>
            <trkpt lat="46.665796" lon="8.151963">
                <ele>2616</ele>
            </trkpt>
            <trkpt lat="46.665806" lon="8.151970">
                <ele>2616</ele>
            </trkpt>
            <trkpt lat="46.665819" lon="8.151970">
                <ele>2616</ele>
            </trkpt>
            <trkpt lat="46.665818" lon="8.151971">
                <ele>2616</ele>
            </trkpt>
            <trkpt lat="46.665818" lon="8.151971">
                <ele>2616</ele>
            </trkpt>
            <trkpt lat="46.665823" lon="8.151970">
                <ele>2616</ele>
            </trkpt>
            <trkpt lat="46.665827" lon="8.151969">
                <ele>2616</ele>
            </trkpt>
            <trkpt lat="46.665831" lon="8.151969">
                <ele>2616</ele>
            </trkpt>
            <trkpt lat="46.665836" lon="8.151970">
                <ele>2616</ele>
            </trkpt>
            <trkpt lat="46.665839" lon="8.151965">
                <ele>2616</ele>
            </trkpt>
            <trkpt lat="46.665843" lon="8.151960">
                <ele>2616</ele>
            </trkpt>
            <trkpt lat="46.665842" lon="8.151956">
                <ele>2616</ele>
            </trkpt>
            <trkpt lat="46.665835" lon="8.151954">
                <ele>2616</ele>
            </trkpt>
            <trkpt lat="46.665829" lon="8.151950">
                <ele>2616</ele>
            </trkpt>
            <trkpt lat="46.665829" lon="8.151950">
                <ele>2616</ele>
            </trkpt>
            <trkpt lat="46.665819" lon="8.151931">
                <ele>2616</ele>
            </trkpt>
            <trkpt lat="46.665827" lon="8.151921">
                <ele>2616</ele>
            </trkpt>
            <trkpt lat="46.665827" lon="8.151921">
                <ele>2616</ele>
            </trkpt>
            <trkpt lat="46.665827" lon="8.151921">
                <ele>2616</ele>
            </trkpt>
            <trkpt lat="46.665823" lon="8.151918">
                <ele>2616</ele>
            </trkpt>
            <trkpt lat="46.665827" lon="8.151921">
                <ele>2616</ele>
            </trkpt>
            <trkpt lat="46.665825" lon="8.151917">
                <ele>2616</ele>
            </trkpt>
            <trkpt lat="46.665829" lon="8.151916">
                <ele>2616</ele>
            </trkpt>
            <trkpt lat="46.665827" lon="8.151921">
                <ele>2616</ele>
            </trkpt>
            <trkpt lat="46.665827" lon="8.151921">
                <ele>2616</ele>
            </trkpt>
            <trkpt lat="46.665835" lon="8.151932">
                <ele>2616</ele>
            </trkpt>
            <trkpt lat="46.665843" lon="8.151925">
                <ele>2616</ele>
            </trkpt>
            <trkpt lat="46.665843" lon="8.151925">
                <ele>2616</ele>
            </trkpt>
            <trkpt lat="46.665843" lon="8.151925">
                <ele>2616</ele>
            </trkpt>
            <trkpt lat="46.665847" lon="8.151929">
                <ele>2616</ele>
            </trkpt>
            <trkpt lat="46.665857" lon="8.151922">
                <ele>2616</ele>
            </trkpt>
            <trkpt lat="46.665859" lon="8.151922">
                <ele>2616</ele>
            </trkpt>
            <trkpt lat="46.665867" lon="8.151923">
                <ele>2616</ele>
            </trkpt>
            <trkpt lat="46.665878" lon="8.151909">
                <ele>2616</ele>
            </trkpt>
            <trkpt lat="46.665873" lon="8.151912">
                <ele>2616</ele>
            </trkpt>
            <trkpt lat="46.665872" lon="8.151912">
                <ele>2616</ele>
            </trkpt>
            <trkpt lat="46.665873" lon="8.151892">
                <ele>2616</ele>
            </trkpt>
            <trkpt lat="46.665873" lon="8.151921">
                <ele>2616</ele>
            </trkpt>
            <trkpt lat="46.665878" lon="8.151921">
                <ele>2616</ele>
            </trkpt>
            <trkpt lat="46.665902" lon="8.151938">
                <ele>2616</ele>
            </trkpt>
            <trkpt lat="46.665917" lon="8.151947">
                <ele>2616</ele>
            </trkpt>
            <trkpt lat="46.665914" lon="8.151947">
                <ele>2616</ele>
            </trkpt>
            <trkpt lat="46.665924" lon="8.151962">
                <ele>2616</ele>
            </trkpt>
            <trkpt lat="46.665934" lon="8.151976">
                <ele>2616</ele>
            </trkpt>
            <trkpt lat="46.665935" lon="8.151982">
                <ele>2616</ele>
            </trkpt>
            <trkpt lat="46.665943" lon="8.151975">
                <ele>2616</ele>
            </trkpt>
            <trkpt lat="46.665951" lon="8.151969">
                <ele>2616</ele>
            </trkpt>
            <trkpt lat="46.665955" lon="8.151979">
                <ele>2616</ele>
            </trkpt>
            <trkpt lat="46.665961" lon="8.151978">
                <ele>2616</ele>
            </trkpt>
            <trkpt lat="46.665970" lon="8.151984">
                <ele>2616</ele>
            </trkpt>
            <trkpt lat="46.665980" lon="8.151995">
                <ele>2627</ele>
            </trkpt>
            <trkpt lat="46.665985" lon="8.152009">
                <ele>2627</ele>
            </trkpt>
            <trkpt lat="46.665992" lon="8.152010">
                <ele>2627</ele>
            </trkpt>
            <trkpt lat="46.666006" lon="8.152031">
                <ele>2627</ele>
            </trkpt>
            <trkpt lat="46.666007" lon="8.152036">
                <ele>2627</ele>
            </trkpt>
            <trkpt lat="46.666009" lon="8.152042">
                <ele>2627</ele>
            </trkpt>
            <trkpt lat="46.666018" lon="8.152039">
                <ele>2627</ele>
            </trkpt>
            <trkpt lat="46.666013" lon="8.152041">
                <ele>2627</ele>
            </trkpt>
            <trkpt lat="46.666011" lon="8.152042">
                <ele>2627</ele>
            </trkpt>
            <trkpt lat="46.666007" lon="8.152036">
                <ele>2627</ele>
            </trkpt>
            <trkpt lat="46.666013" lon="8.152053">
                <ele>2627</ele>
            </trkpt>
            <trkpt lat="46.666013" lon="8.152067">
                <ele>2627</ele>
            </trkpt>
            <trkpt lat="46.666042" lon="8.152061">
                <ele>2627</ele>
            </trkpt>
            <trkpt lat="46.666054" lon="8.152076">
                <ele>2627</ele>
            </trkpt>
            <trkpt lat="46.666057" lon="8.152079">
                <ele>2627</ele>
            </trkpt>
            <trkpt lat="46.666048" lon="8.152083">
                <ele>2627</ele>
            </trkpt>
            <trkpt lat="46.666054" lon="8.152073">
                <ele>2627</ele>
            </trkpt>
            <trkpt lat="46.666062" lon="8.152085">
                <ele>2611</ele>
            </trkpt>
            <trkpt lat="46.666076" lon="8.152075">
                <ele>2627</ele>
            </trkpt>
            <trkpt lat="46.666079" lon="8.152062">
                <ele>2627</ele>
            </trkpt>
            <trkpt lat="46.666075" lon="8.152062">
                <ele>2627</ele>
            </trkpt>
            <trkpt lat="46.666074" lon="8.152059">
                <ele>2627</ele>
            </trkpt>
            <trkpt lat="46.666075" lon="8.152064">
                <ele>2627</ele>
            </trkpt>
            <trkpt lat="46.666069" lon="8.152051">
                <ele>2627</ele>
            </trkpt>
            <trkpt lat="46.666073" lon="8.152041">
                <ele>2627</ele>
            </trkpt>
            <trkpt lat="46.666073" lon="8.152044">
                <ele>2627</ele>
            </trkpt>
            <trkpt lat="46.666068" lon="8.152022">
                <ele>2627</ele>
            </trkpt>
            <trkpt lat="46.666070" lon="8.152021">
                <ele>2627</ele>
            </trkpt>
            <trkpt lat="46.666072" lon="8.152019">
                <ele>2627</ele>
            </trkpt>
            <trkpt lat="46.666072" lon="8.152019">
                <ele>2627</ele>
            </trkpt>
            <trkpt lat="46.666072" lon="8.152019">
                <ele>2627</ele>
            </trkpt>
            <trkpt lat="46.666072" lon="8.152019">
                <ele>2627</ele>
            </trkpt>
            <trkpt lat="46.666068" lon="8.152010">
                <ele>2627</ele>
            </trkpt>
            <trkpt lat="46.666063" lon="8.152004">
                <ele>2627</ele>
            </trkpt>
            <trkpt lat="46.666059" lon="8.151979">
                <ele>2627</ele>
            </trkpt>
            <trkpt lat="46.666058" lon="8.151972">
                <ele>2627</ele>
            </trkpt>
            <trkpt lat="46.666057" lon="8.151965">
                <ele>2627</ele>
            </trkpt>
            <trkpt lat="46.666051" lon="8.151972">
                <ele>2627</ele>
            </trkpt>
            <trkpt lat="46.666042" lon="8.151965">
                <ele>2627</ele>
            </trkpt>
            <trkpt lat="46.666036" lon="8.151960">
                <ele>2627</ele>
            </trkpt>
            <trkpt lat="46.666032" lon="8.151956">
                <ele>2627</ele>
            </trkpt>
            <trkpt lat="46.666029" lon="8.151954">
                <ele>2627</ele>
            </trkpt>
            <trkpt lat="46.666033" lon="8.151952">
                <ele>2627</ele>
            </trkpt>
            <trkpt lat="46.666033" lon="8.151952">
                <ele>2627</ele>
            </trkpt>
            <trkpt lat="46.666033" lon="8.151952">
                <ele>2627</ele>
            </trkpt>
            <trkpt lat="46.666033" lon="8.151952">
                <ele>2627</ele>
            </trkpt>
            <trkpt lat="46.666036" lon="8.151967">
                <ele>2627</ele>
            </trkpt>
            <trkpt lat="46.666033" lon="8.151952">
                <ele>2627</ele>
            </trkpt>
            <trkpt lat="46.666033" lon="8.151952">
                <ele>2627</ele>
            </trkpt>
            <trkpt lat="46.666033" lon="8.151952">
                <ele>2627</ele>
            </trkpt>
            <trkpt lat="46.666033" lon="8.151958">
                <ele>2627</ele>
            </trkpt>
            <trkpt lat="46.666041" lon="8.151958">
                <ele>2627</ele>
            </trkpt>
            <trkpt lat="46.666033" lon="8.151952">
                <ele>2627</ele>
            </trkpt>
            <trkpt lat="46.666036" lon="8.151957">
                <ele>2627</ele>
            </trkpt>
            <trkpt lat="46.666025" lon="8.151951">
                <ele>2627</ele>
            </trkpt>
            <trkpt lat="46.666027" lon="8.151947">
                <ele>2627</ele>
            </trkpt>
            <trkpt lat="46.666022" lon="8.151922">
                <ele>2627</ele>
            </trkpt>
            <trkpt lat="46.666021" lon="8.151919">
                <ele>2627</ele>
            </trkpt>
            <trkpt lat="46.666015" lon="8.151912">
                <ele>2627</ele>
            </trkpt>
            <trkpt lat="46.666019" lon="8.151920">
                <ele>2627</ele>
            </trkpt>
            <trkpt lat="46.666022" lon="8.151921">
                <ele>2627</ele>
            </trkpt>
            <trkpt lat="46.666026" lon="8.151910">
                <ele>2627</ele>
            </trkpt>
            <trkpt lat="46.666029" lon="8.151913">
                <ele>2627</ele>
            </trkpt>
            <trkpt lat="46.666035" lon="8.151917">
                <ele>2627</ele>
            </trkpt>
            <trkpt lat="46.666043" lon="8.151896">
                <ele>2627</ele>
            </trkpt>
            <trkpt lat="46.666042" lon="8.151895">
                <ele>2627</ele>
            </trkpt>
            <trkpt lat="46.666051" lon="8.151888">
                <ele>2627</ele>
            </trkpt>
            <trkpt lat="46.666051" lon="8.151888">
                <ele>2627</ele>
            </trkpt>
            <trkpt lat="46.666052" lon="8.151887">
                <ele>2627</ele>
            </trkpt>
            <trkpt lat="46.666051" lon="8.151888">
                <ele>2627</ele>
            </trkpt>
            <trkpt lat="46.666053" lon="8.151909">
                <ele>2627</ele>
            </trkpt>
            <trkpt lat="46.666053" lon="8.151909">
                <ele>2627</ele>
            </trkpt>
            <trkpt lat="46.666053" lon="8.151909">
                <ele>2627</ele>
            </trkpt>
            <trkpt lat="46.666053" lon="8.151909">
                <ele>2627</ele>
            </trkpt>
            <trkpt lat="46.666053" lon="8.151909">
                <ele>2627</ele>
            </trkpt>
            <trkpt lat="46.666053" lon="8.151909">
                <ele>2627</ele>
            </trkpt>
            <trkpt lat="46.666053" lon="8.151909">
                <ele>2627</ele>
            </trkpt>
            <trkpt lat="46.666053" lon="8.151904">
                <ele>2627</ele>
            </trkpt>
            <trkpt lat="46.666053" lon="8.151909">
                <ele>2627</ele>
            </trkpt>
            <trkpt lat="46.666053" lon="8.151909">
                <ele>2627</ele>
            </trkpt>
            <trkpt lat="46.666053" lon="8.151909">
                <ele>2627</ele>
            </trkpt>
            <trkpt lat="46.666053" lon="8.151909">
                <ele>2627</ele>
            </trkpt>
            <trkpt lat="46.666053" lon="8.151909">
                <ele>2627</ele>
            </trkpt>
            <trkpt lat="46.666053" lon="8.151909">
                <ele>2627</ele>
            </trkpt>
            <trkpt lat="46.666057" lon="8.151890">
                <ele>2627</ele>
            </trkpt>
            <trkpt lat="46.666057" lon="8.151891">
                <ele>2627</ele>
            </trkpt>
            <trkpt lat="46.666053" lon="8.151909">
                <ele>2627</ele>
            </trkpt>
            <trkpt lat="46.666053" lon="8.151883">
                <ele>2627</ele>
            </trkpt>
            <trkpt lat="46.666054" lon="8.151886">
                <ele>2627</ele>
            </trkpt>
            <trkpt lat="46.666054" lon="8.151886">
                <ele>2627</ele>
            </trkpt>
            <trkpt lat="46.666054" lon="8.151886">
                <ele>2627</ele>
            </trkpt>
            <trkpt lat="46.666054" lon="8.151886">
                <ele>2627</ele>
            </trkpt>
            <trkpt lat="46.666054" lon="8.151886">
                <ele>2627</ele>
            </trkpt>
            <trkpt lat="46.666053" lon="8.151884">
                <ele>2627</ele>
            </trkpt>
            <trkpt lat="46.666055" lon="8.151886">
                <ele>2627</ele>
            </trkpt>
            <trkpt lat="46.666058" lon="8.151882">
                <ele>2627</ele>
            </trkpt>
            <trkpt lat="46.666057" lon="8.151885">
                <ele>2627</ele>
            </trkpt>
            <trkpt lat="46.666054" lon="8.151886">
                <ele>2627</ele>
            </trkpt>
            <trkpt lat="46.666054" lon="8.151886">
                <ele>2627</ele>
            </trkpt>
            <trkpt lat="46.666054" lon="8.151886">
                <ele>2627</ele>
            </trkpt>
            <trkpt lat="46.666055" lon="8.151884">
                <ele>2627</ele>
            </trkpt>
            <trkpt lat="46.666054" lon="8.151886">
                <ele>2627</ele>
            </trkpt>
            <trkpt lat="46.666054" lon="8.151886">
                <ele>2627</ele>
            </trkpt>
            <trkpt lat="46.666054" lon="8.151886">
                <ele>2627</ele>
            </trkpt>
            <trkpt lat="46.666054" lon="8.151886">
                <ele>2627</ele>
            </trkpt>
            <trkpt lat="46.666054" lon="8.151886">
                <ele>2627</ele>
            </trkpt>
            <trkpt lat="46.666054" lon="8.151886">
                <ele>2627</ele>
            </trkpt>
            <trkpt lat="46.666054" lon="8.151886">
                <ele>2627</ele>
            </trkpt>
            <trkpt lat="46.666054" lon="8.151886">
                <ele>2627</ele>
            </trkpt>
            <trkpt lat="46.666054" lon="8.151886">
                <ele>2627</ele>
            </trkpt>
            <trkpt lat="46.666054" lon="8.151886">
                <ele>2627</ele>
            </trkpt>
            <trkpt lat="46.666054" lon="8.151886">
                <ele>2627</ele>
            </trkpt>
            <trkpt lat="46.666054" lon="8.151886">
                <ele>2627</ele>
            </trkpt>
            <trkpt lat="46.666049" lon="8.151898">
                <ele>2627</ele>
            </trkpt>
            <trkpt lat="46.666051" lon="8.151893">
                <ele>2627</ele>
            </trkpt>
            <trkpt lat="46.666054" lon="8.151886">
                <ele>2627</ele>
            </trkpt>
            <trkpt lat="46.666054" lon="8.151886">
                <ele>2627</ele>
            </trkpt>
            <trkpt lat="46.666054" lon="8.151886">
                <ele>2627</ele>
            </trkpt>
            <trkpt lat="46.666054" lon="8.151886">
                <ele>2627</ele>
            </trkpt>
            <trkpt lat="46.666054" lon="8.151886">
                <ele>2627</ele>
            </trkpt>
            <trkpt lat="46.666054" lon="8.151886">
                <ele>2627</ele>
            </trkpt>
            <trkpt lat="46.666054" lon="8.151886">
                <ele>2627</ele>
            </trkpt>
            <trkpt lat="46.666054" lon="8.151886">
                <ele>2627</ele>
            </trkpt>
            <trkpt lat="46.666055" lon="8.151909">
                <ele>2627</ele>
            </trkpt>
            <trkpt lat="46.666055" lon="8.151914">
                <ele>2627</ele>
            </trkpt>
            <trkpt lat="46.666055" lon="8.151914">
                <ele>2627</ele>
            </trkpt>
            <trkpt lat="46.666055" lon="8.151914">
                <ele>2627</ele>
            </trkpt>
            <trkpt lat="46.666055" lon="8.151914">
                <ele>2627</ele>
            </trkpt>
            <trkpt lat="46.666055" lon="8.151914">
                <ele>2627</ele>
            </trkpt>
            <trkpt lat="46.666055" lon="8.151914">
                <ele>2627</ele>
            </trkpt>
            <trkpt lat="46.666055" lon="8.151914">
                <ele>2627</ele>
            </trkpt>
            <trkpt lat="46.666053" lon="8.151908">
                <ele>2627</ele>
            </trkpt>
            <trkpt lat="46.666055" lon="8.151914">
                <ele>2627</ele>
            </trkpt>
            <trkpt lat="46.666055" lon="8.151914">
                <ele>2627</ele>
            </trkpt>
            <trkpt lat="46.666055" lon="8.151914">
                <ele>2627</ele>
            </trkpt>
            <trkpt lat="46.666055" lon="8.151914">
                <ele>2627</ele>
            </trkpt>
            <trkpt lat="46.666055" lon="8.151914">
                <ele>2627</ele>
            </trkpt>
            <trkpt lat="46.666055" lon="8.151914">
                <ele>2627</ele>
            </trkpt>
            <trkpt lat="46.666055" lon="8.151914">
                <ele>2627</ele>
            </trkpt>
            <trkpt lat="46.666056" lon="8.151910">
                <ele>2627</ele>
            </trkpt>
            <trkpt lat="46.666055" lon="8.151914">
                <ele>2627</ele>
            </trkpt>
            <trkpt lat="46.666055" lon="8.151914">
                <ele>2627</ele>
            </trkpt>
            <trkpt lat="46.666055" lon="8.151914">
                <ele>2627</ele>
            </trkpt>
            <trkpt lat="46.666055" lon="8.151914">
                <ele>2627</ele>
            </trkpt>
            <trkpt lat="46.666055" lon="8.151914">
                <ele>2627</ele>
            </trkpt>
            <trkpt lat="46.666055" lon="8.151914">
                <ele>2627</ele>
            </trkpt>
            <trkpt lat="46.666055" lon="8.151914">
                <ele>2627</ele>
            </trkpt>
            <trkpt lat="46.666055" lon="8.151914">
                <ele>2627</ele>
            </trkpt>
            <trkpt lat="46.666055" lon="8.151914">
                <ele>2627</ele>
            </trkpt>
            <trkpt lat="46.666055" lon="8.151914">
                <ele>2627</ele>
            </trkpt>
            <trkpt lat="46.666055" lon="8.151914">
                <ele>2627</ele>
            </trkpt>
            <trkpt lat="46.666055" lon="8.151916">
                <ele>2627</ele>
            </trkpt>
            <trkpt lat="46.666055" lon="8.151914">
                <ele>2627</ele>
            </trkpt>
            <trkpt lat="46.666055" lon="8.151914">
                <ele>2627</ele>
            </trkpt>
            <trkpt lat="46.666055" lon="8.151894">
                <ele>2627</ele>
            </trkpt>
            <trkpt lat="46.666055" lon="8.151894">
                <ele>2627</ele>
            </trkpt>
            <trkpt lat="46.666055" lon="8.151894">
                <ele>2627</ele>
            </trkpt>
            <trkpt lat="46.666054" lon="8.151893">
                <ele>2627</ele>
            </trkpt>
            <trkpt lat="46.666055" lon="8.151894">
                <ele>2627</ele>
            </trkpt>
            <trkpt lat="46.666057" lon="8.151887">
                <ele>2627</ele>
            </trkpt>
            <trkpt lat="46.666055" lon="8.151891">
                <ele>2627</ele>
            </trkpt>
            <trkpt lat="46.666055" lon="8.151894">
                <ele>2627</ele>
            </trkpt>
            <trkpt lat="46.666055" lon="8.151894">
                <ele>2627</ele>
            </trkpt>
            <trkpt lat="46.666055" lon="8.151894">
                <ele>2627</ele>
            </trkpt>
            <trkpt lat="46.666055" lon="8.151894">
                <ele>2627</ele>
            </trkpt>
            <trkpt lat="46.666055" lon="8.151894">
                <ele>2627</ele>
            </trkpt>
            <trkpt lat="46.666055" lon="8.151894">
                <ele>2627</ele>
            </trkpt>
            <trkpt lat="46.666055" lon="8.151894">
                <ele>2627</ele>
            </trkpt>
            <trkpt lat="46.666055" lon="8.151894">
                <ele>2627</ele>
            </trkpt>
            <trkpt lat="46.666055" lon="8.151894">
                <ele>2627</ele>
            </trkpt>
            <trkpt lat="46.666055" lon="8.151894">
                <ele>2627</ele>
            </trkpt>
            <trkpt lat="46.666061" lon="8.151888">
                <ele>2627</ele>
            </trkpt>
            <trkpt lat="46.666055" lon="8.151894">
                <ele>2627</ele>
            </trkpt>
            <trkpt lat="46.666055" lon="8.151894">
                <ele>2627</ele>
            </trkpt>
            <trkpt lat="46.666055" lon="8.151894">
                <ele>2627</ele>
            </trkpt>
            <trkpt lat="46.666047" lon="8.151891">
                <ele>2627</ele>
            </trkpt>
            <trkpt lat="46.666044" lon="8.151885">
                <ele>2627</ele>
            </trkpt>
            <trkpt lat="46.666024" lon="8.151869">
                <ele>2627</ele>
            </trkpt>
            <trkpt lat="46.666022" lon="8.151864">
                <ele>2627</ele>
            </trkpt>
            <trkpt lat="46.666011" lon="8.151854">
                <ele>2627</ele>
            </trkpt>
            <trkpt lat="46.666008" lon="8.151841">
                <ele>2627</ele>
            </trkpt>
            <trkpt lat="46.666004" lon="8.151830">
                <ele>2627</ele>
            </trkpt>
            <trkpt lat="46.666004" lon="8.151830">
                <ele>2627</ele>
            </trkpt>
            <trkpt lat="46.666004" lon="8.151830">
                <ele>2627</ele>
            </trkpt>
            <trkpt lat="46.666004" lon="8.151830">
                <ele>2627</ele>
            </trkpt>
            <trkpt lat="46.666004" lon="8.151830">
                <ele>2627</ele>
            </trkpt>
            <trkpt lat="46.666004" lon="8.151830">
                <ele>2627</ele>
            </trkpt>
            <trkpt lat="46.666000" lon="8.151827">
                <ele>2627</ele>
            </trkpt>
            <trkpt lat="46.665995" lon="8.151823">
                <ele>2627</ele>
            </trkpt>
            <trkpt lat="46.665990" lon="8.151829">
                <ele>2627</ele>
            </trkpt>
            <trkpt lat="46.665990" lon="8.151829">
                <ele>2627</ele>
            </trkpt>
            <trkpt lat="46.665990" lon="8.151829">
                <ele>2627</ele>
            </trkpt>
            <trkpt lat="46.665982" lon="8.151821">
                <ele>2627</ele>
            </trkpt>
            <trkpt lat="46.665984" lon="8.151807">
                <ele>2627</ele>
            </trkpt>
            <trkpt lat="46.665983" lon="8.151806">
                <ele>2627</ele>
            </trkpt>
            <trkpt lat="46.665983" lon="8.151806">
                <ele>2627</ele>
            </trkpt>
            <trkpt lat="46.665983" lon="8.151806">
                <ele>2627</ele>
            </trkpt>
            <trkpt lat="46.665983" lon="8.151806">
                <ele>2627</ele>
            </trkpt>
            <trkpt lat="46.665983" lon="8.151806">
                <ele>2627</ele>
            </trkpt>
            <trkpt lat="46.665983" lon="8.151806">
                <ele>2627</ele>
            </trkpt>
            <trkpt lat="46.665983" lon="8.151806">
                <ele>2627</ele>
            </trkpt>
            <trkpt lat="46.665983" lon="8.151806">
                <ele>2627</ele>
            </trkpt>
            <trkpt lat="46.665983" lon="8.151806">
                <ele>2627</ele>
            </trkpt>
            <trkpt lat="46.665972" lon="8.151795">
                <ele>2633</ele>
            </trkpt>
            <trkpt lat="46.665969" lon="8.151787">
                <ele>2659</ele>
            </trkpt>
            <trkpt lat="46.665968" lon="8.151785">
                <ele>2659</ele>
            </trkpt>
            <trkpt lat="46.665967" lon="8.151785">
                <ele>2659</ele>
            </trkpt>
            <trkpt lat="46.665963" lon="8.151784">
                <ele>2659</ele>
            </trkpt>
            <trkpt lat="46.665959" lon="8.151783">
                <ele>2659</ele>
            </trkpt>
            <trkpt lat="46.665968" lon="8.151785">
                <ele>2659</ele>
            </trkpt>
            <trkpt lat="46.665968" lon="8.151785">
                <ele>2659</ele>
            </trkpt>
            <trkpt lat="46.665957" lon="8.151787">
                <ele>2659</ele>
            </trkpt>
            <trkpt lat="46.665949" lon="8.151791">
                <ele>2659</ele>
            </trkpt>
            <trkpt lat="46.665944" lon="8.151789">
                <ele>2659</ele>
            </trkpt>
            <trkpt lat="46.665936" lon="8.151786">
                <ele>2659</ele>
            </trkpt>
            <trkpt lat="46.665930" lon="8.151785">
                <ele>2659</ele>
            </trkpt>
            <trkpt lat="46.665930" lon="8.151785">
                <ele>2659</ele>
            </trkpt>
            <trkpt lat="46.665930" lon="8.151785">
                <ele>2659</ele>
            </trkpt>
            <trkpt lat="46.665930" lon="8.151785">
                <ele>2659</ele>
            </trkpt>
            <trkpt lat="46.665921" lon="8.151776">
                <ele>2659</ele>
            </trkpt>
            <trkpt lat="46.665930" lon="8.151785">
                <ele>2659</ele>
            </trkpt>
            <trkpt lat="46.665920" lon="8.151776">
                <ele>2659</ele>
            </trkpt>
            <trkpt lat="46.665918" lon="8.151769">
                <ele>2659</ele>
            </trkpt>
            <trkpt lat="46.665918" lon="8.151769">
                <ele>2659</ele>
            </trkpt>
            <trkpt lat="46.665918" lon="8.151769">
                <ele>2659</ele>
            </trkpt>
            <trkpt lat="46.665914" lon="8.151759">
                <ele>2659</ele>
            </trkpt>
            <trkpt lat="46.665918" lon="8.151769">
                <ele>2659</ele>
            </trkpt>
            <trkpt lat="46.665918" lon="8.151769">
                <ele>2659</ele>
            </trkpt>
            <trkpt lat="46.665896" lon="8.151751">
                <ele>2659</ele>
            </trkpt>
            <trkpt lat="46.665893" lon="8.151745">
                <ele>2659</ele>
            </trkpt>
            <trkpt lat="46.665892" lon="8.151743">
                <ele>2659</ele>
            </trkpt>
            <trkpt lat="46.665892" lon="8.151743">
                <ele>2659</ele>
            </trkpt>
            <trkpt lat="46.665892" lon="8.151743">
                <ele>2659</ele>
            </trkpt>
            <trkpt lat="46.665892" lon="8.151743">
                <ele>2659</ele>
            </trkpt>
            <trkpt lat="46.665892" lon="8.151743">
                <ele>2659</ele>
            </trkpt>
            <trkpt lat="46.665877" lon="8.151726">
                <ele>2659</ele>
            </trkpt>
            <trkpt lat="46.665874" lon="8.151721">
                <ele>2659</ele>
            </trkpt>
            <trkpt lat="46.665874" lon="8.151721">
                <ele>2659</ele>
            </trkpt>
            <trkpt lat="46.665869" lon="8.151703">
                <ele>2659</ele>
            </trkpt>
            <trkpt lat="46.665869" lon="8.151703">
                <ele>2659</ele>
            </trkpt>
            <trkpt lat="46.665869" lon="8.151703">
                <ele>2659</ele>
            </trkpt>
            <trkpt lat="46.665863" lon="8.151688">
                <ele>2659</ele>
            </trkpt>
            <trkpt lat="46.665859" lon="8.151687">
                <ele>2659</ele>
            </trkpt>
            <trkpt lat="46.665859" lon="8.151687">
                <ele>2659</ele>
            </trkpt>
            <trkpt lat="46.665859" lon="8.151687">
                <ele>2659</ele>
            </trkpt>
            <trkpt lat="46.665859" lon="8.151687">
                <ele>2659</ele>
            </trkpt>
            <trkpt lat="46.665859" lon="8.151687">
                <ele>2659</ele>
            </trkpt>
            <trkpt lat="46.665859" lon="8.151687">
                <ele>2659</ele>
            </trkpt>
            <trkpt lat="46.665855" lon="8.151679">
                <ele>2659</ele>
            </trkpt>
            <trkpt lat="46.665847" lon="8.151664">
                <ele>2659</ele>
            </trkpt>
            <trkpt lat="46.665847" lon="8.151664">
                <ele>2659</ele>
            </trkpt>
            <trkpt lat="46.665835" lon="8.151657">
                <ele>2659</ele>
            </trkpt>
            <trkpt lat="46.665834" lon="8.151655">
                <ele>2659</ele>
            </trkpt>
            <trkpt lat="46.665834" lon="8.151655">
                <ele>2659</ele>
            </trkpt>
            <trkpt lat="46.665834" lon="8.151655">
                <ele>2659</ele>
            </trkpt>
            <trkpt lat="46.665834" lon="8.151655">
                <ele>2659</ele>
            </trkpt>
            <trkpt lat="46.665834" lon="8.151655">
                <ele>2659</ele>
            </trkpt>
            <trkpt lat="46.665834" lon="8.151655">
                <ele>2659</ele>
            </trkpt>
            <trkpt lat="46.665834" lon="8.151655">
                <ele>2659</ele>
            </trkpt>
            <trkpt lat="46.665831" lon="8.151632">
                <ele>2659</ele>
            </trkpt>
            <trkpt lat="46.665829" lon="8.151630">
                <ele>2659</ele>
            </trkpt>
            <trkpt lat="46.665822" lon="8.151632">
                <ele>2659</ele>
            </trkpt>
            <trkpt lat="46.665829" lon="8.151629">
                <ele>2659</ele>
            </trkpt>
            <trkpt lat="46.665829" lon="8.151629">
                <ele>2659</ele>
            </trkpt>
            <trkpt lat="46.665818" lon="8.151627">
                <ele>2659</ele>
            </trkpt>
            <trkpt lat="46.665815" lon="8.151609">
                <ele>2659</ele>
            </trkpt>
            <trkpt lat="46.665815" lon="8.151609">
                <ele>2659</ele>
            </trkpt>
            <trkpt lat="46.665815" lon="8.151609">
                <ele>2659</ele>
            </trkpt>
            <trkpt lat="46.665811" lon="8.151602">
                <ele>2659</ele>
            </trkpt>
            <trkpt lat="46.665815" lon="8.151609">
                <ele>2659</ele>
            </trkpt>
            <trkpt lat="46.665811" lon="8.151601">
                <ele>2659</ele>
            </trkpt>
            <trkpt lat="46.665815" lon="8.151609">
                <ele>2659</ele>
            </trkpt>
            <trkpt lat="46.665815" lon="8.151609">
                <ele>2659</ele>
            </trkpt>
            <trkpt lat="46.665815" lon="8.151609">
                <ele>2659</ele>
            </trkpt>
            <trkpt lat="46.665815" lon="8.151609">
                <ele>2659</ele>
            </trkpt>
            <trkpt lat="46.665815" lon="8.151609">
                <ele>2659</ele>
            </trkpt>
            <trkpt lat="46.665815" lon="8.151609">
                <ele>2659</ele>
            </trkpt>
            <trkpt lat="46.665797" lon="8.151576">
                <ele>2659</ele>
            </trkpt>
            <trkpt lat="46.665797" lon="8.151576">
                <ele>2659</ele>
            </trkpt>
            <trkpt lat="46.665790" lon="8.151572">
                <ele>2659</ele>
            </trkpt>
            <trkpt lat="46.665785" lon="8.151562">
                <ele>2659</ele>
            </trkpt>
            <trkpt lat="46.665785" lon="8.151562">
                <ele>2659</ele>
            </trkpt>
            <trkpt lat="46.665785" lon="8.151562">
                <ele>2659</ele>
            </trkpt>
            <trkpt lat="46.665797" lon="8.151551">
                <ele>2659</ele>
            </trkpt>
            <trkpt lat="46.665809" lon="8.151552">
                <ele>2659</ele>
            </trkpt>
            <trkpt lat="46.665810" lon="8.151551">
                <ele>2659</ele>
            </trkpt>
            <trkpt lat="46.665810" lon="8.151551">
                <ele>2659</ele>
            </trkpt>
            <trkpt lat="46.665809" lon="8.151547">
                <ele>2659</ele>
            </trkpt>
            <trkpt lat="46.665804" lon="8.151539">
                <ele>2659</ele>
            </trkpt>
            <trkpt lat="46.665810" lon="8.151551">
                <ele>2659</ele>
            </trkpt>
            <trkpt lat="46.665810" lon="8.151551">
                <ele>2659</ele>
            </trkpt>
            <trkpt lat="46.665827" lon="8.151550">
                <ele>2659</ele>
            </trkpt>
            <trkpt lat="46.665829" lon="8.151535">
                <ele>2659</ele>
            </trkpt>
            <trkpt lat="46.665832" lon="8.151542">
                <ele>2659</ele>
            </trkpt>
            <trkpt lat="46.665828" lon="8.151533">
                <ele>2659</ele>
            </trkpt>
            <trkpt lat="46.665830" lon="8.151532">
                <ele>2659</ele>
            </trkpt>
            <trkpt lat="46.665830" lon="8.151532">
                <ele>2659</ele>
            </trkpt>
            <trkpt lat="46.665830" lon="8.151532">
                <ele>2659</ele>
            </trkpt>
            <trkpt lat="46.665831" lon="8.151503">
                <ele>2680</ele>
            </trkpt>
            <trkpt lat="46.665831" lon="8.151503">
                <ele>2680</ele>
            </trkpt>
            <trkpt lat="46.665831" lon="8.151503">
                <ele>2680</ele>
            </trkpt>
            <trkpt lat="46.665831" lon="8.151503">
                <ele>2680</ele>
            </trkpt>
            <trkpt lat="46.665831" lon="8.151503">
                <ele>2680</ele>
            </trkpt>
            <trkpt lat="46.665819" lon="8.151498">
                <ele>2680</ele>
            </trkpt>
            <trkpt lat="46.665815" lon="8.151464">
                <ele>2680</ele>
            </trkpt>
            <trkpt lat="46.665819" lon="8.151451">
                <ele>2680</ele>
            </trkpt>
            <trkpt lat="46.665830" lon="8.151446">
                <ele>2680</ele>
            </trkpt>
            <trkpt lat="46.665832" lon="8.151448">
                <ele>2680</ele>
            </trkpt>
            <trkpt lat="46.665832" lon="8.151448">
                <ele>2680</ele>
            </trkpt>
            <trkpt lat="46.665832" lon="8.151448">
                <ele>2680</ele>
            </trkpt>
            <trkpt lat="46.665832" lon="8.151448">
                <ele>2680</ele>
            </trkpt>
            <trkpt lat="46.665832" lon="8.151448">
                <ele>2680</ele>
            </trkpt>
            <trkpt lat="46.665832" lon="8.151448">
                <ele>2680</ele>
            </trkpt>
            <trkpt lat="46.665832" lon="8.151448">
                <ele>2680</ele>
            </trkpt>
            <trkpt lat="46.665832" lon="8.151448">
                <ele>2680</ele>
            </trkpt>
            <trkpt lat="46.665832" lon="8.151448">
                <ele>2680</ele>
            </trkpt>
            <trkpt lat="46.665827" lon="8.151400">
                <ele>2680</ele>
            </trkpt>
            <trkpt lat="46.665829" lon="8.151397">
                <ele>2680</ele>
            </trkpt>
            <trkpt lat="46.665833" lon="8.151391">
                <ele>2680</ele>
            </trkpt>
            <trkpt lat="46.665833" lon="8.151391">
                <ele>2680</ele>
            </trkpt>
            <trkpt lat="46.665841" lon="8.151372">
                <ele>2680</ele>
            </trkpt>
            <trkpt lat="46.665840" lon="8.151369">
                <ele>2680</ele>
            </trkpt>
            <trkpt lat="46.665840" lon="8.151369">
                <ele>2680</ele>
            </trkpt>
            <trkpt lat="46.665840" lon="8.151369">
                <ele>2680</ele>
            </trkpt>
            <trkpt lat="46.665840" lon="8.151367">
                <ele>2680</ele>
            </trkpt>
            <trkpt lat="46.665838" lon="8.151345">
                <ele>2680</ele>
            </trkpt>
            <trkpt lat="46.665838" lon="8.151345">
                <ele>2680</ele>
            </trkpt>
            <trkpt lat="46.665836" lon="8.151325">
                <ele>2680</ele>
            </trkpt>
            <trkpt lat="46.665838" lon="8.151303">
                <ele>2680</ele>
            </trkpt>
            <trkpt lat="46.665853" lon="8.151282">
                <ele>2680</ele>
            </trkpt>
            <trkpt lat="46.665852" lon="8.151281">
                <ele>2680</ele>
            </trkpt>
            <trkpt lat="46.665849" lon="8.151286">
                <ele>2680</ele>
            </trkpt>
            <trkpt lat="46.665849" lon="8.151286">
                <ele>2680</ele>
            </trkpt>
            <trkpt lat="46.665857" lon="8.151270">
                <ele>2680</ele>
            </trkpt>
            <trkpt lat="46.665861" lon="8.151262">
                <ele>2680</ele>
            </trkpt>
            <trkpt lat="46.665861" lon="8.151250">
                <ele>2682</ele>
            </trkpt>
            <trkpt lat="46.665861" lon="8.151250">
                <ele>2682</ele>
            </trkpt>
            <trkpt lat="46.665861" lon="8.151250">
                <ele>2682</ele>
            </trkpt>
            <trkpt lat="46.665863" lon="8.151222">
                <ele>2682</ele>
            </trkpt>
            <trkpt lat="46.665870" lon="8.151208">
                <ele>2682</ele>
            </trkpt>
            <trkpt lat="46.665875" lon="8.151214">
                <ele>2682</ele>
            </trkpt>
            <trkpt lat="46.665874" lon="8.151217">
                <ele>2682</ele>
            </trkpt>
            <trkpt lat="46.665870" lon="8.151208">
                <ele>2682</ele>
            </trkpt>
            <trkpt lat="46.665870" lon="8.151208">
                <ele>2682</ele>
            </trkpt>
            <trkpt lat="46.665879" lon="8.151243">
                <ele>2682</ele>
            </trkpt>
            <trkpt lat="46.665880" lon="8.151249">
                <ele>2682</ele>
            </trkpt>
            <trkpt lat="46.665880" lon="8.151249">
                <ele>2682</ele>
            </trkpt>
            <trkpt lat="46.665880" lon="8.151249">
                <ele>2682</ele>
            </trkpt>
            <trkpt lat="46.665880" lon="8.151249">
                <ele>2682</ele>
            </trkpt>
            <trkpt lat="46.665877" lon="8.151234">
                <ele>2682</ele>
            </trkpt>
            <trkpt lat="46.665880" lon="8.151249">
                <ele>2682</ele>
            </trkpt>
            <trkpt lat="46.665880" lon="8.151249">
                <ele>2682</ele>
            </trkpt>
            <trkpt lat="46.665880" lon="8.151249">
                <ele>2682</ele>
            </trkpt>
            <trkpt lat="46.665880" lon="8.151249">
                <ele>2682</ele>
            </trkpt>
            <trkpt lat="46.665880" lon="8.151249">
                <ele>2682</ele>
            </trkpt>
            <trkpt lat="46.665880" lon="8.151249">
                <ele>2682</ele>
            </trkpt>
            <trkpt lat="46.665875" lon="8.151253">
                <ele>2680</ele>
            </trkpt>
            <trkpt lat="46.665880" lon="8.151249">
                <ele>2682</ele>
            </trkpt>
            <trkpt lat="46.665882" lon="8.151230">
                <ele>2682</ele>
            </trkpt>
            <trkpt lat="46.665881" lon="8.151218">
                <ele>2682</ele>
            </trkpt>
            <trkpt lat="46.665883" lon="8.151216">
                <ele>2682</ele>
            </trkpt>
            <trkpt lat="46.665884" lon="8.151215">
                <ele>2682</ele>
            </trkpt>
            <trkpt lat="46.665883" lon="8.151216">
                <ele>2682</ele>
            </trkpt>
            <trkpt lat="46.665875" lon="8.151212">
                <ele>2682</ele>
            </trkpt>
            <trkpt lat="46.665865" lon="8.151202">
                <ele>2682</ele>
            </trkpt>
            <trkpt lat="46.665883" lon="8.151216">
                <ele>2682</ele>
            </trkpt>
            <trkpt lat="46.665883" lon="8.151216">
                <ele>2682</ele>
            </trkpt>
            <trkpt lat="46.665883" lon="8.151216">
                <ele>2682</ele>
            </trkpt>
            <trkpt lat="46.665883" lon="8.151216">
                <ele>2682</ele>
            </trkpt>
            <trkpt lat="46.665883" lon="8.151216">
                <ele>2682</ele>
            </trkpt>
            <trkpt lat="46.665883" lon="8.151216">
                <ele>2682</ele>
            </trkpt>
            <trkpt lat="46.665883" lon="8.151216">
                <ele>2682</ele>
            </trkpt>
            <trkpt lat="46.665883" lon="8.151216">
                <ele>2682</ele>
            </trkpt>
            <trkpt lat="46.665883" lon="8.151216">
                <ele>2682</ele>
            </trkpt>
            <trkpt lat="46.665883" lon="8.151216">
                <ele>2682</ele>
            </trkpt>
            <trkpt lat="46.665883" lon="8.151216">
                <ele>2682</ele>
            </trkpt>
            <trkpt lat="46.665869" lon="8.151202">
                <ele>2682</ele>
            </trkpt>
            <trkpt lat="46.665865" lon="8.151217">
                <ele>2682</ele>
            </trkpt>
            <trkpt lat="46.665864" lon="8.151215">
                <ele>2682</ele>
            </trkpt>
            <trkpt lat="46.665864" lon="8.151215">
                <ele>2682</ele>
            </trkpt>
            <trkpt lat="46.665864" lon="8.151215">
                <ele>2682</ele>
            </trkpt>
            <trkpt lat="46.665864" lon="8.151215">
                <ele>2682</ele>
            </trkpt>
            <trkpt lat="46.665864" lon="8.151217">
                <ele>2682</ele>
            </trkpt>
            <trkpt lat="46.665859" lon="8.151206">
                <ele>2682</ele>
            </trkpt>
            <trkpt lat="46.665864" lon="8.151215">
                <ele>2682</ele>
            </trkpt>
            <trkpt lat="46.665864" lon="8.151215">
                <ele>2682</ele>
            </trkpt>
            <trkpt lat="46.665864" lon="8.151215">
                <ele>2682</ele>
            </trkpt>
            <trkpt lat="46.665861" lon="8.151195">
                <ele>2682</ele>
            </trkpt>
            <trkpt lat="46.665865" lon="8.151193">
                <ele>2682</ele>
            </trkpt>
            <trkpt lat="46.665865" lon="8.151193">
                <ele>2682</ele>
            </trkpt>
            <trkpt lat="46.665865" lon="8.151193">
                <ele>2682</ele>
            </trkpt>
            <trkpt lat="46.665865" lon="8.151193">
                <ele>2682</ele>
            </trkpt>
            <trkpt lat="46.665868" lon="8.151201">
                <ele>2682</ele>
            </trkpt>
            <trkpt lat="46.665865" lon="8.151193">
                <ele>2682</ele>
            </trkpt>
            <trkpt lat="46.665867" lon="8.151198">
                <ele>2682</ele>
            </trkpt>
            <trkpt lat="46.665865" lon="8.151193">
                <ele>2682</ele>
            </trkpt>
            <trkpt lat="46.665865" lon="8.151193">
                <ele>2682</ele>
            </trkpt>
            <trkpt lat="46.665865" lon="8.151193">
                <ele>2682</ele>
            </trkpt>
            <trkpt lat="46.665865" lon="8.151193">
                <ele>2682</ele>
            </trkpt>
            <trkpt lat="46.665872" lon="8.151203">
                <ele>2682</ele>
            </trkpt>
            <trkpt lat="46.665865" lon="8.151193">
                <ele>2682</ele>
            </trkpt>
            <trkpt lat="46.665865" lon="8.151193">
                <ele>2682</ele>
            </trkpt>
            <trkpt lat="46.665865" lon="8.151193">
                <ele>2682</ele>
            </trkpt>
            <trkpt lat="46.665865" lon="8.151193">
                <ele>2682</ele>
            </trkpt>
            <trkpt lat="46.665865" lon="8.151193">
                <ele>2682</ele>
            </trkpt>
            <trkpt lat="46.665865" lon="8.151193">
                <ele>2682</ele>
            </trkpt>
            <trkpt lat="46.665865" lon="8.151193">
                <ele>2682</ele>
            </trkpt>
            <trkpt lat="46.665865" lon="8.151193">
                <ele>2682</ele>
            </trkpt>
            <trkpt lat="46.665865" lon="8.151193">
                <ele>2682</ele>
            </trkpt>
            <trkpt lat="46.665865" lon="8.151193">
                <ele>2682</ele>
            </trkpt>
            <trkpt lat="46.665865" lon="8.151193">
                <ele>2682</ele>
            </trkpt>
            <trkpt lat="46.665863" lon="8.151207">
                <ele>2682</ele>
            </trkpt>
            <trkpt lat="46.665862" lon="8.151212">
                <ele>2682</ele>
            </trkpt>
            <trkpt lat="46.665862" lon="8.151212">
                <ele>2682</ele>
            </trkpt>
            <trkpt lat="46.665862" lon="8.151212">
                <ele>2682</ele>
            </trkpt>
            <trkpt lat="46.665862" lon="8.151212">
                <ele>2682</ele>
            </trkpt>
            <trkpt lat="46.665861" lon="8.151210">
                <ele>2682</ele>
            </trkpt>
            <trkpt lat="46.665862" lon="8.151212">
                <ele>2682</ele>
            </trkpt>
            <trkpt lat="46.665862" lon="8.151212">
                <ele>2682</ele>
            </trkpt>
            <trkpt lat="46.665862" lon="8.151212">
                <ele>2682</ele>
            </trkpt>
            <trkpt lat="46.665862" lon="8.151212">
                <ele>2682</ele>
            </trkpt>
            <trkpt lat="46.665862" lon="8.151212">
                <ele>2682</ele>
            </trkpt>
            <trkpt lat="46.665862" lon="8.151212">
                <ele>2682</ele>
            </trkpt>
            <trkpt lat="46.665862" lon="8.151212">
                <ele>2682</ele>
            </trkpt>
            <trkpt lat="46.665862" lon="8.151212">
                <ele>2682</ele>
            </trkpt>
            <trkpt lat="46.665863" lon="8.151211">
                <ele>2682</ele>
            </trkpt>
            <trkpt lat="46.665862" lon="8.151212">
                <ele>2682</ele>
            </trkpt>
            <trkpt lat="46.665862" lon="8.151212">
                <ele>2682</ele>
            </trkpt>
            <trkpt lat="46.665862" lon="8.151212">
                <ele>2682</ele>
            </trkpt>
            <trkpt lat="46.665862" lon="8.151212">
                <ele>2682</ele>
            </trkpt>
            <trkpt lat="46.665862" lon="8.151212">
                <ele>2682</ele>
            </trkpt>
            <trkpt lat="46.665862" lon="8.151212">
                <ele>2682</ele>
            </trkpt>
            <trkpt lat="46.665862" lon="8.151212">
                <ele>2682</ele>
            </trkpt>
            <trkpt lat="46.665862" lon="8.151212">
                <ele>2682</ele>
            </trkpt>
            <trkpt lat="46.665862" lon="8.151212">
                <ele>2682</ele>
            </trkpt>
            <trkpt lat="46.665862" lon="8.151212">
                <ele>2682</ele>
            </trkpt>
            <trkpt lat="46.665862" lon="8.151212">
                <ele>2682</ele>
            </trkpt>
            <trkpt lat="46.665862" lon="8.151212">
                <ele>2682</ele>
            </trkpt>
            <trkpt lat="46.665862" lon="8.151212">
                <ele>2682</ele>
            </trkpt>
            <trkpt lat="46.665862" lon="8.151212">
                <ele>2682</ele>
            </trkpt>
            <trkpt lat="46.665862" lon="8.151212">
                <ele>2682</ele>
            </trkpt>
            <trkpt lat="46.665862" lon="8.151212">
                <ele>2682</ele>
            </trkpt>
            <trkpt lat="46.665862" lon="8.151212">
                <ele>2682</ele>
            </trkpt>
            <trkpt lat="46.665862" lon="8.151212">
                <ele>2682</ele>
            </trkpt>
            <trkpt lat="46.665865" lon="8.151219">
                <ele>2682</ele>
            </trkpt>
            <trkpt lat="46.665862" lon="8.151212">
                <ele>2682</ele>
            </trkpt>
            <trkpt lat="46.665862" lon="8.151212">
                <ele>2682</ele>
            </trkpt>
            <trkpt lat="46.665862" lon="8.151212">
                <ele>2682</ele>
            </trkpt>
            <trkpt lat="46.665862" lon="8.151212">
                <ele>2682</ele>
            </trkpt>
            <trkpt lat="46.665862" lon="8.151212">
                <ele>2682</ele>
            </trkpt>
            <trkpt lat="46.665862" lon="8.151212">
                <ele>2682</ele>
            </trkpt>
            <trkpt lat="46.665862" lon="8.151212">
                <ele>2682</ele>
            </trkpt>
            <trkpt lat="46.665862" lon="8.151212">
                <ele>2682</ele>
            </trkpt>
            <trkpt lat="46.665862" lon="8.151212">
                <ele>2682</ele>
            </trkpt>
            <trkpt lat="46.665862" lon="8.151212">
                <ele>2682</ele>
            </trkpt>
            <trkpt lat="46.665862" lon="8.151212">
                <ele>2682</ele>
            </trkpt>
            <trkpt lat="46.665862" lon="8.151212">
                <ele>2682</ele>
            </trkpt>
            <trkpt lat="46.665862" lon="8.151212">
                <ele>2682</ele>
            </trkpt>
            <trkpt lat="46.665862" lon="8.151212">
                <ele>2682</ele>
            </trkpt>
            <trkpt lat="46.665862" lon="8.151212">
                <ele>2682</ele>
            </trkpt>
            <trkpt lat="46.665862" lon="8.151212">
                <ele>2682</ele>
            </trkpt>
            <trkpt lat="46.665862" lon="8.151212">
                <ele>2682</ele>
            </trkpt>
            <trkpt lat="46.665875" lon="8.151217">
                <ele>2682</ele>
            </trkpt>
            <trkpt lat="46.665875" lon="8.151217">
                <ele>2682</ele>
            </trkpt>
            <trkpt lat="46.665875" lon="8.151217">
                <ele>2682</ele>
            </trkpt>
            <trkpt lat="46.665875" lon="8.151217">
                <ele>2682</ele>
            </trkpt>
            <trkpt lat="46.665875" lon="8.151217">
                <ele>2682</ele>
            </trkpt>
            <trkpt lat="46.665875" lon="8.151217">
                <ele>2682</ele>
            </trkpt>
            <trkpt lat="46.665875" lon="8.151217">
                <ele>2682</ele>
            </trkpt>
            <trkpt lat="46.665875" lon="8.151217">
                <ele>2682</ele>
            </trkpt>
            <trkpt lat="46.665875" lon="8.151217">
                <ele>2682</ele>
            </trkpt>
            <trkpt lat="46.665875" lon="8.151217">
                <ele>2682</ele>
            </trkpt>
            <trkpt lat="46.665875" lon="8.151217">
                <ele>2682</ele>
            </trkpt>
            <trkpt lat="46.665875" lon="8.151217">
                <ele>2682</ele>
            </trkpt>
            <trkpt lat="46.665875" lon="8.151217">
                <ele>2682</ele>
            </trkpt>
            <trkpt lat="46.665875" lon="8.151217">
                <ele>2682</ele>
            </trkpt>
            <trkpt lat="46.665875" lon="8.151217">
                <ele>2682</ele>
            </trkpt>
            <trkpt lat="46.665875" lon="8.151217">
                <ele>2682</ele>
            </trkpt>
            <trkpt lat="46.665875" lon="8.151217">
                <ele>2682</ele>
            </trkpt>
            <trkpt lat="46.665875" lon="8.151217">
                <ele>2682</ele>
            </trkpt>
            <trkpt lat="46.665875" lon="8.151217">
                <ele>2682</ele>
            </trkpt>
            <trkpt lat="46.665875" lon="8.151217">
                <ele>2682</ele>
            </trkpt>
            <trkpt lat="46.665875" lon="8.151217">
                <ele>2682</ele>
            </trkpt>
            <trkpt lat="46.665875" lon="8.151217">
                <ele>2682</ele>
            </trkpt>
            <trkpt lat="46.665875" lon="8.151217">
                <ele>2682</ele>
            </trkpt>
            <trkpt lat="46.665875" lon="8.151217">
                <ele>2682</ele>
            </trkpt>
            <trkpt lat="46.665875" lon="8.151217">
                <ele>2682</ele>
            </trkpt>
            <trkpt lat="46.665875" lon="8.151217">
                <ele>2682</ele>
            </trkpt>
            <trkpt lat="46.665875" lon="8.151217">
                <ele>2682</ele>
            </trkpt>
            <trkpt lat="46.665875" lon="8.151217">
                <ele>2682</ele>
            </trkpt>
            <trkpt lat="46.665875" lon="8.151217">
                <ele>2682</ele>
            </trkpt>
            <trkpt lat="46.665875" lon="8.151217">
                <ele>2682</ele>
            </trkpt>
            <trkpt lat="46.665875" lon="8.151217">
                <ele>2682</ele>
            </trkpt>
            <trkpt lat="46.665875" lon="8.151217">
                <ele>2682</ele>
            </trkpt>
            <trkpt lat="46.665875" lon="8.151217">
                <ele>2682</ele>
            </trkpt>
            <trkpt lat="46.665875" lon="8.151217">
                <ele>2682</ele>
            </trkpt>
            <trkpt lat="46.665875" lon="8.151217">
                <ele>2682</ele>
            </trkpt>
            <trkpt lat="46.665875" lon="8.151217">
                <ele>2682</ele>
            </trkpt>
            <trkpt lat="46.665875" lon="8.151217">
                <ele>2682</ele>
            </trkpt>
            <trkpt lat="46.665873" lon="8.151217">
                <ele>2682</ele>
            </trkpt>
            <trkpt lat="46.665874" lon="8.151214">
                <ele>2682</ele>
            </trkpt>
            <trkpt lat="46.665875" lon="8.151217">
                <ele>2682</ele>
            </trkpt>
            <trkpt lat="46.665875" lon="8.151217">
                <ele>2682</ele>
            </trkpt>
            <trkpt lat="46.665875" lon="8.151217">
                <ele>2682</ele>
            </trkpt>
            <trkpt lat="46.665875" lon="8.151217">
                <ele>2682</ele>
            </trkpt>
            <trkpt lat="46.665875" lon="8.151217">
                <ele>2682</ele>
            </trkpt>
            <trkpt lat="46.665875" lon="8.151217">
                <ele>2682</ele>
            </trkpt>
            <trkpt lat="46.665875" lon="8.151217">
                <ele>2682</ele>
            </trkpt>
            <trkpt lat="46.665875" lon="8.151217">
                <ele>2682</ele>
            </trkpt>
            <trkpt lat="46.665875" lon="8.151217">
                <ele>2682</ele>
            </trkpt>
            <trkpt lat="46.665875" lon="8.151217">
                <ele>2682</ele>
            </trkpt>
            <trkpt lat="46.665875" lon="8.151213">
                <ele>2682</ele>
            </trkpt>
            <trkpt lat="46.665870" lon="8.151214">
                <ele>2682</ele>
            </trkpt>
            <trkpt lat="46.665869" lon="8.151211">
                <ele>2682</ele>
            </trkpt>
            <trkpt lat="46.665875" lon="8.151217">
                <ele>2682</ele>
            </trkpt>
            <trkpt lat="46.665875" lon="8.151217">
                <ele>2682</ele>
            </trkpt>
            <trkpt lat="46.665875" lon="8.151217">
                <ele>2682</ele>
            </trkpt>
            <trkpt lat="46.665875" lon="8.151217">
                <ele>2682</ele>
            </trkpt>
            <trkpt lat="46.665861" lon="8.151212">
                <ele>2682</ele>
            </trkpt>
            <trkpt lat="46.665861" lon="8.151212">
                <ele>2682</ele>
            </trkpt>
            <trkpt lat="46.665861" lon="8.151212">
                <ele>2682</ele>
            </trkpt>
            <trkpt lat="46.665861" lon="8.151212">
                <ele>2682</ele>
            </trkpt>
            <trkpt lat="46.665861" lon="8.151212">
                <ele>2682</ele>
            </trkpt>
            <trkpt lat="46.665861" lon="8.151212">
                <ele>2682</ele>
            </trkpt>
            <trkpt lat="46.665865" lon="8.151222">
                <ele>2682</ele>
            </trkpt>
            <trkpt lat="46.665854" lon="8.151210">
                <ele>2682</ele>
            </trkpt>
            <trkpt lat="46.665849" lon="8.151221">
                <ele>2682</ele>
            </trkpt>
            <trkpt lat="46.665857" lon="8.151216">
                <ele>2682</ele>
            </trkpt>
            <trkpt lat="46.665854" lon="8.151214">
                <ele>2682</ele>
            </trkpt>
            <trkpt lat="46.665858" lon="8.151215">
                <ele>2682</ele>
            </trkpt>
            <trkpt lat="46.665858" lon="8.151224">
                <ele>2682</ele>
            </trkpt>
            <trkpt lat="46.665861" lon="8.151212">
                <ele>2682</ele>
            </trkpt>
            <trkpt lat="46.665857" lon="8.151219">
                <ele>2682</ele>
            </trkpt>
            <trkpt lat="46.665857" lon="8.151232">
                <ele>2682</ele>
            </trkpt>
            <trkpt lat="46.665857" lon="8.151232">
                <ele>2682</ele>
            </trkpt>
            <trkpt lat="46.665857" lon="8.151232">
                <ele>2682</ele>
            </trkpt>
            <trkpt lat="46.665857" lon="8.151232">
                <ele>2682</ele>
            </trkpt>
            <trkpt lat="46.665857" lon="8.151232">
                <ele>2682</ele>
            </trkpt>
            <trkpt lat="46.665857" lon="8.151219">
                <ele>2682</ele>
            </trkpt>
            <trkpt lat="46.665857" lon="8.151232">
                <ele>2682</ele>
            </trkpt>
            <trkpt lat="46.665857" lon="8.151232">
                <ele>2682</ele>
            </trkpt>
            <trkpt lat="46.665859" lon="8.151212">
                <ele>2682</ele>
            </trkpt>
            <trkpt lat="46.665859" lon="8.151212">
                <ele>2682</ele>
            </trkpt>
            <trkpt lat="46.665859" lon="8.151212">
                <ele>2682</ele>
            </trkpt>
            <trkpt lat="46.665864" lon="8.151215">
                <ele>2682</ele>
            </trkpt>
            <trkpt lat="46.665867" lon="8.151223">
                <ele>2682</ele>
            </trkpt>
            <trkpt lat="46.665870" lon="8.151219">
                <ele>2682</ele>
            </trkpt>
            <trkpt lat="46.665859" lon="8.151212">
                <ele>2682</ele>
            </trkpt>
            <trkpt lat="46.665872" lon="8.151221">
                <ele>2682</ele>
            </trkpt>
            <trkpt lat="46.665859" lon="8.151212">
                <ele>2682</ele>
            </trkpt>
            <trkpt lat="46.665859" lon="8.151212">
                <ele>2682</ele>
            </trkpt>
            <trkpt lat="46.665859" lon="8.151212">
                <ele>2682</ele>
            </trkpt>
            <trkpt lat="46.665859" lon="8.151212">
                <ele>2682</ele>
            </trkpt>
            <trkpt lat="46.665859" lon="8.151212">
                <ele>2682</ele>
            </trkpt>
            <trkpt lat="46.665859" lon="8.151212">
                <ele>2682</ele>
            </trkpt>
            <trkpt lat="46.665859" lon="8.151212">
                <ele>2682</ele>
            </trkpt>
            <trkpt lat="46.665859" lon="8.151212">
                <ele>2682</ele>
            </trkpt>
            <trkpt lat="46.665859" lon="8.151212">
                <ele>2682</ele>
            </trkpt>
            <trkpt lat="46.665859" lon="8.151212">
                <ele>2682</ele>
            </trkpt>
            <trkpt lat="46.665859" lon="8.151212">
                <ele>2682</ele>
            </trkpt>
            <trkpt lat="46.665859" lon="8.151212">
                <ele>2682</ele>
            </trkpt>
            <trkpt lat="46.665859" lon="8.151212">
                <ele>2682</ele>
            </trkpt>
            <trkpt lat="46.665859" lon="8.151212">
                <ele>2682</ele>
            </trkpt>
            <trkpt lat="46.665859" lon="8.151212">
                <ele>2682</ele>
            </trkpt>
            <trkpt lat="46.665859" lon="8.151212">
                <ele>2682</ele>
            </trkpt>
            <trkpt lat="46.665859" lon="8.151212">
                <ele>2682</ele>
            </trkpt>
            <trkpt lat="46.665859" lon="8.151212">
                <ele>2682</ele>
            </trkpt>
            <trkpt lat="46.665859" lon="8.151212">
                <ele>2682</ele>
            </trkpt>
            <trkpt lat="46.665873" lon="8.151217">
                <ele>2682</ele>
            </trkpt>
            <trkpt lat="46.665873" lon="8.151217">
                <ele>2682</ele>
            </trkpt>
            <trkpt lat="46.665875" lon="8.151220">
                <ele>2682</ele>
            </trkpt>
            <trkpt lat="46.665873" lon="8.151217">
                <ele>2682</ele>
            </trkpt>
            <trkpt lat="46.665873" lon="8.151217">
                <ele>2682</ele>
            </trkpt>
            <trkpt lat="46.665873" lon="8.151217">
                <ele>2682</ele>
            </trkpt>
            <trkpt lat="46.665873" lon="8.151217">
                <ele>2682</ele>
            </trkpt>
            <trkpt lat="46.665870" lon="8.151222">
                <ele>2682</ele>
            </trkpt>
            <trkpt lat="46.665873" lon="8.151217">
                <ele>2682</ele>
            </trkpt>
            <trkpt lat="46.665873" lon="8.151217">
                <ele>2682</ele>
            </trkpt>
            <trkpt lat="46.665866" lon="8.151224">
                <ele>2682</ele>
            </trkpt>
            <trkpt lat="46.665873" lon="8.151217">
                <ele>2682</ele>
            </trkpt>
            <trkpt lat="46.665873" lon="8.151217">
                <ele>2682</ele>
            </trkpt>
            <trkpt lat="46.665873" lon="8.151217">
                <ele>2682</ele>
            </trkpt>
            <trkpt lat="46.665873" lon="8.151217">
                <ele>2682</ele>
            </trkpt>
            <trkpt lat="46.665873" lon="8.151217">
                <ele>2682</ele>
            </trkpt>
            <trkpt lat="46.665873" lon="8.151217">
                <ele>2682</ele>
            </trkpt>
            <trkpt lat="46.665873" lon="8.151217">
                <ele>2682</ele>
            </trkpt>
            <trkpt lat="46.665873" lon="8.151217">
                <ele>2682</ele>
            </trkpt>
            <trkpt lat="46.665873" lon="8.151217">
                <ele>2682</ele>
            </trkpt>
            <trkpt lat="46.665873" lon="8.151217">
                <ele>2682</ele>
            </trkpt>
            <trkpt lat="46.665873" lon="8.151217">
                <ele>2682</ele>
            </trkpt>
            <trkpt lat="46.665873" lon="8.151217">
                <ele>2682</ele>
            </trkpt>
            <trkpt lat="46.665873" lon="8.151217">
                <ele>2682</ele>
            </trkpt>
            <trkpt lat="46.665873" lon="8.151217">
                <ele>2682</ele>
            </trkpt>
            <trkpt lat="46.665873" lon="8.151217">
                <ele>2682</ele>
            </trkpt>
            <trkpt lat="46.665873" lon="8.151217">
                <ele>2682</ele>
            </trkpt>
            <trkpt lat="46.665873" lon="8.151217">
                <ele>2682</ele>
            </trkpt>
            <trkpt lat="46.665873" lon="8.151217">
                <ele>2682</ele>
            </trkpt>
            <trkpt lat="46.665873" lon="8.151217">
                <ele>2682</ele>
            </trkpt>
            <trkpt lat="46.665873" lon="8.151217">
                <ele>2682</ele>
            </trkpt>
            <trkpt lat="46.665873" lon="8.151217">
                <ele>2682</ele>
            </trkpt>
            <trkpt lat="46.665873" lon="8.151217">
                <ele>2682</ele>
            </trkpt>
            <trkpt lat="46.665873" lon="8.151217">
                <ele>2682</ele>
            </trkpt>
            <trkpt lat="46.665873" lon="8.151217">
                <ele>2682</ele>
            </trkpt>
            <trkpt lat="46.665860" lon="8.151210">
                <ele>2682</ele>
            </trkpt>
            <trkpt lat="46.665861" lon="8.151197">
                <ele>2682</ele>
            </trkpt>
            <trkpt lat="46.665858" lon="8.151202">
                <ele>2682</ele>
            </trkpt>
            <trkpt lat="46.665858" lon="8.151202">
                <ele>2682</ele>
            </trkpt>
            <trkpt lat="46.665858" lon="8.151202">
                <ele>2682</ele>
            </trkpt>
            <trkpt lat="46.665858" lon="8.151202">
                <ele>2682</ele>
            </trkpt>
            <trkpt lat="46.665858" lon="8.151202">
                <ele>2682</ele>
            </trkpt>
            <trkpt lat="46.665855" lon="8.151203">
                <ele>2682</ele>
            </trkpt>
            <trkpt lat="46.665826" lon="8.151194">
                <ele>2682</ele>
            </trkpt>
            <trkpt lat="46.665830" lon="8.151192">
                <ele>2682</ele>
            </trkpt>
            <trkpt lat="46.665846" lon="8.151156">
                <ele>2682</ele>
            </trkpt>
            <trkpt lat="46.665840" lon="8.151151">
                <ele>2682</ele>
            </trkpt>
            <trkpt lat="46.665840" lon="8.151139">
                <ele>2682</ele>
            </trkpt>
            <trkpt lat="46.665840" lon="8.151139">
                <ele>2682</ele>
            </trkpt>
            <trkpt lat="46.665840" lon="8.151136">
                <ele>2682</ele>
            </trkpt>
            <trkpt lat="46.665842" lon="8.151116">
                <ele>2682</ele>
            </trkpt>
            <trkpt lat="46.665847" lon="8.151100">
                <ele>2682</ele>
            </trkpt>
            <trkpt lat="46.665845" lon="8.151081">
                <ele>2682</ele>
            </trkpt>
            <trkpt lat="46.665845" lon="8.151068">
                <ele>2682</ele>
            </trkpt>
            <trkpt lat="46.665844" lon="8.151061">
                <ele>2682</ele>
            </trkpt>
            <trkpt lat="46.665846" lon="8.151052">
                <ele>2682</ele>
            </trkpt>
            <trkpt lat="46.665846" lon="8.151043">
                <ele>2682</ele>
            </trkpt>
            <trkpt lat="46.665843" lon="8.151037">
                <ele>2682</ele>
            </trkpt>
            <trkpt lat="46.665843" lon="8.151011">
                <ele>2682</ele>
            </trkpt>
            <trkpt lat="46.665842" lon="8.150980">
                <ele>2682</ele>
            </trkpt>
            <trkpt lat="46.665845" lon="8.150946">
                <ele>2673</ele>
            </trkpt>
            <trkpt lat="46.665846" lon="8.150939">
                <ele>2673</ele>
            </trkpt>
            <trkpt lat="46.665842" lon="8.150929">
                <ele>2673</ele>
            </trkpt>
            <trkpt lat="46.665843" lon="8.150941">
                <ele>2673</ele>
            </trkpt>
            <trkpt lat="46.665838" lon="8.150970">
                <ele>2673</ele>
            </trkpt>
            <trkpt lat="46.665827" lon="8.150969">
                <ele>2673</ele>
            </trkpt>
            <trkpt lat="46.665817" lon="8.150952">
                <ele>2673</ele>
            </trkpt>
            <trkpt lat="46.665814" lon="8.150957">
                <ele>2673</ele>
            </trkpt>
            <trkpt lat="46.665810" lon="8.150955">
                <ele>2673</ele>
            </trkpt>
            <trkpt lat="46.665805" lon="8.150968">
                <ele>2673</ele>
            </trkpt>
            <trkpt lat="46.665797" lon="8.150973">
                <ele>2682</ele>
            </trkpt>
            <trkpt lat="46.665794" lon="8.150975">
                <ele>2682</ele>
            </trkpt>
            <trkpt lat="46.665794" lon="8.150975">
                <ele>2682</ele>
            </trkpt>
            <trkpt lat="46.665794" lon="8.150975">
                <ele>2682</ele>
            </trkpt>
            <trkpt lat="46.665794" lon="8.150975">
                <ele>2682</ele>
            </trkpt>
            <trkpt lat="46.665794" lon="8.150975">
                <ele>2682</ele>
            </trkpt>
            <trkpt lat="46.665801" lon="8.150972">
                <ele>2682</ele>
            </trkpt>
            <trkpt lat="46.665801" lon="8.150959">
                <ele>2673</ele>
            </trkpt>
            <trkpt lat="46.665798" lon="8.150956">
                <ele>2673</ele>
            </trkpt>
            <trkpt lat="46.665794" lon="8.150975">
                <ele>2682</ele>
            </trkpt>
            <trkpt lat="46.665794" lon="8.150975">
                <ele>2682</ele>
            </trkpt>
            <trkpt lat="46.665794" lon="8.150975">
                <ele>2682</ele>
            </trkpt>
            <trkpt lat="46.665785" lon="8.150970">
                <ele>2673</ele>
            </trkpt>
            <trkpt lat="46.665780" lon="8.150960">
                <ele>2673</ele>
            </trkpt>
            <trkpt lat="46.665774" lon="8.150951">
                <ele>2673</ele>
            </trkpt>
            <trkpt lat="46.665756" lon="8.150962">
                <ele>2673</ele>
            </trkpt>
            <trkpt lat="46.665751" lon="8.150958">
                <ele>2673</ele>
            </trkpt>
            <trkpt lat="46.665742" lon="8.150950">
                <ele>2673</ele>
            </trkpt>
            <trkpt lat="46.665741" lon="8.150946">
                <ele>2673</ele>
            </trkpt>
            <trkpt lat="46.665741" lon="8.150945">
                <ele>2673</ele>
            </trkpt>
            <trkpt lat="46.665738" lon="8.150943">
                <ele>2673</ele>
            </trkpt>
            <trkpt lat="46.665732" lon="8.150933">
                <ele>2673</ele>
            </trkpt>
            <trkpt lat="46.665732" lon="8.150933">
                <ele>2673</ele>
            </trkpt>
            <trkpt lat="46.665705" lon="8.150925">
                <ele>2673</ele>
            </trkpt>
            <trkpt lat="46.665706" lon="8.150924">
                <ele>2673</ele>
            </trkpt>
            <trkpt lat="46.665705" lon="8.150925">
                <ele>2673</ele>
            </trkpt>
            <trkpt lat="46.665704" lon="8.150912">
                <ele>2673</ele>
            </trkpt>
            <trkpt lat="46.665687" lon="8.150896">
                <ele>2658</ele>
            </trkpt>
            <trkpt lat="46.665687" lon="8.150897">
                <ele>2658</ele>
            </trkpt>
            <trkpt lat="46.665687" lon="8.150897">
                <ele>2658</ele>
            </trkpt>
            <trkpt lat="46.665682" lon="8.150883">
                <ele>2658</ele>
            </trkpt>
            <trkpt lat="46.665671" lon="8.150868">
                <ele>2658</ele>
            </trkpt>
            <trkpt lat="46.665673" lon="8.150869">
                <ele>2658</ele>
            </trkpt>
            <trkpt lat="46.665662" lon="8.150854">
                <ele>2658</ele>
            </trkpt>
            <trkpt lat="46.665663" lon="8.150858">
                <ele>2658</ele>
            </trkpt>
            <trkpt lat="46.665674" lon="8.150855">
                <ele>2658</ele>
            </trkpt>
            <trkpt lat="46.665674" lon="8.150855">
                <ele>2658</ele>
            </trkpt>
            <trkpt lat="46.665674" lon="8.150855">
                <ele>2658</ele>
            </trkpt>
            <trkpt lat="46.665674" lon="8.150855">
                <ele>2658</ele>
            </trkpt>
            <trkpt lat="46.665674" lon="8.150855">
                <ele>2658</ele>
            </trkpt>
            <trkpt lat="46.665674" lon="8.150855">
                <ele>2658</ele>
            </trkpt>
            <trkpt lat="46.665674" lon="8.150855">
                <ele>2658</ele>
            </trkpt>
            <trkpt lat="46.665674" lon="8.150855">
                <ele>2658</ele>
            </trkpt>
            <trkpt lat="46.665674" lon="8.150855">
                <ele>2658</ele>
            </trkpt>
            <trkpt lat="46.665656" lon="8.150853">
                <ele>2658</ele>
            </trkpt>
            <trkpt lat="46.665651" lon="8.150844">
                <ele>2658</ele>
            </trkpt>
            <trkpt lat="46.665637" lon="8.150826">
                <ele>2658</ele>
            </trkpt>
            <trkpt lat="46.665637" lon="8.150826">
                <ele>2658</ele>
            </trkpt>
            <trkpt lat="46.665637" lon="8.150826">
                <ele>2658</ele>
            </trkpt>
            <trkpt lat="46.665637" lon="8.150826">
                <ele>2658</ele>
            </trkpt>
            <trkpt lat="46.665637" lon="8.150826">
                <ele>2658</ele>
            </trkpt>
            <trkpt lat="46.665623" lon="8.150825">
                <ele>2658</ele>
            </trkpt>
            <trkpt lat="46.665618" lon="8.150828">
                <ele>2658</ele>
            </trkpt>
            <trkpt lat="46.665618" lon="8.150828">
                <ele>2658</ele>
            </trkpt>
            <trkpt lat="46.665618" lon="8.150828">
                <ele>2658</ele>
            </trkpt>
            <trkpt lat="46.665611" lon="8.150836">
                <ele>2658</ele>
            </trkpt>
            <trkpt lat="46.665605" lon="8.150840">
                <ele>2658</ele>
            </trkpt>
            <trkpt lat="46.665605" lon="8.150840">
                <ele>2658</ele>
            </trkpt>
            <trkpt lat="46.665583" lon="8.150838">
                <ele>2658</ele>
            </trkpt>
            <trkpt lat="46.665570" lon="8.150837">
                <ele>2658</ele>
            </trkpt>
            <trkpt lat="46.665567" lon="8.150829">
                <ele>2658</ele>
            </trkpt>
            <trkpt lat="46.665567" lon="8.150826">
                <ele>2658</ele>
            </trkpt>
            <trkpt lat="46.665564" lon="8.150822">
                <ele>2658</ele>
            </trkpt>
            <trkpt lat="46.665564" lon="8.150822">
                <ele>2658</ele>
            </trkpt>
            <trkpt lat="46.665564" lon="8.150822">
                <ele>2658</ele>
            </trkpt>
            <trkpt lat="46.665564" lon="8.150822">
                <ele>2658</ele>
            </trkpt>
            <trkpt lat="46.665564" lon="8.150822">
                <ele>2658</ele>
            </trkpt>
            <trkpt lat="46.665564" lon="8.150822">
                <ele>2658</ele>
            </trkpt>
            <trkpt lat="46.665564" lon="8.150823">
                <ele>2658</ele>
            </trkpt>
            <trkpt lat="46.665564" lon="8.150822">
                <ele>2658</ele>
            </trkpt>
            <trkpt lat="46.665564" lon="8.150822">
                <ele>2658</ele>
            </trkpt>
            <trkpt lat="46.665564" lon="8.150822">
                <ele>2658</ele>
            </trkpt>
            <trkpt lat="46.665564" lon="8.150822">
                <ele>2658</ele>
            </trkpt>
            <trkpt lat="46.665564" lon="8.150822">
                <ele>2658</ele>
            </trkpt>
            <trkpt lat="46.665564" lon="8.150822">
                <ele>2658</ele>
            </trkpt>
            <trkpt lat="46.665564" lon="8.150822">
                <ele>2658</ele>
            </trkpt>
            <trkpt lat="46.665564" lon="8.150822">
                <ele>2658</ele>
            </trkpt>
            <trkpt lat="46.665564" lon="8.150822">
                <ele>2658</ele>
            </trkpt>
            <trkpt lat="46.665559" lon="8.150823">
                <ele>2658</ele>
            </trkpt>
            <trkpt lat="46.665564" lon="8.150822">
                <ele>2658</ele>
            </trkpt>
            <trkpt lat="46.665564" lon="8.150822">
                <ele>2658</ele>
            </trkpt>
            <trkpt lat="46.665564" lon="8.150822">
                <ele>2658</ele>
            </trkpt>
            <trkpt lat="46.665546" lon="8.150819">
                <ele>2658</ele>
            </trkpt>
            <trkpt lat="46.665548" lon="8.150819">
                <ele>2658</ele>
            </trkpt>
            <trkpt lat="46.665548" lon="8.150819">
                <ele>2658</ele>
            </trkpt>
            <trkpt lat="46.665535" lon="8.150828">
                <ele>2658</ele>
            </trkpt>
            <trkpt lat="46.665522" lon="8.150829">
                <ele>2658</ele>
            </trkpt>
            <trkpt lat="46.665522" lon="8.150827">
                <ele>2658</ele>
            </trkpt>
            <trkpt lat="46.665520" lon="8.150812">
                <ele>2658</ele>
            </trkpt>
            <trkpt lat="46.665520" lon="8.150812">
                <ele>2658</ele>
            </trkpt>
            <trkpt lat="46.665520" lon="8.150812">
                <ele>2658</ele>
            </trkpt>
            <trkpt lat="46.665520" lon="8.150810">
                <ele>2658</ele>
            </trkpt>
            <trkpt lat="46.665517" lon="8.150800">
                <ele>2658</ele>
            </trkpt>
            <trkpt lat="46.665507" lon="8.150803">
                <ele>2658</ele>
            </trkpt>
            <trkpt lat="46.665508" lon="8.150801">
                <ele>2658</ele>
            </trkpt>
            <trkpt lat="46.665508" lon="8.150801">
                <ele>2658</ele>
            </trkpt>
            <trkpt lat="46.665508" lon="8.150801">
                <ele>2658</ele>
            </trkpt>
            <trkpt lat="46.665505" lon="8.150790">
                <ele>2658</ele>
            </trkpt>
            <trkpt lat="46.665508" lon="8.150786">
                <ele>2658</ele>
            </trkpt>
            <trkpt lat="46.665509" lon="8.150787">
                <ele>2658</ele>
            </trkpt>
            <trkpt lat="46.665500" lon="8.150781">
                <ele>2658</ele>
            </trkpt>
            <trkpt lat="46.665508" lon="8.150801">
                <ele>2658</ele>
            </trkpt>
            <trkpt lat="46.665508" lon="8.150801">
                <ele>2658</ele>
            </trkpt>
            <trkpt lat="46.665505" lon="8.150799">
                <ele>2658</ele>
            </trkpt>
            <trkpt lat="46.665508" lon="8.150801">
                <ele>2658</ele>
            </trkpt>
            <trkpt lat="46.665508" lon="8.150801">
                <ele>2658</ele>
            </trkpt>
            <trkpt lat="46.665508" lon="8.150801">
                <ele>2658</ele>
            </trkpt>
            <trkpt lat="46.665508" lon="8.150801">
                <ele>2658</ele>
            </trkpt>
            <trkpt lat="46.665508" lon="8.150801">
                <ele>2658</ele>
            </trkpt>
            <trkpt lat="46.665511" lon="8.150798">
                <ele>2658</ele>
            </trkpt>
            <trkpt lat="46.665508" lon="8.150801">
                <ele>2658</ele>
            </trkpt>
            <trkpt lat="46.665508" lon="8.150801">
                <ele>2658</ele>
            </trkpt>
            <trkpt lat="46.665508" lon="8.150801">
                <ele>2658</ele>
            </trkpt>
            <trkpt lat="46.665508" lon="8.150801">
                <ele>2658</ele>
            </trkpt>
            <trkpt lat="46.665508" lon="8.150801">
                <ele>2658</ele>
            </trkpt>
            <trkpt lat="46.665508" lon="8.150801">
                <ele>2658</ele>
            </trkpt>
            <trkpt lat="46.665511" lon="8.150789">
                <ele>2658</ele>
            </trkpt>
            <trkpt lat="46.665507" lon="8.150795">
                <ele>2658</ele>
            </trkpt>
            <trkpt lat="46.665506" lon="8.150787">
                <ele>2658</ele>
            </trkpt>
            <trkpt lat="46.665505" lon="8.150792">
                <ele>2658</ele>
            </trkpt>
            <trkpt lat="46.665508" lon="8.150801">
                <ele>2658</ele>
            </trkpt>
            <trkpt lat="46.665508" lon="8.150801">
                <ele>2658</ele>
            </trkpt>
            <trkpt lat="46.665508" lon="8.150801">
                <ele>2658</ele>
            </trkpt>
            <trkpt lat="46.665508" lon="8.150801">
                <ele>2658</ele>
            </trkpt>
            <trkpt lat="46.665508" lon="8.150801">
                <ele>2658</ele>
            </trkpt>
            <trkpt lat="46.665508" lon="8.150801">
                <ele>2658</ele>
            </trkpt>
            <trkpt lat="46.665508" lon="8.150801">
                <ele>2658</ele>
            </trkpt>
            <trkpt lat="46.665508" lon="8.150801">
                <ele>2658</ele>
            </trkpt>
            <trkpt lat="46.665508" lon="8.150801">
                <ele>2658</ele>
            </trkpt>
            <trkpt lat="46.665506" lon="8.150784">
                <ele>2658</ele>
            </trkpt>
            <trkpt lat="46.665502" lon="8.150791">
                <ele>2658</ele>
            </trkpt>
            <trkpt lat="46.665508" lon="8.150801">
                <ele>2658</ele>
            </trkpt>
            <trkpt lat="46.665508" lon="8.150801">
                <ele>2658</ele>
            </trkpt>
            <trkpt lat="46.665502" lon="8.150796">
                <ele>2658</ele>
            </trkpt>
            <trkpt lat="46.665508" lon="8.150801">
                <ele>2658</ele>
            </trkpt>
            <trkpt lat="46.665508" lon="8.150801">
                <ele>2658</ele>
            </trkpt>
            <trkpt lat="46.665508" lon="8.150801">
                <ele>2658</ele>
            </trkpt>
            <trkpt lat="46.665508" lon="8.150801">
                <ele>2658</ele>
            </trkpt>
            <trkpt lat="46.665508" lon="8.150801">
                <ele>2658</ele>
            </trkpt>
            <trkpt lat="46.665508" lon="8.150801">
                <ele>2658</ele>
            </trkpt>
            <trkpt lat="46.665508" lon="8.150801">
                <ele>2658</ele>
            </trkpt>
            <trkpt lat="46.665508" lon="8.150801">
                <ele>2658</ele>
            </trkpt>
            <trkpt lat="46.665506" lon="8.150804">
                <ele>2658</ele>
            </trkpt>
            <trkpt lat="46.665508" lon="8.150801">
                <ele>2658</ele>
            </trkpt>
            <trkpt lat="46.665508" lon="8.150801">
                <ele>2658</ele>
            </trkpt>
            <trkpt lat="46.665508" lon="8.150801">
                <ele>2658</ele>
            </trkpt>
            <trkpt lat="46.665508" lon="8.150801">
                <ele>2658</ele>
            </trkpt>
            <trkpt lat="46.665508" lon="8.150801">
                <ele>2658</ele>
            </trkpt>
            <trkpt lat="46.665508" lon="8.150801">
                <ele>2658</ele>
            </trkpt>
            <trkpt lat="46.665508" lon="8.150801">
                <ele>2658</ele>
            </trkpt>
            <trkpt lat="46.665508" lon="8.150807">
                <ele>2658</ele>
            </trkpt>
            <trkpt lat="46.665507" lon="8.150813">
                <ele>2658</ele>
            </trkpt>
            <trkpt lat="46.665508" lon="8.150801">
                <ele>2658</ele>
            </trkpt>
            <trkpt lat="46.665508" lon="8.150801">
                <ele>2658</ele>
            </trkpt>
            <trkpt lat="46.665508" lon="8.150801">
                <ele>2658</ele>
            </trkpt>
            <trkpt lat="46.665508" lon="8.150801">
                <ele>2658</ele>
            </trkpt>
            <trkpt lat="46.665508" lon="8.150801">
                <ele>2658</ele>
            </trkpt>
            <trkpt lat="46.665508" lon="8.150801">
                <ele>2658</ele>
            </trkpt>
            <trkpt lat="46.665508" lon="8.150801">
                <ele>2658</ele>
            </trkpt>
            <trkpt lat="46.665508" lon="8.150801">
                <ele>2658</ele>
            </trkpt>
            <trkpt lat="46.665508" lon="8.150801">
                <ele>2658</ele>
            </trkpt>
            <trkpt lat="46.665508" lon="8.150801">
                <ele>2658</ele>
            </trkpt>
            <trkpt lat="46.665508" lon="8.150801">
                <ele>2658</ele>
            </trkpt>
            <trkpt lat="46.665508" lon="8.150801">
                <ele>2658</ele>
            </trkpt>
            <trkpt lat="46.665508" lon="8.150801">
                <ele>2658</ele>
            </trkpt>
            <trkpt lat="46.665508" lon="8.150801">
                <ele>2658</ele>
            </trkpt>
            <trkpt lat="46.665508" lon="8.150801">
                <ele>2658</ele>
            </trkpt>
            <trkpt lat="46.665508" lon="8.150801">
                <ele>2658</ele>
            </trkpt>
            <trkpt lat="46.665508" lon="8.150801">
                <ele>2658</ele>
            </trkpt>
            <trkpt lat="46.665508" lon="8.150801">
                <ele>2658</ele>
            </trkpt>
            <trkpt lat="46.665508" lon="8.150801">
                <ele>2658</ele>
            </trkpt>
            <trkpt lat="46.665508" lon="8.150801">
                <ele>2658</ele>
            </trkpt>
            <trkpt lat="46.665508" lon="8.150801">
                <ele>2658</ele>
            </trkpt>
            <trkpt lat="46.665508" lon="8.150801">
                <ele>2658</ele>
            </trkpt>
            <trkpt lat="46.665508" lon="8.150801">
                <ele>2658</ele>
            </trkpt>
            <trkpt lat="46.665508" lon="8.150801">
                <ele>2658</ele>
            </trkpt>
            <trkpt lat="46.665508" lon="8.150801">
                <ele>2658</ele>
            </trkpt>
            <trkpt lat="46.665508" lon="8.150801">
                <ele>2658</ele>
            </trkpt>
            <trkpt lat="46.665508" lon="8.150801">
                <ele>2658</ele>
            </trkpt>
            <trkpt lat="46.665508" lon="8.150801">
                <ele>2658</ele>
            </trkpt>
            <trkpt lat="46.665508" lon="8.150801">
                <ele>2658</ele>
            </trkpt>
            <trkpt lat="46.665508" lon="8.150801">
                <ele>2658</ele>
            </trkpt>
            <trkpt lat="46.665508" lon="8.150801">
                <ele>2658</ele>
            </trkpt>
            <trkpt lat="46.665508" lon="8.150801">
                <ele>2658</ele>
            </trkpt>
            <trkpt lat="46.665508" lon="8.150801">
                <ele>2658</ele>
            </trkpt>
            <trkpt lat="46.665508" lon="8.150801">
                <ele>2658</ele>
            </trkpt>
            <trkpt lat="46.665508" lon="8.150801">
                <ele>2658</ele>
            </trkpt>
            <trkpt lat="46.665508" lon="8.150801">
                <ele>2658</ele>
            </trkpt>
            <trkpt lat="46.665508" lon="8.150801">
                <ele>2658</ele>
            </trkpt>
            <trkpt lat="46.665508" lon="8.150801">
                <ele>2658</ele>
            </trkpt>
            <trkpt lat="46.665508" lon="8.150801">
                <ele>2658</ele>
            </trkpt>
            <trkpt lat="46.665508" lon="8.150801">
                <ele>2658</ele>
            </trkpt>
            <trkpt lat="46.665508" lon="8.150801">
                <ele>2658</ele>
            </trkpt>
            <trkpt lat="46.665508" lon="8.150801">
                <ele>2658</ele>
            </trkpt>
            <trkpt lat="46.665508" lon="8.150801">
                <ele>2658</ele>
            </trkpt>
            <trkpt lat="46.665508" lon="8.150801">
                <ele>2658</ele>
            </trkpt>
            <trkpt lat="46.665508" lon="8.150801">
                <ele>2658</ele>
            </trkpt>
            <trkpt lat="46.665508" lon="8.150801">
                <ele>2658</ele>
            </trkpt>
            <trkpt lat="46.665508" lon="8.150801">
                <ele>2658</ele>
            </trkpt>
            <trkpt lat="46.665508" lon="8.150801">
                <ele>2658</ele>
            </trkpt>
            <trkpt lat="46.665508" lon="8.150801">
                <ele>2658</ele>
            </trkpt>
            <trkpt lat="46.665508" lon="8.150801">
                <ele>2658</ele>
            </trkpt>
            <trkpt lat="46.665508" lon="8.150801">
                <ele>2658</ele>
            </trkpt>
            <trkpt lat="46.665508" lon="8.150801">
                <ele>2658</ele>
            </trkpt>
            <trkpt lat="46.665508" lon="8.150801">
                <ele>2658</ele>
            </trkpt>
            <trkpt lat="46.665508" lon="8.150801">
                <ele>2658</ele>
            </trkpt>
            <trkpt lat="46.665508" lon="8.150801">
                <ele>2658</ele>
            </trkpt>
            <trkpt lat="46.665508" lon="8.150801">
                <ele>2658</ele>
            </trkpt>
            <trkpt lat="46.665508" lon="8.150801">
                <ele>2658</ele>
            </trkpt>
            <trkpt lat="46.665508" lon="8.150801">
                <ele>2658</ele>
            </trkpt>
            <trkpt lat="46.665508" lon="8.150801">
                <ele>2658</ele>
            </trkpt>
            <trkpt lat="46.665508" lon="8.150801">
                <ele>2658</ele>
            </trkpt>
            <trkpt lat="46.665508" lon="8.150801">
                <ele>2658</ele>
            </trkpt>
            <trkpt lat="46.665508" lon="8.150801">
                <ele>2658</ele>
            </trkpt>
            <trkpt lat="46.665508" lon="8.150801">
                <ele>2658</ele>
            </trkpt>
            <trkpt lat="46.665508" lon="8.150801">
                <ele>2658</ele>
            </trkpt>
            <trkpt lat="46.665508" lon="8.150801">
                <ele>2658</ele>
            </trkpt>
            <trkpt lat="46.665508" lon="8.150801">
                <ele>2658</ele>
            </trkpt>
            <trkpt lat="46.665508" lon="8.150801">
                <ele>2658</ele>
            </trkpt>
            <trkpt lat="46.665508" lon="8.150801">
                <ele>2658</ele>
            </trkpt>
            <trkpt lat="46.665518" lon="8.150797">
                <ele>2658</ele>
            </trkpt>
            <trkpt lat="46.665508" lon="8.150801">
                <ele>2658</ele>
            </trkpt>
            <trkpt lat="46.665508" lon="8.150801">
                <ele>2658</ele>
            </trkpt>
            <trkpt lat="46.665508" lon="8.150801">
                <ele>2658</ele>
            </trkpt>
            <trkpt lat="46.665508" lon="8.150801">
                <ele>2658</ele>
            </trkpt>
            <trkpt lat="46.665521" lon="8.150802">
                <ele>2658</ele>
            </trkpt>
            <trkpt lat="46.665508" lon="8.150801">
                <ele>2658</ele>
            </trkpt>
            <trkpt lat="46.665513" lon="8.150808">
                <ele>2658</ele>
            </trkpt>
            <trkpt lat="46.665510" lon="8.150815">
                <ele>2658</ele>
            </trkpt>
            <trkpt lat="46.665495" lon="8.150800">
                <ele>2658</ele>
            </trkpt>
            <trkpt lat="46.665492" lon="8.150801">
                <ele>2658</ele>
            </trkpt>
            <trkpt lat="46.665492" lon="8.150801">
                <ele>2658</ele>
            </trkpt>
            <trkpt lat="46.665493" lon="8.150801">
                <ele>2658</ele>
            </trkpt>
            <trkpt lat="46.665474" lon="8.150796">
                <ele>2658</ele>
            </trkpt>
            <trkpt lat="46.665469" lon="8.150789">
                <ele>2658</ele>
            </trkpt>
            <trkpt lat="46.665469" lon="8.150789">
                <ele>2658</ele>
            </trkpt>
            <trkpt lat="46.665466" lon="8.150772">
                <ele>2658</ele>
            </trkpt>
            <trkpt lat="46.665466" lon="8.150768">
                <ele>2658</ele>
            </trkpt>
            <trkpt lat="46.665466" lon="8.150768">
                <ele>2658</ele>
            </trkpt>
            <trkpt lat="46.665466" lon="8.150768">
                <ele>2658</ele>
            </trkpt>
            <trkpt lat="46.665466" lon="8.150768">
                <ele>2658</ele>
            </trkpt>
            <trkpt lat="46.665456" lon="8.150769">
                <ele>2658</ele>
            </trkpt>
            <trkpt lat="46.665454" lon="8.150747">
                <ele>2658</ele>
            </trkpt>
            <trkpt lat="46.665457" lon="8.150747">
                <ele>2658</ele>
            </trkpt>
            <trkpt lat="46.665458" lon="8.150746">
                <ele>2658</ele>
            </trkpt>
            <trkpt lat="46.665457" lon="8.150747">
                <ele>2658</ele>
            </trkpt>
            <trkpt lat="46.665458" lon="8.150746">
                <ele>2658</ele>
            </trkpt>
            <trkpt lat="46.665458" lon="8.150746">
                <ele>2658</ele>
            </trkpt>
            <trkpt lat="46.665450" lon="8.150733">
                <ele>2658</ele>
            </trkpt>
            <trkpt lat="46.665442" lon="8.150735">
                <ele>2658</ele>
            </trkpt>
            <trkpt lat="46.665441" lon="8.150733">
                <ele>2658</ele>
            </trkpt>
            <trkpt lat="46.665437" lon="8.150731">
                <ele>2658</ele>
            </trkpt>
            <trkpt lat="46.665438" lon="8.150733">
                <ele>2658</ele>
            </trkpt>
            <trkpt lat="46.665439" lon="8.150732">
                <ele>2658</ele>
            </trkpt>
            <trkpt lat="46.665439" lon="8.150732">
                <ele>2658</ele>
            </trkpt>
            <trkpt lat="46.665439" lon="8.150732">
                <ele>2658</ele>
            </trkpt>
            <trkpt lat="46.665439" lon="8.150732">
                <ele>2658</ele>
            </trkpt>
            <trkpt lat="46.665439" lon="8.150732">
                <ele>2658</ele>
            </trkpt>
            <trkpt lat="46.665439" lon="8.150732">
                <ele>2658</ele>
            </trkpt>
            <trkpt lat="46.665439" lon="8.150732">
                <ele>2658</ele>
            </trkpt>
            <trkpt lat="46.665439" lon="8.150732">
                <ele>2658</ele>
            </trkpt>
            <trkpt lat="46.665439" lon="8.150732">
                <ele>2658</ele>
            </trkpt>
            <trkpt lat="46.665439" lon="8.150732">
                <ele>2658</ele>
            </trkpt>
            <trkpt lat="46.665439" lon="8.150732">
                <ele>2658</ele>
            </trkpt>
            <trkpt lat="46.665439" lon="8.150732">
                <ele>2658</ele>
            </trkpt>
            <trkpt lat="46.665439" lon="8.150732">
                <ele>2658</ele>
            </trkpt>
            <trkpt lat="46.665439" lon="8.150732">
                <ele>2658</ele>
            </trkpt>
            <trkpt lat="46.665427" lon="8.150711">
                <ele>2658</ele>
            </trkpt>
            <trkpt lat="46.665430" lon="8.150710">
                <ele>2658</ele>
            </trkpt>
            <trkpt lat="46.665430" lon="8.150710">
                <ele>2658</ele>
            </trkpt>
            <trkpt lat="46.665430" lon="8.150710">
                <ele>2658</ele>
            </trkpt>
            <trkpt lat="46.665430" lon="8.150710">
                <ele>2658</ele>
            </trkpt>
            <trkpt lat="46.665429" lon="8.150713">
                <ele>2658</ele>
            </trkpt>
            <trkpt lat="46.665430" lon="8.150710">
                <ele>2658</ele>
            </trkpt>
            <trkpt lat="46.665430" lon="8.150710">
                <ele>2658</ele>
            </trkpt>
            <trkpt lat="46.665427" lon="8.150717">
                <ele>2658</ele>
            </trkpt>
            <trkpt lat="46.665417" lon="8.150709">
                <ele>2658</ele>
            </trkpt>
            <trkpt lat="46.665414" lon="8.150700">
                <ele>2613</ele>
            </trkpt>
            <trkpt lat="46.665405" lon="8.150688">
                <ele>2669</ele>
            </trkpt>
            <trkpt lat="46.665409" lon="8.150706">
                <ele>2613</ele>
            </trkpt>
            <trkpt lat="46.665401" lon="8.150694">
                <ele>2669</ele>
            </trkpt>
            <trkpt lat="46.665402" lon="8.150693">
                <ele>2669</ele>
            </trkpt>
            <trkpt lat="46.665402" lon="8.150693">
                <ele>2669</ele>
            </trkpt>
            <trkpt lat="46.665398" lon="8.150674">
                <ele>2669</ele>
            </trkpt>
            <trkpt lat="46.665394" lon="8.150672">
                <ele>2669</ele>
            </trkpt>
            <trkpt lat="46.665384" lon="8.150682">
                <ele>2669</ele>
            </trkpt>
            <trkpt lat="46.665381" lon="8.150690">
                <ele>2669</ele>
            </trkpt>
            <trkpt lat="46.665384" lon="8.150694">
                <ele>2669</ele>
            </trkpt>
            <trkpt lat="46.665384" lon="8.150682">
                <ele>2669</ele>
            </trkpt>
            <trkpt lat="46.665384" lon="8.150682">
                <ele>2669</ele>
            </trkpt>
            <trkpt lat="46.665377" lon="8.150706">
                <ele>2613</ele>
            </trkpt>
            <trkpt lat="46.665358" lon="8.150711">
                <ele>2613</ele>
            </trkpt>
            <trkpt lat="46.665355" lon="8.150709">
                <ele>2613</ele>
            </trkpt>
            <trkpt lat="46.665355" lon="8.150709">
                <ele>2613</ele>
            </trkpt>
            <trkpt lat="46.665355" lon="8.150709">
                <ele>2613</ele>
            </trkpt>
            <trkpt lat="46.665355" lon="8.150709">
                <ele>2613</ele>
            </trkpt>
            <trkpt lat="46.665355" lon="8.150709">
                <ele>2613</ele>
            </trkpt>
            <trkpt lat="46.665355" lon="8.150709">
                <ele>2613</ele>
            </trkpt>
            <trkpt lat="46.665355" lon="8.150709">
                <ele>2613</ele>
            </trkpt>
            <trkpt lat="46.665369" lon="8.150720">
                <ele>2613</ele>
            </trkpt>
            <trkpt lat="46.665369" lon="8.150730">
                <ele>2613</ele>
            </trkpt>
            <trkpt lat="46.665362" lon="8.150725">
                <ele>2613</ele>
            </trkpt>
            <trkpt lat="46.665369" lon="8.150730">
                <ele>2613</ele>
            </trkpt>
            <trkpt lat="46.665369" lon="8.150730">
                <ele>2613</ele>
            </trkpt>
            <trkpt lat="46.665369" lon="8.150730">
                <ele>2613</ele>
            </trkpt>
            <trkpt lat="46.665356" lon="8.150726">
                <ele>2613</ele>
            </trkpt>
            <trkpt lat="46.665349" lon="8.150724">
                <ele>2613</ele>
            </trkpt>
            <trkpt lat="46.665342" lon="8.150720">
                <ele>2613</ele>
            </trkpt>
            <trkpt lat="46.665342" lon="8.150720">
                <ele>2613</ele>
            </trkpt>
            <trkpt lat="46.665342" lon="8.150720">
                <ele>2613</ele>
            </trkpt>
            <trkpt lat="46.665330" lon="8.150692">
                <ele>2669</ele>
            </trkpt>
            <trkpt lat="46.665329" lon="8.150691">
                <ele>2669</ele>
            </trkpt>
            <trkpt lat="46.665329" lon="8.150691">
                <ele>2669</ele>
            </trkpt>
            <trkpt lat="46.665329" lon="8.150691">
                <ele>2669</ele>
            </trkpt>
            <trkpt lat="46.665329" lon="8.150691">
                <ele>2669</ele>
            </trkpt>
            <trkpt lat="46.665329" lon="8.150691">
                <ele>2669</ele>
            </trkpt>
            <trkpt lat="46.665329" lon="8.150691">
                <ele>2669</ele>
            </trkpt>
            <trkpt lat="46.665329" lon="8.150691">
                <ele>2669</ele>
            </trkpt>
            <trkpt lat="46.665332" lon="8.150685">
                <ele>2669</ele>
            </trkpt>
            <trkpt lat="46.665329" lon="8.150691">
                <ele>2669</ele>
            </trkpt>
            <trkpt lat="46.665327" lon="8.150691">
                <ele>2669</ele>
            </trkpt>
            <trkpt lat="46.665323" lon="8.150691">
                <ele>2669</ele>
            </trkpt>
            <trkpt lat="46.665329" lon="8.150691">
                <ele>2669</ele>
            </trkpt>
            <trkpt lat="46.665322" lon="8.150676">
                <ele>2669</ele>
            </trkpt>
            <trkpt lat="46.665316" lon="8.150672">
                <ele>2669</ele>
            </trkpt>
            <trkpt lat="46.665316" lon="8.150671">
                <ele>2669</ele>
            </trkpt>
            <trkpt lat="46.665316" lon="8.150671">
                <ele>2669</ele>
            </trkpt>
            <trkpt lat="46.665316" lon="8.150671">
                <ele>2669</ele>
            </trkpt>
            <trkpt lat="46.665316" lon="8.150671">
                <ele>2669</ele>
            </trkpt>
            <trkpt lat="46.665301" lon="8.150659">
                <ele>2669</ele>
            </trkpt>
            <trkpt lat="46.665302" lon="8.150662">
                <ele>2669</ele>
            </trkpt>
            <trkpt lat="46.665305" lon="8.150662">
                <ele>2669</ele>
            </trkpt>
            <trkpt lat="46.665306" lon="8.150664">
                <ele>2669</ele>
            </trkpt>
            <trkpt lat="46.665301" lon="8.150659">
                <ele>2669</ele>
            </trkpt>
            <trkpt lat="46.665301" lon="8.150659">
                <ele>2669</ele>
            </trkpt>
            <trkpt lat="46.665301" lon="8.150659">
                <ele>2669</ele>
            </trkpt>
            <trkpt lat="46.665301" lon="8.150659">
                <ele>2669</ele>
            </trkpt>
            <trkpt lat="46.665301" lon="8.150659">
                <ele>2669</ele>
            </trkpt>
            <trkpt lat="46.665301" lon="8.150659">
                <ele>2669</ele>
            </trkpt>
            <trkpt lat="46.665301" lon="8.150659">
                <ele>2669</ele>
            </trkpt>
            <trkpt lat="46.665304" lon="8.150657">
                <ele>2669</ele>
            </trkpt>
            <trkpt lat="46.665301" lon="8.150659">
                <ele>2669</ele>
            </trkpt>
            <trkpt lat="46.665301" lon="8.150659">
                <ele>2669</ele>
            </trkpt>
            <trkpt lat="46.665301" lon="8.150659">
                <ele>2669</ele>
            </trkpt>
            <trkpt lat="46.665301" lon="8.150659">
                <ele>2669</ele>
            </trkpt>
            <trkpt lat="46.665301" lon="8.150659">
                <ele>2669</ele>
            </trkpt>
            <trkpt lat="46.665301" lon="8.150659">
                <ele>2669</ele>
            </trkpt>
            <trkpt lat="46.665301" lon="8.150659">
                <ele>2669</ele>
            </trkpt>
            <trkpt lat="46.665301" lon="8.150659">
                <ele>2669</ele>
            </trkpt>
            <trkpt lat="46.665301" lon="8.150659">
                <ele>2669</ele>
            </trkpt>
            <trkpt lat="46.665301" lon="8.150659">
                <ele>2669</ele>
            </trkpt>
            <trkpt lat="46.665301" lon="8.150659">
                <ele>2669</ele>
            </trkpt>
            <trkpt lat="46.665303" lon="8.150652">
                <ele>2669</ele>
            </trkpt>
            <trkpt lat="46.665301" lon="8.150659">
                <ele>2669</ele>
            </trkpt>
            <trkpt lat="46.665301" lon="8.150659">
                <ele>2669</ele>
            </trkpt>
            <trkpt lat="46.665307" lon="8.150651">
                <ele>2669</ele>
            </trkpt>
            <trkpt lat="46.665305" lon="8.150652">
                <ele>2669</ele>
            </trkpt>
            <trkpt lat="46.665301" lon="8.150659">
                <ele>2669</ele>
            </trkpt>
            <trkpt lat="46.665301" lon="8.150659">
                <ele>2669</ele>
            </trkpt>
            <trkpt lat="46.665301" lon="8.150659">
                <ele>2669</ele>
            </trkpt>
            <trkpt lat="46.665301" lon="8.150659">
                <ele>2669</ele>
            </trkpt>
            <trkpt lat="46.665301" lon="8.150659">
                <ele>2669</ele>
            </trkpt>
            <trkpt lat="46.665301" lon="8.150659">
                <ele>2669</ele>
            </trkpt>
            <trkpt lat="46.665301" lon="8.150659">
                <ele>2669</ele>
            </trkpt>
            <trkpt lat="46.665301" lon="8.150659">
                <ele>2669</ele>
            </trkpt>
            <trkpt lat="46.665301" lon="8.150659">
                <ele>2669</ele>
            </trkpt>
            <trkpt lat="46.665301" lon="8.150659">
                <ele>2669</ele>
            </trkpt>
            <trkpt lat="46.665301" lon="8.150659">
                <ele>2669</ele>
            </trkpt>
            <trkpt lat="46.665301" lon="8.150659">
                <ele>2669</ele>
            </trkpt>
            <trkpt lat="46.665301" lon="8.150659">
                <ele>2669</ele>
            </trkpt>
            <trkpt lat="46.665301" lon="8.150659">
                <ele>2669</ele>
            </trkpt>
            <trkpt lat="46.665301" lon="8.150659">
                <ele>2669</ele>
            </trkpt>
            <trkpt lat="46.665301" lon="8.150659">
                <ele>2669</ele>
            </trkpt>
            <trkpt lat="46.665301" lon="8.150659">
                <ele>2669</ele>
            </trkpt>
            <trkpt lat="46.665301" lon="8.150659">
                <ele>2669</ele>
            </trkpt>
            <trkpt lat="46.665301" lon="8.150659">
                <ele>2669</ele>
            </trkpt>
            <trkpt lat="46.665301" lon="8.150659">
                <ele>2669</ele>
            </trkpt>
            <trkpt lat="46.665301" lon="8.150659">
                <ele>2669</ele>
            </trkpt>
            <trkpt lat="46.665301" lon="8.150659">
                <ele>2669</ele>
            </trkpt>
            <trkpt lat="46.665301" lon="8.150659">
                <ele>2669</ele>
            </trkpt>
            <trkpt lat="46.665301" lon="8.150659">
                <ele>2669</ele>
            </trkpt>
            <trkpt lat="46.665301" lon="8.150659">
                <ele>2669</ele>
            </trkpt>
            <trkpt lat="46.665301" lon="8.150659">
                <ele>2669</ele>
            </trkpt>
            <trkpt lat="46.665301" lon="8.150659">
                <ele>2669</ele>
            </trkpt>
            <trkpt lat="46.665301" lon="8.150659">
                <ele>2669</ele>
            </trkpt>
            <trkpt lat="46.665301" lon="8.150659">
                <ele>2669</ele>
            </trkpt>
            <trkpt lat="46.665301" lon="8.150659">
                <ele>2669</ele>
            </trkpt>
            <trkpt lat="46.665301" lon="8.150659">
                <ele>2669</ele>
            </trkpt>
            <trkpt lat="46.665301" lon="8.150659">
                <ele>2669</ele>
            </trkpt>
            <trkpt lat="46.665301" lon="8.150659">
                <ele>2669</ele>
            </trkpt>
            <trkpt lat="46.665292" lon="8.150671">
                <ele>2669</ele>
            </trkpt>
            <trkpt lat="46.665290" lon="8.150671">
                <ele>2669</ele>
            </trkpt>
            <trkpt lat="46.665287" lon="8.150671">
                <ele>2669</ele>
            </trkpt>
            <trkpt lat="46.665287" lon="8.150671">
                <ele>2669</ele>
            </trkpt>
            <trkpt lat="46.665287" lon="8.150671">
                <ele>2669</ele>
            </trkpt>
            <trkpt lat="46.665287" lon="8.150671">
                <ele>2669</ele>
            </trkpt>
            <trkpt lat="46.665299" lon="8.150674">
                <ele>2669</ele>
            </trkpt>
            <trkpt lat="46.665307" lon="8.150674">
                <ele>2669</ele>
            </trkpt>
            <trkpt lat="46.665307" lon="8.150676">
                <ele>2669</ele>
            </trkpt>
            <trkpt lat="46.665307" lon="8.150671">
                <ele>2669</ele>
            </trkpt>
            <trkpt lat="46.665303" lon="8.150659">
                <ele>2669</ele>
            </trkpt>
            <trkpt lat="46.665303" lon="8.150659">
                <ele>2669</ele>
            </trkpt>
            <trkpt lat="46.665303" lon="8.150659">
                <ele>2669</ele>
            </trkpt>
            <trkpt lat="46.665303" lon="8.150659">
                <ele>2669</ele>
            </trkpt>
            <trkpt lat="46.665303" lon="8.150659">
                <ele>2669</ele>
            </trkpt>
            <trkpt lat="46.665303" lon="8.150659">
                <ele>2669</ele>
            </trkpt>
            <trkpt lat="46.665303" lon="8.150659">
                <ele>2669</ele>
            </trkpt>
            <trkpt lat="46.665303" lon="8.150659">
                <ele>2669</ele>
            </trkpt>
            <trkpt lat="46.665303" lon="8.150659">
                <ele>2669</ele>
            </trkpt>
            <trkpt lat="46.665303" lon="8.150659">
                <ele>2669</ele>
            </trkpt>
            <trkpt lat="46.665303" lon="8.150659">
                <ele>2669</ele>
            </trkpt>
            <trkpt lat="46.665303" lon="8.150659">
                <ele>2669</ele>
            </trkpt>
            <trkpt lat="46.665303" lon="8.150659">
                <ele>2669</ele>
            </trkpt>
            <trkpt lat="46.665303" lon="8.150659">
                <ele>2669</ele>
            </trkpt>
            <trkpt lat="46.665303" lon="8.150659">
                <ele>2669</ele>
            </trkpt>
            <trkpt lat="46.665303" lon="8.150659">
                <ele>2669</ele>
            </trkpt>
            <trkpt lat="46.665303" lon="8.150659">
                <ele>2669</ele>
            </trkpt>
            <trkpt lat="46.665304" lon="8.150665">
                <ele>2669</ele>
            </trkpt>
            <trkpt lat="46.665303" lon="8.150659">
                <ele>2669</ele>
            </trkpt>
            <trkpt lat="46.665303" lon="8.150659">
                <ele>2669</ele>
            </trkpt>
            <trkpt lat="46.665303" lon="8.150663">
                <ele>2669</ele>
            </trkpt>
            <trkpt lat="46.665303" lon="8.150659">
                <ele>2669</ele>
            </trkpt>
            <trkpt lat="46.665303" lon="8.150659">
                <ele>2669</ele>
            </trkpt>
            <trkpt lat="46.665303" lon="8.150659">
                <ele>2669</ele>
            </trkpt>
            <trkpt lat="46.665303" lon="8.150659">
                <ele>2669</ele>
            </trkpt>
            <trkpt lat="46.665303" lon="8.150659">
                <ele>2669</ele>
            </trkpt>
            <trkpt lat="46.665303" lon="8.150659">
                <ele>2669</ele>
            </trkpt>
            <trkpt lat="46.665303" lon="8.150659">
                <ele>2669</ele>
            </trkpt>
            <trkpt lat="46.665303" lon="8.150659">
                <ele>2669</ele>
            </trkpt>
            <trkpt lat="46.665303" lon="8.150659">
                <ele>2669</ele>
            </trkpt>
            <trkpt lat="46.665303" lon="8.150659">
                <ele>2669</ele>
            </trkpt>
            <trkpt lat="46.665303" lon="8.150659">
                <ele>2669</ele>
            </trkpt>
            <trkpt lat="46.665303" lon="8.150659">
                <ele>2669</ele>
            </trkpt>
            <trkpt lat="46.665303" lon="8.150659">
                <ele>2669</ele>
            </trkpt>
            <trkpt lat="46.665303" lon="8.150659">
                <ele>2669</ele>
            </trkpt>
            <trkpt lat="46.665305" lon="8.150661">
                <ele>2669</ele>
            </trkpt>
            <trkpt lat="46.665305" lon="8.150668">
                <ele>2669</ele>
            </trkpt>
            <trkpt lat="46.665303" lon="8.150659">
                <ele>2669</ele>
            </trkpt>
            <trkpt lat="46.665293" lon="8.150669">
                <ele>2669</ele>
            </trkpt>
            <trkpt lat="46.665285" lon="8.150669">
                <ele>2669</ele>
            </trkpt>
            <trkpt lat="46.665282" lon="8.150658">
                <ele>2669</ele>
            </trkpt>
            <trkpt lat="46.665277" lon="8.150650">
                <ele>2669</ele>
            </trkpt>
            <trkpt lat="46.665263" lon="8.150637">
                <ele>2669</ele>
            </trkpt>
            <trkpt lat="46.665264" lon="8.150637">
                <ele>2669</ele>
            </trkpt>
            <trkpt lat="46.665254" lon="8.150630">
                <ele>2669</ele>
            </trkpt>
            <trkpt lat="46.665251" lon="8.150629">
                <ele>2669</ele>
            </trkpt>
            <trkpt lat="46.665254" lon="8.150630">
                <ele>2669</ele>
            </trkpt>
            <trkpt lat="46.665254" lon="8.150630">
                <ele>2669</ele>
            </trkpt>
            <trkpt lat="46.665231" lon="8.150611">
                <ele>2669</ele>
            </trkpt>
            <trkpt lat="46.665234" lon="8.150612">
                <ele>2669</ele>
            </trkpt>
            <trkpt lat="46.665218" lon="8.150604">
                <ele>2669</ele>
            </trkpt>
            <trkpt lat="46.665216" lon="8.150601">
                <ele>2669</ele>
            </trkpt>
            <trkpt lat="46.665217" lon="8.150587">
                <ele>2669</ele>
            </trkpt>
            <trkpt lat="46.665218" lon="8.150585">
                <ele>2669</ele>
            </trkpt>
            <trkpt lat="46.665218" lon="8.150585">
                <ele>2669</ele>
            </trkpt>
            <trkpt lat="46.665218" lon="8.150585">
                <ele>2669</ele>
            </trkpt>
            <trkpt lat="46.665218" lon="8.150585">
                <ele>2669</ele>
            </trkpt>
            <trkpt lat="46.665231" lon="8.150577">
                <ele>2669</ele>
            </trkpt>
            <trkpt lat="46.665227" lon="8.150578">
                <ele>2669</ele>
            </trkpt>
            <trkpt lat="46.665220" lon="8.150586">
                <ele>2669</ele>
            </trkpt>
            <trkpt lat="46.665211" lon="8.150591">
                <ele>2669</ele>
            </trkpt>
            <trkpt lat="46.665218" lon="8.150585">
                <ele>2669</ele>
            </trkpt>
            <trkpt lat="46.665218" lon="8.150585">
                <ele>2669</ele>
            </trkpt>
            <trkpt lat="46.665211" lon="8.150597">
                <ele>2669</ele>
            </trkpt>
            <trkpt lat="46.665207" lon="8.150599">
                <ele>2669</ele>
            </trkpt>
            <trkpt lat="46.665203" lon="8.150595">
                <ele>2669</ele>
            </trkpt>
            <trkpt lat="46.665184" lon="8.150581">
                <ele>2669</ele>
            </trkpt>
            <trkpt lat="46.665184" lon="8.150567">
                <ele>2669</ele>
            </trkpt>
            <trkpt lat="46.665170" lon="8.150573">
                <ele>2669</ele>
            </trkpt>
            <trkpt lat="46.665165" lon="8.150577">
                <ele>2669</ele>
            </trkpt>
            <trkpt lat="46.665165" lon="8.150563">
                <ele>2669</ele>
            </trkpt>
            <trkpt lat="46.665165" lon="8.150547">
                <ele>2669</ele>
            </trkpt>
            <trkpt lat="46.665166" lon="8.150545">
                <ele>2669</ele>
            </trkpt>
            <trkpt lat="46.665154" lon="8.150538">
                <ele>2669</ele>
            </trkpt>
            <trkpt lat="46.665152" lon="8.150533">
                <ele>2669</ele>
            </trkpt>
            <trkpt lat="46.665151" lon="8.150529">
                <ele>2669</ele>
            </trkpt>
            <trkpt lat="46.665151" lon="8.150521">
                <ele>2669</ele>
            </trkpt>
            <trkpt lat="46.665142" lon="8.150507">
                <ele>2669</ele>
            </trkpt>
            <trkpt lat="46.665141" lon="8.150508">
                <ele>2669</ele>
            </trkpt>
            <trkpt lat="46.665129" lon="8.150504">
                <ele>2619</ele>
            </trkpt>
            <trkpt lat="46.665126" lon="8.150489">
                <ele>2619</ele>
            </trkpt>
            <trkpt lat="46.665127" lon="8.150489">
                <ele>2619</ele>
            </trkpt>
            <trkpt lat="46.665128" lon="8.150484">
                <ele>2619</ele>
            </trkpt>
            <trkpt lat="46.665127" lon="8.150489">
                <ele>2619</ele>
            </trkpt>
            <trkpt lat="46.665127" lon="8.150489">
                <ele>2619</ele>
            </trkpt>
            <trkpt lat="46.665124" lon="8.150470">
                <ele>2619</ele>
            </trkpt>
            <trkpt lat="46.665123" lon="8.150469">
                <ele>2619</ele>
            </trkpt>
            <trkpt lat="46.665124" lon="8.150470">
                <ele>2619</ele>
            </trkpt>
            <trkpt lat="46.665124" lon="8.150470">
                <ele>2619</ele>
            </trkpt>
            <trkpt lat="46.665124" lon="8.150470">
                <ele>2619</ele>
            </trkpt>
            <trkpt lat="46.665110" lon="8.150437">
                <ele>2619</ele>
            </trkpt>
            <trkpt lat="46.665103" lon="8.150425">
                <ele>2619</ele>
            </trkpt>
            <trkpt lat="46.665100" lon="8.150426">
                <ele>2619</ele>
            </trkpt>
            <trkpt lat="46.665100" lon="8.150426">
                <ele>2619</ele>
            </trkpt>
            <trkpt lat="46.665099" lon="8.150426">
                <ele>2619</ele>
            </trkpt>
            <trkpt lat="46.665103" lon="8.150415">
                <ele>2682</ele>
            </trkpt>
            <trkpt lat="46.665101" lon="8.150398">
                <ele>2682</ele>
            </trkpt>
            <trkpt lat="46.665097" lon="8.150388">
                <ele>2682</ele>
            </trkpt>
            <trkpt lat="46.665098" lon="8.150387">
                <ele>2682</ele>
            </trkpt>
            <trkpt lat="46.665097" lon="8.150388">
                <ele>2682</ele>
            </trkpt>
            <trkpt lat="46.665097" lon="8.150388">
                <ele>2682</ele>
            </trkpt>
            <trkpt lat="46.665097" lon="8.150388">
                <ele>2682</ele>
            </trkpt>
            <trkpt lat="46.665094" lon="8.150383">
                <ele>2682</ele>
            </trkpt>
            <trkpt lat="46.665100" lon="8.150375">
                <ele>2682</ele>
            </trkpt>
            <trkpt lat="46.665100" lon="8.150349">
                <ele>2682</ele>
            </trkpt>
            <trkpt lat="46.665103" lon="8.150344">
                <ele>2682</ele>
            </trkpt>
            <trkpt lat="46.665106" lon="8.150336">
                <ele>2682</ele>
            </trkpt>
            <trkpt lat="46.665106" lon="8.150336">
                <ele>2682</ele>
            </trkpt>
            <trkpt lat="46.665122" lon="8.150344">
                <ele>2682</ele>
            </trkpt>
            <trkpt lat="46.665125" lon="8.150346">
                <ele>2682</ele>
            </trkpt>
            <trkpt lat="46.665123" lon="8.150338">
                <ele>2682</ele>
            </trkpt>
            <trkpt lat="46.665123" lon="8.150338">
                <ele>2682</ele>
            </trkpt>
            <trkpt lat="46.665111" lon="8.150314">
                <ele>2682</ele>
            </trkpt>
            <trkpt lat="46.665110" lon="8.150294">
                <ele>2682</ele>
            </trkpt>
            <trkpt lat="46.665112" lon="8.150289">
                <ele>2682</ele>
            </trkpt>
            <trkpt lat="46.665113" lon="8.150279">
                <ele>2682</ele>
            </trkpt>
            <trkpt lat="46.665112" lon="8.150268">
                <ele>2682</ele>
            </trkpt>
            <trkpt lat="46.665111" lon="8.150266">
                <ele>2682</ele>
            </trkpt>
            <trkpt lat="46.665111" lon="8.150266">
                <ele>2682</ele>
            </trkpt>
            <trkpt lat="46.665111" lon="8.150266">
                <ele>2682</ele>
            </trkpt>
            <trkpt lat="46.665111" lon="8.150266">
                <ele>2682</ele>
            </trkpt>
            <trkpt lat="46.665111" lon="8.150266">
                <ele>2682</ele>
            </trkpt>
            <trkpt lat="46.665111" lon="8.150266">
                <ele>2682</ele>
            </trkpt>
            <trkpt lat="46.665111" lon="8.150266">
                <ele>2682</ele>
            </trkpt>
            <trkpt lat="46.665111" lon="8.150266">
                <ele>2682</ele>
            </trkpt>
            <trkpt lat="46.665113" lon="8.150250">
                <ele>2682</ele>
            </trkpt>
            <trkpt lat="46.665123" lon="8.150248">
                <ele>2682</ele>
            </trkpt>
            <trkpt lat="46.665124" lon="8.150246">
                <ele>2682</ele>
            </trkpt>
            <trkpt lat="46.665125" lon="8.150238">
                <ele>2682</ele>
            </trkpt>
            <trkpt lat="46.665124" lon="8.150234">
                <ele>2682</ele>
            </trkpt>
            <trkpt lat="46.665123" lon="8.150234">
                <ele>2682</ele>
            </trkpt>
            <trkpt lat="46.665119" lon="8.150232">
                <ele>2682</ele>
            </trkpt>
            <trkpt lat="46.665123" lon="8.150234">
                <ele>2682</ele>
            </trkpt>
            <trkpt lat="46.665123" lon="8.150234">
                <ele>2682</ele>
            </trkpt>
            <trkpt lat="46.665117" lon="8.150223">
                <ele>2682</ele>
            </trkpt>
            <trkpt lat="46.665123" lon="8.150234">
                <ele>2682</ele>
            </trkpt>
            <trkpt lat="46.665118" lon="8.150215">
                <ele>2682</ele>
            </trkpt>
            <trkpt lat="46.665114" lon="8.150217">
                <ele>2682</ele>
            </trkpt>
            <trkpt lat="46.665112" lon="8.150214">
                <ele>2682</ele>
            </trkpt>
            <trkpt lat="46.665118" lon="8.150215">
                <ele>2682</ele>
            </trkpt>
            <trkpt lat="46.665118" lon="8.150215">
                <ele>2682</ele>
            </trkpt>
            <trkpt lat="46.665118" lon="8.150215">
                <ele>2682</ele>
            </trkpt>
            <trkpt lat="46.665106" lon="8.150231">
                <ele>2682</ele>
            </trkpt>
            <trkpt lat="46.665105" lon="8.150227">
                <ele>2682</ele>
            </trkpt>
            <trkpt lat="46.665105" lon="8.150225">
                <ele>2682</ele>
            </trkpt>
            <trkpt lat="46.665105" lon="8.150226">
                <ele>2682</ele>
            </trkpt>
            <trkpt lat="46.665105" lon="8.150226">
                <ele>2682</ele>
            </trkpt>
            <trkpt lat="46.665099" lon="8.150185">
                <ele>2682</ele>
            </trkpt>
            <trkpt lat="46.665098" lon="8.150175">
                <ele>2682</ele>
            </trkpt>
            <trkpt lat="46.665092" lon="8.150157">
                <ele>2682</ele>
            </trkpt>
            <trkpt lat="46.665090" lon="8.150153">
                <ele>2682</ele>
            </trkpt>
            <trkpt lat="46.665092" lon="8.150159">
                <ele>2682</ele>
            </trkpt>
            <trkpt lat="46.665099" lon="8.150170">
                <ele>2682</ele>
            </trkpt>
            <trkpt lat="46.665090" lon="8.150153">
                <ele>2682</ele>
            </trkpt>
            <trkpt lat="46.665090" lon="8.150153">
                <ele>2682</ele>
            </trkpt>
            <trkpt lat="46.665090" lon="8.150153">
                <ele>2682</ele>
            </trkpt>
            <trkpt lat="46.665090" lon="8.150153">
                <ele>2682</ele>
            </trkpt>
            <trkpt lat="46.665098" lon="8.150163">
                <ele>2682</ele>
            </trkpt>
            <trkpt lat="46.665090" lon="8.150153">
                <ele>2682</ele>
            </trkpt>
            <trkpt lat="46.665090" lon="8.150153">
                <ele>2682</ele>
            </trkpt>
            <trkpt lat="46.665097" lon="8.150162">
                <ele>2682</ele>
            </trkpt>
            <trkpt lat="46.665090" lon="8.150153">
                <ele>2682</ele>
            </trkpt>
            <trkpt lat="46.665090" lon="8.150153">
                <ele>2682</ele>
            </trkpt>
            <trkpt lat="46.665090" lon="8.150153">
                <ele>2682</ele>
            </trkpt>
            <trkpt lat="46.665090" lon="8.150153">
                <ele>2682</ele>
            </trkpt>
            <trkpt lat="46.665090" lon="8.150153">
                <ele>2682</ele>
            </trkpt>
            <trkpt lat="46.665090" lon="8.150153">
                <ele>2682</ele>
            </trkpt>
            <trkpt lat="46.665095" lon="8.150160">
                <ele>2682</ele>
            </trkpt>
            <trkpt lat="46.665096" lon="8.150167">
                <ele>2682</ele>
            </trkpt>
            <trkpt lat="46.665090" lon="8.150153">
                <ele>2682</ele>
            </trkpt>
            <trkpt lat="46.665090" lon="8.150153">
                <ele>2682</ele>
            </trkpt>
            <trkpt lat="46.665090" lon="8.150153">
                <ele>2682</ele>
            </trkpt>
            <trkpt lat="46.665090" lon="8.150153">
                <ele>2682</ele>
            </trkpt>
            <trkpt lat="46.665090" lon="8.150153">
                <ele>2682</ele>
            </trkpt>
            <trkpt lat="46.665100" lon="8.150156">
                <ele>2682</ele>
            </trkpt>
            <trkpt lat="46.665103" lon="8.150155">
                <ele>2682</ele>
            </trkpt>
            <trkpt lat="46.665113" lon="8.150156">
                <ele>2682</ele>
            </trkpt>
            <trkpt lat="46.665124" lon="8.150145">
                <ele>2682</ele>
            </trkpt>
            <trkpt lat="46.665124" lon="8.150145">
                <ele>2682</ele>
            </trkpt>
            <trkpt lat="46.665124" lon="8.150145">
                <ele>2682</ele>
            </trkpt>
            <trkpt lat="46.665124" lon="8.150145">
                <ele>2682</ele>
            </trkpt>
            <trkpt lat="46.665124" lon="8.150145">
                <ele>2682</ele>
            </trkpt>
            <trkpt lat="46.665130" lon="8.150142">
                <ele>2682</ele>
            </trkpt>
            <trkpt lat="46.665124" lon="8.150145">
                <ele>2682</ele>
            </trkpt>
            <trkpt lat="46.665124" lon="8.150145">
                <ele>2682</ele>
            </trkpt>
            <trkpt lat="46.665124" lon="8.150145">
                <ele>2682</ele>
            </trkpt>
            <trkpt lat="46.665124" lon="8.150145">
                <ele>2682</ele>
            </trkpt>
            <trkpt lat="46.665124" lon="8.150145">
                <ele>2682</ele>
            </trkpt>
            <trkpt lat="46.665124" lon="8.150145">
                <ele>2682</ele>
            </trkpt>
            <trkpt lat="46.665133" lon="8.150151">
                <ele>2682</ele>
            </trkpt>
            <trkpt lat="46.665132" lon="8.150153">
                <ele>2682</ele>
            </trkpt>
            <trkpt lat="46.665125" lon="8.150133">
                <ele>2687</ele>
            </trkpt>
            <trkpt lat="46.665125" lon="8.150152">
                <ele>2682</ele>
            </trkpt>
            <trkpt lat="46.665124" lon="8.150145">
                <ele>2682</ele>
            </trkpt>
            <trkpt lat="46.665124" lon="8.150145">
                <ele>2682</ele>
            </trkpt>
            <trkpt lat="46.665130" lon="8.150152">
                <ele>2682</ele>
            </trkpt>
            <trkpt lat="46.665129" lon="8.150163">
                <ele>2682</ele>
            </trkpt>
            <trkpt lat="46.665125" lon="8.150178">
                <ele>2682</ele>
            </trkpt>
            <trkpt lat="46.665125" lon="8.150178">
                <ele>2682</ele>
            </trkpt>
            <trkpt lat="46.665125" lon="8.150178">
                <ele>2682</ele>
            </trkpt>
            <trkpt lat="46.665125" lon="8.150178">
                <ele>2682</ele>
            </trkpt>
            <trkpt lat="46.665125" lon="8.150178">
                <ele>2682</ele>
            </trkpt>
            <trkpt lat="46.665125" lon="8.150178">
                <ele>2682</ele>
            </trkpt>
            <trkpt lat="46.665125" lon="8.150178">
                <ele>2682</ele>
            </trkpt>
            <trkpt lat="46.665131" lon="8.150154">
                <ele>2682</ele>
            </trkpt>
            <trkpt lat="46.665134" lon="8.150164">
                <ele>2682</ele>
            </trkpt>
            <trkpt lat="46.665132" lon="8.150152">
                <ele>2682</ele>
            </trkpt>
            <trkpt lat="46.665132" lon="8.150151">
                <ele>2682</ele>
            </trkpt>
            <trkpt lat="46.665132" lon="8.150151">
                <ele>2682</ele>
            </trkpt>
            <trkpt lat="46.665132" lon="8.150151">
                <ele>2682</ele>
            </trkpt>
            <trkpt lat="46.665132" lon="8.150151">
                <ele>2682</ele>
            </trkpt>
            <trkpt lat="46.665132" lon="8.150151">
                <ele>2682</ele>
            </trkpt>
            <trkpt lat="46.665132" lon="8.150151">
                <ele>2682</ele>
            </trkpt>
            <trkpt lat="46.665132" lon="8.150151">
                <ele>2682</ele>
            </trkpt>
            <trkpt lat="46.665132" lon="8.150151">
                <ele>2682</ele>
            </trkpt>
            <trkpt lat="46.665132" lon="8.150151">
                <ele>2682</ele>
            </trkpt>
            <trkpt lat="46.665132" lon="8.150151">
                <ele>2682</ele>
            </trkpt>
            <trkpt lat="46.665132" lon="8.150151">
                <ele>2682</ele>
            </trkpt>
            <trkpt lat="46.665139" lon="8.150169">
                <ele>2685</ele>
            </trkpt>
            <trkpt lat="46.665140" lon="8.150192">
                <ele>2685</ele>
            </trkpt>
            <trkpt lat="46.665140" lon="8.150188">
                <ele>2685</ele>
            </trkpt>
            <trkpt lat="46.665140" lon="8.150188">
                <ele>2685</ele>
            </trkpt>
            <trkpt lat="46.665140" lon="8.150188">
                <ele>2685</ele>
            </trkpt>
            <trkpt lat="46.665140" lon="8.150188">
                <ele>2685</ele>
            </trkpt>
            <trkpt lat="46.665140" lon="8.150188">
                <ele>2685</ele>
            </trkpt>
            <trkpt lat="46.665140" lon="8.150188">
                <ele>2685</ele>
            </trkpt>
            <trkpt lat="46.665140" lon="8.150188">
                <ele>2685</ele>
            </trkpt>
            <trkpt lat="46.665140" lon="8.150188">
                <ele>2685</ele>
            </trkpt>
            <trkpt lat="46.665136" lon="8.150168">
                <ele>2682</ele>
            </trkpt>
            <trkpt lat="46.665136" lon="8.150160">
                <ele>2682</ele>
            </trkpt>
            <trkpt lat="46.665134" lon="8.150151">
                <ele>2682</ele>
            </trkpt>
            <trkpt lat="46.665134" lon="8.150150">
                <ele>2682</ele>
            </trkpt>
            <trkpt lat="46.665141" lon="8.150145">
                <ele>2685</ele>
            </trkpt>
            <trkpt lat="46.665141" lon="8.150145">
                <ele>2685</ele>
            </trkpt>
            <trkpt lat="46.665141" lon="8.150145">
                <ele>2685</ele>
            </trkpt>
            <trkpt lat="46.665141" lon="8.150145">
                <ele>2685</ele>
            </trkpt>
            <trkpt lat="46.665141" lon="8.150145">
                <ele>2685</ele>
            </trkpt>
            <trkpt lat="46.665141" lon="8.150145">
                <ele>2685</ele>
            </trkpt>
            <trkpt lat="46.665141" lon="8.150145">
                <ele>2685</ele>
            </trkpt>
            <trkpt lat="46.665141" lon="8.150145">
                <ele>2685</ele>
            </trkpt>
            <trkpt lat="46.665139" lon="8.150141">
                <ele>2682</ele>
            </trkpt>
            <trkpt lat="46.665135" lon="8.150147">
                <ele>2682</ele>
            </trkpt>
            <trkpt lat="46.665133" lon="8.150150">
                <ele>2682</ele>
            </trkpt>
            <trkpt lat="46.665135" lon="8.150145">
                <ele>2682</ele>
            </trkpt>
            <trkpt lat="46.665133" lon="8.150144">
                <ele>2682</ele>
            </trkpt>
            <trkpt lat="46.665130" lon="8.150151">
                <ele>2682</ele>
            </trkpt>
            <trkpt lat="46.665129" lon="8.150149">
                <ele>2682</ele>
            </trkpt>
            <trkpt lat="46.665141" lon="8.150145">
                <ele>2685</ele>
            </trkpt>
            <trkpt lat="46.665141" lon="8.150145">
                <ele>2685</ele>
            </trkpt>
            <trkpt lat="46.665141" lon="8.150145">
                <ele>2685</ele>
            </trkpt>
            <trkpt lat="46.665141" lon="8.150145">
                <ele>2685</ele>
            </trkpt>
            <trkpt lat="46.665141" lon="8.150145">
                <ele>2685</ele>
            </trkpt>
            <trkpt lat="46.665141" lon="8.150145">
                <ele>2685</ele>
            </trkpt>
            <trkpt lat="46.665141" lon="8.150145">
                <ele>2685</ele>
            </trkpt>
            <trkpt lat="46.665141" lon="8.150145">
                <ele>2685</ele>
            </trkpt>
            <trkpt lat="46.665141" lon="8.150145">
                <ele>2685</ele>
            </trkpt>
            <trkpt lat="46.665141" lon="8.150145">
                <ele>2685</ele>
            </trkpt>
            <trkpt lat="46.665141" lon="8.150145">
                <ele>2685</ele>
            </trkpt>
            <trkpt lat="46.665141" lon="8.150145">
                <ele>2685</ele>
            </trkpt>
            <trkpt lat="46.665141" lon="8.150145">
                <ele>2685</ele>
            </trkpt>
            <trkpt lat="46.665141" lon="8.150145">
                <ele>2685</ele>
            </trkpt>
            <trkpt lat="46.665141" lon="8.150145">
                <ele>2685</ele>
            </trkpt>
            <trkpt lat="46.665141" lon="8.150145">
                <ele>2685</ele>
            </trkpt>
            <trkpt lat="46.665141" lon="8.150145">
                <ele>2685</ele>
            </trkpt>
            <trkpt lat="46.665134" lon="8.150150">
                <ele>2682</ele>
            </trkpt>
            <trkpt lat="46.665131" lon="8.150159">
                <ele>2682</ele>
            </trkpt>
            <trkpt lat="46.665132" lon="8.150162">
                <ele>2682</ele>
            </trkpt>
            <trkpt lat="46.665130" lon="8.150162">
                <ele>2682</ele>
            </trkpt>
            <trkpt lat="46.665124" lon="8.150156">
                <ele>2682</ele>
            </trkpt>
            <trkpt lat="46.665109" lon="8.150159">
                <ele>2682</ele>
            </trkpt>
            <trkpt lat="46.665110" lon="8.150161">
                <ele>2682</ele>
            </trkpt>
            <trkpt lat="46.665114" lon="8.150156">
                <ele>2682</ele>
            </trkpt>
            <trkpt lat="46.665116" lon="8.150165">
                <ele>2682</ele>
            </trkpt>
            <trkpt lat="46.665116" lon="8.150164">
                <ele>2682</ele>
            </trkpt>
            <trkpt lat="46.665114" lon="8.150174">
                <ele>2682</ele>
            </trkpt>
            <trkpt lat="46.665100" lon="8.150181">
                <ele>2682</ele>
            </trkpt>
            <trkpt lat="46.665102" lon="8.150183">
                <ele>2682</ele>
            </trkpt>
            <trkpt lat="46.665104" lon="8.150177">
                <ele>2682</ele>
            </trkpt>
            <trkpt lat="46.665105" lon="8.150174">
                <ele>2682</ele>
            </trkpt>
            <trkpt lat="46.665101" lon="8.150174">
                <ele>2682</ele>
            </trkpt>
            <trkpt lat="46.665097" lon="8.150177">
                <ele>2682</ele>
            </trkpt>
            <trkpt lat="46.665087" lon="8.150175">
                <ele>2682</ele>
            </trkpt>
            <trkpt lat="46.665089" lon="8.150174">
                <ele>2682</ele>
            </trkpt>
            <trkpt lat="46.665089" lon="8.150177">
                <ele>2682</ele>
            </trkpt>
            <trkpt lat="46.665088" lon="8.150181">
                <ele>2682</ele>
            </trkpt>
            <trkpt lat="46.665092" lon="8.150196">
                <ele>2682</ele>
            </trkpt>
            <trkpt lat="46.665096" lon="8.150229">
                <ele>2682</ele>
            </trkpt>
            <trkpt lat="46.665101" lon="8.150230">
                <ele>2682</ele>
            </trkpt>
            <trkpt lat="46.665105" lon="8.150214">
                <ele>2682</ele>
            </trkpt>
            <trkpt lat="46.665103" lon="8.150220">
                <ele>2682</ele>
            </trkpt>
            <trkpt lat="46.665103" lon="8.150220">
                <ele>2682</ele>
            </trkpt>
            <trkpt lat="46.665103" lon="8.150220">
                <ele>2682</ele>
            </trkpt>
            <trkpt lat="46.665103" lon="8.150213">
                <ele>2682</ele>
            </trkpt>
            <trkpt lat="46.665103" lon="8.150220">
                <ele>2682</ele>
            </trkpt>
            <trkpt lat="46.665103" lon="8.150220">
                <ele>2682</ele>
            </trkpt>
            <trkpt lat="46.665103" lon="8.150220">
                <ele>2682</ele>
            </trkpt>
            <trkpt lat="46.665103" lon="8.150220">
                <ele>2682</ele>
            </trkpt>
            <trkpt lat="46.665103" lon="8.150220">
                <ele>2682</ele>
            </trkpt>
            <trkpt lat="46.665103" lon="8.150220">
                <ele>2682</ele>
            </trkpt>
            <trkpt lat="46.665103" lon="8.150220">
                <ele>2682</ele>
            </trkpt>
            <trkpt lat="46.665103" lon="8.150220">
                <ele>2682</ele>
            </trkpt>
            <trkpt lat="46.665103" lon="8.150220">
                <ele>2682</ele>
            </trkpt>
            <trkpt lat="46.665103" lon="8.150220">
                <ele>2682</ele>
            </trkpt>
            <trkpt lat="46.665103" lon="8.150220">
                <ele>2682</ele>
            </trkpt>
            <trkpt lat="46.665099" lon="8.150228">
                <ele>2682</ele>
            </trkpt>
            <trkpt lat="46.665102" lon="8.150227">
                <ele>2682</ele>
            </trkpt>
            <trkpt lat="46.665102" lon="8.150220">
                <ele>2682</ele>
            </trkpt>
            <trkpt lat="46.665101" lon="8.150214">
                <ele>2682</ele>
            </trkpt>
            <trkpt lat="46.665103" lon="8.150220">
                <ele>2682</ele>
            </trkpt>
            <trkpt lat="46.665103" lon="8.150220">
                <ele>2682</ele>
            </trkpt>
            <trkpt lat="46.665103" lon="8.150220">
                <ele>2682</ele>
            </trkpt>
            <trkpt lat="46.665103" lon="8.150208">
                <ele>2682</ele>
            </trkpt>
            <trkpt lat="46.665103" lon="8.150220">
                <ele>2682</ele>
            </trkpt>
            <trkpt lat="46.665103" lon="8.150220">
                <ele>2682</ele>
            </trkpt>
            <trkpt lat="46.665103" lon="8.150220">
                <ele>2682</ele>
            </trkpt>
            <trkpt lat="46.665103" lon="8.150220">
                <ele>2682</ele>
            </trkpt>
            <trkpt lat="46.665103" lon="8.150220">
                <ele>2682</ele>
            </trkpt>
            <trkpt lat="46.665103" lon="8.150220">
                <ele>2682</ele>
            </trkpt>
            <trkpt lat="46.665100" lon="8.150213">
                <ele>2682</ele>
            </trkpt>
            <trkpt lat="46.665103" lon="8.150220">
                <ele>2682</ele>
            </trkpt>
            <trkpt lat="46.665103" lon="8.150220">
                <ele>2682</ele>
            </trkpt>
            <trkpt lat="46.665103" lon="8.150220">
                <ele>2682</ele>
            </trkpt>
            <trkpt lat="46.665103" lon="8.150220">
                <ele>2682</ele>
            </trkpt>
            <trkpt lat="46.665103" lon="8.150220">
                <ele>2682</ele>
            </trkpt>
            <trkpt lat="46.665103" lon="8.150220">
                <ele>2682</ele>
            </trkpt>
            <trkpt lat="46.665103" lon="8.150220">
                <ele>2682</ele>
            </trkpt>
            <trkpt lat="46.665103" lon="8.150220">
                <ele>2682</ele>
            </trkpt>
            <trkpt lat="46.665103" lon="8.150220">
                <ele>2682</ele>
            </trkpt>
            <trkpt lat="46.665103" lon="8.150220">
                <ele>2682</ele>
            </trkpt>
            <trkpt lat="46.665103" lon="8.150220">
                <ele>2682</ele>
            </trkpt>
            <trkpt lat="46.665103" lon="8.150220">
                <ele>2682</ele>
            </trkpt>
            <trkpt lat="46.665103" lon="8.150220">
                <ele>2682</ele>
            </trkpt>
            <trkpt lat="46.665103" lon="8.150220">
                <ele>2682</ele>
            </trkpt>
            <trkpt lat="46.665103" lon="8.150220">
                <ele>2682</ele>
            </trkpt>
            <trkpt lat="46.665103" lon="8.150220">
                <ele>2682</ele>
            </trkpt>
            <trkpt lat="46.665103" lon="8.150220">
                <ele>2682</ele>
            </trkpt>
            <trkpt lat="46.665103" lon="8.150220">
                <ele>2682</ele>
            </trkpt>
            <trkpt lat="46.665103" lon="8.150220">
                <ele>2682</ele>
            </trkpt>
            <trkpt lat="46.665103" lon="8.150220">
                <ele>2682</ele>
            </trkpt>
            <trkpt lat="46.665103" lon="8.150220">
                <ele>2682</ele>
            </trkpt>
            <trkpt lat="46.665103" lon="8.150220">
                <ele>2682</ele>
            </trkpt>
            <trkpt lat="46.665103" lon="8.150220">
                <ele>2682</ele>
            </trkpt>
            <trkpt lat="46.665103" lon="8.150220">
                <ele>2682</ele>
            </trkpt>
            <trkpt lat="46.665103" lon="8.150220">
                <ele>2682</ele>
            </trkpt>
            <trkpt lat="46.665103" lon="8.150220">
                <ele>2682</ele>
            </trkpt>
            <trkpt lat="46.665103" lon="8.150220">
                <ele>2682</ele>
            </trkpt>
            <trkpt lat="46.665103" lon="8.150220">
                <ele>2682</ele>
            </trkpt>
            <trkpt lat="46.665105" lon="8.150221">
                <ele>2682</ele>
            </trkpt>
            <trkpt lat="46.665103" lon="8.150220">
                <ele>2682</ele>
            </trkpt>
            <trkpt lat="46.665103" lon="8.150220">
                <ele>2682</ele>
            </trkpt>
            <trkpt lat="46.665103" lon="8.150220">
                <ele>2682</ele>
            </trkpt>
            <trkpt lat="46.665103" lon="8.150220">
                <ele>2682</ele>
            </trkpt>
            <trkpt lat="46.665103" lon="8.150220">
                <ele>2682</ele>
            </trkpt>
            <trkpt lat="46.665103" lon="8.150220">
                <ele>2682</ele>
            </trkpt>
            <trkpt lat="46.665103" lon="8.150220">
                <ele>2682</ele>
            </trkpt>
            <trkpt lat="46.665103" lon="8.150220">
                <ele>2682</ele>
            </trkpt>
            <trkpt lat="46.665105" lon="8.150242">
                <ele>2682</ele>
            </trkpt>
            <trkpt lat="46.665099" lon="8.150247">
                <ele>2682</ele>
            </trkpt>
            <trkpt lat="46.665101" lon="8.150252">
                <ele>2682</ele>
            </trkpt>
            <trkpt lat="46.665104" lon="8.150244">
                <ele>2682</ele>
            </trkpt>
            <trkpt lat="46.665100" lon="8.150232">
                <ele>2682</ele>
            </trkpt>
            <trkpt lat="46.665093" lon="8.150246">
                <ele>2682</ele>
            </trkpt>
            <trkpt lat="46.665105" lon="8.150232">
                <ele>2682</ele>
            </trkpt>
            <trkpt lat="46.665105" lon="8.150237">
                <ele>2682</ele>
            </trkpt>
            <trkpt lat="46.665103" lon="8.150241">
                <ele>2682</ele>
            </trkpt>
            <trkpt lat="46.665105" lon="8.150242">
                <ele>2682</ele>
            </trkpt>
            <trkpt lat="46.665106" lon="8.150242">
                <ele>2682</ele>
            </trkpt>
            <trkpt lat="46.665105" lon="8.150257">
                <ele>2682</ele>
            </trkpt>
            <trkpt lat="46.665111" lon="8.150257">
                <ele>2682</ele>
            </trkpt>
            <trkpt lat="46.665112" lon="8.150270">
                <ele>2682</ele>
            </trkpt>
            <trkpt lat="46.665119" lon="8.150269">
                <ele>2682</ele>
            </trkpt>
            <trkpt lat="46.665118" lon="8.150282">
                <ele>2682</ele>
            </trkpt>
            <trkpt lat="46.665113" lon="8.150285">
                <ele>2682</ele>
            </trkpt>
            <trkpt lat="46.665115" lon="8.150288">
                <ele>2682</ele>
            </trkpt>
            <trkpt lat="46.665109" lon="8.150304">
                <ele>2682</ele>
            </trkpt>
            <trkpt lat="46.665108" lon="8.150306">
                <ele>2682</ele>
            </trkpt>
            <trkpt lat="46.665109" lon="8.150319">
                <ele>2682</ele>
            </trkpt>
            <trkpt lat="46.665111" lon="8.150330">
                <ele>2682</ele>
            </trkpt>
            <trkpt lat="46.665107" lon="8.150355">
                <ele>2682</ele>
            </trkpt>
            <trkpt lat="46.665104" lon="8.150350">
                <ele>2682</ele>
            </trkpt>
            <trkpt lat="46.665115" lon="8.150346">
                <ele>2682</ele>
            </trkpt>
            <trkpt lat="46.665115" lon="8.150346">
                <ele>2682</ele>
            </trkpt>
            <trkpt lat="46.665115" lon="8.150346">
                <ele>2682</ele>
            </trkpt>
            <trkpt lat="46.665115" lon="8.150346">
                <ele>2682</ele>
            </trkpt>
            <trkpt lat="46.665118" lon="8.150347">
                <ele>2682</ele>
            </trkpt>
            <trkpt lat="46.665115" lon="8.150346">
                <ele>2682</ele>
            </trkpt>
            <trkpt lat="46.665115" lon="8.150346">
                <ele>2682</ele>
            </trkpt>
            <trkpt lat="46.665123" lon="8.150345">
                <ele>2682</ele>
            </trkpt>
            <trkpt lat="46.665129" lon="8.150344">
                <ele>2682</ele>
            </trkpt>
            <trkpt lat="46.665124" lon="8.150365">
                <ele>2682</ele>
            </trkpt>
            <trkpt lat="46.665118" lon="8.150376">
                <ele>2682</ele>
            </trkpt>
            <trkpt lat="46.665116" lon="8.150381">
                <ele>2682</ele>
            </trkpt>
            <trkpt lat="46.665116" lon="8.150381">
                <ele>2682</ele>
            </trkpt>
            <trkpt lat="46.665113" lon="8.150390">
                <ele>2682</ele>
            </trkpt>
            <trkpt lat="46.665110" lon="8.150394">
                <ele>2682</ele>
            </trkpt>
            <trkpt lat="46.665105" lon="8.150392">
                <ele>2682</ele>
            </trkpt>
            <trkpt lat="46.665106" lon="8.150396">
                <ele>2682</ele>
            </trkpt>
            <trkpt lat="46.665106" lon="8.150396">
                <ele>2682</ele>
            </trkpt>
            <trkpt lat="46.665114" lon="8.150402">
                <ele>2682</ele>
            </trkpt>
            <trkpt lat="46.665106" lon="8.150396">
                <ele>2682</ele>
            </trkpt>
            <trkpt lat="46.665106" lon="8.150396">
                <ele>2682</ele>
            </trkpt>
            <trkpt lat="46.665109" lon="8.150417">
                <ele>2619</ele>
            </trkpt>
            <trkpt lat="46.665117" lon="8.150423">
                <ele>2619</ele>
            </trkpt>
            <trkpt lat="46.665117" lon="8.150423">
                <ele>2619</ele>
            </trkpt>
            <trkpt lat="46.665117" lon="8.150423">
                <ele>2619</ele>
            </trkpt>
            <trkpt lat="46.665119" lon="8.150435">
                <ele>2619</ele>
            </trkpt>
            <trkpt lat="46.665123" lon="8.150445">
                <ele>2619</ele>
            </trkpt>
            <trkpt lat="46.665128" lon="8.150447">
                <ele>2619</ele>
            </trkpt>
            <trkpt lat="46.665126" lon="8.150445">
                <ele>2619</ele>
            </trkpt>
            <trkpt lat="46.665125" lon="8.150442">
                <ele>2619</ele>
            </trkpt>
            <trkpt lat="46.665113" lon="8.150425">
                <ele>2619</ele>
            </trkpt>
            <trkpt lat="46.665108" lon="8.150422">
                <ele>2619</ele>
            </trkpt>
            <trkpt lat="46.665108" lon="8.150422">
                <ele>2619</ele>
            </trkpt>
            <trkpt lat="46.665108" lon="8.150422">
                <ele>2619</ele>
            </trkpt>
            <trkpt lat="46.665108" lon="8.150422">
                <ele>2619</ele>
            </trkpt>
            <trkpt lat="46.665108" lon="8.150422">
                <ele>2619</ele>
            </trkpt>
            <trkpt lat="46.665108" lon="8.150422">
                <ele>2619</ele>
            </trkpt>
            <trkpt lat="46.665108" lon="8.150422">
                <ele>2619</ele>
            </trkpt>
            <trkpt lat="46.665108" lon="8.150422">
                <ele>2619</ele>
            </trkpt>
            <trkpt lat="46.665115" lon="8.150451">
                <ele>2619</ele>
            </trkpt>
            <trkpt lat="46.665116" lon="8.150455">
                <ele>2619</ele>
            </trkpt>
            <trkpt lat="46.665116" lon="8.150455">
                <ele>2619</ele>
            </trkpt>
            <trkpt lat="46.665116" lon="8.150461">
                <ele>2619</ele>
            </trkpt>
            <trkpt lat="46.665115" lon="8.150464">
                <ele>2619</ele>
            </trkpt>
            <trkpt lat="46.665114" lon="8.150465">
                <ele>2619</ele>
            </trkpt>
            <trkpt lat="46.665116" lon="8.150455">
                <ele>2619</ele>
            </trkpt>
            <trkpt lat="46.665116" lon="8.150455">
                <ele>2619</ele>
            </trkpt>
            <trkpt lat="46.665116" lon="8.150455">
                <ele>2619</ele>
            </trkpt>
            <trkpt lat="46.665116" lon="8.150455">
                <ele>2619</ele>
            </trkpt>
            <trkpt lat="46.665116" lon="8.150455">
                <ele>2619</ele>
            </trkpt>
            <trkpt lat="46.665116" lon="8.150455">
                <ele>2619</ele>
            </trkpt>
            <trkpt lat="46.665116" lon="8.150455">
                <ele>2619</ele>
            </trkpt>
            <trkpt lat="46.665116" lon="8.150455">
                <ele>2619</ele>
            </trkpt>
            <trkpt lat="46.665116" lon="8.150455">
                <ele>2619</ele>
            </trkpt>
            <trkpt lat="46.665116" lon="8.150455">
                <ele>2619</ele>
            </trkpt>
            <trkpt lat="46.665116" lon="8.150455">
                <ele>2619</ele>
            </trkpt>
            <trkpt lat="46.665116" lon="8.150455">
                <ele>2619</ele>
            </trkpt>
            <trkpt lat="46.665116" lon="8.150455">
                <ele>2619</ele>
            </trkpt>
            <trkpt lat="46.665116" lon="8.150455">
                <ele>2619</ele>
            </trkpt>
            <trkpt lat="46.665116" lon="8.150455">
                <ele>2619</ele>
            </trkpt>
            <trkpt lat="46.665116" lon="8.150456">
                <ele>2619</ele>
            </trkpt>
            <trkpt lat="46.665117" lon="8.150466">
                <ele>2619</ele>
            </trkpt>
            <trkpt lat="46.665116" lon="8.150455">
                <ele>2619</ele>
            </trkpt>
            <trkpt lat="46.665116" lon="8.150455">
                <ele>2619</ele>
            </trkpt>
            <trkpt lat="46.665116" lon="8.150455">
                <ele>2619</ele>
            </trkpt>
            <trkpt lat="46.665116" lon="8.150455">
                <ele>2619</ele>
            </trkpt>
            <trkpt lat="46.665116" lon="8.150455">
                <ele>2619</ele>
            </trkpt>
            <trkpt lat="46.665116" lon="8.150455">
                <ele>2619</ele>
            </trkpt>
            <trkpt lat="46.665116" lon="8.150455">
                <ele>2619</ele>
            </trkpt>
            <trkpt lat="46.665116" lon="8.150455">
                <ele>2619</ele>
            </trkpt>
            <trkpt lat="46.665116" lon="8.150455">
                <ele>2619</ele>
            </trkpt>
            <trkpt lat="46.665116" lon="8.150455">
                <ele>2619</ele>
            </trkpt>
            <trkpt lat="46.665116" lon="8.150455">
                <ele>2619</ele>
            </trkpt>
            <trkpt lat="46.665134" lon="8.150465">
                <ele>2619</ele>
            </trkpt>
            <trkpt lat="46.665134" lon="8.150465">
                <ele>2619</ele>
            </trkpt>
            <trkpt lat="46.665146" lon="8.150471">
                <ele>2669</ele>
            </trkpt>
            <trkpt lat="46.665146" lon="8.150471">
                <ele>2669</ele>
            </trkpt>
            <trkpt lat="46.665146" lon="8.150471">
                <ele>2669</ele>
            </trkpt>
            <trkpt lat="46.665146" lon="8.150471">
                <ele>2669</ele>
            </trkpt>
            <trkpt lat="46.665153" lon="8.150476">
                <ele>2669</ele>
            </trkpt>
            <trkpt lat="46.665146" lon="8.150471">
                <ele>2669</ele>
            </trkpt>
            <trkpt lat="46.665146" lon="8.150471">
                <ele>2669</ele>
            </trkpt>
            <trkpt lat="46.665146" lon="8.150471">
                <ele>2669</ele>
            </trkpt>
            <trkpt lat="46.665176" lon="8.150481">
                <ele>2669</ele>
            </trkpt>
            <trkpt lat="46.665179" lon="8.150475">
                <ele>2669</ele>
            </trkpt>
            <trkpt lat="46.665179" lon="8.150475">
                <ele>2669</ele>
            </trkpt>
            <trkpt lat="46.665179" lon="8.150475">
                <ele>2669</ele>
            </trkpt>
            <trkpt lat="46.665174" lon="8.150475">
                <ele>2669</ele>
            </trkpt>
            <trkpt lat="46.665174" lon="8.150477">
                <ele>2669</ele>
            </trkpt>
            <trkpt lat="46.665179" lon="8.150475">
                <ele>2669</ele>
            </trkpt>
            <trkpt lat="46.665179" lon="8.150475">
                <ele>2669</ele>
            </trkpt>
            <trkpt lat="46.665179" lon="8.150475">
                <ele>2669</ele>
            </trkpt>
            <trkpt lat="46.665183" lon="8.150488">
                <ele>2669</ele>
            </trkpt>
            <trkpt lat="46.665184" lon="8.150494">
                <ele>2669</ele>
            </trkpt>
            <trkpt lat="46.665188" lon="8.150498">
                <ele>2669</ele>
            </trkpt>
            <trkpt lat="46.665184" lon="8.150494">
                <ele>2669</ele>
            </trkpt>
            <trkpt lat="46.665191" lon="8.150500">
                <ele>2669</ele>
            </trkpt>
            <trkpt lat="46.665195" lon="8.150505">
                <ele>2669</ele>
            </trkpt>
            <trkpt lat="46.665199" lon="8.150516">
                <ele>2669</ele>
            </trkpt>
            <trkpt lat="46.665207" lon="8.150522">
                <ele>2669</ele>
            </trkpt>
            <trkpt lat="46.665214" lon="8.150532">
                <ele>2669</ele>
            </trkpt>
            <trkpt lat="46.665214" lon="8.150532">
                <ele>2669</ele>
            </trkpt>
            <trkpt lat="46.665230" lon="8.150561">
                <ele>2669</ele>
            </trkpt>
            <trkpt lat="46.665231" lon="8.150559">
                <ele>2669</ele>
            </trkpt>
            <trkpt lat="46.665237" lon="8.150577">
                <ele>2669</ele>
            </trkpt>
            <trkpt lat="46.665242" lon="8.150583">
                <ele>2669</ele>
            </trkpt>
            <trkpt lat="46.665245" lon="8.150581">
                <ele>2669</ele>
            </trkpt>
            <trkpt lat="46.665250" lon="8.150589">
                <ele>2669</ele>
            </trkpt>
            <trkpt lat="46.665259" lon="8.150585">
                <ele>2669</ele>
            </trkpt>
            <trkpt lat="46.665267" lon="8.150589">
                <ele>2669</ele>
            </trkpt>
            <trkpt lat="46.665267" lon="8.150594">
                <ele>2669</ele>
            </trkpt>
            <trkpt lat="46.665272" lon="8.150600">
                <ele>2669</ele>
            </trkpt>
            <trkpt lat="46.665282" lon="8.150613">
                <ele>2669</ele>
            </trkpt>
            <trkpt lat="46.665281" lon="8.150615">
                <ele>2669</ele>
            </trkpt>
            <trkpt lat="46.665284" lon="8.150614">
                <ele>2669</ele>
            </trkpt>
            <trkpt lat="46.665284" lon="8.150614">
                <ele>2669</ele>
            </trkpt>
            <trkpt lat="46.665284" lon="8.150614">
                <ele>2669</ele>
            </trkpt>
            <trkpt lat="46.665284" lon="8.150614">
                <ele>2669</ele>
            </trkpt>
            <trkpt lat="46.665284" lon="8.150614">
                <ele>2669</ele>
            </trkpt>
            <trkpt lat="46.665297" lon="8.150627">
                <ele>2669</ele>
            </trkpt>
            <trkpt lat="46.665310" lon="8.150631">
                <ele>2669</ele>
            </trkpt>
            <trkpt lat="46.665310" lon="8.150631">
                <ele>2669</ele>
            </trkpt>
            <trkpt lat="46.665318" lon="8.150652">
                <ele>2669</ele>
            </trkpt>
            <trkpt lat="46.665314" lon="8.150632">
                <ele>2669</ele>
            </trkpt>
            <trkpt lat="46.665310" lon="8.150631">
                <ele>2669</ele>
            </trkpt>
            <trkpt lat="46.665316" lon="8.150632">
                <ele>2669</ele>
            </trkpt>
            <trkpt lat="46.665320" lon="8.150637">
                <ele>2669</ele>
            </trkpt>
            <trkpt lat="46.665327" lon="8.150641">
                <ele>2669</ele>
            </trkpt>
            <trkpt lat="46.665334" lon="8.150652">
                <ele>2669</ele>
            </trkpt>
            <trkpt lat="46.665337" lon="8.150656">
                <ele>2669</ele>
            </trkpt>
            <trkpt lat="46.665342" lon="8.150662">
                <ele>2669</ele>
            </trkpt>
            <trkpt lat="46.665342" lon="8.150662">
                <ele>2669</ele>
            </trkpt>
            <trkpt lat="46.665343" lon="8.150669">
                <ele>2669</ele>
            </trkpt>
            <trkpt lat="46.665346" lon="8.150669">
                <ele>2669</ele>
            </trkpt>
            <trkpt lat="46.665346" lon="8.150669">
                <ele>2669</ele>
            </trkpt>
            <trkpt lat="46.665347" lon="8.150665">
                <ele>2669</ele>
            </trkpt>
            <trkpt lat="46.665342" lon="8.150662">
                <ele>2669</ele>
            </trkpt>
            <trkpt lat="46.665353" lon="8.150675">
                <ele>2669</ele>
            </trkpt>
            <trkpt lat="46.665353" lon="8.150675">
                <ele>2669</ele>
            </trkpt>
            <trkpt lat="46.665353" lon="8.150675">
                <ele>2669</ele>
            </trkpt>
            <trkpt lat="46.665367" lon="8.150672">
                <ele>2669</ele>
            </trkpt>
            <trkpt lat="46.665384" lon="8.150676">
                <ele>2669</ele>
            </trkpt>
            <trkpt lat="46.665386" lon="8.150675">
                <ele>2669</ele>
            </trkpt>
            <trkpt lat="46.665386" lon="8.150675">
                <ele>2669</ele>
            </trkpt>
            <trkpt lat="46.665387" lon="8.150678">
                <ele>2669</ele>
            </trkpt>
            <trkpt lat="46.665386" lon="8.150675">
                <ele>2669</ele>
            </trkpt>
            <trkpt lat="46.665390" lon="8.150675">
                <ele>2669</ele>
            </trkpt>
            <trkpt lat="46.665391" lon="8.150679">
                <ele>2669</ele>
            </trkpt>
            <trkpt lat="46.665404" lon="8.150681">
                <ele>2669</ele>
            </trkpt>
            <trkpt lat="46.665408" lon="8.150674">
                <ele>2669</ele>
            </trkpt>
            <trkpt lat="46.665406" lon="8.150678">
                <ele>2669</ele>
            </trkpt>
            <trkpt lat="46.665409" lon="8.150672">
                <ele>2669</ele>
            </trkpt>
            <trkpt lat="46.665406" lon="8.150678">
                <ele>2669</ele>
            </trkpt>
            <trkpt lat="46.665417" lon="8.150683">
                <ele>2640</ele>
            </trkpt>
            <trkpt lat="46.665422" lon="8.150689">
                <ele>2640</ele>
            </trkpt>
            <trkpt lat="46.665429" lon="8.150711">
                <ele>2658</ele>
            </trkpt>
            <trkpt lat="46.665425" lon="8.150718">
                <ele>2658</ele>
            </trkpt>
            <trkpt lat="46.665426" lon="8.150718">
                <ele>2658</ele>
            </trkpt>
            <trkpt lat="46.665427" lon="8.150715">
                <ele>2658</ele>
            </trkpt>
            <trkpt lat="46.665428" lon="8.150717">
                <ele>2658</ele>
            </trkpt>
            <trkpt lat="46.665431" lon="8.150716">
                <ele>2658</ele>
            </trkpt>
            <trkpt lat="46.665425" lon="8.150720">
                <ele>2658</ele>
            </trkpt>
            <trkpt lat="46.665426" lon="8.150718">
                <ele>2658</ele>
            </trkpt>
            <trkpt lat="46.665426" lon="8.150718">
                <ele>2658</ele>
            </trkpt>
            <trkpt lat="46.665426" lon="8.150718">
                <ele>2658</ele>
            </trkpt>
            <trkpt lat="46.665426" lon="8.150718">
                <ele>2658</ele>
            </trkpt>
            <trkpt lat="46.665426" lon="8.150718">
                <ele>2658</ele>
            </trkpt>
            <trkpt lat="46.665432" lon="8.150727">
                <ele>2658</ele>
            </trkpt>
            <trkpt lat="46.665426" lon="8.150718">
                <ele>2658</ele>
            </trkpt>
            <trkpt lat="46.665426" lon="8.150718">
                <ele>2658</ele>
            </trkpt>
            <trkpt lat="46.665426" lon="8.150718">
                <ele>2658</ele>
            </trkpt>
            <trkpt lat="46.665426" lon="8.150718">
                <ele>2658</ele>
            </trkpt>
            <trkpt lat="46.665426" lon="8.150718">
                <ele>2658</ele>
            </trkpt>
            <trkpt lat="46.665429" lon="8.150715">
                <ele>2658</ele>
            </trkpt>
            <trkpt lat="46.665426" lon="8.150718">
                <ele>2658</ele>
            </trkpt>
            <trkpt lat="46.665426" lon="8.150718">
                <ele>2658</ele>
            </trkpt>
            <trkpt lat="46.665426" lon="8.150718">
                <ele>2658</ele>
            </trkpt>
            <trkpt lat="46.665427" lon="8.150713">
                <ele>2658</ele>
            </trkpt>
            <trkpt lat="46.665428" lon="8.150721">
                <ele>2658</ele>
            </trkpt>
            <trkpt lat="46.665433" lon="8.150716">
                <ele>2658</ele>
            </trkpt>
            <trkpt lat="46.665435" lon="8.150725">
                <ele>2658</ele>
            </trkpt>
            <trkpt lat="46.665429" lon="8.150718">
                <ele>2658</ele>
            </trkpt>
            <trkpt lat="46.665430" lon="8.150721">
                <ele>2658</ele>
            </trkpt>
            <trkpt lat="46.665425" lon="8.150721">
                <ele>2658</ele>
            </trkpt>
            <trkpt lat="46.665426" lon="8.150718">
                <ele>2658</ele>
            </trkpt>
            <trkpt lat="46.665432" lon="8.150716">
                <ele>2658</ele>
            </trkpt>
            <trkpt lat="46.665433" lon="8.150715">
                <ele>2658</ele>
            </trkpt>
            <trkpt lat="46.665426" lon="8.150718">
                <ele>2658</ele>
            </trkpt>
            <trkpt lat="46.665426" lon="8.150718">
                <ele>2658</ele>
            </trkpt>
            <trkpt lat="46.665439" lon="8.150720">
                <ele>2658</ele>
            </trkpt>
            <trkpt lat="46.665426" lon="8.150718">
                <ele>2658</ele>
            </trkpt>
            <trkpt lat="46.665426" lon="8.150718">
                <ele>2658</ele>
            </trkpt>
            <trkpt lat="46.665426" lon="8.150718">
                <ele>2658</ele>
            </trkpt>
            <trkpt lat="46.665426" lon="8.150718">
                <ele>2658</ele>
            </trkpt>
            <trkpt lat="46.665432" lon="8.150722">
                <ele>2658</ele>
            </trkpt>
            <trkpt lat="46.665431" lon="8.150717">
                <ele>2658</ele>
            </trkpt>
            <trkpt lat="46.665426" lon="8.150718">
                <ele>2658</ele>
            </trkpt>
            <trkpt lat="46.665434" lon="8.150717">
                <ele>2658</ele>
            </trkpt>
            <trkpt lat="46.665424" lon="8.150724">
                <ele>2658</ele>
            </trkpt>
            <trkpt lat="46.665426" lon="8.150718">
                <ele>2658</ele>
            </trkpt>
            <trkpt lat="46.665426" lon="8.150718">
                <ele>2658</ele>
            </trkpt>
            <trkpt lat="46.665426" lon="8.150718">
                <ele>2658</ele>
            </trkpt>
            <trkpt lat="46.665426" lon="8.150718">
                <ele>2658</ele>
            </trkpt>
            <trkpt lat="46.665426" lon="8.150718">
                <ele>2658</ele>
            </trkpt>
            <trkpt lat="46.665426" lon="8.150718">
                <ele>2658</ele>
            </trkpt>
            <trkpt lat="46.665426" lon="8.150718">
                <ele>2658</ele>
            </trkpt>
            <trkpt lat="46.665426" lon="8.150718">
                <ele>2658</ele>
            </trkpt>
            <trkpt lat="46.665426" lon="8.150727">
                <ele>2658</ele>
            </trkpt>
            <trkpt lat="46.665428" lon="8.150722">
                <ele>2658</ele>
            </trkpt>
            <trkpt lat="46.665427" lon="8.150715">
                <ele>2658</ele>
            </trkpt>
            <trkpt lat="46.665426" lon="8.150718">
                <ele>2658</ele>
            </trkpt>
            <trkpt lat="46.665429" lon="8.150712">
                <ele>2658</ele>
            </trkpt>
            <trkpt lat="46.665422" lon="8.150723">
                <ele>2658</ele>
            </trkpt>
            <trkpt lat="46.665426" lon="8.150718">
                <ele>2658</ele>
            </trkpt>
            <trkpt lat="46.665426" lon="8.150718">
                <ele>2658</ele>
            </trkpt>
            <trkpt lat="46.665426" lon="8.150718">
                <ele>2658</ele>
            </trkpt>
            <trkpt lat="46.665426" lon="8.150718">
                <ele>2658</ele>
            </trkpt>
            <trkpt lat="46.665426" lon="8.150718">
                <ele>2658</ele>
            </trkpt>
            <trkpt lat="46.665426" lon="8.150718">
                <ele>2658</ele>
            </trkpt>
            <trkpt lat="46.665426" lon="8.150718">
                <ele>2658</ele>
            </trkpt>
            <trkpt lat="46.665429" lon="8.150726">
                <ele>2658</ele>
            </trkpt>
            <trkpt lat="46.665426" lon="8.150718">
                <ele>2658</ele>
            </trkpt>
            <trkpt lat="46.665426" lon="8.150718">
                <ele>2658</ele>
            </trkpt>
            <trkpt lat="46.665426" lon="8.150718">
                <ele>2658</ele>
            </trkpt>
            <trkpt lat="46.665426" lon="8.150718">
                <ele>2658</ele>
            </trkpt>
            <trkpt lat="46.665436" lon="8.150714">
                <ele>2658</ele>
            </trkpt>
            <trkpt lat="46.665436" lon="8.150714">
                <ele>2658</ele>
            </trkpt>
            <trkpt lat="46.665437" lon="8.150721">
                <ele>2658</ele>
            </trkpt>
            <trkpt lat="46.665427" lon="8.150720">
                <ele>2658</ele>
            </trkpt>
            <trkpt lat="46.665426" lon="8.150718">
                <ele>2658</ele>
            </trkpt>
            <trkpt lat="46.665426" lon="8.150718">
                <ele>2658</ele>
            </trkpt>
            <trkpt lat="46.665426" lon="8.150718">
                <ele>2658</ele>
            </trkpt>
            <trkpt lat="46.665426" lon="8.150718">
                <ele>2658</ele>
            </trkpt>
            <trkpt lat="46.665426" lon="8.150718">
                <ele>2658</ele>
            </trkpt>
            <trkpt lat="46.665426" lon="8.150718">
                <ele>2658</ele>
            </trkpt>
            <trkpt lat="46.665426" lon="8.150718">
                <ele>2658</ele>
            </trkpt>
            <trkpt lat="46.665426" lon="8.150718">
                <ele>2658</ele>
            </trkpt>
            <trkpt lat="46.665439" lon="8.150724">
                <ele>2658</ele>
            </trkpt>
            <trkpt lat="46.665455" lon="8.150753">
                <ele>2658</ele>
            </trkpt>
            <trkpt lat="46.665466" lon="8.150746">
                <ele>2658</ele>
            </trkpt>
            <trkpt lat="46.665470" lon="8.150761">
                <ele>2658</ele>
            </trkpt>
            <trkpt lat="46.665468" lon="8.150760">
                <ele>2658</ele>
            </trkpt>
            <trkpt lat="46.665479" lon="8.150780">
                <ele>2658</ele>
            </trkpt>
            <trkpt lat="46.665482" lon="8.150765">
                <ele>2658</ele>
            </trkpt>
            <trkpt lat="46.665486" lon="8.150784">
                <ele>2658</ele>
            </trkpt>
            <trkpt lat="46.665495" lon="8.150779">
                <ele>2658</ele>
            </trkpt>
            <trkpt lat="46.665498" lon="8.150785">
                <ele>2658</ele>
            </trkpt>
            <trkpt lat="46.665510" lon="8.150797">
                <ele>2658</ele>
            </trkpt>
            <trkpt lat="46.665517" lon="8.150795">
                <ele>2658</ele>
            </trkpt>
            <trkpt lat="46.665518" lon="8.150790">
                <ele>2658</ele>
            </trkpt>
            <trkpt lat="46.665514" lon="8.150791">
                <ele>2658</ele>
            </trkpt>
            <trkpt lat="46.665542" lon="8.150829">
                <ele>2658</ele>
            </trkpt>
            <trkpt lat="46.665543" lon="8.150838">
                <ele>2658</ele>
            </trkpt>
            <trkpt lat="46.665557" lon="8.150838">
                <ele>2658</ele>
            </trkpt>
            <trkpt lat="46.665553" lon="8.150818">
                <ele>2658</ele>
            </trkpt>
            <trkpt lat="46.665553" lon="8.150822">
                <ele>2658</ele>
            </trkpt>
            <trkpt lat="46.665564" lon="8.150829">
                <ele>2658</ele>
            </trkpt>
            <trkpt lat="46.665564" lon="8.150828">
                <ele>2658</ele>
            </trkpt>
            <trkpt lat="46.665562" lon="8.150837">
                <ele>2658</ele>
            </trkpt>
            <trkpt lat="46.665569" lon="8.150832">
                <ele>2658</ele>
            </trkpt>
            <trkpt lat="46.665571" lon="8.150825">
                <ele>2658</ele>
            </trkpt>
            <trkpt lat="46.665577" lon="8.150824">
                <ele>2658</ele>
            </trkpt>
            <trkpt lat="46.665571" lon="8.150820">
                <ele>2658</ele>
            </trkpt>
            <trkpt lat="46.665571" lon="8.150819">
                <ele>2658</ele>
            </trkpt>
            <trkpt lat="46.665574" lon="8.150817">
                <ele>2658</ele>
            </trkpt>
            <trkpt lat="46.665574" lon="8.150821">
                <ele>2658</ele>
            </trkpt>
            <trkpt lat="46.665571" lon="8.150820">
                <ele>2658</ele>
            </trkpt>
            <trkpt lat="46.665583" lon="8.150834">
                <ele>2658</ele>
            </trkpt>
            <trkpt lat="46.665604" lon="8.150851">
                <ele>2658</ele>
            </trkpt>
            <trkpt lat="46.665610" lon="8.150856">
                <ele>2658</ele>
            </trkpt>
            <trkpt lat="46.665610" lon="8.150856">
                <ele>2658</ele>
            </trkpt>
            <trkpt lat="46.665618" lon="8.150866">
                <ele>2658</ele>
            </trkpt>
            <trkpt lat="46.665610" lon="8.150856">
                <ele>2658</ele>
            </trkpt>
            <trkpt lat="46.665610" lon="8.150856">
                <ele>2658</ele>
            </trkpt>
            <trkpt lat="46.665620" lon="8.150857">
                <ele>2658</ele>
            </trkpt>
            <trkpt lat="46.665623" lon="8.150863">
                <ele>2658</ele>
            </trkpt>
            <trkpt lat="46.665622" lon="8.150872">
                <ele>2658</ele>
            </trkpt>
            <trkpt lat="46.665610" lon="8.150856">
                <ele>2658</ele>
            </trkpt>
            <trkpt lat="46.665622" lon="8.150868">
                <ele>2658</ele>
            </trkpt>
            <trkpt lat="46.665622" lon="8.150868">
                <ele>2658</ele>
            </trkpt>
            <trkpt lat="46.665622" lon="8.150868">
                <ele>2658</ele>
            </trkpt>
            <trkpt lat="46.665622" lon="8.150868">
                <ele>2658</ele>
            </trkpt>
            <trkpt lat="46.665626" lon="8.150872">
                <ele>2658</ele>
            </trkpt>
            <trkpt lat="46.665622" lon="8.150868">
                <ele>2658</ele>
            </trkpt>
            <trkpt lat="46.665622" lon="8.150868">
                <ele>2658</ele>
            </trkpt>
            <trkpt lat="46.665622" lon="8.150868">
                <ele>2658</ele>
            </trkpt>
            <trkpt lat="46.665622" lon="8.150868">
                <ele>2658</ele>
            </trkpt>
            <trkpt lat="46.665622" lon="8.150868">
                <ele>2658</ele>
            </trkpt>
            <trkpt lat="46.665622" lon="8.150868">
                <ele>2658</ele>
            </trkpt>
            <trkpt lat="46.665622" lon="8.150868">
                <ele>2658</ele>
            </trkpt>
            <trkpt lat="46.665622" lon="8.150868">
                <ele>2658</ele>
            </trkpt>
            <trkpt lat="46.665622" lon="8.150868">
                <ele>2658</ele>
            </trkpt>
            <trkpt lat="46.665622" lon="8.150868">
                <ele>2658</ele>
            </trkpt>
            <trkpt lat="46.665625" lon="8.150875">
                <ele>2658</ele>
            </trkpt>
            <trkpt lat="46.665630" lon="8.150882">
                <ele>2658</ele>
            </trkpt>
            <trkpt lat="46.665631" lon="8.150891">
                <ele>2658</ele>
            </trkpt>
            <trkpt lat="46.665634" lon="8.150894">
                <ele>2658</ele>
            </trkpt>
            <trkpt lat="46.665635" lon="8.150894">
                <ele>2658</ele>
            </trkpt>
            <trkpt lat="46.665635" lon="8.150894">
                <ele>2658</ele>
            </trkpt>
            <trkpt lat="46.665635" lon="8.150894">
                <ele>2658</ele>
            </trkpt>
            <trkpt lat="46.665635" lon="8.150894">
                <ele>2658</ele>
            </trkpt>
            <trkpt lat="46.665635" lon="8.150894">
                <ele>2658</ele>
            </trkpt>
            <trkpt lat="46.665635" lon="8.150894">
                <ele>2658</ele>
            </trkpt>
            <trkpt lat="46.665635" lon="8.150894">
                <ele>2658</ele>
            </trkpt>
            <trkpt lat="46.665635" lon="8.150894">
                <ele>2658</ele>
            </trkpt>
            <trkpt lat="46.665635" lon="8.150894">
                <ele>2658</ele>
            </trkpt>
            <trkpt lat="46.665635" lon="8.150894">
                <ele>2658</ele>
            </trkpt>
            <trkpt lat="46.665635" lon="8.150894">
                <ele>2658</ele>
            </trkpt>
            <trkpt lat="46.665635" lon="8.150894">
                <ele>2658</ele>
            </trkpt>
            <trkpt lat="46.665635" lon="8.150894">
                <ele>2658</ele>
            </trkpt>
            <trkpt lat="46.665635" lon="8.150894">
                <ele>2658</ele>
            </trkpt>
            <trkpt lat="46.665635" lon="8.150894">
                <ele>2658</ele>
            </trkpt>
            <trkpt lat="46.665635" lon="8.150894">
                <ele>2658</ele>
            </trkpt>
            <trkpt lat="46.665641" lon="8.150899">
                <ele>2658</ele>
            </trkpt>
            <trkpt lat="46.665635" lon="8.150894">
                <ele>2658</ele>
            </trkpt>
            <trkpt lat="46.665635" lon="8.150894">
                <ele>2658</ele>
            </trkpt>
            <trkpt lat="46.665635" lon="8.150894">
                <ele>2658</ele>
            </trkpt>
            <trkpt lat="46.665635" lon="8.150894">
                <ele>2658</ele>
            </trkpt>
            <trkpt lat="46.665635" lon="8.150894">
                <ele>2658</ele>
            </trkpt>
            <trkpt lat="46.665635" lon="8.150894">
                <ele>2658</ele>
            </trkpt>
            <trkpt lat="46.665634" lon="8.150890">
                <ele>2658</ele>
            </trkpt>
            <trkpt lat="46.665640" lon="8.150888">
                <ele>2658</ele>
            </trkpt>
            <trkpt lat="46.665635" lon="8.150894">
                <ele>2658</ele>
            </trkpt>
            <trkpt lat="46.665635" lon="8.150894">
                <ele>2658</ele>
            </trkpt>
            <trkpt lat="46.665635" lon="8.150894">
                <ele>2658</ele>
            </trkpt>
            <trkpt lat="46.665635" lon="8.150894">
                <ele>2658</ele>
            </trkpt>
            <trkpt lat="46.665635" lon="8.150894">
                <ele>2658</ele>
            </trkpt>
            <trkpt lat="46.665635" lon="8.150894">
                <ele>2658</ele>
            </trkpt>
            <trkpt lat="46.665636" lon="8.150887">
                <ele>2658</ele>
            </trkpt>
            <trkpt lat="46.665635" lon="8.150894">
                <ele>2658</ele>
            </trkpt>
            <trkpt lat="46.665635" lon="8.150894">
                <ele>2658</ele>
            </trkpt>
            <trkpt lat="46.665635" lon="8.150894">
                <ele>2658</ele>
            </trkpt>
            <trkpt lat="46.665635" lon="8.150894">
                <ele>2658</ele>
            </trkpt>
            <trkpt lat="46.665635" lon="8.150894">
                <ele>2658</ele>
            </trkpt>
            <trkpt lat="46.665647" lon="8.150894">
                <ele>2658</ele>
            </trkpt>
            <trkpt lat="46.665643" lon="8.150887">
                <ele>2658</ele>
            </trkpt>
            <trkpt lat="46.665649" lon="8.150892">
                <ele>2658</ele>
            </trkpt>
            <trkpt lat="46.665651" lon="8.150892">
                <ele>2658</ele>
            </trkpt>
            <trkpt lat="46.665651" lon="8.150892">
                <ele>2658</ele>
            </trkpt>
            <trkpt lat="46.665651" lon="8.150892">
                <ele>2658</ele>
            </trkpt>
            <trkpt lat="46.665651" lon="8.150892">
                <ele>2658</ele>
            </trkpt>
            <trkpt lat="46.665651" lon="8.150892">
                <ele>2658</ele>
            </trkpt>
            <trkpt lat="46.665651" lon="8.150892">
                <ele>2658</ele>
            </trkpt>
            <trkpt lat="46.665651" lon="8.150892">
                <ele>2658</ele>
            </trkpt>
            <trkpt lat="46.665651" lon="8.150892">
                <ele>2658</ele>
            </trkpt>
            <trkpt lat="46.665651" lon="8.150892">
                <ele>2658</ele>
            </trkpt>
            <trkpt lat="46.665651" lon="8.150892">
                <ele>2658</ele>
            </trkpt>
            <trkpt lat="46.665651" lon="8.150892">
                <ele>2658</ele>
            </trkpt>
            <trkpt lat="46.665651" lon="8.150892">
                <ele>2658</ele>
            </trkpt>
            <trkpt lat="46.665651" lon="8.150892">
                <ele>2658</ele>
            </trkpt>
            <trkpt lat="46.665651" lon="8.150892">
                <ele>2658</ele>
            </trkpt>
            <trkpt lat="46.665651" lon="8.150892">
                <ele>2658</ele>
            </trkpt>
            <trkpt lat="46.665651" lon="8.150892">
                <ele>2658</ele>
            </trkpt>
            <trkpt lat="46.665651" lon="8.150892">
                <ele>2658</ele>
            </trkpt>
            <trkpt lat="46.665651" lon="8.150892">
                <ele>2658</ele>
            </trkpt>
            <trkpt lat="46.665651" lon="8.150892">
                <ele>2658</ele>
            </trkpt>
            <trkpt lat="46.665651" lon="8.150892">
                <ele>2658</ele>
            </trkpt>
            <trkpt lat="46.665651" lon="8.150892">
                <ele>2658</ele>
            </trkpt>
            <trkpt lat="46.665651" lon="8.150892">
                <ele>2658</ele>
            </trkpt>
            <trkpt lat="46.665643" lon="8.150892">
                <ele>2658</ele>
            </trkpt>
            <trkpt lat="46.665651" lon="8.150892">
                <ele>2658</ele>
            </trkpt>
            <trkpt lat="46.665651" lon="8.150892">
                <ele>2658</ele>
            </trkpt>
            <trkpt lat="46.665651" lon="8.150892">
                <ele>2658</ele>
            </trkpt>
            <trkpt lat="46.665651" lon="8.150892">
                <ele>2658</ele>
            </trkpt>
            <trkpt lat="46.665651" lon="8.150892">
                <ele>2658</ele>
            </trkpt>
            <trkpt lat="46.665651" lon="8.150892">
                <ele>2658</ele>
            </trkpt>
            <trkpt lat="46.665651" lon="8.150892">
                <ele>2658</ele>
            </trkpt>
            <trkpt lat="46.665651" lon="8.150892">
                <ele>2658</ele>
            </trkpt>
            <trkpt lat="46.665642" lon="8.150893">
                <ele>2658</ele>
            </trkpt>
            <trkpt lat="46.665655" lon="8.150904">
                <ele>2658</ele>
            </trkpt>
            <trkpt lat="46.665662" lon="8.150911">
                <ele>2658</ele>
            </trkpt>
            <trkpt lat="46.665672" lon="8.150917">
                <ele>2658</ele>
            </trkpt>
            <trkpt lat="46.665681" lon="8.150923">
                <ele>2658</ele>
            </trkpt>
            <trkpt lat="46.665681" lon="8.150915">
                <ele>2658</ele>
            </trkpt>
            <trkpt lat="46.665680" lon="8.150915">
                <ele>2658</ele>
            </trkpt>
            <trkpt lat="46.665678" lon="8.150906">
                <ele>2658</ele>
            </trkpt>
            <trkpt lat="46.665691" lon="8.150910">
                <ele>2658</ele>
            </trkpt>
            <trkpt lat="46.665702" lon="8.150923">
                <ele>2673</ele>
            </trkpt>
            <trkpt lat="46.665701" lon="8.150918">
                <ele>2673</ele>
            </trkpt>
            <trkpt lat="46.665707" lon="8.150919">
                <ele>2673</ele>
            </trkpt>
            <trkpt lat="46.665702" lon="8.150923">
                <ele>2673</ele>
            </trkpt>
            <trkpt lat="46.665702" lon="8.150923">
                <ele>2673</ele>
            </trkpt>
            <trkpt lat="46.665715" lon="8.150919">
                <ele>2673</ele>
            </trkpt>
            <trkpt lat="46.665716" lon="8.150918">
                <ele>2673</ele>
            </trkpt>
            <trkpt lat="46.665716" lon="8.150918">
                <ele>2673</ele>
            </trkpt>
            <trkpt lat="46.665716" lon="8.150918">
                <ele>2673</ele>
            </trkpt>
            <trkpt lat="46.665719" lon="8.150919">
                <ele>2673</ele>
            </trkpt>
            <trkpt lat="46.665735" lon="8.150917">
                <ele>2673</ele>
            </trkpt>
            <trkpt lat="46.665749" lon="8.150919">
                <ele>2673</ele>
            </trkpt>
            <trkpt lat="46.665750" lon="8.150939">
                <ele>2673</ele>
            </trkpt>
            <trkpt lat="46.665755" lon="8.150938">
                <ele>2673</ele>
            </trkpt>
            <trkpt lat="46.665747" lon="8.150939">
                <ele>2673</ele>
            </trkpt>
            <trkpt lat="46.665747" lon="8.150939">
                <ele>2673</ele>
            </trkpt>
            <trkpt lat="46.665760" lon="8.150951">
                <ele>2673</ele>
            </trkpt>
            <trkpt lat="46.665765" lon="8.150953">
                <ele>2673</ele>
            </trkpt>
            <trkpt lat="46.665780" lon="8.150950">
                <ele>2673</ele>
            </trkpt>
            <trkpt lat="46.665781" lon="8.150948">
                <ele>2673</ele>
            </trkpt>
            <trkpt lat="46.665794" lon="8.150960">
                <ele>2673</ele>
            </trkpt>
            <trkpt lat="46.665806" lon="8.150950">
                <ele>2673</ele>
            </trkpt>
            <trkpt lat="46.665815" lon="8.150947">
                <ele>2673</ele>
            </trkpt>
            <trkpt lat="46.665809" lon="8.150966">
                <ele>2673</ele>
            </trkpt>
            <trkpt lat="46.665822" lon="8.150956">
                <ele>2673</ele>
            </trkpt>
            <trkpt lat="46.665827" lon="8.150954">
                <ele>2673</ele>
            </trkpt>
            <trkpt lat="46.665847" lon="8.150948">
                <ele>2673</ele>
            </trkpt>
            <trkpt lat="46.665847" lon="8.150953">
                <ele>2673</ele>
            </trkpt>
            <trkpt lat="46.665836" lon="8.150990">
                <ele>2682</ele>
            </trkpt>
            <trkpt lat="46.665837" lon="8.151020">
                <ele>2682</ele>
            </trkpt>
            <trkpt lat="46.665837" lon="8.151032">
                <ele>2682</ele>
            </trkpt>
            <trkpt lat="46.665831" lon="8.151023">
                <ele>2682</ele>
            </trkpt>
            <trkpt lat="46.665829" lon="8.151027">
                <ele>2682</ele>
            </trkpt>
            <trkpt lat="46.665831" lon="8.151031">
                <ele>2682</ele>
            </trkpt>
            <trkpt lat="46.665837" lon="8.151042">
                <ele>2682</ele>
            </trkpt>
            <trkpt lat="46.665842" lon="8.151039">
                <ele>2682</ele>
            </trkpt>
            <trkpt lat="46.665837" lon="8.151032">
                <ele>2682</ele>
            </trkpt>
            <trkpt lat="46.665843" lon="8.151041">
                <ele>2682</ele>
            </trkpt>
            <trkpt lat="46.665843" lon="8.151037">
                <ele>2682</ele>
            </trkpt>
            <trkpt lat="46.665853" lon="8.151059">
                <ele>2682</ele>
            </trkpt>
            <trkpt lat="46.665850" lon="8.151061">
                <ele>2682</ele>
            </trkpt>
            <trkpt lat="46.665845" lon="8.151063">
                <ele>2682</ele>
            </trkpt>
            <trkpt lat="46.665848" lon="8.151068">
                <ele>2682</ele>
            </trkpt>
            <trkpt lat="46.665848" lon="8.151068">
                <ele>2682</ele>
            </trkpt>
            <trkpt lat="46.665848" lon="8.151103">
                <ele>2682</ele>
            </trkpt>
            <trkpt lat="46.665847" lon="8.151108">
                <ele>2682</ele>
            </trkpt>
            <trkpt lat="46.665847" lon="8.151108">
                <ele>2682</ele>
            </trkpt>
            <trkpt lat="46.665846" lon="8.151109">
                <ele>2682</ele>
            </trkpt>
            <trkpt lat="46.665847" lon="8.151108">
                <ele>2682</ele>
            </trkpt>
            <trkpt lat="46.665847" lon="8.151108">
                <ele>2682</ele>
            </trkpt>
            <trkpt lat="46.665847" lon="8.151108">
                <ele>2682</ele>
            </trkpt>
            <trkpt lat="46.665844" lon="8.151138">
                <ele>2682</ele>
            </trkpt>
            <trkpt lat="46.665844" lon="8.151138">
                <ele>2682</ele>
            </trkpt>
            <trkpt lat="46.665844" lon="8.151138">
                <ele>2682</ele>
            </trkpt>
            <trkpt lat="46.665844" lon="8.151138">
                <ele>2682</ele>
            </trkpt>
            <trkpt lat="46.665844" lon="8.151138">
                <ele>2682</ele>
            </trkpt>
            <trkpt lat="46.665844" lon="8.151138">
                <ele>2682</ele>
            </trkpt>
            <trkpt lat="46.665846" lon="8.151160">
                <ele>2682</ele>
            </trkpt>
            <trkpt lat="46.665858" lon="8.151199">
                <ele>2682</ele>
            </trkpt>
            <trkpt lat="46.665859" lon="8.151202">
                <ele>2682</ele>
            </trkpt>
            <trkpt lat="46.665859" lon="8.151202">
                <ele>2682</ele>
            </trkpt>
            <trkpt lat="46.665859" lon="8.151203">
                <ele>2682</ele>
            </trkpt>
            <trkpt lat="46.665859" lon="8.151202">
                <ele>2682</ele>
            </trkpt>
            <trkpt lat="46.665859" lon="8.151202">
                <ele>2682</ele>
            </trkpt>
            <trkpt lat="46.665859" lon="8.151202">
                <ele>2682</ele>
            </trkpt>
            <trkpt lat="46.665859" lon="8.151202">
                <ele>2682</ele>
            </trkpt>
        </trkseg>
    </trk>
</gpx>